idStateVector,classificationMarking,epoch,idOnOrbit,satNo,origObjectId,uct,xpos,ypos,zpos,xvel,yvel,zvel,cov,posUnc,velUnc,solarRadPressCoeff,source,dataMode,createdAt,createdBy,origNetwork,referenceFrame,covReferenceFrame,eqCov,dragCoeff,revNo,geopotentialModel,dragModel,lunarSolar,solarRadPress,solidEarthTides,inTrackThrust,bDot,edr,thrustAccel,cmOffset,solarFluxF10,solarFluxF10Avg,solarFluxAPAvg,taiUtc,ut1Utc,ut1Rate,polarMotionX,polarMotionY,iau1980Terms,leapSecondTime,integratorMode,partials,stepMode,fixedStep,stepSizeSelection,stepSize,errorControl,sigmaPosUVW,sigmaVelUVW,rms,algorithm,mass,crossSection
7d77528c-a5d5-4a23-b2d1-22f512d2cb20,U//PR-EXO-SV,2025-10-07 21:12:13.709921,19687,19687,19687,False,39802.2747848632,-14434.63511555577,203.87994178276,1.016756771322925,2.8077197266502,0.7043591859874411,"[0.00023990075455, 0.00035227164566, 0.0013492764462, 5.622733676e-05, 0.00019507601982, 0.0006114876263600001, -1.1059804877e-08, -1.4941443062e-09, -1.7628955991e-09, 2.2433354944e-12, -3.8201086447e-09, 9.9122126395e-09, 1.5167653079e-09, -7.0012520187e-14, 5.9912593042e-13, -2.1661398789e-09, 2.7619828784e-09, -1.7263962339e-10, 1.737299212e-13, -9.927202125499999e-14, 1.0835534962e-12]",0.04691124414370183,1.98141740201806e-06,0.0294,EXO,REAL,2025-10-08T00:24:26.220Z,system.exo,OPS1,,,,0.0,,,,,,,,,,,,,,,,,,,,,,,,,,,,,,,,,782.95,11.61675575
bdce74a4-f812-4f2b-ade4-b234aedc0a48,U//PR-EXO-SV,2025-10-07 21:12:13.194937,38977,38977,38977,False,30969.89983139021,-27673.24330140184,-7321.77646011967,2.04443045955268,2.295292030490678,-0.03965836490392,"[0.00013600054465, 0.00011786037737, 0.00023625055005, 2.46227096e-05, -1.2047212646e-05, 0.00022732191515, -4.9410997624e-09, 5.028992065400001e-11, 9.780983761999999e-10, 5.724507207100001e-13, 2.5091966218e-09, 6.1732689714e-09, 4.3041352855e-10, -1.2944254584e-13, 3.2414182924e-13, 9.701168733e-10, 1.8410218888e-10, 1.0682626645e-10, -6.653958790800001e-14, 7.2773447706e-15, 3.6213981195e-13]",0.02448617997667256,1.121932423054081e-06,0.0268,EXO,REAL,2025-10-07T21:33:27.095Z,system.exo,OPS1,,,,0.0,,,,,,,,,,,,,,,,,,,,,,,,,,,,,,,,,1282.0,24.1
58369b7b-a133-4392-99fa-9dbdd8e42b0c,U//PR-EXO-SV,2025-10-07 21:11:52.602009,28937,28937,28937,False,10853.05398748778,-41025.43640011235,-1859.17590793513,2.950709596878387,0.788698562204075,-0.246128878642086,"[0.0005617777086, 0.00013426261715, 4.7602321165e-05, -2.7456659129e-05, -1.6015817853e-05, 0.00021966199467, -2.1026828725e-09, 7.5005769048e-10, 1.9840914569e-10, 1.2531252748e-13, 3.718752175e-09, 2.4439164772e-10, -3.1630364405e-10, -1.136097837e-13, 2.2339367383e-13, 3.0635722137e-10, -4.9114244887e-11, 3.1649652594e-10, -3.4250612989e-15, 1.2984948816e-14, 1.0120555842e-13]",0.02879308987300599,6.707546196113746e-07,0.0257,EXO,REAL,2025-10-07T22:00:26.311Z,system.exo,OPS1,,,,0.0,,,,,,,,,,,,,,,,,,,,,,,,,,,,,,,,,4650.0,57.69066667
d8eb2284-a51b-4ccf-b318-1310c609e018,U//PR-EXO-SV,2025-10-07 21:11:50.778321,15825,15825,15825,False,29827.08728831831,-29516.62673038836,-3322.41423995225,2.154174607776781,2.108721317058667,0.624752156992827,"[0.00034593036925, 0.00027571125912, 0.00030126559309, 6.0559342787e-05, 2.7527736092e-05, 0.00030128208545, -1.1196751807e-08, -4.5929345573e-09, -1.5742220597e-09, 1.1170348147e-12, 6.2108840016e-09, 6.159190641799999e-09, 2.4495705115e-09, -6.2209427765e-13, 6.6165076152e-13, 6.1956259081e-10, 1.4493783337e-09, -2.807624691e-09, -9.119189186999999e-14, -5.6749224012e-14, 6.3308877256e-13]",0.03079737079346222,1.55298884373971e-06,0.0303,EXO,REAL,2025-10-07T21:24:27.773Z,system.exo,OPS1,,,,0.0,,,,,,,,,,,,,,,,,,,,,,,,,,,,,,,,,778.0,11.24188724
8a42dd9f-6585-4c43-8883-b0883fa1dbeb,U//PR-EXO-SV,2025-10-07 21:11:50.778321,4478,4478,4478,False,30294.60869218776,-29667.82521476043,-3278.06166843185,2.1594693916349,2.118580533979802,-0.123057053421476,"[0.00025673210457, 0.00025198077775, 0.00026580229979, 9.229295839200001e-06, -2.1299468848e-05, 0.00028787281405, -2.1954698072e-09, -1.3169632793e-09, 1.6530279249e-10, 1.6550394783e-13, 1.5724676526e-09, 1.7810603114e-09, -8.2355356072e-11, -9.9957080443e-14, 1.134557761e-13, 2.3260346229e-10, 1.3965968067e-10, 1.1547046538e-10, -1.19289649e-14, 9.3119333563e-15, 5.914214780200001e-14]",0.02846765214080712,5.814652799024203e-07,0.006599999999999999,EXO,REAL,2025-10-07T22:18:27.394Z,system.exo,OPS1,,,,0.0,,,,,,,,,,,,,,,,,,,,,,,,,,,,,,,,,135.78,1.951714436
b94d817a-7f92-4b1c-a259-7408396e09ae,U//PR-EXO-SV,2025-10-07 21:11:03.334765,39285,39285,39285,False,42128.14998924435,1986.51421210002,-78.68291128469,-0.144692540929243,3.070591506357104,0.001810852959028,"[7.4243863208e-05, -0.0001194306032, 0.00055650303381, 5.785466652500001e-06, -7.7042784807e-06, 0.00028055062501, 5.2041073749e-12, -7.1986416278e-09, -3.6113129865e-11, 1.0697433579e-12, -4.9016761344e-09, 6.0597961068e-09, -3.5405823452e-10, 1.0710563306e-13, 3.3895498947e-13, -5.6420290117e-10, 1.3987986904e-09, 2.7638792761e-09, 3.6616897387e-14, 3.8184534593e-14, 7.5655539995e-13]",0.03018770481550394,1.471480121279251e-06,0.0341,EXO,REAL,2025-10-07T21:33:27.098Z,system.exo,OPS1,,,,0.0,,,,,,,,,,,,,,,,,,,,,,,,,,,,,,,,,6052.0,50.72493333
95fb0bb0-b4b3-4681-a3df-bcc44d318d8c,U//PR-EXO-SV,2025-10-07 21:11:03.334765,38778,38778,38778,False,42142.90766344323,1768.29629613897,-52.69310647621,-0.128289736021032,3.070951090820593,-0.002006004229796,"[2.2372994167e-05, -4.1034684174e-05, 0.00052940544899, 2.067547636e-06, -3.1359792649e-06, 0.00024938172174, 1.8291801119e-10, -8.025088571499999e-09, -3.261621583e-11, 6.9359050323e-13, -1.4847225094e-09, 8.7483006907e-10, -1.1848734502e-10, 5.0973585332e-14, 1.0792191761e-13, -6.5235994182e-11, 2.0065541533e-10, 8.1006983797e-10, 2.1151149225e-15, 4.4647788181e-15, 3.3843795125e-13]",0.0283047728289241,1.067684584552011e-06,0.0372,EXO,REAL,2025-10-07T21:33:27.094Z,system.exo,OPS1,,,,0.0,,,,,,,,,,,,,,,,,,,,,,,,,,,,,,,,,5968.0,40.09333333
2861a78b-77f1-40c2-958f-551db3e6067b,U//PR-EXO-SV,2025-10-07 21:10:30.666746,40364,40364,40364,False,42132.4842165431,1660.57614878798,-90.99936937669999,-0.121605638982297,3.072260048640915,0.001327650723628,"[8.06124969e-05, -0.00011860825493, 0.00057477415087, 6.405514540000001e-06, -7.5074652153e-06, 0.00027485218212, -3.4758664573e-10, -1.031595544e-08, -4.1713833889e-11, 1.2264082086e-12, -5.4447764034e-09, 6.0911070294e-09, -3.9726434373e-10, 1.409403433e-13, 3.8227294898e-13, -5.4021375973e-10, 1.2883979766e-09, 2.1265291128e-09, 3.0329980531e-14, 3.694632273e-14, 7.766684986999999e-13]",0.03049981688289292,1.544457722399678e-06,0.0383,EXO,REAL,2025-10-07T21:30:27.544Z,system.exo,OPS1,,,,0.0,,,,,,,,,,,,,,,,,,,,,,,,,,,,,,,,,6002.0,50.72493333
1334ea78-9bd6-4fb0-804c-310bdea01e30,U//PR-EXO-SV,2025-10-07 21:10:21.285023,43867,43867,43867,False,30315.27676296181,29305.2285713304,-93.04887114729,-2.136929625729259,2.21076872048915,0.004412013449735,"[0.0094043240862, 0.0054915086947, 0.0048971862451, 0.00018406729983, 8.7574964831e-05, 0.00072981448684, 9.490972884899999e-07, 6.1268161261e-07, 1.7930304218e-08, 9.8034357628e-11, 5.409583354700001e-07, 3.7907294432e-07, 7.2954137527e-09, 5.6736244553e-11, 3.6024255785e-11, -2.8424029717e-08, -2.0986702587e-08, -5.5191823114e-09, -2.9912246817e-12, -2.0302315031e-12, 1.5856295404e-12]",0.1226023034781158,1.164664084418336e-05,0.0,EXO,REAL,2025-10-07T22:06:27.410Z,system.exo,OPS1,,,,0.0,,,,,,,,,,,,,,,,,,,,,,,,,,,,,,,,,3162.0,24.42290762
e410930c-9463-430f-96e3-313ff9698669,U//PR-EXO-SV,2025-10-07 21:10:17.445172,12635,12635,12635,False,28304.40088573942,-31943.45318016264,227.50490206377,2.213143974713243,1.965892917635879,0.753175918077867,"[0.00037970718411, 0.00031282035616, 0.00035051256286, 6.2355036296e-05, 5.9440825989e-05, 0.00035253422744, -1.1045407823e-08, -8.3956166395e-09, -4.1352379117e-09, 8.906154111899999e-13, 1.0634414793e-08, 1.5287584628e-08, 3.7732938097e-09, -8.2390838147e-13, 1.4510819843e-12, -7.1844874775e-10, 4.5503197534e-10, 2.6049342283e-09, -1.4634685751e-13, -1.0988113136e-13, 9.5015178135e-13]",0.03290522715937393,1.814345385211978e-06,0.0223,EXO,REAL,2025-10-08T00:39:26.736Z,system.exo,OPS1,,,,0.0,,,,,,,,,,,,,,,,,,,,,,,,,,,,,,,,,1020.81,11.30764165
29b649cf-4315-4a01-aeff-648f86318a84,U//PR-EXO-SV,2025-10-07 21:10:15.604104,21939,21939,21939,False,38826.63161981858,-16312.18205068263,-5194.89358176947,1.231361100367486,2.724115842268383,0.666745604074777,"[0.00075267297493, 0.00045612489409, 0.0015775536114, 0.00015641903292, -4.7133671818e-06, 0.0015071981103, -9.0369827578e-08, 2.609020317e-08, 4.6165022731e-09, 2.1800632423e-11, 1.1079870082e-09, 2.1292387211e-09, 3.0821602244e-09, -2.3091142274e-12, 1.2176103159e-12, -1.9644139482e-09, 5.1479819385e-09, -8.1121051063e-09, 1.864684917e-13, -6.673686162299999e-13, 3.3008858599e-12]",0.06194695066450003,5.130217207760311e-06,0.0653,EXO,REAL,2025-10-07T21:42:27.779Z,system.exo,OPS1,,,,0.0,,,,,,,,,,,,,,,,,,,,,,,,,,,,,,,,,1367.69,23.75807737
e8a3f269-7da7-4471-a152-8f4dd6c566de,U//PR-EXO-SV,2025-10-07 21:09:14.440083,36868,36868,36868,False,41761.47009384823,2828.65988166647,-5227.53804772972,-0.187717692411922,3.063668450462417,0.156730162842729,"[0.00019046153504, -6.2980693201e-05, 0.00068076861926, 2.34553611e-05, 2.2994599143e-05, 0.00030849736363, -1.0073386694e-08, -1.2585468538e-08, -8.4809011091e-10, 2.5165031343e-12, -1.3694577864e-08, 2.8936272266e-10, 1.2834956287e-09, 9.5052744187e-13, 1.0559040999e-12, -1.128250599e-09, 2.5482347107e-09, -7.250895929700001e-09, -1.4281963462e-14, -6.5300882653e-14, 1.283621462e-12]",0.03434716171578083,2.203639874435022e-06,0.0192,EXO,REAL,2025-10-07T21:30:27.536Z,system.exo,OPS1,,,,0.0,,,,,,,,,,,,,,,,,,,,,,,,,,,,,,,,,6200.0,35.02733333
3dda0d81-d92a-4a4a-aab7-e3fc8c2ea508,U//PR-EXO-SV,2025-10-07 21:08:46.576222,19776,19776,19776,False,38112.43797359677,-19644.72948041822,-640.51648269528,1.364690903898402,2.636336152599587,0.6842708203869899,"[0.0001271483452, 0.0002156567989, 0.00045015087535, 2.2029548817e-05, 3.311487484e-05, 0.00039508785966, -2.370694113e-09, -2.949180991e-09, -8.6659340198e-10, 4.4706686828e-13, 1.3254932798e-10, 2.6743259277e-09, 5.1414981333e-10, -1.6378172032e-13, 1.8990757929e-13, -2.0421984904e-10, 2.8790450283e-10, 2.062899213e-10, -2.1688751291e-14, -5.3968566028e-14, 3.51302439e-13]",0.03118312172009082,9.94121162922307e-07,0.01,EXO,REAL,2025-10-07T21:30:27.520Z,system.exo,OPS1,,,,0.0,,,,,,,,,,,,,,,,,,,,,,,,,,,,,,,,,2120.91,23.59650242
35fb9ccc-1f70-47a5-91dd-495e68682a23,U//PR-EXO-SV,2025-10-07 21:08:44.177684,23132,23132,23132,False,37305.48098020881,-18994.48645213028,-5148.99277612089,1.432979441136316,2.666533367282127,0.533817219883201,"[0.00047683142791, 0.00081835208413, 0.0015583494471, 0.00017417646624, 0.0002255460228, 0.00044565903759, -6.8260105532e-09, -4.0371385334e-09, -7.7595375347e-10, 1.1185342687e-12, 9.0717380206e-10, 2.4134261704e-09, 8.5759436897e-10, -2.3827760805e-13, 1.6570684957e-13, 3.1725064464e-10, 9.8270846091e-10, -1.4161397705e-09, -7.1535598208e-14, -2.9133896608e-14, 3.3175931743e-13]",0.04980803060350811,1.271220057936469e-06,0.0072,EXO,REAL,2025-10-07T21:51:29.800Z,system.exo,OPS1,,,,0.0,,,,,,,,,,,,,,,,,,,,,,,,,,,,,,,,,1268.58,58.81043193
d8e182d1-65a7-44c0-bf8e-12048e1479fa,U//PR-EXO-SV,2025-10-07 21:08:44.177684,25639,25639,25639,False,37260.20729084265,-18998.7129899905,-5410.6833657365,1.435596075392538,2.672291865354696,0.497736388470818,"[0.0010971705295, -0.00022331542511, 0.0015712307411, -3.0295380137e-05, 0.00018101093442, 0.00063838020086, -1.2701262261e-07, 7.3473957452e-08, 1.5281554792e-08, 1.9423006642e-11, -2.171180413e-08, 3.629771036e-08, 1.0419864973e-08, 2.0069064379e-12, 2.0017201462e-12, 2.001346986e-09, 5.0788769229e-09, -1.556229263e-08, -7.5276869277e-13, -2.0953465921e-13, 2.5904665534e-12]",0.05750462130524816,4.900529904163427e-06,0.0372,EXO,REAL,2025-10-07T21:36:28.262Z,system.exo,OPS1,,,,0.0,,,,,,,,,,,,,,,,,,,,,,,,,,,,,,,,,1490.0,12.88906667
312a62d8-5ccd-4eaa-8675-21a010c3f2f5,U//PR-EXO-SV,2025-10-07 21:08:37.889084,11841,11841,11841,False,42243.99637938508,-3041.62836893447,4852.619596581409,0.195931618507254,3.044312299676441,0.211178198164797,"[7.362648465500001e-06, 2.618293892e-05, 0.00037891533852, -3.1982734279e-05, 8.575691137e-06, 0.00028686730087, -5.4449386621e-11, -1.3131511272e-09, -8.805727932899999e-11, 1.032338864e-13, -1.2451884011e-10, 9.8147699146e-11, -2.1790061802e-11, -9.0682774612e-15, 1.0342288074e-14, -1.4461729718e-11, -1.3372357063e-10, 2.9118432145e-11, 7.979549901499999e-15, -2.9226175671e-15, 3.6703449875e-14]",0.02594504360866445,3.876591600220483e-07,0.0111,EXO,REAL,2025-10-07T23:42:25.989Z,system.exo,OPS1,,,,0.0,,,,,,,,,,,,,,,,,,,,,,,,,,,,,,,,,2101.09,23.8702275
e3afc51f-cbd6-4598-b456-5ecfe4874196,U//PR-EXO-SV,2025-10-07 21:08:22.977718,54259,54259,54259,False,40439.03313248466,-11965.57961474003,-122.59830937844,0.871877389848759,2.947949008541707,-0.004523872198947,"[0.027525060956, -0.011978293918, 0.0061865718386, 0.0026309160653, -0.0011771777539, 0.0014719437992, 3.9488706997e-06, -1.7296052735e-06, 3.7994776955e-07, 6.2529603474e-10, -1.5084024978e-06, 7.742375822999999e-07, -1.5183543707e-07, -2.7158916677e-10, 1.7128447508e-10, 2.6686667902e-07, -1.2033706837e-07, 1.3796286247e-07, 4.599134945e-11, -2.3982898995e-11, 3.1392198245e-11]",0.187572856761846,2.877451490581553e-05,0.0264,EXO,REAL,2025-10-07T21:57:28.254Z,system.exo,OPS1,,,,0.0,,,,,,,,,,,,,,,,,,,,,,,,,,,,,,,,,4500.0,75.81533333
987ac064-393f-44e0-9c40-027b845eeb4c,U//PR-EXO-SV,2025-10-07 21:08:22.977718,44801,44801,44801,False,40649.80402124807,-11227.29640288319,-91.33738764515,0.8188317461389899,2.963099352936851,-0.001289782806395,"[7.0043993634e-05, 0.00010609261581, 0.0006062518661799999, 3.1201387509e-06, -4.5866906178e-06, 0.00034315306191, -4.2162675217e-09, -6.527034958699999e-09, -1.1436970436e-10, 1.0334744863e-12, -1.8683324974e-09, 5.853342916899999e-09, -2.2708711479e-10, -7.8000148705e-14, 2.6488804719e-13, -1.0745049196e-10, 5.8645789709e-10, 1.1223476296e-09, 2.8638292339e-14, 1.2342389714e-14, 6.3968492927e-13]",0.0319288102146635,1.392137731246445e-06,0.03,EXO,REAL,2025-10-07T21:39:36.559Z,system.exo,OPS1,,,,0.0,,,,,,,,,,,,,,,,,,,,,,,,,,,,,,,,,4007.0,39.4233
79a08f74-9456-4857-bc29-99ce60a7bc55,U//PR-EXO-SV,2025-10-07 21:07:34.827990,31306,31306,31306,False,41834.54527823491,-5336.39392963485,-581.83268975385,0.389377056950786,3.049026823473833,-0.002027997751357,"[6.5988668874e-05, 4.6301074854e-06, 0.00059670210465, 8.6643764064e-06, -7.2181675923e-06, 0.00028904065105, -4.072948301e-09, -7.1609055232e-09, -2.6567855185e-10, 1.1786575091e-12, -4.2551082094e-09, 5.8622897203e-09, -3.7019980078e-10, 1.0159505139e-13, 3.4812667478e-13, -2.1159932523e-10, 6.313984714500001e-10, 2.1746413725e-09, 2.2411913974e-14, 2.0962838348e-14, 7.492842625800001e-13]",0.03085014464429624,1.508664457876568e-06,0.0428,EXO,REAL,2025-10-07T21:51:29.818Z,system.exo,OPS1,,,,0.0,,,,,,,,,,,,,,,,,,,,,,,,,,,,,,,,,4505.0,56.7612
68d37981-215e-42eb-9273-48ee78bba524,U//PR-EXO-SV,2025-10-07 21:07:34.827990,60086,60086,60086,False,41814.72100331386,-5455.87386886964,-72.96335161739,0.398747489395411,3.048426499270128,0.000875594010758,"[6.3759740538e-05, -3.223767545e-05, 0.0007740315721199999, 8.7307803102e-06, -1.8939819896e-05, 0.0003740480012, -3.1108413554e-09, -2.835991513e-08, -4.0431870595e-11, 2.3633089748e-12, -4.6073329988e-09, 1.1769382819e-08, -7.603364779600001e-10, -2.1229736045e-13, 4.5638094004e-13, 2.5236644502e-10, -3.5652290294e-10, 5.5317822785e-09, -2.6315698287e-14, -1.9806241138e-14, 7.8486215629e-13]",0.03481148250014641,1.898565793205492e-06,0.0381,EXO,REAL,2025-10-07T21:51:29.837Z,system.exo,OPS1,,,,0.0,,,,,,,,,,,,,,,,,,,,,,,,,,,,,,,,,5000.0,62.256
45f605a0-2f0f-4879-9394-177fc7a8b150,U//PR-EXO-SV,2025-10-07 21:07:34.827990,29055,29055,29055,False,41827.06332214048,-5464.10927441455,-103.98012762187,0.399138765961108,3.04740371871493,-0.001407728614263,"[5.7518685615e-05, -1.5045104574e-06, 0.00068436689799, 5.6074293894e-06, -1.0235065386e-05, 0.00030560165655, -3.0817348127e-09, -1.765535124e-08, 3.5376281565e-12, 1.2780846398e-12, -3.8116984982e-09, 8.160206614e-09, -4.4080086155e-10, -6.050947059099999e-14, 3.5310153721e-13, 1.540258194e-10, -2.7490580814e-10, 2.5156380034e-09, -6.0475824086e-15, -1.2615053925e-14, 4.4699031852e-13]",0.03236490754127068,1.441588185138183e-06,0.0356,EXO,REAL,2025-10-07T21:45:29.038Z,system.exo,OPS1,,,,0.0,,,,,,,,,,,,,,,,,,,,,,,,,,,,,,,,,4332.0,50.6412
e5fceef1-5913-4ffe-938d-4fe0dea57466,U//PR-EXO-SV,2025-10-07 21:07:15.134996,13899,13899,13899,False,21385.01821408901,-36998.33622145934,-234.44269521075,2.613186509503794,1.503457388158881,0.463633461279331,"[0.00041260676151, 0.00023449039929, 0.00015707893389, 4.1774264182e-05, 2.2377887352e-05, 0.00024838692838, -2.7983752039e-09, -3.3665093674e-10, -4.4362301036e-10, 1.7451142016e-13, 4.3356329195e-09, 3.1997477757e-09, 7.9695246366e-10, -1.3425214784e-13, 3.2285831235e-13, 1.0326465198e-10, 2.9580183073e-10, -1.789536745e-10, -2.4773064586e-14, -1.1454014418e-14, 2.7230257025e-13]",0.02860196887943206,8.77309696036696e-07,0.0088,EXO,REAL,2025-10-07T21:24:27.769Z,system.exo,OPS1,,,,0.0,,,,,,,,,,,,,,,,,,,,,,,,,,,,,,,,,2120.91,23.59650242
32ab3d14-c1e4-4dda-8ac9-0f35c632e431,U//PR-EXO-SV,2025-10-07 21:07:15.134996,43272,43272,43272,False,20945.16061950786,-36593.82899221851,-17.52211023467,2.668634921393409,1.527062418206226,-0.00488432407007,"[0.00041144977769, 0.00020130181856, 0.00018271427326, 3.8507781218e-07, -2.8394310878e-07, 0.00021577067885, -8.0074859241e-09, 1.3815961874e-10, -5.2398114111e-11, 5.2985820062e-13, 9.0311132751e-09, 7.6698442335e-09, 3.7748937666e-11, -3.0430118174e-13, 7.8064928443e-13, -1.0702046878e-10, 1.9481711661e-10, 1.6496493519e-09, 1.7163681713e-14, 4.5233851934e-15, 6.1553966993e-13]",0.02845935223788483,1.387821009705503e-06,0.0453,EXO,REAL,2025-10-07T21:33:27.107Z,system.exo,OPS1,,,,0.0,,,,,,,,,,,,,,,,,,,,,,,,,,,,,,,,,4050.0,29.80853333
52ea17cf-8fbe-452c-ad43-427bb7cb55a9,U//PR-EXO-SV,2025-10-07 21:06:36.594228,29273,29273,29273,False,38620.99509903654,-16862.53861264416,-1665.86596886561,1.229452455865229,2.817116006415239,-0.038250514137398,"[0.00011949857094, 0.00016676924957, 0.00053912620853, 1.6262972077e-05, -7.0609496535e-06, 0.0005033585629099999, -4.7450213021e-09, -4.022836692300001e-09, 1.6162191747e-10, 6.3029576575e-13, -1.2813281719e-09, 6.5538857723e-09, 9.0801619678e-11, -5.1581616658e-14, 3.1705553705e-13, 2.4195176865e-10, -1.1477783898e-10, -7.627248509600001e-10, -2.5598825924e-14, -8.8821084425e-15, 2.7435188301e-13]",0.03408787676550125,1.105306828808182e-06,0.042,EXO,REAL,2025-10-07T21:36:28.264Z,system.exo,OPS1,,,,0.0,,,,,,,,,,,,,,,,,,,,,,,,,,,,,,,,,3750.0,28.6306
9282f325-2dd3-4c9b-bf86-41aa70a0b4ff,U//PR-EXO-SV,2025-10-07 21:05:51.432694,37264,37264,37264,False,22938.1574481612,-35395.6174203026,-44.00735728369,2.580047155118818,1.670473375935691,-0.008623211662534,"[0.00049441660595, 0.0002936464442, 0.00020525610609, 2.8034623431e-08, -1.2629409941e-06, 0.00025347544932, -5.0253803823e-09, -1.031556733e-09, -5.7934111524e-11, 2.8690764391e-13, 4.6574366506e-09, 3.1847084344e-09, -1.6900196399e-11, -1.8941500091e-13, 3.029766048e-13, 3.9293666574e-11, 4.8240963676e-11, 2.46473334e-10, 4.5756593682e-16, 2.8343428023e-15, 1.872554804e-13]",0.03087309769621442,8.815552898769312e-07,0.0409,EXO,REAL,2025-10-07T21:33:27.092Z,system.exo,OPS1,,,,0.0,,,,,,,,,,,,,,,,,,,,,,,,,,,,,,,,,5270.0,28.76673333
b953b168-361a-4693-9c4a-bfc9a8ac354c,U//PR-EXO-SV,2025-10-07 21:05:25.841202,55131,55131,55131,False,42086.12740782907,-2475.36330236302,-2340.22519361233,0.181646155284258,3.066917937383875,0.013835760552255,"[6.7006796814e-06, 1.143175045e-05, 0.00029511768982, 9.4887853848e-06, -2.2894469624e-07, 0.00017010539244, -1.7640149447e-10, -1.4362390613e-09, -1.0800263269e-11, 1.4537100804e-13, -3.8613728563e-10, 4.7406514369e-10, -2.6644387174e-12, 5.7982762412e-16, 2.9568129473e-14, -8.6885985693e-12, 1.380758715e-10, 7.485100989300001e-12, -2.1543279151e-15, 8.4362935035e-16, 8.3024957986e-14]",0.02172380634100295,5.079016592796287e-07,0.007700000000000001,EXO,REAL,2025-10-07T21:27:27.485Z,system.exo,OPS1,,,,0.0,,,,,,,,,,,,,,,,,,,,,,,,,,,,,,,,,5000.0,34.06333333
1a9b96e5-a402-437e-8dce-f0f4454b0ae9,U//PR-EXO-SV,2025-10-07 21:05:22.153272,11862,11862,11862,False,19270.10118151772,-38370.59809340741,-160.80932373644,2.695040227029974,1.346178787563368,0.429455374056226,"[0.00071802660466, 0.00035308751424, 0.00019380069068, 6.7695039554e-05, 3.1709001332e-05, 0.00038174474016, -3.4025271272e-09, -3.5341500389e-10, -5.111526944800001e-10, 1.963709043e-13, 5.7309968474e-09, 3.0101675354e-09, 9.089033548199999e-10, -1.9142474239e-13, 4.0406022642e-13, 6.4523538825e-12, 1.8751077533e-10, 2.8438055509e-11, -1.9295474347e-14, -1.2775387046e-14, 2.4399131352e-13]",0.03596626246220199,9.189246129253476e-07,0.0096,EXO,REAL,2025-10-07T21:30:27.513Z,system.exo,OPS1,,,,0.0,,,,,,,,,,,,,,,,,,,,,,,,,,,,,,,,,2120.91,23.59650242
7a234607-1499-4e2b-9586-41400e411e2a,U//PR-EXO-SV,2025-10-07 21:04:56.077050,26243,26243,26243,False,41915.4825957422,5389.92696324209,-5118.657938034559,-0.336569204940158,3.011983395678808,0.41457643989634,"[3.5029090363e-05, -0.00019938874331, 0.0017534562736, 1.2648030108e-05, 0.00020531668352, 0.00032325310429, 1.0389422282e-09, -5.295906289200001e-09, -8.2358715119e-10, 4.1013258946e-13, -4.1180780451e-10, -7.8869110414e-10, -1.5181161471e-11, 1.885647377e-14, 4.1155007027e-14, -2.4028503459e-10, 7.7125168743e-10, -3.5440926629e-10, -3.4596685933e-14, -1.595368945e-14, 1.3774050335e-13]",0.04595365565711829,7.674816609124938e-07,0.0257,EXO,REAL,2025-10-07T22:15:26.637Z,system.exo,OPS1,,,,0.0,,,,,,,,,,,,,,,,,,,,,,,,,,,,,,,,,2600.0,44.89792377
4e326bac-6351-425f-9e7d-172b2efac2b3,U//PR-EXO-SV,2025-10-07 21:04:46.368956,42818,42818,42818,False,19894.27310186259,-37176.07369125298,-24.91770948923,2.711221273713041,1.450018021970748,-0.006277276391735,"[0.00045941084252, 0.00024340979742, 0.0042440165679, 1.4320083015e-06, 6.530808386900001e-05, 0.00046987064825, -9.417271463699999e-09, 7.8371668572e-08, 1.0323815205e-09, 2.2715040668e-12, 1.6437000825e-08, 3.0436774147e-07, 5.0155999736e-09, 5.1577686367e-12, 2.2507169142e-11, 1.2086220219e-10, 1.1190271185e-09, 1.9337431367e-08, 2.3941664486e-14, 8.6434057298e-14, 3.8037618871e-12]",0.0719256425669594,5.346254305202849e-06,0.0223,EXO,REAL,2025-10-07T21:54:30.485Z,system.exo,OPS1,,,,0.0,,,,,,,,,,,,,,,,,,,,,,,,,,,,,,,,,6761.0,59.95266667
0b29d576-652b-4b48-a5d1-441a3f671f7f,U//PR-EXO-SV,2025-10-07 21:04:39.802264,24740,24740,24740,False,39105.63815263027,-15751.19619195111,-5131.89682072312,1.195497903670433,2.735718636006212,0.672918018065245,"[0.0006912342284999999, 0.00022063192951, 0.00074557059985, 7.294873125e-05, 2.9638935991e-05, 0.00060071769839, -7.641794882600001e-08, -4.5397375926e-10, -7.7043777747e-10, 1.1196772812e-11, -9.9518338428e-09, 5.3405533912e-09, 3.5098375192e-09, 6.9604665944e-13, 7.0796417542e-13, -3.0442565475e-09, 4.1249529433e-09, -7.5692811372e-09, 3.0922085987e-13, -3.2561605998e-13, 1.8940739354e-12]",0.04513892474062713,3.714675076345171e-06,0.006599999999999999,EXO,REAL,2025-10-07T21:42:27.787Z,system.exo,OPS1,,,,0.0,,,,,,,,,,,,,,,,,,,,,,,,,,,,,,,,,1139.74,8.085674092
0b17be16-6ab8-4d97-b273-1f823b9665b7,U//PR-EXO-SV,2025-10-07 21:04:19.054841,23322,23322,23322,False,30425.5380160722,-28770.37108253066,-5262.11036540904,2.122502616626044,2.128154320199157,0.6346590351430089,"[0.0006148265687, 0.00041174182933, 0.0006986078700100001, 0.00011104836381, 0.00013259954916, 0.00033413904626, -2.253414091e-08, 2.2418457759e-08, 6.2993678891e-09, 5.1191519127e-12, 6.3422659896e-09, -1.9078554603e-09, 7.047695130699999e-10, -1.5738501406e-12, 9.9076037283e-13, 1.6187249262e-09, 3.3832273319e-10, -5.1458331675e-09, -4.5592964539e-13, -1.0146288466e-13, 1.3083619167e-12]",0.04059031269859842,2.72365089580695e-06,0.0121,EXO,REAL,2025-10-07T21:45:29.027Z,system.exo,OPS1,,,,0.0,,,,,,,,,,,,,,,,,,,,,,,,,,,,,,,,,2120.91,23.59650242
c892f881-c0a4-4b5e-a47b-fb8f5a6765a6,U//PR-EXO-SV,2025-10-07 21:04:19.054841,22916,22916,22916,False,30394.50588561126,-29162.68458624725,-4883.69830390991,2.113453965441885,2.115990607600598,0.6475981519206591,"[0.00089558971997, 8.0773870866e-05, 0.00051935117339, 5.2112908332e-05, 3.823649879700001e-05, 0.00040009726599, -7.0087997441e-08, 2.6672696782e-08, 2.9103008445e-09, 8.749294984200001e-12, 8.9662034449e-09, 3.7345746379e-09, 4.142105157e-09, -1.4234473928e-12, 1.2275917592e-12, 5.8173839907e-10, 4.2247920715e-09, -1.1167384335e-08, -2.9779533891e-13, -5.5647066043e-13, 3.1952875973e-12]",0.04260326465600964,3.629349024370624e-06,0.025,EXO,REAL,2025-10-07T22:12:28.370Z,system.exo,OPS1,,,,0.0,,,,,,,,,,,,,,,,,,,,,,,,,,,,,,,,,269.57,4.851404455
ab1f8fd1-9743-43e2-97f5-0d126d417c90,U//PR-EXO-SV,2025-10-07 21:03:39.368877,14931,14931,14931,False,29311.12879425818,-29832.77586266002,183.48749892525,2.179746636615703,2.135309779169024,0.491276669681953,"[0.00049057453452, 0.00046634483213, 0.00046750431676, 8.0587487859e-05, 7.9463395615e-05, 0.00026175027302, -3.304962948e-09, -1.6516666534e-09, -5.952418666e-10, 2.5813631581e-13, 2.160171699e-09, 2.3151852665e-09, 5.1210638412e-10, -1.4068475613e-13, 1.6010932487e-13, -1.2885163268e-10, 1.2759958995e-10, -3.681875132799999e-11, -6.5191041696e-16, -1.2931030243e-14, 1.4327771308e-13]",0.0349260522289594,7.493486196424199e-07,0.007700000000000001,EXO,REAL,2025-10-07T21:36:28.251Z,system.exo,OPS1,,,,0.0,,,,,,,,,,,,,,,,,,,,,,,,,,,,,,,,,1486.62,18.00191495
1a972297-893f-4189-b1cf-6a9e28b3f5cf,U//DS-USNO-SV,2025-10-07 21:03:38.716000,22787,22787,,False,42155.42712382,1158.65893976,-505.25100819,-0.073961462075,3.008366144226,0.627296838623,,0.0001,0.0076,0.0502457,USNO,REAL,2025-10-09T13:11:24.026Z,system.usno-snrf,OPS1,TEME,TEME,"[7.24227e-11, -5.51144e-10, 4.82373e-09, 9.37669e-13, -4.98954e-12, 3.31514e-14, -2.58737e-12, 2.63496e-11, -7.65494e-14, 5.80031e-13, -6.10191e-08, 5.30286e-07, -5.64911e-10, 2.89711e-09, 5.83249e-05, -2.31599e-11, 1.97693e-10, -2.25302e-13, 1.05268e-12, 2.17624e-08, 8.13842e-12]",0.0,99999.0,"EGM-96  8Z, 8T",NONE,True,True,True,False,0.0,0.0,0.0,0.0,0.0,0.0,10.0,37.0,0.09067,-0.419,0.2217,0.3381,4.0,2049-12-31T23:59:59.999Z,ASW,FAST NUM,AUTO,False,AUTO,0.0,1e-14,"[0.0, 0.0001, 0.0]","[0.0, 0.0076, 0.0]",1.0,ARGOS,1267.59,58.81043193
c6c26374-ac4c-4659-ab1f-598ef3ca3bc8,U//PR-EXO-SV,2025-10-07 21:03:35.809049,26599,26599,26599,False,41308.21901679386,-7866.71672715554,-6338.27184371896,0.631629026372593,2.963690721360451,0.443564550792187,"[8.6399290149e-05, 0.00034218466344, 0.0016545721985, 0.00010910464415, 0.000162548121, 0.00050879530716, -7.2083222887e-10, -3.055969807e-09, -4.6673860551e-10, 2.3353933685e-13, -1.8284285452e-10, 4.1051092667e-10, 9.955575105300001e-11, -4.017933114e-14, 2.8875051939e-14, 6.157636302e-11, 4.9921286915e-10, -5.0084765024e-11, -2.6525155535e-14, -3.1398373183e-15, 7.0439708101e-14]",0.04743170665081534,5.769350889744877e-07,0.0158,EXO,REAL,2025-10-07T21:39:36.532Z,system.exo,OPS1,,,,0.0,,,,,,,,,,,,,,,,,,,,,,,,,,,,,,,,,2500.0,15.918
2256af21-eb41-4ab0-a656-0fc8edffefd0,U//PR-EXO-SV,2025-10-07 21:02:26.284904,6052,6052,6052,False,20929.38843458769,-36640.53158034506,848.15116022621,2.650806200188193,1.520033552572247,0.327080246588682,"[0.00034309790277, 0.00018785682492, 0.00011747748617, 1.142563995e-05, 1.2594927901e-05, 0.00030019961296, -3.1463170472e-09, -8.024373112e-10, -4.1419741083e-10, 1.6168911632e-13, 4.4229599735e-09, 2.6355196601e-09, 5.297755689099999e-10, -1.517430624e-13, 2.7697110918e-13, -1.7206247136e-10, 4.4484475831e-11, 3.5528808949e-10, -3.8935994944e-15, -8.4307621584e-15, 1.507689124e-13]",0.02758215005941343,7.67742885281264e-07,0.0132,EXO,REAL,2025-10-07T21:42:27.769Z,system.exo,OPS1,,,,0.0,,,,,,,,,,,,,,,,,,,,,,,,,,,,,,,,,713.58,7.536562966
11db7c26-87dc-48f3-945e-ec66cc1d51eb,U//PR-EXO-SV,2025-10-07 21:02:24.230117,27715,27715,27715,False,24405.49446349078,-34611.25617833542,-3816.54312051891,2.485902611704768,1.775548160426346,-0.207384369072404,"[0.00057234298187, 0.00027012946337, 0.00039925711764, -1.1274378576e-05, -1.8595705982e-05, 0.0004613106945, -1.9927902667e-08, 3.6497640256e-09, 3.277250197e-09, 1.6262417542e-12, 1.4354707795e-08, 1.518044025e-08, -6.9718881529e-10, -4.745460464e-13, 1.1413878271e-12, 2.3368075921e-09, -5.4233929389e-10, -1.3148790125e-09, -1.6169077886e-13, 5.2404306894e-14, 5.3024052504e-13]",0.03785380818372176,1.816003883900032e-06,0.015,EXO,REAL,2025-10-07T21:42:27.789Z,system.exo,OPS1,,,,0.0,,,,,,,,,,,,,,,,,,,,,,,,,,,,,,,,,1760.0,10.56
46db43d4-896b-412a-a096-449c2c5ebf79,U//PR-EXO-SV,2025-10-07 21:01:55.542926,26557,26557,26557,False,24001.01708203692,-33973.29627979494,-4456.44632187376,1.55858870685201,1.444488940648517,-0.486040684533729,"[0.00064094342394, 0.00045093579319, 0.00034455684244, -2.4559937746e-05, -0.00010243870802, 0.00065159855814, -1.062225486e-09, -2.5142841153e-10, 5.670837653799999e-10, 1.97611695e-13, 6.6281428706e-10, 1.8762395694e-09, -2.5644108425e-10, -1.3015425595e-13, 3.2223162097e-13, 5.6974686897e-10, 3.3716320066e-11, 8.8954741444e-10, 2.3398692727e-14, 2.1730131929e-14, 2.3674180172e-13]",0.04046107789617079,8.698190143299927e-07,0.006599999999999999,EXO,REAL,2025-10-07T21:45:29.034Z,system.exo,OPS1,,,,0.0,,,,,,,,,,,,,,,,,,,,,,,,,,,,,,,,,2440.0,23.68368162
65d6cf4c-b971-4285-bc2d-c8b3efef6079,U//PR-EXO-SV,2025-10-07 21:01:37.712244,20836,20836,20836,False,32634.2985304802,26628.73595805648,837.46194955968,-1.946603228690654,2.380899845668085,-0.080016594906288,"[0.00030696744283, -0.00036666490289, 0.00046543319403, 1.9289932707e-06, -1.1840532994e-05, 0.00034772402033, 2.8012321123e-09, -2.5540175678e-09, 1.56304683e-10, 2.3662375457e-13, 1.7324437896e-09, -3.0405116705e-09, 3.1468252215e-11, 1.4178147981e-13, 1.7154813314e-13, 4.532626793e-11, 1.9358159851e-11, -2.9159625731e-10, -4.727046934799999e-16, 1.8114622214e-15, 1.8164980678e-13]",0.03346826343254158,7.679984990154603e-07,0.0088,EXO,REAL,2025-10-07T21:48:29.929Z,system.exo,OPS1,,,,0.0,,,,,,,,,,,,,,,,,,,,,,,,,,,,,,,,,2120.91,23.59650242
e59aeaee-4940-4be2-8a6d-94a3aea5063e,U//PR-EXO-SV,2025-10-07 21:01:18.118385,40732,40732,40732,False,39911.97753718436,-13450.36413587159,-1972.1195793508,0.981844952739458,2.913701253670871,-0.004520429276234,"[0.00026125771249, 0.00012658993323, 0.0012863488973, 3.4019199588e-05, -2.4664900035e-05, 0.00061644054846, -2.1412582207e-08, -1.0491772228e-09, -6.863614621800001e-10, 2.5988857759e-12, -8.6476945588e-09, 2.2138870923e-08, -6.2968551004e-10, 6.7535089227e-13, 9.3062473352e-13, 5.0660494968e-10, 1.1199206289e-09, -7.336239339e-10, -5.1555968503e-14, 4.885964306e-15, 5.302169953e-13]",0.04651932026857229,2.014876548257982e-06,0.007700000000000001,EXO,REAL,2025-10-07T21:30:27.546Z,system.exo,OPS1,,,,0.0,,,,,,,,,,,,,,,,,,,,,,,,,,,,,,,,,2043.0,9.801769079
a29f4a7a-54b4-4709-b01e-e0cd5c6d5cc4,U//PR-EXO-SV,2025-10-07 20:59:58.212804,42801,42801,42801,False,37687.22233374121,-18926.77717131932,-109.01908949817,1.380047401892527,2.746885774871959,-0.005494716907731,"[0.00020956074243, -4.6293612105e-05, 0.00061602748283, -2.3172841477e-06, 3.6839283734e-06, 0.00025418971262, -1.9454578942e-08, 1.0181780328e-08, 5.770860008100001e-10, 3.3190695895e-12, -7.0626492703e-09, 1.9330380581e-08, 7.6702348364e-11, 1.8887034862e-13, 1.0433130295e-12, -6.2353866069e-10, 1.1763874858e-09, 1.6103029061e-09, 1.5350020545e-13, 1.6814151055e-14, 1.4888668175e-12]",0.03285997470905905,2.41893559990753e-06,0.0309,EXO,REAL,2025-10-07T21:24:27.791Z,system.exo,OPS1,,,,0.0,,,,,,,,,,,,,,,,,,,,,,,,,,,,,,,,,4000.0,40.76493333
0984a472-17cc-4325-8787-b4d4358cd04c,U//PR-EXO-SV,2025-10-07 20:59:56.882857,41036,41036,41036,False,30561.37870185045,-29057.31809547001,-55.90555466201999,2.118641035994804,2.227616712555279,-0.005750548842744,"[0.00024309512044, 8.5467135256e-05, 0.0017761635882, 1.4065438211e-06, -3.1515386538e-05, 0.00046154623643, -1.3875205247e-08, 1.4266730061e-08, -5.5286672586e-10, 1.8618595742e-12, 1.666912476e-09, 9.0944498438e-08, -1.4920155695e-09, 2.2116096512e-13, 5.2237443141e-12, 7.673155158800001e-11, -1.7178498242e-09, 7.5146046987e-09, -9.086653260699999e-14, -3.4856340587e-14, 1.5074107411e-12]",0.04980767957925765,2.931384421975392e-06,0.0384,EXO,REAL,2025-10-07T21:33:27.100Z,system.exo,OPS1,,,,0.0,,,,,,,,,,,,,,,,,,,,,,,,,,,,,,,,,4900.0,46.1164
56551383-8347-41c6-8c08-1f859c19e2d9,U//PR-EXO-SV,2025-10-07 20:59:55.585097,23248,23248,23248,False,33693.83361096215,-12509.72912504222,784.5120057293799,-0.457663974148725,2.866191465378046,-0.542741496371676,"[0.0002427499078, 0.00033793673367, 0.0012758823056, -5.2011053944e-05, -0.00019143162158, 0.00045151354538, 1.9211045651e-08, -3.1652842738e-08, 7.1093408054e-09, 1.2524352828e-11, -8.0107270935e-09, 8.556851056699999e-09, -2.2965383106e-09, -9.7637223705e-13, 1.0019891017e-12, 3.0527731438e-09, -1.7719952439e-09, -2.5785504808e-09, 7.0574004857e-13, 1.6646866194e-13, 2.2228036761e-12]",0.04438632400616208,3.968519321585824e-06,0.0055,EXO,REAL,2025-10-07T21:21:27.970Z,system.exo,OPS1,,,,0.0,,,,,,,,,,,,,,,,,,,,,,,,,,,,,,,,,1844.0,12.6
79086c99-3ffa-4690-b220-83a9f3f70dfa,U//PR-EXO-SV,2025-10-07 20:59:52.071618,27513,27513,27513,False,34214.29066929887,24540.18141916033,-2530.05396226851,-1.776212936274641,2.49917479102035,0.214145129204821,"[0.00043943703403, -0.0005276803148400001, 0.00080775292519, -1.7850334656e-06, 5.5815470297e-05, 0.0005172175973199999, 1.7997999132e-08, -1.9766570617e-08, -2.1897763479e-09, 1.8895012901e-12, 8.8749193989e-09, -1.809800283e-08, -1.2996277153e-09, 1.0910258102e-12, 1.0989490102e-12, -2.0398549789e-09, 1.9864919543e-09, -3.4397237866e-09, -1.4757765792e-14, -1.0103056425e-13, 1.3331864318e-12]",0.04200485158335879,2.078854668345048e-06,0.0454,EXO,REAL,2025-10-07T21:18:26.088Z,system.exo,OPS1,,,,0.0,,,,,,,,,,,,,,,,,,,,,,,,,,,,,,,,,4723.0,40.76493333
a77bda78-7cf6-48d6-b652-ace5382e120b,U//PR-EXO-SV,2025-10-07 20:59:14.142393,62804,62804,62804,False,41468.36004866737,-7574.96075393551,826.1284273370001,0.55284563222131,3.024613395538973,0.030567256246876,"[2.2327506995e-05, 7.0857369738e-05, 0.00046732370776, -3.486084086e-06, 1.1470548618e-06, 0.00023466779638, -7.1201526976e-10, -2.9367915011e-09, -6.4224740766e-11, 2.9602641765e-13, -5.5109391664e-10, 1.5261795031e-09, -6.0336627394e-11, -3.7015637393e-14, 6.59790692e-14, -3.7602812604e-11, 4.3741447703e-11, 7.9154817303e-11, 4.3330001848e-15, 7.7443316336e-16, 1.6804869949e-13]",0.02691317541902107,7.280482033079953e-07,0.0143,EXO,REAL,2025-10-07T21:12:26.189Z,system.exo,OPS1,,,,0.0,,,,,,,,,,,,,,,,,,,,,,,,,,,,,,,,,5000.0,34.06333333
c71f4087-f151-437c-9820-e3f287377402,U//PR-EXO-SV,2025-10-07 20:59:09.492086,40895,40895,40895,False,30946.97626434854,-28640.97926105023,-51.35419180221999,2.088191183354742,2.256545597873243,-0.005481382596895,"[0.011180036275, -0.01347280222, 0.024180609715, -2.2913658973e-06, 3.4784984588e-06, 0.0012803456765, 1.3594039095e-06, -1.9710784019e-06, 7.4929586286e-10, 1.8685006963e-10, -1.823912599e-06, 2.8630336874e-06, -1.3800686854e-08, -2.477321442e-10, 3.8142107298e-10, 2.3712851065e-08, -3.67118243e-08, 9.8827591053e-08, 3.3210998451e-12, -7.682037215499999e-12, 1.6581147164e-11]",0.1914183681533724,2.418371951900699e-05,0.033,EXO,REAL,2025-10-07T21:30:27.547Z,system.exo,OPS1,,,,0.0,,,,,,,,,,,,,,,,,,,,,,,,,,,,,,,,,2100.0,16.98733333
a8d742b4-a078-4d6f-89a1-257f2566b995,U//PR-EXO-SV,2025-10-07 20:58:54.804095,40258,40258,40258,False,33800.43502985843,25204.90398755742,-775.25181635619,-1.83637442922418,2.46511222135566,0.046493820283249,"[0.0002550067264, -0.00021320729023, 0.00030910251271, 4.6816583027e-06, 7.2849765051e-06, 0.00025737414623, 1.5603509967e-08, -9.914285521599999e-09, -2.5552028776e-11, 1.328783347e-12, 5.226822219100001e-09, -9.353820600700001e-09, -3.0450313949e-10, 4.4639584338e-13, 5.0224013778e-13, -4.9471534679e-10, 6.1468847304e-10, -2.1337554889e-09, -1.9863263906e-14, -2.6835093734e-14, 4.951980511e-13]",0.02866153145489612,1.525195572993838e-06,0.0242,EXO,REAL,2025-10-07T21:39:36.545Z,system.exo,OPS1,,,,0.0,,,,,,,,,,,,,,,,,,,,,,,,,,,,,,,,,3000.0,40.92634586
8c49550b-6e2a-4610-8965-d38350e34412,U//PR-EXO-SV,2025-10-07 20:58:49.730214,33208,33208,33208,False,33213.5822450397,25577.9695297709,508.25172659292,-1.143371991565168,1.202156169756781,0.007237357925115,"[0.0010837559279, -0.0013729711441, 0.0018033820227, -1.3436749241e-05, 8.7333550682e-06, 0.00042516188737, 7.2380000594e-09, -2.0174040895e-09, -1.1419591981e-10, 1.4576913237e-12, 4.4578469849e-09, -5.376714221e-09, -1.0238813901e-10, 7.6607055921e-13, 8.519331046399999e-13, 2.1738801019e-10, 4.2846974393e-11, -2.450440754e-09, 5.243601269e-14, 2.0973114786e-14, 6.7954123231e-13]",0.0575525832432394,1.728920374294317e-06,0.0123,EXO,REAL,2025-10-07T21:30:27.534Z,system.exo,OPS1,,,,0.0,,,,,,,,,,,,,,,,,,,,,,,,,,,,,,,,,3070.0,23.68368162
175e4eb0-0c3a-4e84-8216-953dde8a7087,U//PR-EXO-SV,2025-10-07 20:58:40.524873,40875,40875,40875,False,33737.57248740058,-25307.0795863083,-84.96610574002,1.845254266822574,2.458500962488393,-0.002105480036604,"[0.00024268244193, 0.00013393965237, 0.0010881696755, 7.256131855299999e-06, -4.0059300243e-05, 0.00043148970439, -2.0813691425e-08, 6.4724936278e-09, -1.4351678606e-09, 3.0082717271e-12, 4.4149375307e-09, 4.1380086254e-08, -1.465487988e-09, -2.897062284e-13, 1.9783226634e-12, 6.0782840472e-11, 2.9375647276e-10, 4.8639314223e-09, 1.5083805451e-15, 1.1439052879e-14, 1.7259368157e-12]",0.04198025514238807,2.590855303987469e-06,0.0385,EXO,REAL,2025-10-07T21:15:27.466Z,system.exo,OPS1,,,,0.0,,,,,,,,,,,,,,,,,,,,,,,,,,,,,,,,,5782.0,31.794
a2da2978-c3c3-4a83-b8d6-1ed884270d98,U//PR-EXO-SV,2025-10-07 20:58:00.677976,63662,63662,63662,False,41538.96578866433,-6379.47948963474,3401.64271340836,0.459040163203096,3.038864773586686,0.09509634575996201,"[2.1629167806e-05, 3.2345392793e-05, 0.00029009890387, -7.2616349283e-06, 4.6440695047e-06, 0.00012920455228, -1.2096809519e-09, -2.9822399728e-09, -2.4423776506e-10, 4.4665095939e-13, -9.8413879473e-10, 1.2429244161e-09, -1.5814327477e-10, -5.7488801719e-15, 8.5939604039e-14, -1.7902261666e-10, -1.6936845872e-10, 1.3771533122e-10, 2.5956140819e-14, -6.811043813199999e-16, 2.4373613932e-13]",0.02099839574719936,8.810940374040674e-07,0.0192,EXO,REAL,2025-10-07T21:24:27.802Z,system.exo,OPS1,,,,0.0,,,,,,,,,,,,,,,,,,,,,,,,,,,,,,,,,0.0,0.0
819ed526-d1fa-4aa6-b6c9-b037ed1691f4,U//PR-EXO-SV,2025-10-07 20:58:00.184878,25312,25312,25312,False,8300.367478234999,-41116.53732301133,-6660.91827561789,2.974416223531205,0.6541332446675321,-0.33785777791927,"[0.0009098791546, 0.00011776695919, 8.8413135184e-05, 2.9946564897e-05, -0.00013901516255, 0.00097023454339, -7.2059004443e-09, 2.8852142857e-09, 1.5930881581e-09, 4.0390535845e-13, 1.4565042717e-08, 2.8067417871e-10, -2.2646590448e-09, -3.7398289999e-13, 7.781799725199999e-13, 3.4788244644e-09, -6.505099789600001e-10, 1.9669313421e-09, -7.6075647793e-14, 1.3520914367e-13, 2.4701964087e-13]",0.04436808349674347,1.195451785660969e-06,0.0228,EXO,REAL,2025-10-07T21:30:27.523Z,system.exo,OPS1,,,,0.0,,,,,,,,,,,,,,,,,,,,,,,,,,,,,,,,,701.68,15.41552026
840d66c1-fa8b-45bb-9ea0-4139acb7c202,U//PR-EXO-SV,2025-10-07 20:57:56.693930,23247,23247,23247,False,32556.229683141,-25898.39862771603,-5126.03600318944,1.941337376519963,2.355798681072187,0.538674741490794,"[0.00077718857047, 0.00033653235472, 0.00088069526341, 9.7333037498e-05, 9.7108242742e-05, 0.00040937549605, -6.2382436829e-08, 3.3474482159e-08, 3.0274030759e-09, 1.1634855414e-11, 1.445705776e-08, -2.0639778655e-10, 2.0873982309e-09, -2.9102254372e-12, 1.3756538836e-12, -1.4892410671e-10, 4.0094160196e-09, -5.593171389900001e-09, 7.258237631e-14, -2.1889854769e-13, 1.4957959386e-12]",0.04546712361619108,3.808714381021502e-06,0.0103,EXO,REAL,2025-10-07T21:42:27.781Z,system.exo,OPS1,,,,0.0,,,,,,,,,,,,,,,,,,,,,,,,,,,,,,,,,2775.0,37.96964224
82ba245b-44de-4c89-883f-61a8342c9b2d,U//PR-EXO-SV,2025-10-07 20:57:54.919809,12967,12967,12967,False,35444.65480816826,-22879.6184258154,-1070.90942055606,1.644087291746545,2.513915748399782,0.650390614727551,"[0.0016703527602, 0.0001607449632, 0.0016134186411, 3.494273645e-05, 0.00010140047397, 0.0012962934728, -1.9863632501e-07, 4.3862632269e-08, -4.108118076e-09, 3.0506384679e-11, 1.4836609027e-08, 3.4152192926e-08, 1.1765261438e-08, -3.1104434139e-12, 2.7801945525e-12, -9.375533642699999e-09, 9.9675159468e-09, -1.5623046882e-08, 6.8743694917e-13, -8.381143241999999e-13, 5.9260084523e-12]",0.06767617656236204,6.261995503335977e-06,0.0209,EXO,REAL,2025-10-07T21:36:28.247Z,system.exo,OPS1,,,,0.0,,,,,,,,,,,,,,,,,,,,,,,,,,,,,,,,,584.74,5.438094781
2e70dd4f-61df-4c6c-8757-9794f1eb7e9e,U//PR-EXO-SV,2025-10-07 20:57:53.253192,33153,33153,33153,False,20707.27958294213,-36714.304529155,-925.39674677025,2.676578809581863,1.510513203150614,-0.09543534956623,"[0.0026022586467, -0.0021864796952, 0.012583545137, -0.00028422599913, 0.0010037565495, 0.0010922071907, 7.7463365323e-08, -2.2168625491e-07, -1.8505182844e-08, 1.1652324593e-11, -2.9431096596e-07, 1.2171928972e-06, 1.0251863655e-07, -2.5217799551e-11, 1.2322931648e-10, -2.4252690745e-09, 4.7325653496e-09, 2.4464912155e-08, -3.3246971922e-14, 6.539084722899999e-13, 1.2369218984e-11]",0.1275853086150596,1.213469653749116e-05,0.0558,EXO,REAL,2025-10-07T21:30:27.532Z,system.exo,OPS1,,,,0.0,,,,,,,,,,,,,,,,,,,,,,,,,,,,,,,,,4194.0,36.23646667
0ee05a5c-e4cb-4a2d-9e57-563f29a6376d,U//PR-EXO-SV,2025-10-07 20:57:18.663639,49011,49011,49011,False,41182.06934849577,-9061.36759932168,-777.7565065434301,0.661668817920134,3.001940967684009,-0.006673889666857,"[9.7850366731e-05, -3.2128526078e-05, 0.00067018791958, 1.235726318e-05, -1.3521274758e-05, 0.00033651981344, -7.027093798899999e-09, -1.2378221062e-08, -3.8661847692e-11, 2.2531923423e-12, -6.0948795913e-09, 1.4452900481e-08, -6.1056329933e-10, -7.6258675804e-14, 6.567549282300001e-13, -4.2680422853e-10, 1.6027321919e-09, 3.4460394029e-09, 7.662906522299999e-14, 4.7071669403e-14, 1.1387433312e-12]",0.03323489280486699,2.012135830834986e-06,0.0276,EXO,REAL,2025-10-07T21:42:27.812Z,system.exo,OPS1,,,,0.0,,,,,,,,,,,,,,,,,,,,,,,,,,,,,,,,,2500.0,19.1434
38ae98c4-8d59-4e6c-ade8-a7141f421576,U//PR-EXO-SV,2025-10-07 20:57:08.817143,60327,60327,60327,False,-23436.00570487111,35061.33295967281,50.86953412737,-2.555272724337299,-1.708881292565304,0.007870298355381,"[0.0070496726399, -0.0083617455455, 0.014447986944, -0.0008971052754900001, 0.0013863247158, 0.0036484892596, 8.1708028702e-07, -1.2202451053e-06, -1.2149341563e-07, 1.471067984e-10, -1.1017491093e-06, 1.7259903014e-06, 1.7070911996e-07, -1.573229694e-10, 2.2916938689e-10, -6.6053632063e-08, 1.0380478029e-07, 2.820837797e-08, -3.5132170356e-12, 1.2525601346e-11, 9.0191473093e-12]",0.1585753727522026,1.962894119914011e-05,0.0238,EXO,REAL,2025-10-07T21:42:27.817Z,system.exo,OPS1,,,,0.0,,,,,,,,,,,,,,,,,,,,,,,,,,,,,,,,,4000.0,17.67066667
365b98dd-0dd3-474e-b048-83cacfa00dec,U//PR-EXO-SV,2025-10-07 20:57:05.008191,62876,62876,62876,False,20324.82824698018,36947.92443376746,-24.44890199408,-2.693712012777771,1.4817017872205,0.00494542592208,"[0.007373646316399999, 0.0065210179259, 0.0089730140778, 0.00017059765948, 0.0001684333077, 0.00054281732245, 6.472493304e-07, 7.3583823493e-07, 1.6771569986e-08, 6.5782628133e-11, 7.136776343e-07, 8.372322861e-07, 1.6889067277e-08, 7.296919036300001e-11, 8.313240056599999e-11, -2.2123175847e-08, -2.6802034542e-08, -2.7864070805e-09, -2.2577593217e-12, -2.6881603898e-12, 4.8867552385e-13]",0.1299595233780503,1.22230807991623e-05,0.0192,EXO,REAL,2025-10-07T21:57:28.255Z,system.exo,OPS1,,,,0.0,,,,,,,,,,,,,,,,,,,,,,,,,,,,,,,,,4900.0,39.5978
abb682d5-5415-496b-80f3-8746e25bfebe,U//PR-EXO-SV,2025-10-07 20:57:05.008191,47202,47202,47202,False,20146.28363426644,37051.34263634048,-88.14505750706999,-2.700685259504412,1.468238945598222,0.008122648257751,"[0.0010481155046, -0.00027497612762, 0.00019343144971, 2.0425486786e-05, 4.1444999097e-06, 0.00027057217697, 3.3652540712e-08, 2.5384287073e-09, 1.4791879943e-09, 2.2232817676e-12, 2.3237141785e-08, -1.3534696835e-09, 7.859319261299999e-10, 1.3427360238e-12, 1.0058783835e-12, -2.2873905982e-10, 2.4401660776e-10, -1.3049750315e-09, 3.894731052599999e-15, -1.1114233743e-14, 2.1607640769e-13]",0.03888597602324004,1.856134843913556e-06,0.024,EXO,REAL,2025-10-07T21:54:30.490Z,system.exo,OPS1,,,,0.0,,,,,,,,,,,,,,,,,,,,,,,,,,,,,,,,,3800.0,17.5655
bc6e29cb-d998-4de3-95e6-b677ef30a6d6,U//PR-EXO-SV,2025-10-07 20:57:03.504438,52904,52904,52904,False,19666.74897147333,37309.15765276958,-39.17983024955,-2.719107747649312,1.433633034893035,0.005554813045564,"[0.0008971093089700001, -0.00034207056349, 0.00020450028699, 8.754320652500001e-06, 2.4458087441e-06, 0.000331210307, 1.484955434e-08, 1.3914211083e-09, 6.615871650300001e-10, 9.701841685e-13, 1.0217784827e-08, -7.588816239899999e-10, 3.2733000024e-10, 5.711183239000001e-13, 4.5182926192e-13, -7.263448403099999e-11, 9.3388067519e-11, 4.5177461513e-11, 2.4018771888e-15, -3.7677842041e-15, 1.498380925e-13]",0.03785260761110125,1.253735028991373e-06,0.0252,EXO,REAL,2025-10-07T21:54:30.491Z,system.exo,OPS1,,,,0.0,,,,,,,,,,,,,,,,,,,,,,,,,,,,,,,,,5648.0,53.72413333
a788817f-5195-4513-af03-fedadd87c74e,U//PR-EXO-SV,2025-10-07 20:57:03.504438,64470,64470,64470,False,19222.21076454361,37554.81227126694,-71.37829462859999,-2.735341843277937,1.400358211108958,0.006238878749049001,"[0.0005292343517399999, -0.00017627515259, 9.9155777096e-05, 6.4388243599e-06, 1.1692275242e-06, 0.0003341957831, 1.1268166704e-08, 1.8343963418e-10, 3.9468768664e-10, 6.612344707200001e-13, 8.6778187318e-09, -9.4504798194e-10, 2.2916960926e-10, 4.5087997463e-13, 3.9055584652e-13, -1.359756718e-10, 4.9112179302e-11, -3.2028841957e-10, -4.200991724899999e-15, -5.9335319713e-15, 1.0981802519e-13]",0.0310255686802998,1.077779357025361e-06,0.0228,EXO,REAL,2025-10-07T21:42:27.821Z,system.exo,OPS1,,,,0.0,,,,,,,,,,,,,,,,,,,,,,,,,,,,,,,,,0.0,0.0
ebfa0452-8483-4c9e-9d5f-9cdd7c3a1842,U//PR-EXO-SV,2025-10-07 20:57:03.312606,38331,38331,38331,False,-3435.55696410951,42029.65007727914,-7.43381841178,-3.063970081254266,-0.25109146193338,0.009000210124993,"[0.001643174051, 0.00027340942563, 0.00015182338948, 8.2651728934e-06, 1.0208644898e-05, 0.00065717179116, 8.3876004914e-09, 8.3146723179e-09, 6.16115721e-10, 4.9840816357e-13, 1.9169380135e-08, 1.3891205571e-08, 9.4249618976e-10, 7.594680619200001e-13, 1.5616190943e-12, -1.3600073787e-10, 3.2760089573e-11, 3.5270802941e-10, 4.4540099784e-15, -3.4036899213e-15, 1.8725187461e-13]",0.04951938238346678,1.499092769804457e-06,0.0492,EXO,REAL,2025-10-07T22:24:26.516Z,system.exo,OPS1,,,,0.0,,,,,,,,,,,,,,,,,,,,,,,,,,,,,,,,,4528.0,35.99253333
8dedd2ea-2a02-4e60-9e4e-c7681e98066a,U//PR-EXO-SV,2025-10-07 20:57:03.312606,41882,41882,41882,False,-3260.85938318879,42059.02916093025,241.28407067727,-3.062275760854448,-0.238870740964408,0.095041144266462,"[0.0010104629589, 0.00020805969863, 0.00014159291993, -7.3096607608e-06, 2.2519440612e-06, 0.00043806062363, 7.981195099799999e-09, 8.1374674966e-09, 3.7520223033e-10, 4.9345150674e-13, 1.7607162579e-08, 1.2841554988e-08, 3.693243131e-10, 7.161906605400001e-13, 1.4518444007e-12, -2.2501397935e-10, -1.5588149162e-10, 3.7420949333e-10, -2.2044216901e-15, -1.6382136275e-14, 2.0838503182e-13]",0.03987626490106615,1.46754248294896e-06,0.006,EXO,REAL,2025-10-07T22:15:26.651Z,system.exo,OPS1,,,,0.0,,,,,,,,,,,,,,,,,,,,,,,,,,,,,,,,,5380.0,24.43713333
17f2abdc-40ff-4ff3-9481-ce0f1f8d938b,U//PR-EXO-SV,2025-10-07 20:57:02.818865,55264,55264,55264,False,40784.91527571905,-10310.528761661,-1269.03484196592,0.753808812697282,2.983682816401331,-0.015425962972959,"[0.00084400282868, -0.00051290164074, 0.00153488407, 3.379937722199999e-05, -2.6064829302e-05, 0.00046004258833, -7.116535682699999e-08, 2.0935482492e-08, -1.3644135739e-09, 9.988622729e-12, -5.1569789955e-08, 5.648033967e-08, -1.4913256507e-09, 3.1224763257e-12, 3.8389498149e-12, -4.6363428143e-09, 5.8006719812e-09, -2.4617822736e-10, 5.8213644785e-13, 3.0532853336e-13, 3.8089242085e-12]",0.05328160552207488,4.199582926005868e-06,0.001,EXO,REAL,2025-10-07T21:21:27.989Z,system.exo,OPS1,,,,0.0,,,,,,,,,,,,,,,,,,,,,,,,,,,,,,,,,500.0,3.053558553
69e8e4fe-9791-4ebb-aada-ce0007e0e543,U//PR-EXO-SV,2025-10-07 20:57:02.818865,16650,16650,16650,False,41041.67484099795,-10337.66367396539,-1271.4377552131,0.748647800319628,2.875014892508586,0.766569831516935,"[0.00013321587871, 0.00015128648748, 0.00079710465488, 2.0321431329e-05, -4.164101774699999e-06, 0.00082373792795, -1.0255455379e-08, -5.5719998005e-09, -2.1798183698e-09, 2.1019249692e-12, -3.953696281200001e-09, 4.6925562741e-09, 1.0658133244e-09, 7.7144467511e-14, 3.996203124e-13, -1.7258775388e-09, 1.5781069665e-09, -7.3748540096e-10, 1.3677199148e-13, -1.253040996e-13, 9.2611185878e-13]",0.04188148112877575,1.851393297054951e-06,0.0182,EXO,REAL,2025-10-07T21:30:27.519Z,system.exo,OPS1,,,,0.0,,,,,,,,,,,,,,,,,,,,,,,,,,,,,,,,,661.05,14.16858287
d0c32234-bbdb-4d2a-aea5-6899a3f28fda,U//PR-EXO-SV,2025-10-07 20:56:58.756284,45246,45246,45246,False,-6531.307072663551,41653.95959161181,17.6652948687,-3.037615730437408,-0.476538187680327,0.008167636025567,"[0.0017543401715, 0.002264154339, 0.0047747590118, 2.3191793433e-05, 2.1757504056e-05, 0.00032739906535, 4.3836303902e-08, 8.5282640793e-08, 9.3931030688e-10, 1.7667450763e-12, 2.3031466355e-07, 4.9611490845e-07, 2.2491859339e-09, 8.8344601483e-12, 5.1803204559e-11, -4.093920192e-09, -9.456877165999999e-09, -8.3801591399e-10, -1.4822627411e-13, -9.919435624899999e-13, 1.8945879838e-13]",0.08280397483605483,7.332080771082653e-06,0.0129,EXO,REAL,2025-10-07T22:54:26.633Z,system.exo,OPS1,,,,0.0,,,,,,,,,,,,,,,,,,,,,,,,,,,,,,,,,3379.0,15.2874
61a94d4c-17e1-43c0-ba0b-e9914d790e66,U//PR-EXO-SV,2025-10-07 20:56:58.756284,29272,29272,29272,False,-6334.80539455714,41690.93335008515,-2.18036133069,-3.039273300014516,-0.46252081563086,0.006626744694579,"[0.0017302545084, 0.0003196643538, 0.0001011408169, 2.0175866007e-06, 3.7780817246e-06, 0.00062474255577, 2.7460722263e-09, 2.8231800019e-09, 1.9154027928e-10, 1.3643056921e-13, 8.6193941845e-09, 6.461685925000001e-09, 3.8792724354e-10, 2.5905213503e-13, 7.2346548606e-13, -7.023887964700001e-11, -9.310413651600001e-12, -1.1382089845e-10, 7.787071436899999e-16, -2.9848373605e-15, 7.090060170099999e-14]",0.04955943786071428,9.64778035079054e-07,0.0378,EXO,REAL,2025-10-07T22:21:29.725Z,system.exo,OPS1,,,,0.0,,,,,,,,,,,,,,,,,,,,,,,,,,,,,,,,,4048.0,29.10473333
ff378540-913e-4954-bc3c-22f4ecca76d1,U//PR-EXO-SV,2025-10-07 20:56:56.366114,33051,33051,33051,False,19117.66545104995,37609.24657862313,-102.10167059217,-2.73948426805398,1.392023812729048,0.011361133208971,"[0.00077984562491, -3.5732310631e-05, 0.00011324540685, 2.6579105729e-05, 7.5114637451e-06, 0.00030197871609, 3.8986120597e-08, 7.634443657e-09, 1.9767186354e-09, 2.7947465177e-12, 2.5792306379e-08, 1.3289470984e-09, 1.0224443498e-09, 1.6078635612e-12, 1.1413346567e-12, -2.8274488261e-11, 3.1000238756e-10, -1.5613284347e-09, 2.1818661043e-14, -2.1671382102e-15, 2.3009251544e-13]",0.03456978084758421,2.041120694579328e-06,0.0729,EXO,REAL,2025-10-07T21:39:36.538Z,system.exo,OPS1,,,,0.0,,,,,,,,,,,,,,,,,,,,,,,,,,,,,,,,,4466.0,34.06333333
2829e7f7-e8af-445d-a8d2-2cdf3bc38b3e,U//PR-EXO-SV,2025-10-07 20:56:41.047911,43432,43432,43432,False,-6356.801101353511,41684.54221392372,-3.3208629449,-3.039313959571238,-0.46347630918036,0.008088297953452001,"[0.00056618900721, 0.00073198980794, 0.001629755329, 9.8897539352e-06, 1.0409208209e-05, 0.0001179582915, 1.7094435981e-08, 3.640020481499999e-08, 4.3917204001e-10, 9.030255675199999e-13, 7.4937220949e-08, 1.6475546616e-07, 1.0081440602e-09, 3.6357263992e-12, 1.680362286e-11, -1.2825022007e-09, -2.7984068837e-09, -7.7995240075e-10, -5.4944922865e-14, -2.8933720636e-13, 2.0116559082e-13]",0.04810304177190877,4.231762519133133e-06,0.0429,EXO,REAL,2025-10-07T21:27:27.479Z,system.exo,OPS1,,,,0.0,,,,,,,,,,,,,,,,,,,,,,,,,,,,,,,,,3162.0,24.42290762
04da2be8-a69f-4ccf-8038-397e12301a98,U//PR-EXO-SV,2025-10-07 20:56:20.824766,11648,11648,11648,False,7851.405423197501,41383.66114854972,2425.69821999184,-3.002544762879433,0.583404143447526,-0.294347015586015,"[0.00056952711745, -6.0151714124e-05, 3.4118596177e-05, 2.74845308e-05, -1.5817633515e-05, 0.00033159160887, 4.8951173603e-09, 1.8598072527e-09, 8.400804482100001e-10, 2.6022296211e-13, 7.0127860477e-09, 1.498127342e-09, 1.0520833891e-09, 2.8901057941e-13, 4.2735052491e-13, 7.462103321e-10, 2.7286592005e-10, 9.001909411e-11, 3.3057502264e-14, 4.3410726694e-14, 6.124322950900001e-14]",0.03058165009441119,8.653419650802797e-07,0.007700000000000001,EXO,REAL,2025-10-07T23:15:26.662Z,system.exo,OPS1,,,,0.0,,,,,,,,,,,,,,,,,,,,,,,,,,,,,,,,,2101.09,23.8702275
e1f9ae24-dd8d-4a8b-94d3-3ff64b551783,U//PR-EXO-SV,2025-10-07 20:56:13.465361,44481,44481,44481,False,18302.88697874742,38007.2114280353,1215.08100667826,-2.758623267986973,1.351445803500895,-0.017139850737227,"[0.0010889425664, -0.00023023551853, 0.00015384045676, 3.1978917129e-05, -4.9992817466e-06, 0.00033258551722, 3.4695274371e-08, 2.7108725012e-09, 2.2573669101e-09, 2.1398006053e-12, 2.7062260402e-08, -9.2409372453e-10, 1.4648708784e-09, 1.4715371397e-12, 1.2052717675e-12, 1.1041656547e-09, 2.7076035449e-10, -9.203617449e-10, 7.6131040741e-14, 4.2378760463e-14, 1.6143276494e-13]",0.03969091256673245,1.872566457496235e-06,0.0226,EXO,REAL,2025-10-07T21:48:29.966Z,system.exo,OPS1,,,,0.0,,,,,,,,,,,,,,,,,,,,,,,,,,,,,,,,,6200.0,35.02733333
6d481912-9411-40d0-91c0-2f03af2810a4,U//PR-EXO-SV,2025-10-07 20:56:13.465361,9503,9503,9503,False,17948.55977290179,37848.20344611532,1439.47274472785,-2.790878613579973,1.318752004145689,-0.193529782957025,"[0.0017309821904, -0.0007244793482999999, 0.00035606741751, 0.00010445231847, -5.079337236e-05, 0.00034749012093, 1.1528975917e-08, 5.5764997896e-10, 1.3356630733e-09, 6.662205438e-13, 8.9558395645e-09, -4.6317584756e-10, 9.494679516799999e-10, 4.734736067900001e-13, 4.1596357276e-13, 7.607771181699999e-10, 6.2105724405e-11, -1.5598918937e-10, 3.803158386e-14, 3.1089147838e-14, 1.035264346e-13]",0.0493410552059844,1.088903370901202e-06,0.011,EXO,REAL,2025-10-07T21:45:29.023Z,system.exo,OPS1,,,,0.0,,,,,,,,,,,,,,,,,,,,,,,,,,,,,,,,,1952.43,17.62192734
def8c578-5477-446d-8823-6e07e50f2895,U//PR-EXO-SV,2025-10-07 20:55:48.757710,64723,64723,64723,False,35360.36248878432,-22968.68026385518,109.71624363512,1.674974333558261,2.578041010572827,0.037987123058313,"[0.00019936515354, 0.00018886545112, 0.0004897019182, 3.4811581529e-06, -2.6749126214e-06, 0.0003135961944, -7.8062100468e-09, 2.695847956e-09, -4.4477546964e-10, 1.0346278166e-12, -5.3145362343e-10, 7.4747505734e-09, -1.51084109e-10, 2.7148815599e-14, 3.6554728545e-13, -4.5417225332e-11, -5.760340566800001e-11, -5.8492683719e-10, -6.2951163181e-15, -1.805507072e-15, 4.446981314e-13]",0.03166485853655437,1.35826110650714e-06,0.0138,EXO,REAL,2025-10-07T21:21:27.994Z,system.exo,OPS1,,,,0.0,,,,,,,,,,,,,,,,,,,,,,,,,,,,,,,,,0.0,0.0
b7c9243d-2dbe-4fbc-873d-fbedd2254b02,U//PR-EXO-SV,2025-10-07 20:55:47.425832,41794,41794,41794,False,-17921.77616702102,38166.62863081929,19.38375528351,-2.782810617938141,-1.307334006247594,0.006259142024225999,"[0.00037384613698, 0.00036234804528, 0.0023722786861, 1.1937659448e-05, 2.6767103398e-06, 0.00017283504494, 1.1151248413e-09, -2.5604121985e-08, 5.846705882800001e-10, 5.666752454e-13, 2.3805590788e-08, 2.2802237097e-07, -9.7902792604e-11, -2.6773936003e-12, 2.2427468623e-11, -2.9907971793e-10, -5.1376449756e-09, 1.50958415e-09, 7.829558423700001e-14, -5.118551290699999e-13, 3.2557258875e-13]",0.05402739923427742,4.829049229108149e-06,0.0331,EXO,REAL,2025-10-07T22:00:26.324Z,system.exo,OPS1,,,,0.0,,,,,,,,,,,,,,,,,,,,,,,,,,,,,,,,,6405.0,48.49266667
89693937-2ae7-4b1f-96ac-7e5dd1ef7e62,U//PR-EXO-SV,2025-10-07 20:55:40.904845,41029,41029,41029,False,42099.25468603581,-2634.07503116421,-68.64040658662,0.193524590813904,3.067365125681527,-0.002804778392202,"[4.0805986209e-05, -3.7919052913e-06, 0.00046272702383, 3.4554826522e-06, -2.8032965801e-06, 0.00026973562692, -1.6600565735e-09, -8.2686295416e-09, -7.2010996028e-11, 1.3902917171e-12, -2.9080983054e-09, 2.5771618532e-09, -2.2540510442e-10, 3.0158490374e-14, 2.2104786638e-13, -1.7196082558e-10, 5.2619143457e-10, 2.3015247425e-09, 5.2635979324e-14, 1.3293186424e-14, 7.9620249987e-13]",0.02780770822917631,1.551625626029037e-06,0.0289,EXO,REAL,2025-10-07T21:21:27.981Z,system.exo,OPS1,,,,0.0,,,,,,,,,,,,,,,,,,,,,,,,,,,,,,,,,5799.0,30.52346667
8c38ba0d-3c05-4525-9d45-afd1d4dacbaa,U//PR-EXO-SV,2025-10-07 20:55:24.626197,40345,40345,40345,False,20927.03450758611,36605.40344318403,-66.34015131108,-2.669027555205375,1.526332091660602,0.005009971569925,"[0.0008281161518699999, -0.00019826399268, 0.00015010412143, 2.0177379276e-05, 3.1524939092e-06, 0.00032073692251, 3.209899831e-08, 1.1953283185e-09, 1.4110135695e-09, 2.0999653392e-12, 2.1730045127e-08, -2.7970687904e-09, 6.8068610646e-10, 1.2140216253e-12, 9.383729697299999e-13, -2.5976013167e-10, 2.635189026e-10, -1.8864419168e-09, 1.6918014648e-15, -1.3545015154e-14, 2.57472806e-13]",0.0360410487612389,1.815436893678764e-06,0.03,EXO,REAL,2025-10-07T21:30:27.543Z,system.exo,OPS1,,,,0.0,,,,,,,,,,,,,,,,,,,,,,,,,,,,,,,,,2976.0,29.72066667
623d95a7-ec4d-4944-8e12-690648698637,U//PR-EXO-SV,2025-10-07 20:55:23.645796,28638,28638,28638,False,-5443.0335200556,42249.0396471324,2152.3633101555,-3.012160324760633,-0.403295210710741,0.32927699612782,"[0.0004780810287, 7.708741435199999e-05, 2.7067675139e-05, -1.3087968018e-05, -1.8981121273e-05, 0.00033272024456, 6.7681853381e-10, 9.1826715819e-10, 1.0968816263e-11, 5.091272608699999e-14, 2.8665599471e-09, 1.7957203795e-09, -1.9011916661e-10, 7.0101534203e-14, 2.3160284419e-13, 1.7477741249e-11, -4.8370108712e-11, 8.461784429499999e-11, 2.3415341016e-15, -2.1928233186e-15, 4.9620602447e-14]",0.02894596601253791,5.763125651276398e-07,0.0173,EXO,REAL,2025-10-07T23:00:26.040Z,system.exo,OPS1,,,,0.0,,,,,,,,,,,,,,,,,,,,,,,,,,,,,,,,,4650.0,39.42333333
4a7beafc-3936-47b3-8e0b-197be1ce7a08,U//PR-EXO-SV,2025-10-07 20:55:23.645796,62485,62485,62485,False,-5524.62201032093,41911.53270887306,1931.44282245239,-3.027288882746257,-0.421435504471151,0.204453495437837,"[0.0002081922979, 4.1797708655e-05, 1.8122968331e-05, -4.989832007100001e-06, -5.315472138899999e-06, 0.00010500045665, 6.4340163277e-10, 6.9130272585e-10, 2.3583048921e-11, 3.7202591265e-14, 2.6456318941e-09, 1.4838970646e-09, -6.0065771275e-11, 5.3303162773e-14, 1.988996911e-13, 2.2285187057e-11, -8.290298008e-12, 9.624312671099999e-12, 1.5838005753e-15, 5.3193917709e-16, 3.7361440035e-14]",0.01820208018005085,5.229375893928452e-07,0.007700000000000001,EXO,REAL,2025-10-07T21:21:27.992Z,system.exo,OPS1,,,,0.0,,,,,,,,,,,,,,,,,,,,,,,,,,,,,,,,,5000.0,34.06333333
d059141e-4bd5-421e-83df-04388cfa3baf,U//PR-EXO-SV,2025-10-07 20:55:22.781266,29233,29233,29233,False,41671.29352669511,1817.7760741619,-3408.72532159895,-0.095856679914269,3.028703300587634,0.6063273024752031,"[3.8403552349e-05, 9.567682963799999e-06, 0.00050038727543, 1.9467557937e-05, 5.399116743e-05, 0.00023341555929, 4.8937872823e-10, -8.847064704000001e-09, -1.9198282901e-09, 1.1335240772e-12, -2.6525592769e-09, -2.5076675902e-09, -4.4675707158e-11, 2.1405971893e-14, 2.2958633569e-13, -5.9919451066e-10, 8.3197444577e-10, -1.1415432449e-09, -1.2238976675e-14, -1.1051309702e-13, 7.2468912503e-13]",0.02778860174728121,1.444921983333356e-06,0.0105,EXO,REAL,2025-10-07T21:45:29.042Z,system.exo,OPS1,,,,0.0,,,,,,,,,,,,,,,,,,,,,,,,,,,,,,,,,2440.0,23.68368162
b33888be-c383-4304-9661-cfcb0afd1111,U//PR-EXO-SV,2025-10-07 20:55:22.781266,41384,41384,41384,False,41962.69691272117,2071.13383617085,-3506.21332003106,-0.149090083517598,3.071138968601833,-0.044508270440314,"[1.4359516788e-05, -3.3946028521e-05, 0.0005294361865900001, 2.7016151513e-05, -1.6820655441e-06, 0.00032274826557, 2.8940277205e-11, -2.5288481946e-09, 1.6246800573e-11, 2.8656255035e-13, -7.472536100900001e-10, 3.900512937e-10, 1.5724606589e-12, 2.4692200836e-14, 5.389158132500001e-14, -4.2967144219e-11, 3.0733498786e-10, -1.5625263137e-10, -7.4835495868e-15, 2.5718706419e-15, 1.4986277925e-13]",0.02943711889686217,7.002263283574818e-07,0.0163,EXO,REAL,2025-10-07T21:21:27.984Z,system.exo,OPS1,,,,0.0,,,,,,,,,,,,,,,,,,,,,,,,,,,,,,,,,1425.0,6.961333333
b204b891-00e0-498a-bd69-770869633fdd,U//PR-EXO-SV,2025-10-07 20:55:16.745652,28417,28417,28417,False,41136.33280793488,-8202.498026051251,-6638.73966694181,0.647413393414752,2.97555299592915,0.329773450588464,"[7.015799281300001e-05, 0.00020741068996, 0.0009681463648699999, 8.6947942122e-05, 3.8590849083e-05, 0.0004916590797299999, -1.7975968153e-09, -4.240299865e-09, -5.7212414058e-10, 4.8713722161e-13, -6.7606065234e-10, 2.2624802861e-10, 2.5815999612e-10, -3.9976253096e-14, 6.6027253439e-14, 1.1576817455e-11, 8.940307957199999e-10, -1.1573811963e-09, -2.7864066671e-14, -2.3489140171e-14, 2.5222250515e-13]",0.03911474705802148,8.974335519686123e-07,0.0123,EXO,REAL,2025-10-07T21:24:27.782Z,system.exo,OPS1,,,,0.0,,,,,,,,,,,,,,,,,,,,,,,,,,,,,,,,,1950.0,9.127533333
deb41554-b9c4-4196-acc4-ad31567d9daa,U//PR-EXO-SV,2025-10-07 20:54:46.752976,21132,21132,21132,False,41974.26370113275,-2478.51320513484,3067.86377357452,0.127123299804207,2.995201015119739,0.682629600304252,"[9.8639509336e-06, 2.6655778826e-05, 0.00042936774833, -5.1179884266e-05, -5.2711872077e-05, 0.0006580953773, 1.0491361118e-10, -1.5441415278e-09, -3.5174285969e-10, 2.0170081957e-13, -3.2435819918e-10, 2.729643835e-10, -4.9347378939e-11, -2.2713650209e-14, 3.0628476522e-14, -8.468646077900001e-11, -9.933183856799999e-11, 2.6621260421e-10, 8.0500323021e-15, -1.7755065209e-14, 9.593410353e-14]",0.03312592755778471,5.729427542276802e-07,0.0119,EXO,REAL,2025-10-07T21:42:27.774Z,system.exo,OPS1,,,,0.0,,,,,,,,,,,,,,,,,,,,,,,,,,,,,,,,,1947.47,16.97517964
71b6c25e-30b6-428e-b9bf-c5a2463e2f99,U//PR-EXO-SV,2025-10-07 20:54:43.209886,40940,40940,40940,False,-14652.16486594916,39538.08813094494,13.31209269724,-2.882745024445618,-1.068937218944899,0.006528068309138,"[0.0004136969972, 0.00031648910772, 0.0010890157477, 6.1032581552e-06, 1.0465882674e-06, 0.00019222285089, 1.4152368695e-09, 5.634247448200001e-10, 3.1576086042e-10, 1.4280466192e-13, 2.0633506703e-08, 1.0268990592e-07, -7.6447555543e-11, -3.8417063985e-14, 1.008798328e-11, -3.5650924688e-10, -2.3217029615e-09, -1.3914571592e-10, 1.051523624e-14, -2.3208330071e-13, 2.4999583881e-13]",0.04116959552618898,3.23740386432246e-06,0.0365,EXO,REAL,2025-10-07T21:45:29.049Z,system.exo,OPS1,,,,0.0,,,,,,,,,,,,,,,,,,,,,,,,,,,,,,,,,6440.0,48.49266667
e0066b53-c7c5-4cff-a568-f266d6b7ba11,U//PR-EXO-SV,2025-10-07 20:54:43.209886,43683,43683,43683,False,-14527.73271019273,39568.28099140027,239.98405675183,-2.88262317520843,-1.059579229510337,0.163727976908916,"[0.00030142167277, 0.00013221195639, 7.8364989443e-05, -8.9835813097e-06, -4.004388555900001e-06, 0.00013293717117, 1.5946635177e-10, 7.4508182998e-10, 3.7285007691e-11, 3.4325366053e-14, 3.776899682e-09, 3.8659129093e-09, -6.789851038900001e-11, 4.4962741734e-14, 3.6566679919e-13, -9.9414592295e-11, -1.155425228e-10, 6.7837667062e-11, 9.6697631914e-16, -8.7901656662e-15, 6.1574093328e-14]",0.02264340595809297,6.793866782407497e-07,0.0206,EXO,REAL,2025-10-07T21:57:28.250Z,system.exo,OPS1,,,,0.0,,,,,,,,,,,,,,,,,,,,,,,,,,,,,,,,,3060.0,13.99773333
894e3c7d-de72-419f-bc11-131a51c989fa,U//PR-EXO-SV,2025-10-07 20:54:43.209886,40267,40267,40267,False,-14940.32307712282,39431.16434539115,8.58864899496,-2.87488446001268,-1.089663174830653,0.007912611505182,"[0.0005144239755300001, 0.00022103795201, 0.00012080543339, 1.1665999314e-06, 2.4220106323e-06, 0.00025016676287, 1.7989436605e-10, 8.6835834907e-10, 6.3429408769e-11, 3.8625122114e-14, 4.494738096499999e-09, 4.8145769564e-09, 2.247057841e-10, 5.3670704534e-14, 4.5269351791e-13, -5.1251435364e-11, -3.4604564756e-11, 5.2321055464e-11, 2.3265199848e-16, -3.0606090816e-15, 6.3631432199e-14]",0.02975560740079086,7.449497112040517e-07,0.0192,EXO,REAL,2025-10-07T21:24:27.789Z,system.exo,OPS1,,,,0.0,,,,,,,,,,,,,,,,,,,,,,,,,,,,,,,,,3500.0,63.55066667
6555eea1-8905-4695-a3e6-bec7812827e9,U//PR-EXO-SV,2025-10-07 20:54:22.363972,36097,36097,36097,False,10958.76652866609,-40711.83779337134,-12.20562711344,2.969413049698208,0.798398870548022,-0.007069079981559,"[0.0015444278484, 0.001047173642, 0.027009914615, 7.437920468e-05, 0.0016749084334, 0.0078022699622, 5.5530677335e-08, -1.8240676038e-08, 7.911569919399999e-10, 1.4078684156e-11, 6.1082476191e-08, 2.8246449121e-06, 1.735501692e-07, -1.088240021e-11, 3.0375389801e-10, -7.7021602504e-10, -3.1209559768e-09, 3.1419552629e-08, -8.049552563899999e-14, -2.3598790396e-13, 1.1196303867e-11]",0.1906741000387835,1.813915339901507e-05,0.0446,EXO,REAL,2025-10-07T22:00:26.313Z,system.exo,OPS1,,,,0.0,,,,,,,,,,,,,,,,,,,,,,,,,,,,,,,,,5663.0,48.9598
45dea8dc-73ca-4457-a6d7-73c0e4cdea66,U//PR-EXO-SV,2025-10-07 20:54:19.107341,13900,13900,13900,False,15403.75372409571,38934.99053715324,1861.11630299753,-2.854945077955524,1.139858885358541,-0.223520823372032,"[0.00063080868983, -0.00020917046506, 9.6944672178e-05, 3.1453635248e-05, -1.8999030296e-05, 0.00026207017658, 6.028941698e-09, 4.982963840700001e-10, 7.685395854e-10, 3.3205257032e-13, 7.5360386856e-09, -1.2059247629e-09, 7.6207114687e-10, 2.9800550045e-13, 4.2050394789e-13, 5.401147913200001e-10, 9.9138184683e-11, -3.3604098744e-10, 1.789559096e-14, 2.3066770877e-14, 1.6762369739e-13]",0.0314614611642244,9.592602439380045e-07,0.0102,EXO,REAL,2025-10-07T21:36:28.249Z,system.exo,OPS1,,,,0.0,,,,,,,,,,,,,,,,,,,,,,,,,,,,,,,,,2120.91,23.59650242
ba18aebe-3de5-41de-b7bb-7bdcd930ff54,U//PR-EXO-SV,2025-10-07 20:54:19.107341,32404,32404,32404,False,15538.23976671444,39142.43967186546,2215.25768824753,-2.852525950234051,1.117492266018036,0.254378224792656,"[0.001054830764, -9.3514824218e-05, 0.00011365279828, -2.7300560504e-05, -2.2337690247e-06, 0.00028249270917, 3.5469216531e-08, 6.240877458e-09, 1.0149568825e-10, 2.0984673316e-12, 3.0747712936e-08, 1.6589046312e-09, -7.5038061132e-10, 1.585704463e-12, 1.5090868789e-12, 1.5878536167e-10, -3.1224520886e-10, 1.9036708137e-09, 1.7444551419e-14, -1.6590476296e-14, 3.8917341611e-13]",0.03809168244446549,1.999181739264842e-06,0.0338,EXO,REAL,2025-10-07T21:42:27.792Z,system.exo,OPS1,,,,0.0,,,,,,,,,,,,,,,,,,,,,,,,,,,,,,,,,3200.0,458.1486667
02ffe7b4-1931-48c4-b99d-b5890293aaf7,U//PR-EXO-SV,2025-10-07 20:54:17.773814,41725,41725,41725,False,13528.67525059927,39911.25412205321,1238.72541724366,-2.909761336947133,0.981108485446294,0.161290119057133,"[0.0042883484309, 0.002960530528, 0.0034382256321, 6.5823527199e-05, 5.408916505e-05, 0.0007768127439, 2.9500603847e-07, 2.8052068224e-07, 6.2472719485e-09, 2.4785939532e-11, 3.6414667389e-07, 3.4952997706e-07, 7.424284646799999e-09, 3.0485502092e-11, 3.8377673502e-11, -2.3002872723e-09, -1.7383001134e-09, -3.8036920075e-09, -1.5192176892e-13, -2.3673375339e-13, 4.4588356367e-13]",0.09221381028295057,7.975556193624994e-06,0.0376,EXO,REAL,2025-10-07T21:39:36.554Z,system.exo,OPS1,,,,0.0,,,,,,,,,,,,,,,,,,,,,,,,,,,,,,,,,5200.0,34.06333333
6c2b27d3-a2c9-4695-9674-f5fa3cedcb40,U//PR-EXO-SV,2025-10-07 20:54:17.773814,33539,33539,33539,False,9026.10048792399,27964.11818587187,19.00876532468,-2.951355969943769,-1.498956212529077,0.32274817197299,"[0.0014492863905, 0.0005015950255, 0.0010817191059, -9.0798318681e-05, -2.8792158504e-06, 0.00037684608001, 7.18742101e-08, 1.0152560561e-07, -1.5259869328e-09, 1.0682064099e-11, 1.3545450224e-07, 1.5775015869e-07, -5.491327469e-09, 1.4971092771e-11, 2.8144966999e-11, -6.5281487717e-09, -1.3207945236e-08, 2.4268861129e-09, -1.2326993524e-12, -1.6855269191e-12, 1.8241511264e-12]",0.05392449885172787,6.375827963833403e-06,0.0,EXO,REAL,2025-10-07T22:30:27.510Z,system.exo,OPS1,,,,0.0,,,,,,,,,,,,,,,,,,,,,,,,,,,,,,,,,0.0,0.0
24e4c1cb-7007-4a7a-aa6e-65f1e784fa6d,U//PR-EXO-SV,2025-10-07 20:53:50.199994,37606,37606,37606,False,22415.60228374139,35722.98684418142,-69.74807628998,-2.603845273397015,1.633952563692857,0.005300037437914,"[0.0006063613423499999, -0.00016210648431, 0.00014677848877, 1.5433503485e-05, 3.5833041711e-06, 0.00016879641908, 2.3387419666e-08, 2.9563568855e-09, 1.2530189056e-09, 1.7860453674e-12, 1.1991530307e-08, -5.955618661699999e-10, 4.9027955182e-10, 8.005347361400001e-13, 4.7710739535e-13, 1.3149629486e-10, 1.8766151665e-10, 5.3875255964e-10, 2.1888151113e-14, 2.9293466937e-15, 1.5208544737e-13]",0.03036340313930571,1.55410366775193e-06,0.0412,EXO,REAL,2025-10-07T21:39:36.542Z,system.exo,OPS1,,,,0.0,,,,,,,,,,,,,,,,,,,,,,,,,,,,,,,,,5090.0,59.0636
b76d31d1-5716-4e5c-ab82-1189e0af6465,U//PR-EXO-SV,2025-10-07 20:53:50.199994,39017,39017,39017,False,22750.86335714178,35512.25473004738,-75.26126300451,-2.58847362954906,1.65796942453377,0.005644137130553,"[0.00063360233177, -0.00021793890268, 0.0001634177073, 1.3064600282e-05, 2.1789726073e-06, 0.00020202621448, 2.0882761413e-08, 7.7755287655e-10, 9.9236814847e-10, 1.4769700946e-12, 1.1316682438e-08, -1.5636850792e-09, 3.9533926025e-10, 6.989501339099999e-13, 4.5102753601e-13, -2.6892004121e-11, 1.4736162726e-10, 4.0371350886e-10, 8.1347748818e-15, -2.7275436356e-15, 1.6230303781e-13]",0.03160769294886927,1.445787214087882e-06,0.0317,EXO,REAL,2025-10-07T21:33:27.096Z,system.exo,OPS1,,,,0.0,,,,,,,,,,,,,,,,,,,,,,,,,,,,,,,,,5054.0,34.18373333
ded4eda7-d9bd-4337-805b-2fae52cb3787,U//PR-EXO-SV,2025-10-07 20:53:44.286689,38070,38070,38070,False,22174.79296830032,35866.80802934972,-68.78205950249999,-2.614877894677341,1.617024038214785,0.005419675572371,"[0.011699063262, 0.008877936619300001, 0.010278363031, 1.2677860339e-05, -0.00010119159408, 0.00073394393142, 1.0215987383e-06, 9.191844863400001e-07, -1.7629065318e-09, 9.6000058466e-11, 1.074396068e-06, 1.0473138578e-06, -7.7923887558e-09, 1.0279517265e-10, 1.1504005461e-10, -3.6253369124e-08, -3.8098082839e-08, 9.4373849498e-11, -3.5034444336e-12, -4.152601619199999e-12, 6.936552247e-13]",0.1507029204243236,1.455107447237832e-05,0.0,EXO,REAL,2025-10-07T22:06:27.400Z,system.exo,OPS1,,,,0.0,,,,,,,,,,,,,,,,,,,,,,,,,,,,,,,,,5768.0,52.96233333
b4ae1ce8-bb1f-4c6e-b0bb-cb5ab36d1098,U//PR-EXO-SV,2025-10-07 20:53:39.525017,26613,26613,26613,False,9632.509271003131,-44270.97418478155,-218.53232754712,1.427377565404584,0.627332027651302,-0.172930655013263,"[0.0018607804509, 0.00036046238999, 0.00012123874061, -0.00015840494853, -4.1388260988e-05, 0.0004857777426, -1.0580182362e-08, 7.6871885386e-09, -1.3460786771e-09, 2.1441889e-12, 9.8281127405e-09, -4.559070985e-09, 4.6362382996e-10, -1.766571406e-12, 1.8778594564e-12, -6.2499483292e-10, 9.0332250253e-10, -4.6880096639e-09, 3.0286028498e-13, -2.419385459e-13, 5.1476113818e-13]",0.04967692557022827,2.129978754490288e-06,0.0101,EXO,REAL,2025-10-07T22:00:26.303Z,system.exo,OPS1,,,,0.0,,,,,,,,,,,,,,,,,,,,,,,,,,,,,,,,,440.0,13.5043
10ce34ae-21fe-4765-9515-16cf0bcdde55,U//PR-EXO-SV,2025-10-07 20:53:39.525017,43175,43175,43175,False,9017.402120896591,-41189.36267376833,-13.05106365286,3.003505090763687,0.657216760605469,-0.007388748685446,"[0.0023256844717, 0.0026404363656, 0.025590554472, 0.00017529357008, 0.001646205218, 0.0069603966908, 9.5552539549e-08, -3.7577819392e-08, -2.6264491386e-09, 2.1600800185e-11, 2.2503938144e-07, 2.7046714617e-06, 1.6914606542e-07, -7.2199667784e-12, 3.072929808e-10, 3.3484736862e-10, 2.9869020664e-08, 1.1772044292e-07, -1.5067721888e-13, 3.9545436065e-12, 2.8098187102e-11]",0.186752873162637,1.889423107953854e-05,0.0,EXO,REAL,2025-10-07T21:51:29.826Z,system.exo,OPS1,,,,0.0,,,,,,,,,,,,,,,,,,,,,,,,,,,,,,,,,4423.0,49.877
e9b36834-bcb8-4ea5-9b3b-9ffe572c7612,U//PR-EXO-SV,2025-10-07 20:53:37.465724,46916,46916,46916,False,-3481.18280832765,42029.68290230519,433.60813047496,-3.0629157830225,-0.253199888987199,-0.051188291954722,"[0.0011886562493, 0.00017573576785, 9.914467410400001e-05, 1.8366730874e-05, 4.6194419924e-06, 0.00056173263743, 4.5951416004e-09, 5.5022369343e-09, 5.8619878624e-10, 3.4046908214e-13, 1.1392467692e-08, 8.1880157602e-09, 8.8174773529e-10, 4.4302255359e-13, 9.3100794877e-13, 1.1852522727e-10, 2.3905467411e-10, -4.8433783707e-10, 1.2081036604e-14, 1.4283610871e-14, 1.9245078116e-13]",0.04300620374822683,1.209928845870698e-06,0.032,EXO,REAL,2025-10-07T22:30:27.522Z,system.exo,OPS1,,,,0.0,,,,,,,,,,,,,,,,,,,,,,,,,,,,,,,,,5200.0,34.06333333
42196d07-99b5-4f4d-82c3-c7f9535ecfd0,U//PR-EXO-SV,2025-10-07 20:53:37.465724,55180,55180,55180,False,-3296.73723028169,42299.79245966256,509.07254479757,-3.050651682922478,-0.239491325497298,0.167779059819281,"[0.0006466188070099999, 9.358597566900001e-05, 5.6253058407e-05, -1.1555887422e-05, -3.8636323993e-06, 0.00036792140952, 2.638381883e-09, 3.1535020233e-09, 1.1333378564e-10, 1.9219048399e-13, 5.5858613878e-09, 4.7017256231e-09, 4.739215217e-11, 2.6611922391e-13, 5.0191498105e-13, -9.192082936500001e-11, -9.2526333188e-11, 1.797148908e-10, 5.3465726545e-16, -8.475625594399999e-15, 1.0718907479e-13]",0.03272297778224042,8.95150568245365e-07,0.0151,EXO,REAL,2025-10-07T22:09:28.341Z,system.exo,OPS1,,,,0.0,,,,,,,,,,,,,,,,,,,,,,,,,,,,,,,,,200.0,1.5
b017727e-3f8c-441f-81f2-977b0d8c13b4,U//PR-EXO-SV,2025-10-07 20:53:37.465724,50322,50322,50322,False,-3482.79349991852,42074.90846840935,439.12918446644,-3.057079637363392,-0.255117174002065,0.165387640531948,"[0.00044462552725, 6.7485002007e-05, 3.7095722076e-05, -3.6921154028e-06, -3.0308153163e-06, 0.00032845542972, 1.8332688164e-09, 2.0306351123e-09, 6.1024897962e-11, 1.2329632284e-13, 4.4314285578e-09, 3.14108922e-09, -1.8384969192e-11, 1.7005324654e-13, 3.6049465198e-13, -8.471104621700001e-11, -7.5784662209e-11, 1.1718931477e-10, -1.1683854927e-15, -7.2074865877e-15, 5.854520752e-14]",0.02846360270672003,7.364347780625247e-07,0.017,EXO,REAL,2025-10-07T21:24:27.797Z,system.exo,OPS1,,,,0.0,,,,,,,,,,,,,,,,,,,,,,,,,,,,,,,,,3000.0,24.336
f6d959c5-4bc1-4f79-8843-84c42a53b2ee,U//PR-EXO-SV,2025-10-07 20:53:33.201655,43920,43920,43920,False,-7172.15582412807,41562.84919560977,17.68235297902,-3.028889299689297,-0.52305259432629,0.008362507501317,"[0.00032689496278, 7.462800610799999e-05, 2.7391326446e-05, 8.2918421563e-07, 9.0280491182e-07, 0.00013278146911, 7.069702922999999e-10, 6.9365972723e-10, 4.1913857859e-11, 3.1221971927e-14, 3.4910214396e-09, 2.078084512e-09, 1.0063579359e-10, 6.1081589518e-14, 2.6133351011e-13, -4.5664640334e-11, -1.97101479e-11, -5.6061543898e-11, -2.9527125667e-16, -2.7562903157e-15, 3.0873743091e-14]",0.02206961164896202,5.68708383205312e-07,0.0232,EXO,REAL,2025-10-07T21:51:29.828Z,system.exo,OPS1,,,,0.0,,,,,,,,,,,,,,,,,,,,,,,,,,,,,,,,,5000.0,34.06333333
47de8741-9766-4592-a5af-e7761ab0895c,U//PR-EXO-SV,2025-10-07 20:53:33.201655,49505,49505,49505,False,-7295.56506104278,41543.22915255688,18.30545722854,-3.027262023990425,-0.5316652873389309,0.007602699133227001,"[0.00025154859094, 6.2227717051e-05, 2.5672471906e-05, 9.8205184134e-07, 9.6994064808e-07, 0.00010068215272, 7.037071856800001e-10, 7.096324628e-10, 4.3590681425e-11, 3.2275526862e-14, 3.3913173555e-09, 2.0544131695e-09, 1.0094872931e-10, 6.033745794200001e-14, 2.5467538249e-13, -4.5053884152e-11, -2.0651795417e-11, -2.3088500024e-11, -3.6845909593e-16, -2.6889896621e-15, 3.4031976032e-14]",0.01943973290881333,5.66553515022191e-07,0.0236,EXO,REAL,2025-10-07T21:51:29.835Z,system.exo,OPS1,,,,0.0,,,,,,,,,,,,,,,,,,,,,,,,,,,,,,,,,5250.0,34.06333333
c06fd0eb-40cb-492e-9e52-72b349f5734b,U//PR-EXO-SV,2025-10-07 20:53:30.024847,47306,47306,47306,False,42159.72562802407,527.87117451084,-113.39193630998,-0.038549687310813,3.07459070409346,-0.001123400771147,"[0.017468083104, -0.0015725284694, 0.00084654949833, 0.0012245417869, -0.00011309454844, 0.0011230839406, 2.0648218712e-06, -1.8770583456e-07, 1.4608843837e-07, 2.6818013127e-10, -8.6600849225e-08, 6.1742592876e-08, -8.0578121893e-09, -2.208011118e-11, 2.1780581133e-11, 6.7701879142e-08, -6.6250610019e-09, 6.8729109327e-08, 1.0939891277e-11, -2.4936993708e-12, 1.6513446922e-11]",0.139419211527429,1.750640338062048e-05,0.035,EXO,REAL,2025-10-07T21:51:29.833Z,system.exo,OPS1,,,,0.0,,,,,,,,,,,,,,,,,,,,,,,,,,,,,,,,,3500.0,42.91933333
bf0e83ae-3568-4abb-8ec7-d8ebe98e89a2,U//DS-USNO-SV,2025-10-07 20:53:18.084000,20083,20083,,False,-10570.71573853,40488.9745591,7620.19907578,-2.954814211134,-0.695736915158,-0.415159050107,,0.0,0.0008,0.00792328,USNO,REAL,2025-10-09T13:11:23.820Z,system.usno-snrf,OPS1,TEME,TEME,"[1.04206e-13, 5.04682e-13, 1.01156e-11, -3.75806e-14, -3.7874e-13, 2.48696e-14, 4.87318e-14, 7.22225e-13, -2.47606e-14, 6.57515e-14, 8.2422e-12, 4.13418e-10, -2.15007e-11, -1.90903e-11, 5.78664e-07, 6.14445e-16, 3.93411e-14, -4.83622e-15, -7.92469e-15, 1.0359e-10, 1.94883e-14]",0.0,99999.0,"EGM-96  8Z, 8T",NONE,True,True,True,False,0.0,0.0,0.0,0.0,0.0,0.0,10.0,37.0,0.09067,-0.419,0.2217,0.3381,4.0,2049-12-31T23:59:59.999Z,ASW,FAST NUM,AUTO,False,AUTO,0.0,1e-14,"[0.0, 0.0, 0.0]","[0.0, 0.0008, 0.0]",1.0,ARGOS,2500.0,18.27809693
071cce67-cb45-44d5-bbd5-2382140e0434,U//PR-EXO-SV,2025-10-07 20:53:17.351731,53765,53765,53765,False,37385.19251194242,-19521.27982764143,-106.20757561438,1.423031565823499,2.72470351178722,-0.006186304582441,"[0.00013418309353, 0.00011876372769, 0.00060544665182, 4.2588962878e-06, -1.3317033718e-05, 0.00025624993872, -1.1930649489e-08, -6.5237909227e-09, -3.8422815335e-10, 2.0609555566e-12, 4.916659104099999e-10, 1.646794416e-08, -5.3663872935e-10, -3.580560684e-13, 7.208487906799999e-13, -6.648706585e-11, 4.9020636813e-10, 3.2476882228e-09, 3.5342893753e-14, 8.445913368999999e-15, 1.0094826859e-12]",0.03155756144048523,1.947122757604153e-06,0.024,EXO,REAL,2025-10-07T21:51:29.836Z,system.exo,OPS1,,,,0.0,,,,,,,,,,,,,,,,,,,,,,,,,,,,,,,,,6500.0,75.81533333
c2277744-561c-4482-b72f-f2e6cc52b746,U//PR-EXO-SV,2025-10-07 20:53:17.351731,39773,39773,39773,False,37535.63038058504,-19239.89124795569,-99.48653955164,1.402677962302469,2.734866685096069,-0.001548189405823,"[0.0058035175518, -0.0049122536516, 0.006674673028299999, 0.00031927236829, -0.00032352067882, 0.0018013669826, 4.2861317224e-07, -4.2598276543e-07, 2.4097367652e-08, 4.1942131753e-11, -5.689835747799999e-07, 5.886524453000001e-07, -3.3250671115e-08, -4.5029146026e-11, 6.1023793178e-11, -2.0711641829e-09, 2.9143861873e-09, 3.159665917800001e-08, -8.9820876954e-14, 2.5649021371e-13, 1.7713523669e-11]",0.1194971027376815,1.098541981901466e-05,0.0286,EXO,REAL,2025-10-07T21:57:28.245Z,system.exo,OPS1,,,,0.0,,,,,,,,,,,,,,,,,,,,,,,,,,,,,,,,,5967.0,46.08493333
c51daeda-59b9-4302-98f3-c0a9ef0b1562,U//PR-EXO-SV,2025-10-07 20:53:14.146599,37238,37238,37238,False,34237.22362757766,24629.83356165864,-86.86719205701,-1.795024170679157,2.495332875287278,0.002146317814942,"[0.00039977521811, -0.00035786110463, 0.00058555788951, 6.8377676255e-06, 7.556813464700001e-06, 0.00035954742697, 2.8621695137e-08, -2.1792382683e-08, 5.8010816567e-10, 2.3566453395e-12, 1.1694294513e-08, -2.22610982e-08, -4.1891324e-10, 8.698588447500001e-13, 1.033272961e-12, -5.188903078e-10, 1.3813879566e-09, -4.301551367699999e-09, -2.4687790684e-14, -5.8205496833e-14, 8.2836517027e-13]",0.03667261286832451,2.053846019245357e-06,0.0442,EXO,REAL,2025-10-07T21:36:28.268Z,system.exo,OPS1,,,,0.0,,,,,,,,,,,,,,,,,,,,,,,,,,,,,,,,,5540.0,48.60873333
8d2efbc9-e959-4a2a-a5d3-b5ad06f7a3ea,U//PR-EXO-SV,2025-10-07 20:52:51.186675,19596,19596,19596,False,-8925.30348077542,40672.86653224108,6618.000500738071,-2.990420442419788,-0.5928914416674059,-0.401899663474307,"[0.0014241091348, 0.00044329245981, 0.00023045690062, 0.00016693059783, -3.0739151404e-05, 0.0007064167784500001, 4.81095656e-09, 4.9903963604e-09, 1.8884341158e-09, 2.0186444743e-13, 2.9288896448e-08, 1.8756144621e-08, 7.7476944061e-09, 4.7107381796e-13, 2.2828687005e-12, 5.5627358015e-09, 4.0434006972e-09, 5.0137387891e-11, 8.954817934799999e-14, 4.0912374987e-13, 2.4844041569e-13]",0.04858994560472361,1.653231249287286e-06,0.0132,EXO,REAL,2025-10-07T21:48:29.925Z,system.exo,OPS1,,,,0.0,,,,,,,,,,,,,,,,,,,,,,,,,,,,,,,,,1947.47,16.97517964
db81b031-8fd8-404d-a8f2-092e5f8c196b,U//PR-EXO-SV,2025-10-07 20:52:49.156350,41911,41911,41911,False,34072.8033892762,24848.18448616197,-191.87941206219,-1.811079412277744,2.484141403471384,0.008479568040150999,"[0.00098806661133, -0.00062659178039, 0.00085630366882, 2.778382811e-05, 8.2453055582e-06, 0.00054934495857, 6.9771735757e-08, -3.4137653955e-08, 2.1655043841e-09, 5.724969114699999e-12, 1.3804756135e-08, -2.7242888593e-08, -7.034325302300001e-10, 1.0349474453e-12, 1.3240678748e-12, -5.771005072600001e-10, 1.7319075503e-09, -1.5180858337e-09, -1.7339202705e-14, -7.363468488399999e-14, 1.2323625508e-12]",0.04892560923197584,2.877742090650237e-06,0.006599999999999999,EXO,REAL,2025-10-07T21:39:36.556Z,system.exo,OPS1,,,,0.0,,,,,,,,,,,,,,,,,,,,,,,,,,,,,,,,,4000.0,34.06333333
5f4beab3-947d-4b28-b292-78930d2a889b,U//PR-EXO-SV,2025-10-07 20:52:46.223516,60179,60179,60179,False,13598.24992033585,39916.822814126,-42.75312209789,-2.910091702787277,0.991306533290533,0.007250912481288,"[0.001166148681, -0.00020448998223, 0.00016288506087, 1.4475438486e-05, 8.2917407974e-06, 0.00042479801287, 2.0245759919e-08, 8.0693681698e-09, 1.1923675726e-09, 1.4482043624e-12, 1.9471780104e-08, 3.4403699072e-09, 7.6849685e-10, 1.0513062358e-12, 1.0137375327e-12, -1.2209656864e-10, 2.4091282061e-10, -6.1929860422e-10, 1.467998511e-14, -4.3775616433e-15, 2.1599197508e-13]",0.04187877451334983,1.63643938787234e-06,0.0,EXO,REAL,2025-10-07T21:42:27.816Z,system.exo,OPS1,,,,0.0,,,,,,,,,,,,,,,,,,,,,,,,,,,,,,,,,5000.0,34.06333333
6e3094cc-ebe3-4088-ab96-0d22080ea174,U//PR-EXO-SV,2025-10-07 20:52:46.223516,35696,35696,35696,False,14356.22042367821,39650.70001091397,-45.5659527641,-2.890775249348614,1.046356760093624,0.004787952640398,"[0.00063270447088, -0.00010028931844, 9.1808460117e-05, 1.0029770045e-05, 4.8442494534e-06, 0.0002309728745, 1.3474577577e-08, 4.7883579833e-09, 7.7527585925e-10, 9.4238558796e-13, 1.1434582875e-08, 1.9894459195e-09, 4.8500921246e-10, 6.5925953392e-13, 5.9688194927e-13, 2.663505799e-11, 1.2267876498e-10, 3.8165115623e-10, 1.0899000336e-14, 2.6654928896e-15, 1.5328741698e-13]",0.03091093342972677,1.300982303572958e-06,0.032,EXO,REAL,2025-10-07T21:27:27.473Z,system.exo,OPS1,,,,0.0,,,,,,,,,,,,,,,,,,,,,,,,,,,,,,,,,3760.0,40.76493333
e16fca47-7f98-4bdc-b628-2b01f00c4c2a,U//PR-EXO-SV,2025-10-07 20:52:46.223516,29648,29648,29648,False,14206.44889780665,39878.92775074611,-498.07089777338,-2.881270003507433,1.02920697995655,0.221522355898846,"[0.00040585716483, -0.00011292054193, 5.4730992278e-05, -1.053578462e-05, 6.5767705289e-06, 0.00025015518611, 3.8977344575e-09, 9.8847525255e-10, -9.9168873045e-11, 2.4205685922e-13, 4.5531187792e-09, -1.7316518861e-10, -2.2985128301e-10, 1.9692691351e-13, 2.6254335668e-13, -2.3824137569e-10, -4.3556539897e-11, 4.3474847811e-11, -6.5738107806e-15, -1.2640364122e-14, 9.4703450512e-14]",0.02665977012687844,7.741470573553838e-07,0.0265,EXO,REAL,2025-10-07T22:51:25.889Z,system.exo,OPS1,,,,0.0,,,,,,,,,,,,,,,,,,,,,,,,,,,,,,,,,4765.0,57.93026667
0aa1aa41-ba7a-4cd4-be1d-fd454314a7f6,U//PR-EXO-SV,2025-10-07 20:52:46.223516,49125,49125,49125,False,13737.74042483061,39875.5856450675,-43.99237651659,-2.906449011556993,1.000635170997495,0.004291693501988,"[0.0027452075746, 0.0022106820176, 0.0028951010356, 4.8631426809e-05, 4.1806540158e-05, 0.00043765328526, 1.9882163886e-07, 2.1916231062e-07, 4.0090654282e-09, 1.7734318376e-11, 2.5756079997e-07, 2.9002959135e-07, 4.4497081221e-09, 2.2994945039e-11, 3.0657566826e-11, -6.539761271400001e-09, -7.5765845553e-09, -2.0122077703e-09, -5.7980896838e-13, -8.106666824e-13, 3.1435344139e-13]",0.0779612845934442,6.978985502448761e-06,0.0172,EXO,REAL,2025-10-07T21:48:29.971Z,system.exo,OPS1,,,,0.0,,,,,,,,,,,,,,,,,,,,,,,,,,,,,,,,,5250.0,34.06333333
53e41c3c-aae0-4994-b1dd-983ef4bb1df3,U//PR-EXO-SV,2025-10-07 20:52:39.081329,11940,11940,11940,False,13379.48240416581,40251.29253663301,-136.57679443999,-2.903574938043849,0.974035341635931,-0.080835878685158,"[0.00037466194816, -0.00011122013836, 4.7820208079e-05, 7.1430415927e-06, -4.7047536672e-07, 0.00017142569183, 1.8216479342e-09, 7.148546241200001e-10, 1.2854668533e-10, 1.2938434818e-13, 2.5973388941e-09, -2.1906156248e-10, 1.146690184e-10, 1.0179382858e-13, 1.6705501356e-13, 3.4288259095e-12, 5.3920966511e-11, 1.9120987323e-10, 2.4776208815e-15, 1.680679981e-15, 7.310723194e-14]",0.02437022462081546,6.079034410825456e-07,0.006599999999999999,EXO,REAL,2025-10-07T23:39:26.917Z,system.exo,OPS1,,,,0.0,,,,,,,,,,,,,,,,,,,,,,,,,,,,,,,,,1950.0,14.97361599
afc508b1-40a5-4895-89c1-16105e219ffa,U//PR-EXO-SV,2025-10-07 20:52:03.453721,42984,42984,42984,False,5450.25147430114,41817.19957355941,-23.47251824004,-3.048438883699686,0.397066755374752,0.005296895558747,"[0.0011124926285, 0.0009522924319500001, 0.0021347467339, 2.7151382104e-05, 4.376101443799999e-05, 0.00032159669687, 5.6989743525e-08, 1.0833276295e-07, 2.5913543508e-09, 5.756579413200001e-12, 1.0413220495e-07, 1.9929750576e-07, 4.0173791729e-09, 1.0236937546e-11, 1.9341485413e-11, -2.1445081369e-09, -4.134449092800001e-09, -2.0678477089e-09, -2.001851396e-13, -4.1196032677e-13, 4.8217946173e-13]",0.05973973601607225,5.057691596759336e-06,0.032,EXO,REAL,2025-10-07T21:48:29.963Z,system.exo,OPS1,,,,0.0,,,,,,,,,,,,,,,,,,,,,,,,,,,,,,,,,3700.0,39.42333333
9af0549d-044b-47ed-92d9-cb767db08447,U//PR-EXO-SV,2025-10-07 20:52:03.453721,31800,31800,31800,False,5263.84173825452,41851.06802110153,-60.64185318562,-3.047903312971517,0.38268662854229,0.099968580905374,"[0.00046409747365, -2.2862425701e-05, 2.8696829989e-05, -5.4302869825e-06, 2.2465332515e-06, 0.00021477317968, 3.1824053971e-09, 2.0989205027e-09, 9.5318995708e-11, 2.0803162306e-13, 5.078858935300001e-09, 1.6995257065e-09, 1.7104195083e-11, 2.0865383172e-13, 3.2874643957e-13, -1.2290701434e-10, -3.7197514076e-11, 1.3394996076e-11, -1.4826696849e-15, -6.886396838e-15, 9.7386504786e-14]",0.02660014066351906,7.963445029734305e-07,0.0483,EXO,REAL,2025-10-07T21:54:30.477Z,system.exo,OPS1,,,,0.0,,,,,,,,,,,,,,,,,,,,,,,,,,,,,,,,,4600.0,34.06333333
43fc1bbd-7fc6-4d4e-9696-2fe203103901,U//PR-EXO-SV,2025-10-07 20:52:03.453721,50321,50321,50321,False,4816.33411990436,41849.77938336358,-15.38245834698,-3.050829118188915,0.35119784569151,0.168674532481638,"[0.00044691556653, -7.3147222406e-06, 3.238722893500001e-05, -1.158653981e-05, 1.9843964223e-06, 0.00017430020492, 3.794013372e-09, 2.5874924713e-09, 4.0014412738e-11, 2.5079249072e-13, 5.2665110909e-09, 2.449742875e-09, -4.0477504214e-11, 2.6178245098e-13, 3.5661058211e-13, -1.7620238034e-10, -9.4937375136e-11, -2.1949036224e-13, -6.643662536e-15, -1.1405207222e-14, 5.5784913743e-14]",0.02556566057008893,8.14363546932818e-07,0.0123,EXO,REAL,2025-10-07T21:18:26.103Z,system.exo,OPS1,,,,0.0,,,,,,,,,,,,,,,,,,,,,,,,,,,,,,,,,3000.0,24.336
c8abbf48-b209-46bb-b0f1-8f32a17e75b4,U//PR-EXO-SV,2025-10-07 20:52:03.453721,29349,29349,29349,False,5508.53863175682,41811.53109514347,-83.54134924484,-3.046986873805082,0.401431510156158,0.06700543082469601,"[0.00066379128679, -4.8755374352e-05, 3.6117870142e-05, -6.1638104498e-06, 3.1541656026e-06, 0.00024828235131, 3.4832737062e-09, 2.419586387e-09, 1.4878530222e-10, 2.4023385609e-13, 5.3545588909e-09, 1.8939832957e-09, 8.1550748897e-11, 2.3281176124e-13, 3.5156227556e-13, -9.581668999e-11, -1.843452349e-11, 1.0830707652e-10, -7.0079830793e-16, -5.0732390095e-15, 1.0064894843e-13]",0.03079271842890783,8.321328500185532e-07,0.0296,EXO,REAL,2025-10-07T21:57:28.231Z,system.exo,OPS1,,,,0.0,,,,,,,,,,,,,,,,,,,,,,,,,,,,,,,,,4448.0,39.42333333
f6be72f8-e379-40d0-8903-3d618fb083d4,U//PR-EXO-SV,2025-10-07 20:52:03.453721,58995,58995,58995,False,5602.99121080827,41796.15586155317,-28.30629152242,-3.047041183437651,0.408114973772494,0.005887782901433,"[0.0012813450703, 0.0015474736239, 0.0035738982387, 4.4272353147e-05, 7.963504143000001e-05, 0.0002695276511, 8.2023703454e-08, 1.6650235498e-07, 4.2780200382e-09, 8.1723160556e-12, 1.6387105551e-07, 3.4497806315e-07, 7.5723340452e-09, 1.6154174703e-11, 3.4085654306e-11, -4.012886774200001e-09, -8.902328677899999e-09, -2.3501198716e-09, -3.8998820802e-13, -8.9239807967e-13, 4.76405313e-13]",0.0715875056144576,6.537153484093823e-06,0.0268,EXO,REAL,2025-10-07T21:24:27.798Z,system.exo,OPS1,,,,0.0,,,,,,,,,,,,,,,,,,,,,,,,,,,,,,,,,4000.0,48.46533333
485b1867-2b94-416a-ad62-97221cf07abf,U//DS-USNO-SV,2025-10-07 20:51:45.155000,25258,25258,,False,-9138.20466617,40433.03140417,7755.69972748,-2.990949538353,-0.698405774271,0.112397410124,,0.0,0.0016,0.0221405,USNO,REAL,2025-10-09T13:11:23.799Z,system.usno-snrf,OPS1,TEME,TEME,"[4.9838e-13, -1.2937e-12, 3.56977e-11, -3.85943e-14, 4.46975e-14, 3.38096e-15, 1.9027e-14, 1.58048e-13, -1.75059e-15, 2.49465e-15, -1.78334e-10, 3.6262e-09, 1.99371e-11, 1.43432e-11, 2.42743e-06, -1.93094e-14, 4.91086e-13, 3.26425e-15, 2.32711e-15, 5.49994e-10, 1.29018e-13]",0.0,99999.0,"EGM-96  8Z, 8T",NONE,True,True,True,False,0.0,0.0,0.0,0.0,0.0,0.0,10.0,37.0,0.09067,-0.419,0.2217,0.3381,4.0,2049-12-31T23:59:59.999Z,ASW,FAST NUM,AUTO,False,AUTO,0.0,1e-14,"[0.0, 0.0, 0.0]","[0.0, 0.0016, 0.0]",1.0,ARGOS,1529.24,69.75976938
a3803e05-240c-4e2a-a014-3423b2b3f7b3,U//PR-EXO-SV,2025-10-07 20:51:30.721692,27389,27389,27389,False,32702.13285173606,-25813.28067926033,-8636.37853873755,1.901247233416945,2.39766669752432,0.024044588224023,"[0.00016064444819, 0.00018642409645, 0.00024492048079, 3.0752215706e-05, -2.2680265985e-05, 0.00018755215572, -1.1322685958e-09, -8.0924751343e-10, 5.1631952202e-11, 9.9099587353e-14, 5.1161656239e-10, 6.9837660207e-10, 2.1598626476e-11, -4.2200368495e-14, 3.6295927036e-14, 2.397234323e-10, 2.3242740905e-10, -6.724575615199999e-11, -1.5695468341e-14, 6.7194810292e-15, 3.9319072953e-14]",0.02435399525129296,4.179887406880716e-07,0.0283,EXO,REAL,2025-10-07T21:39:36.534Z,system.exo,OPS1,,,,0.0,,,,,,,,,,,,,,,,,,,,,,,,,,,,,,,,,3190.0,50.37413333
073112db-d0ae-4aa3-847c-a7df75c68f13,U//PR-EXO-SV,2025-10-07 20:51:29.918961,12089,12089,12089,False,12953.85572636779,-40097.13660719342,-5635.14460315115,2.901117250255212,0.870334930720082,0.459765709480625,"[0.00095622585081, 0.0001989393193, 0.00013608550532, 9.4309591942e-05, -3.4892984112e-05, 0.00044233042477, -1.1368959992e-08, 5.0154255287e-09, -3.245981539e-10, 8.3312293873e-13, 1.3814884088e-08, -1.3431662559e-09, 2.1789730518e-09, -6.7563946187e-13, 9.2807779427e-13, 1.6906868901e-09, 1.1079521526e-09, -3.5468521463e-09, -6.629276003399999e-14, 9.0215396681e-15, 4.2836305086e-13]",0.03917450422021956,1.479717467579538e-06,0.0303,EXO,REAL,2025-10-07T22:09:28.317Z,system.exo,OPS1,,,,0.0,,,,,,,,,,,,,,,,,,,,,,,,,,,,,,,,,1002.97,18.96093538
75c7ec45-3a6a-4bbc-9f02-9c00ab782f31,U//PR-EXO-SV,2025-10-07 20:51:29.042200,18387,18387,18387,False,14532.09870192429,-39285.71478480135,-5134.81061313013,2.872468760634173,0.991673664868586,0.4651035836455,"[0.00081260079436, 0.00024818278265, 0.00011467767033, 8.5538338672e-05, -2.2081255182e-05, 0.00040211389471, -5.5794705692e-09, 9.5651189271e-10, -2.5022509784e-10, 3.0883478396e-13, 7.0813155285e-09, 1.1215508122e-09, 1.2525815036e-09, -2.4777946806e-13, 4.3454082491e-13, 7.8911848821e-10, 6.1124551789e-10, -1.6652345659e-09, -3.8453590527e-14, -1.2719059995e-15, 2.8473342241e-13]",0.03646083322415987,1.013957115108918e-06,0.0108,EXO,REAL,2025-10-07T22:12:28.367Z,system.exo,OPS1,,,,0.0,,,,,,,,,,,,,,,,,,,,,,,,,,,,,,,,,2120.91,23.59650242
c2e1db94-1e3f-4d2d-a28e-b0477f7074ce,U//PR-EXO-SV,2025-10-07 20:51:25.510696,36033,36033,36033,False,35934.63500264237,-22069.58678880475,-76.53324679606,1.609040795051613,2.619508877144295,-0.005373250469119,"[0.0073224280232, -0.0050853151129, 0.0058324504676, 0.0008031759591700001, -0.0006705804113599999, 0.0010529889833, 8.5477586504e-07, -6.6268291752e-07, 9.6263093522e-08, 1.3397186157e-10, -6.6442279946e-07, 5.6607723281e-07, -7.7690808629e-08, -8.6419449331e-11, 7.659396097700001e-11, 6.5967532659e-08, -5.111833593e-08, 8.1164830033e-08, 9.992497577099999e-12, -7.240261421100001e-12, 4.114937914e-11]",0.1191967594949628,1.586553502681205e-05,0.05380000000000001,EXO,REAL,2025-10-07T21:42:27.796Z,system.exo,OPS1,,,,0.0,,,,,,,,,,,,,,,,,,,,,,,,,,,,,,,,,3050.0,20.3346
760d4258-b932-4e1a-8566-aa6413374231,U//PR-EXO-SV,2025-10-07 20:51:25.510696,28358,28358,28358,False,35869.82152391305,-22164.91828908556,-77.72948794385,1.616370993374716,2.615454310016018,-0.004858674940693,"[0.010918399771, -0.0072447433637, 0.0084403291977, 0.00089351935498, -0.00072614942992, 0.0036813360409, 1.521744426e-06, -1.1891366253e-06, 1.2906290163e-07, 2.3459712081e-10, -1.1646220693e-06, 9.448352380000001e-07, -1.0076158169e-07, -1.7277436488e-10, 1.3355554054e-10, 5.807544662e-08, -4.4686721253e-08, 2.9225731238e-08, 8.911427480899999e-12, -6.5578048876e-12, 9.3876228371e-12]",0.1517895418321039,1.943039588343737e-05,0.035,EXO,REAL,2025-10-07T21:27:27.470Z,system.exo,OPS1,,,,0.0,,,,,,,,,,,,,,,,,,,,,,,,,,,,,,,,,0.0,0.0
9dd37018-15ac-4238-8616-5b6618c9ba9d,U//PR-EXO-SV,2025-10-07 20:51:25.510696,32487,32487,32487,False,35972.887536884,-22007.73615692046,-69.08302044676,1.604730627286094,2.622124877683123,-0.005170307005977001,"[0.00017331195397, 2.5019237515e-06, 0.00048458622651, 1.2752766882e-05, -2.3043632682e-05, 0.00023536396737, -1.3337281556e-08, 4.201567502000001e-09, -1.1232866113e-09, 1.8131940349e-12, -4.2543971349e-09, 1.7359450413e-08, -1.1534868685e-09, 8.6499712692e-14, 9.464112935e-13, 1.2317568653e-10, -8.771547591e-11, 1.3948535162e-09, -4.9608053936e-15, -7.0742251845e-15, 1.1291900901e-12]",0.02988749149477085,1.972002895155076e-06,0.0341,EXO,REAL,2025-10-07T21:42:27.794Z,system.exo,OPS1,,,,0.0,,,,,,,,,,,,,,,,,,,,,,,,,,,,,,,,,2012.0,38.83813333
f32e90ee-f246-47c3-9726-e9a16eca420a,U//PR-EXO-SV,2025-10-07 20:51:21.759037,33111,33111,33111,False,32861.97433818863,26246.44285044839,-637.47662248871,-1.884597418871972,2.378567756434959,0.541344738798251,"[0.00034930408329, -0.00039628581414, 0.00051959053268, -4.6656198254e-05, 6.831857515400001e-05, 0.00039042673339, 3.784780028e-09, -1.3465221034e-09, -5.4765728202e-10, 3.5642460175e-13, 6.016792368e-10, -2.3502963411e-09, -4.0054947866e-10, 7.8197450082e-14, 1.6548143205e-13, -3.8362397421e-10, -5.8972060306e-11, -2.6662420937e-10, 1.7372114241e-14, -3.935616287299999e-14, 3.7167540087e-13]",0.03548691800311771,9.45294364031649e-07,0.0108,EXO,REAL,2025-10-07T21:24:27.784Z,system.exo,OPS1,,,,0.0,,,,,,,,,,,,,,,,,,,,,,,,,,,,,,,,,2440.0,26.00846018
17d0dbe7-b574-4ccd-b046-f1c9c314f36b,U//PR-EXO-SV,2025-10-07 20:50:43.434562,38098,38098,38098,False,31729.02803642296,27782.92710886652,-87.0950712851,-2.02507067778456,2.312776633014726,0.003807444368096,"[0.00041383611199, -0.00036333043078, 0.0004647976069, 4.2917135193e-06, 3.4183009253e-06, 0.00030950364854, 1.7838614976e-08, -9.737443432699999e-09, 3.940871643e-10, 1.3858686622e-12, 8.9232431535e-09, -1.2029704057e-08, -1.2474824159e-10, 5.531836748100001e-13, 6.1877192708e-13, -3.0446289026e-10, 6.9707834193e-10, -3.9481357735e-10, -3.775199832900001e-15, -2.7198324147e-14, 5.4382819105e-13]",0.03446936853831239,1.596392426795492e-06,0.033,EXO,REAL,2025-10-07T21:27:27.475Z,system.exo,OPS1,,,,0.0,,,,,,,,,,,,,,,,,,,,,,,,,,,,,,,,,6249.0,56.08673333
dea95b95-42e2-4552-91a5-464a4a6e5c2e,U//PR-EXO-SV,2025-10-07 20:50:43.319334,43450,43450,43450,False,-9543.262554977,41085.79844062539,20.47285747769,-2.993735577852597,-0.6958973784537821,0.006345345929046,"[0.00038901773923, 0.00011609521565, 5.5397444957e-05, 1.7230442203e-06, 2.0173372543e-06, 0.00024916345837, 8.938658780799999e-10, 1.2430949131e-09, 8.1625061888e-11, 5.2320337819e-14, 4.1560273597e-09, 3.5458282028e-09, 1.9486283334e-10, 1.0058198377e-13, 3.7113685033e-13, -3.6374379178e-11, -1.1494036643e-11, 4.4830038963e-12, 2.5439755775e-16, -1.5786643165e-15, 5.0312436985e-14]",0.0263358812754956,6.883092510884915e-07,0.0268,EXO,REAL,2025-10-07T21:24:27.793Z,system.exo,OPS1,,,,0.0,,,,,,,,,,,,,,,,,,,,,,,,,,,,,,,,,5000.0,34.06333333
a916c312-10cf-42ba-a097-134662e73387,U//PR-EXO-SV,2025-10-07 20:50:43.319334,55239,55239,55239,False,-9563.6310161021,41059.82284737031,7.341367078649999,-2.994928449558072,-0.697434691784945,0.009492935050185,"[0.0013389361337, 0.00038245527452, 0.00016946889602, 2.9663229793e-06, 5.6665406088e-06, 0.00050771430902, 2.6742746434e-09, 3.5315155593e-09, 2.3615199939e-10, 1.4211089268e-13, 1.020354247e-08, 9.7948851894e-09, 5.6834957009e-10, 3.031018268e-13, 9.849788182900002e-13, -6.711694843199999e-11, -1.0677260153e-11, -9.496815137399999e-11, 1.2785504167e-15, -2.4208551522e-15, 8.9465976718e-14]",0.04490121756411512,1.10297583277604e-06,0.0,EXO,REAL,2025-10-07T21:48:29.974Z,system.exo,OPS1,,,,0.0,,,,,,,,,,,,,,,,,,,,,,,,,,,,,,,,,2090.0,34.06333333
07eaf2e4-e286-48ed-9a34-6fe1e0455d7b,U//PR-EXO-SV,2025-10-07 20:50:37.636484,37776,37776,37776,False,8018.51297258497,41396.55052781703,-31.64033960787,-3.018405505268861,0.584828013816876,0.008079679665520001,"[0.00040509355729, -4.0383909036e-05, 2.5629153491e-05, 2.378206656e-06, 1.4924010486e-06, 0.00022019666352, 3.7068535109e-09, 1.5358087852e-09, 1.586134632e-10, 2.0510149521e-13, 5.0001019839e-09, 1.2264342079e-09, 1.4903638564e-10, 2.1572705981e-13, 3.0224941477e-13, -4.2798750238e-11, 7.116821706e-12, -3.1148620456e-11, -2.2866969499e-16, -1.6504697572e-15, 6.5574665957e-14]",0.02551312161028125,7.569184737717795e-07,0.038,EXO,REAL,2025-10-07T22:06:27.399Z,system.exo,OPS1,,,,0.0,,,,,,,,,,,,,,,,,,,,,,,,,,,,,,,,,2910.0,20.55513333
6006feaa-444e-4e6a-98c1-e42c7ea3070c,U//PR-EXO-SV,2025-10-07 20:50:37.636484,42951,42951,42951,False,8111.72067030357,41375.68626396162,-23.97311387325,-3.017267414947436,0.5915952221858359,0.010233567013032,"[0.00044462056234, -3.5008072989e-06, 5.1338050413e-05, 5.9033622545e-06, 4.0059726871e-06, 0.00023455623119, 7.875039517000001e-09, 4.3674461751e-09, 4.4126921367e-10, 5.2651768865e-13, 9.5447518717e-09, 3.421820578e-09, 3.8251053467e-10, 4.983441456699999e-13, 6.0852283303e-13, -1.5897946362e-11, 5.673469183599999e-11, 7.1802354592e-11, 4.5041700388e-15, 9.1006243904e-16, 1.1086557407e-13]",0.02702803810754676,1.116201637586149e-06,0.0382,EXO,REAL,2025-10-07T22:03:26.231Z,system.exo,OPS1,,,,0.0,,,,,,,,,,,,,,,,,,,,,,,,,,,,,,,,,3520.0,33.34273333
453a05c3-78c2-4ce8-ba8b-97c382f39e33,U//PR-EXO-SV,2025-10-07 20:50:37.636484,45807,45807,45807,False,7528.400919636661,41479.42717924905,294.82219459211,-3.023936260902526,0.549396085571214,0.101679254870332,"[0.0004260990438, -5.7001787769e-05, 1.9100076525e-05, -8.858531349099999e-06, 1.1454841779e-06, 0.00011915439428, 2.0455830686e-09, 7.4153797478e-10, 2.39202264e-11, 1.0212364164e-13, 3.2518182328e-09, 5.564126446700001e-10, -1.1224845969e-11, 1.1780577767e-13, 1.9789417707e-13, -5.262879699599999e-11, -1.1434382412e-11, -8.0580586231e-11, -7.7964136676e-16, -2.805110969e-15, 3.9073082676e-14]",0.02375612583324562,5.823151220653643e-07,0.0224,EXO,REAL,2025-10-07T21:33:27.111Z,system.exo,OPS1,,,,0.0,,,,,,,,,,,,,,,,,,,,,,,,,,,,,,,,,3060.0,13.9977
b6ca9bc5-0f45-434c-ad5a-e2c369a795e7,U//PR-EXO-SV,2025-10-07 20:50:37.636484,41586,41586,41586,False,7625.4491302887,41453.16193056788,228.99114926537,-3.023686564803418,0.556696498290901,0.089856345279984,"[0.0005159568721499999, -5.6979204299e-05, 3.1714892074e-05, -6.450940749e-06, 1.356237683e-06, 0.00020235309432, 3.6239297141e-09, 1.8321814428e-09, 1.0627851159e-10, 2.2432102496e-13, 4.8078000546e-09, 1.5178414548e-09, 6.218220564799999e-11, 2.3015577531e-13, 3.0859654065e-13, -4.7435396374e-11, -8.4963809313e-12, 7.2727920286e-12, -4.987040584e-16, -2.5090070888e-15, 4.1271947829e-14]",0.02738658172434084,7.577529369385512e-07,0.026,EXO,REAL,2025-10-07T21:33:27.102Z,system.exo,OPS1,,,,0.0,,,,,,,,,,,,,,,,,,,,,,,,,,,,,,,,,3060.0,13.99773333
7c5cdb27-0cce-4f40-ad89-2a84ab66c902,U//PR-EXO-SV,2025-10-07 20:50:37.636484,63075,63075,63075,False,7644.283683366039,41474.95781264173,-41.50436982593,-3.023281740063329,0.556010216394446,0.004877152097484,"[0.00053278129542, -5.1165544209e-05, 3.2553468725e-05, 3.0865000914e-06, 1.9896313364e-06, 0.00022926532996, 4.4449029907e-09, 1.9920924111e-09, 2.051130597e-10, 2.5146671159e-13, 5.9056799606e-09, 1.6939478386e-09, 1.9757870474e-10, 2.6392453356e-13, 3.5843861325e-13, -5.0413326608e-11, 8.7628721866e-12, -3.9306738345e-11, -2.8709575689e-16, -2.1657451941e-15, 7.1937704929e-14]",0.02818865186746255,8.25737869889107e-07,0.0218,EXO,REAL,2025-10-07T22:06:27.415Z,system.exo,OPS1,,,,0.0,,,,,,,,,,,,,,,,,,,,,,,,,,,,,,,,,5250.0,34.06333333
d0d1bcc3-462b-4a36-a94b-3eebcf2e7850,U//PR-EXO-SV,2025-10-07 20:50:37.636484,37207,37207,37207,False,8129.21425943356,41390.17714486325,-53.00514049272,-3.015996043978009,0.59154307460428,0.006787867333921,"[0.00041357757688, -4.5655219564e-05, 2.7781348879e-05, 2.373290224e-06, 1.7241728047e-06, 0.0002376948143, 3.4595492001e-09, 1.6068017122e-09, 1.6635714838e-10, 2.0618701295e-13, 4.519083318e-09, 1.1720714668e-09, 1.4581770133e-10, 2.0232179569e-13, 2.7418283983e-13, -3.2814728918e-11, 1.3094801659e-11, 1.4643541962e-11, 4.0949216714e-16, -9.925576804000001e-16, 5.2723651556e-14]",0.02605865959827942,7.301325251870376e-07,0.035,EXO,REAL,2025-10-07T21:39:36.541Z,system.exo,OPS1,,,,0.0,,,,,,,,,,,,,,,,,,,,,,,,,,,,,,,,,2060.0,15.56313333
c403a7d6-bec1-42fb-9455-693276f3a152,U//PR-EXO-SV,2025-10-07 20:50:37.636484,46112,46112,46112,False,8136.558841273451,41373.42984663949,-57.35215022657,-3.016936592692631,0.592314343587526,0.009574440021704,"[0.00048472154453, 6.9682219226e-05, 9.2901551369e-05, 1.2050136184e-05, 8.370164925999999e-06, 0.0001901353693, 1.5184556849e-08, 9.215406482e-09, 9.153771412e-10, 1.0775943356e-12, 1.7318477613e-08, 7.478681032e-09, 7.9317956009e-10, 9.9686470438e-13, 1.1281594451e-12, 2.0051073987e-11, 1.4992083891e-10, -2.7459939123e-10, 1.2951578239e-14, 5.329264338399999e-15, 1.7382999238e-13]",0.02770845476021714,1.54258995623594e-06,0.0348,EXO,REAL,2025-10-07T22:03:26.234Z,system.exo,OPS1,,,,0.0,,,,,,,,,,,,,,,,,,,,,,,,,,,,,,,,,3530.0,33.3427
ae24f55e-632f-428a-8bbc-66b4d0ad2569,U//PR-EXO-SV,2025-10-07 20:50:37.636484,27854,27854,27854,False,7218.05312887766,41951.71928310733,-104.25696939085,-3.011534505209177,0.517369587628859,0.142083302777313,"[0.00060740587725, -5.7133120161e-05, 5.0544696778e-05, -1.1693476109e-05, 4.374991081e-06, 0.00029209443429, 4.9139730524e-09, 3.1565713758e-09, 8.5825161526e-11, 3.372378935e-13, 9.4692019307e-09, 1.0995597189e-09, -2.4803099515e-10, 2.8370245241e-13, 5.5116009236e-13, -2.9291191187e-10, -6.902029722299999e-11, 6.701501381e-11, -4.3962407832e-15, -1.6466822439e-14, 1.4678090619e-13]",0.03082280013752806,1.017437414315986e-06,0.0412,EXO,REAL,2025-10-07T22:00:26.305Z,system.exo,OPS1,,,,0.0,,,,,,,,,,,,,,,,,,,,,,,,,,,,,,,,,4737.0,40.76493333
729c3ace-2e5f-4092-ad37-03bc9bfad2d6,U//PR-EXO-SV,2025-10-07 20:50:20.912375,45863,45863,45863,False,-9461.03012741223,41098.82328072338,-8.78298503824,-2.995332120494571,-0.690766111409743,0.0064676540063,"[0.00030099125145, 0.00013117656559, 0.00010140622634, 4.6065359403e-06, 5.6369727874e-06, 0.00018743210654, 2.272317698e-09, 3.1533596801e-09, 2.1452452326e-10, 1.3136765335e-13, 9.2763521521e-09, 8.632075481500001e-09, 5.0027807211e-10, 2.6370411237e-13, 8.7629573627e-13, -7.204457773299999e-11, -9.8860462939e-12, 4.723260463299999e-11, 1.4061683186e-15, -2.607861143e-15, 9.7827571477e-14]",0.02428640739858409,1.051423302527103e-06,0.0284,EXO,REAL,2025-10-07T22:00:26.333Z,system.exo,OPS1,,,,0.0,,,,,,,,,,,,,,,,,,,,,,,,,,,,,,,,,5000.0,34.0633
f5683253-ccc8-44bf-89a3-439f0a19a2ca,U//PR-EXO-SV,2025-10-07 20:50:16.610326,44637,44637,44637,False,25666.36017847708,33467.59437414713,-106.43438257219,-2.439175114560679,1.870546368144788,0.007830412270264,"[0.00029437906931, -0.00020581229349, 0.00016123147593, 8.9974303245e-07, 8.5765760892e-07, 0.00017311376964, 3.2681067477e-09, -8.7288019381e-10, 8.330022961999999e-11, 2.1256724933e-13, 2.4229563023e-09, -1.4924451351e-09, 1.5357945632e-11, 1.2534514193e-13, 1.3215316722e-13, -6.3853325338e-11, 6.2949913526e-11, -2.6670749314e-10, -9.2320649212e-16, -3.0523499725e-15, 9.9816981434e-14]",0.02507437566281561,6.667363781765624e-07,0.0309,EXO,REAL,2025-10-07T21:48:29.967Z,system.exo,OPS1,,,,0.0,,,,,,,,,,,,,,,,,,,,,,,,,,,,,,,,,4000.0,35.4033
418d048f-1825-4cd5-991f-fdd9d5b687bf,U//PR-EXO-SV,2025-10-07 20:50:16.610326,50319,50319,50319,False,25523.44689731885,33562.70232631788,-73.28229101486001,-2.447265870591452,1.861317178781515,0.004494266344816001,"[0.0010471342517, -0.00037607277663, 0.00038221251117, 2.4858835792e-05, 6.3132146959e-06, 0.00051090006903, 4.2203109278e-08, 3.1043378955e-09, 2.0368734121e-09, 3.2312248708e-12, 2.2260369781e-08, -4.3418967003e-09, 7.2204665402e-10, 1.4241602576e-12, 9.1992733743e-13, -4.3292586223e-10, 5.2878752782e-10, -3.1987126594e-09, -2.3213188387e-16, -2.2086651607e-14, 5.6113511426e-13]",0.04404823301677378,2.170780348743281e-06,0.0,EXO,REAL,2025-10-07T21:27:27.483Z,system.exo,OPS1,,,,0.0,,,,,,,,,,,,,,,,,,,,,,,,,,,,,,,,,5470.0,55.45333333
6eb3cdfd-1c46-464e-8332-dadfeec5dbbd,U//PR-EXO-SV,2025-10-07 20:50:16.212501,41903,41903,41903,False,8011.41582874654,41400.49502834205,-37.65227579728001,-3.018372951113903,0.584089399753464,0.00679080366252,"[0.00044776773859, 5.3022983455e-05, 7.4439578742e-05, 1.0281207347e-05, 6.633816236600001e-06, 0.00015342905922, 1.2789322549e-08, 7.370678224000001e-09, 7.4557942194e-10, 8.722585509499999e-13, 1.4663558939e-08, 6.4048212979e-09, 6.8454291427e-10, 8.433777054799999e-13, 9.6119156003e-13, 4.1554288544e-11, 1.1460002749e-10, -6.3512870343e-11, 1.034884365e-14, 5.5556771594e-15, 1.2222437295e-13]",0.02599300630077252,1.398454319572148e-06,0.028,EXO,REAL,2025-10-07T21:36:28.283Z,system.exo,OPS1,,,,0.0,,,,,,,,,,,,,,,,,,,,,,,,,,,,,,,,,3408.0,31.95033333
d62dba1b-6ffa-4117-b969-08c81c59b5b6,U//PR-EXO-SV,2025-10-07 20:50:00.743303,37933,37933,37933,False,11336.12486487545,40616.61388582993,-55.81150768538,-2.961190455707494,0.826274535471487,0.008054520885345,"[0.0012456542023, -0.0001428020174, 0.00015610326968, 1.4173295296e-05, 1.0071241456e-05, 0.00040013515532, 1.9694521385e-08, 1.0352364579e-08, 1.2272303802e-09, 1.4632211941e-12, 1.8030042308e-08, 6.6824213469e-09, 8.8226868473e-10, 1.1334692879e-12, 1.0694644995e-12, 1.2828295842e-10, 2.0574155228e-10, 3.2674322494e-10, 2.1135265627e-14, 1.0001871343e-14, 2.0859102014e-13]",0.042448705837752,1.655680136300487e-06,0.0374,EXO,REAL,2025-10-07T21:57:28.242Z,system.exo,OPS1,,,,0.0,,,,,,,,,,,,,,,,,,,,,,,,,,,,,,,,,3813.0,38.55993333
dc5c8190-2860-4ced-992e-3441ff1b7787,U//PR-EXO-SV,2025-10-07 20:50:00.743303,41194,41194,41194,False,11182.59600969477,40659.55964519344,-47.94180299638,-2.964310742409486,0.815027845928774,0.011396943159492,"[0.00085383393961, -0.00012438563372, 9.495328848799999e-05, 7.034984855300001e-06, 5.3492731185e-06, 0.00038985600785, 1.0915652302e-08, 5.330576014999999e-09, 6.2226235641e-10, 7.7498369788e-13, 1.0606416921e-08, 3.2040825299e-09, 4.4387221536e-10, 6.104134540099999e-13, 6.0963375552e-13, 8.8258474748e-12, 9.0252848493e-11, 4.6340925782e-10, 7.880830189499999e-15, 2.1590703754e-15, 1.288014645e-13]",0.03658747375739407,1.230210924150814e-06,0.0101,EXO,REAL,2025-10-07T21:42:27.804Z,system.exo,OPS1,,,,0.0,,,,,,,,,,,,,,,,,,,,,,,,,,,,,,,,,4600.0,34.06333333
3cdd70a9-3516-4a49-8acd-82fb3abad3cd,U//PR-EXO-SV,2025-10-07 20:50:00.743303,48808,48808,48808,False,11896.25316114147,40444.82590279444,15.43791954195,-2.949229243032107,0.8709300390740969,-0.00316090063624,"[0.00087956470642, -0.00012344275907, 0.00010653892558, 1.1338520894e-05, 5.4015190105e-06, 0.00030026750798, 1.3557379438e-08, 6.1351691015e-09, 8.1464455693e-10, 9.5030729753e-13, 1.2768707998e-08, 3.3284619182e-09, 5.7024800813e-10, 7.2105616889e-13, 7.1146050904e-13, 5.696491008e-11, 1.3092669707e-10, 1.3219474516e-10, 1.2032203154e-14, 4.5986306621e-15, 1.6499975806e-13]",0.03586601650560039,1.351579655303379e-06,0.004,EXO,REAL,2025-10-07T21:15:27.470Z,system.exo,OPS1,,,,0.0,,,,,,,,,,,,,,,,,,,,,,,,,,,,,,,,,5380.0,24.43713333
7791488a-046b-4530-ba07-ed323de0d60d,U//PR-EXO-SV,2025-10-07 20:50:00.743303,40107,40107,40107,False,11459.7638112936,40583.17904106747,-44.75837077838,-2.9586189515484,0.835274853439703,0.006013225452109,"[0.0006196491128100001, -4.7199259823e-05, 8.129624076400001e-05, 9.3985417505e-06, 5.6460392197e-06, 0.00023075963692, 1.2446780386e-08, 6.0166982493e-09, 7.3470782603e-10, 8.849817869600001e-13, 1.1464952138e-08, 3.6936831885e-09, 5.2378353233e-10, 6.821148062e-13, 6.518185973899999e-13, 3.9729355513e-11, 1.0036507762e-10, 1.9155843684e-10, 9.4622981239e-15, 3.4767601762e-15, 1.3198164166e-13]",0.03052384298370702,1.291813464092243e-06,0.0445,EXO,REAL,2025-10-07T21:45:29.048Z,system.exo,OPS1,,,,0.0,,,,,,,,,,,,,,,,,,,,,,,,,,,,,,,,,4535.0,26.96373333
de2c5684-dbfb-4605-9e29-e0cca2d59ecc,U//PR-EXO-SV,2025-10-07 20:50:00.240912,24919,24919,24919,False,12543.13405242881,-40182.68325040177,5088.95899282563,2.079853784140843,0.6019263897316609,-0.399274803661126,"[0.0015991525616, 0.00027998666553, 0.00023013992712, -0.00017741495818, 2.0135487938e-05, 0.00065154506323, -2.6857651279e-08, 1.862379269e-08, -1.7101533227e-09, 3.7106823164e-12, 2.2669725317e-08, -1.5303516167e-08, -2.0428279046e-10, -3.1174039571e-12, 2.8470058457e-12, -2.0464192941e-09, 2.1561666733e-10, -5.5625364223e-09, 2.9810464233e-13, -1.669052062e-13, 4.7882966169e-13]",0.04980800690601863,2.652643553851516e-06,0.004,EXO,REAL,2025-10-07T22:45:27.414Z,system.exo,OPS1,,,,0.0,,,,,,,,,,,,,,,,,,,,,,,,,,,,,,,,,2120.91,23.59650242
a45672a8-1f06-4360-865a-cb214b65b20d,U//PR-EXO-SV,2025-10-07 20:49:11.939262,42662,42662,42662,False,7893.161534959309,41451.24043138539,-41.80489274494,-3.018274032182571,0.5740270066916,0.008563533323879,"[0.0022370561748, 0.001679667418, 0.0024422785024, 5.0842615222e-05, 5.7903538947e-05, 0.00061101826496, 1.1646036479e-07, 1.4566372345e-07, 3.9107075532e-09, 9.1308414046e-12, 1.9980173661e-07, 2.5653735995e-07, 6.1243556102e-09, 1.5611360294e-11, 2.7701796476e-11, -4.1514964257e-09, -5.5257411394e-09, -7.9283964935e-10, -3.1932773486e-13, -6.0272926212e-13, 2.2039562638e-13]",0.07273481245016035,6.087120296739666e-06,0.028,EXO,REAL,2025-10-07T21:33:27.106Z,system.exo,OPS1,,,,0.0,,,,,,,,,,,,,,,,,,,,,,,,,,,,,,,,,4600.0,34.06333333
512fa40e-0320-4d11-8d9e-a9d987768ded,U//PR-EXO-SV,2025-10-07 20:49:06.806802,36106,36106,36106,False,24886.41185333085,34047.31339496013,-70.10149446626001,-2.481935744090165,1.813860325926115,0.004980610292756,"[0.0006848609453, -0.0002270528884, 0.00017411418528, 1.8045004948e-05, 8.3314942918e-07, 0.0002261808559, 3.0861579372e-08, -2.3076155568e-09, 1.3177588831e-09, 2.1486745544e-12, 1.5095870748e-08, -4.071986541100001e-09, 4.4943992809e-10, 9.2784676829e-13, 5.852236345600001e-13, -1.3256071571e-10, 2.1977080319e-10, 3.4676022911e-10, 3.997080112e-15, -7.609286143400001e-15, 2.7564790665e-13]",0.03294170588296848,1.734804339287287e-06,0.036,EXO,REAL,2025-10-07T21:57:28.235Z,system.exo,OPS1,,,,0.0,,,,,,,,,,,,,,,,,,,,,,,,,,,,,,,,,2484.0,24.48226667
9a1e9850-25d7-4cdb-9d74-52834f0e9766,U//PR-EXO-SV,2025-10-07 20:48:36.463937,38254,38254,38254,False,28101.1060104937,-31144.57093114364,-4317.15741033646,2.27508044018095,2.065232074037599,-0.099434229801536,"[0.00040620246638, 0.00028598739391, 0.0015068781178, 2.1492734923e-05, 0.00012259323116, 0.00054136040393, -2.297080329e-08, 1.8154899043e-08, 6.4495060774e-09, 2.8897740937e-12, 1.7493939567e-08, 7.1668423112e-08, 6.349593156400001e-09, -2.9320812135e-14, 4.0289308169e-12, 3.5967173945e-09, -5.0256672678e-10, 3.2860346138e-09, -2.9676568132e-13, 1.0004157687e-13, 1.2764156201e-12]",0.04954231512666723,2.862712093574902e-06,0.0242,EXO,REAL,2025-10-07T21:30:27.538Z,system.exo,OPS1,,,,0.0,,,,,,,,,,,,,,,,,,,,,,,,,,,,,,,,,6200.0,35.02733333
1032e027-2753-484f-9c83-bcf6ca93eb3c,U//PR-EXO-SV,2025-10-07 20:48:30.053028,44910,44910,44910,False,28966.2705759981,30607.33579200063,-1708.52070272211,-2.222007370089717,2.114682123828056,0.199554866593204,"[0.00021213604917, -0.0001487142018, 0.0001487463173, -2.1720653928e-06, 1.0958002633e-05, 0.00017724860006, 6.7388718684e-09, -1.8628971949e-09, -3.3226728841e-10, 5.0738607716e-13, 3.2017362919e-09, -2.6076962287e-09, -2.5000112769e-10, 1.9211464545e-13, 1.7487424626e-13, -5.3091920777e-10, 2.3193426836e-10, -3.0976345031e-10, -2.0290649194e-14, -1.8713957651e-14, 1.7472050508e-13]",0.02319765002171556,9.257325901684568e-07,0.0358,EXO,REAL,2025-10-07T21:45:29.052Z,system.exo,OPS1,,,,0.0,,,,,,,,,,,,,,,,,,,,,,,,,,,,,,,,,7600.0,53.6327
5275d566-3834-499e-81de-aeea8773ba5c,U//PR-EXO-SV,2025-10-07 20:48:02.527770,17969,17969,17969,False,-12947.16033518501,40590.63672226835,4626.41519082371,-2.883713554285874,-0.873318219180794,-0.484399381021286,"[0.00036071022589, 0.00012161552312, 5.2365104729e-05, 5.5025582611e-06, -4.8768378207e-05, 0.0004619981282, -1.4847163648e-10, 1.4422703458e-10, 1.958251752e-11, 1.4342544906e-14, 2.0101178639e-09, 1.2819102713e-09, 4.6438659886e-10, -2.7064447547e-16, 1.5361754325e-13, 2.9457015118e-10, 2.2579925872e-10, -5.1034614294e-11, -2.3374381132e-15, 1.7829534601e-14, 3.5104023237e-14]",0.029581640570107,4.506263545255647e-07,0.0112,EXO,REAL,2025-10-07T22:30:27.491Z,system.exo,OPS1,,,,0.0,,,,,,,,,,,,,,,,,,,,,,,,,,,,,,,,,2101.09,23.8702275
82af716c-3791-4363-bafe-1cf2ca82160f,U//PR-EXO-SV,2025-10-07 20:47:50.560826,29526,29526,29526,False,41977.29755527337,-3902.31344383649,-1085.10834683875,0.286038147870923,3.060813402650355,-0.000497611722969,"[0.00030158174789, -0.00030188192656, 0.0016037939935, 3.1300936569e-05, -2.7504362312e-05, 0.00051448376318, -5.4062393118e-09, -3.2808813436e-08, -2.33567584e-10, 3.5526459076e-12, -2.251333687e-08, 3.2985428538e-08, -1.4089608043e-09, -5.6629561267e-14, 1.778251986e-12, -1.9099514703e-09, 5.2508796965e-09, -2.8352977301e-09, 6.0617116214e-14, 1.5461436104e-13, 2.4007192424e-12]",0.04919206749639621,2.780578561378908e-06,0.0601,EXO,REAL,2025-10-07T21:36:28.266Z,system.exo,OPS1,,,,0.0,,,,,,,,,,,,,,,,,,,,,,,,,,,,,,,,,3304.0,34.07146667
cfbf63c1-9e8c-40bf-8ab3-0c1b66a5dbc2,U//PR-EXO-SV,2025-10-07 20:47:50.560826,61990,61990,61990,False,41419.0189994855,-3673.69407594705,-678.58142609656,0.255799344222892,3.095367606720859,0.008403923136901999,"[0.024471684084, -0.0061225217826, 0.0029281851214, 0.00072403610237, -0.00021422580761, 0.0013668051159, 3.8163660645e-06, -8.7406331201e-07, 1.0279867378e-07, 6.2391877116e-10, -9.7115322157e-07, 2.8015979314e-07, -3.02478154e-08, -1.4488004293e-10, 4.13299664e-11, -3.5668054769e-08, 1.0589939512e-08, 3.1434229359e-08, -5.0375794151e-12, 1.34051962e-12, 8.0161010312e-12]",0.1696074123418549,2.594734742880667e-05,0.1178,EXO,REAL,2025-10-07T21:42:27.819Z,system.exo,OPS1,,,,0.0,,,,,,,,,,,,,,,,,,,,,,,,,,,,,,,,,0.0,0.0
52efa41e-0af2-4ed9-8892-ac00757b8045,U//PR-EXO-SV,2025-10-07 20:47:47.576775,11440,11440,11440,False,22011.53953914039,35824.95995803249,3504.02034356268,-2.601958479376352,1.62037041768423,-0.214150393002417,"[0.00058690878013, -0.0002760491103, 0.00017478079583, 3.7317993578e-05, -2.9520259992e-05, 0.00020866975325, 1.0515860898e-08, -6.2740565143e-10, 1.5575673638e-09, 6.736795356e-13, 6.7453485118e-09, -1.2991517705e-09, 8.957239118099999e-10, 3.9156668018e-13, 2.9313001667e-13, 1.2865181251e-09, -5.7273826335e-11, 8.997966523699999e-11, 7.6630242551e-14, 4.6295138978e-14, 7.5772430581e-14]",0.03115059115345967,1.0210690392187e-06,0.0175,EXO,REAL,2025-10-07T21:57:28.220Z,system.exo,OPS1,,,,0.0,,,,,,,,,,,,,,,,,,,,,,,,,,,,,,,,,2101.09,23.8702275
3645feaa-0fde-4f3e-8414-3ded34951f8a,U//PR-EXO-SV,2025-10-07 20:47:26.538748,52903,52903,52903,False,26396.38911645676,32871.92310607217,-58.07562480287999,-2.398569964295644,1.924436267688413,0.002868542775574,"[0.0089696238478, 0.0073936860361, 0.007345833409300001, 0.0003559263012, 0.00030651781757, 0.0004274126444, 9.0852573607e-07, 8.054871796900001e-07, 3.7016386373e-08, 9.489831355e-11, 7.2040219686e-07, 6.519578082800001e-07, 2.8373896949e-08, 7.540616203200001e-11, 6.1467797294e-11, -2.5249872597e-08, -2.3224893731e-08, -2.4930484074e-09, -2.6325998229e-12, -2.2297791263e-12, 4.8232641094e-13]",0.1293942421497185,1.252391461384738e-05,0.0184,EXO,REAL,2025-10-07T22:00:26.334Z,system.exo,OPS1,,,,0.0,,,,,,,,,,,,,,,,,,,,,,,,,,,,,,,,,4181.0,28.21333333
480c636b-02b5-4f03-9958-e0ac1b49bb7e,U//PR-EXO-SV,2025-10-07 20:47:26.538748,45026,45026,45026,False,26391.40318451601,32888.82376043318,-103.89086183534,-2.398052698107575,1.923898465008248,0.006973214535502,"[0.0003395761932, -0.00018075157204, 0.00015272087063, 5.3677028964e-06, 9.9339577554e-07, 0.00017762047024, 1.0053582647e-08, -7.1420134129e-10, 4.2559279552e-10, 7.4706738463e-13, 4.2524652615e-09, -1.6292806581e-09, 1.000058456e-10, 2.6621789566e-13, 1.7359977398e-13, -2.2169028514e-11, 8.595677449899999e-11, -1.0717554436e-10, 3.2170463737e-15, -2.6572819615e-15, 1.0859770994e-13]",0.02588276519365734,1.014526918593095e-06,0.0235,EXO,REAL,2025-10-07T21:48:29.968Z,system.exo,OPS1,,,,0.0,,,,,,,,,,,,,,,,,,,,,,,,,,,,,,,,,3357.0,28.2133
4991d37a-b7d3-43bd-b83b-7125ead96892,U//PR-EXO-SV,2025-10-07 20:47:26.538748,47256,47256,47256,False,26372.22588072141,32935.474216146,-116.71536213746,-2.397746008704753,1.921423162732614,0.008183248954490002,"[0.0005648284642500001, -0.00030801756148, 0.0002578178978, 8.9523558029e-06, 1.8315856153e-06, 0.00038546197453, 1.558970817e-08, -8.2233714227e-10, 6.9924115885e-10, 1.1835808629e-12, 6.4369392067e-09, -2.109225549e-09, 1.7665313537e-10, 4.2218753005e-13, 2.5595787754e-13, 1.2974178497e-11, 1.169219104e-10, 4.4196363781e-10, 8.0438820728e-15, -2.2031161768e-15, 1.6605312161e-13]",0.03475785287643642,1.267119513719996e-06,0.024,EXO,REAL,2025-10-07T21:48:29.970Z,system.exo,OPS1,,,,0.0,,,,,,,,,,,,,,,,,,,,,,,,,,,,,,,,,1410.0,6.8113
eb189393-c094-459c-85ad-f4d29759fe5e,U//PR-EXO-SV,2025-10-07 20:47:26.538748,38779,38779,38779,False,26382.91034952203,32902.89456655121,-91.59598902433001,-2.3978527840261,1.923464254345315,0.005805865288677,"[0.007325498221300001, 0.0056893481013, 0.0057631581582, 0.00016723525005, 0.00013050634599, 0.00044262042692, 7.3082111064e-07, 6.318700000800001e-07, 1.7029300782e-08, 7.627997547300001e-11, 5.617828633600001e-07, 4.9709425909e-07, 1.2104973739e-08, 5.8865306449e-11, 4.6538128497e-11, -2.1295324836e-08, -1.9146035706e-08, -2.5715631446e-09, -2.2273655715e-12, -1.8158590646e-12, 4.3980990531e-13]",0.116324016464443,1.11021580728843e-05,0.02,EXO,REAL,2025-10-07T22:03:26.226Z,system.exo,OPS1,,,,0.0,,,,,,,,,,,,,,,,,,,,,,,,,,,,,,,,,3400.0,15.402
0605d156-db1e-4529-8e5c-874e41cb77f0,U//PR-EXO-SV,2025-10-07 20:47:20.949883,24932,24932,24932,False,38746.72380006294,17911.0708117789,1411.12955167107,-1.270042912288712,2.687920521850415,0.7062432500035191,"[0.00010014560994, -0.00013069689278, 0.0003012223271, -2.0762676689e-05, 2.502046182e-05, 0.00023931901282, 5.7135780042e-09, -7.7055063738e-10, -4.997107452e-10, 1.0175935045e-12, -7.8495636623e-11, -9.7923947835e-10, -4.3220299285e-10, 9.3341717211e-14, 9.9550285053e-14, -3.4483660965e-10, -3.5525358148e-10, 8.7021807716e-10, -2.1357499936e-14, -5.6389262155e-14, 3.1026475249e-13]",0.02531179467876587,1.194742039957998e-06,0.0161,EXO,REAL,2025-10-07T22:18:27.403Z,system.exo,OPS1,,,,0.0,,,,,,,,,,,,,,,,,,,,,,,,,,,,,,,,,313.18,4.68
615f3166-6fa3-4140-a560-30acdf6cfa23,U//PR-EXO-SV,2025-10-07 20:46:59.635333,50574,50574,50574,False,-11222.64754370778,40653.17635286436,20.17254766815,-2.963076779323797,-0.8181130105676829,0.008311880600007,"[0.00046765881038, 0.00016293279709, 8.3956561626e-05, 1.9259997234e-06, 2.601866059e-06, 0.00025391484142, 8.3008255193e-10, 1.4344585097e-09, 9.2665885302e-11, 5.9563980364e-14, 5.8284534599e-09, 5.0612499002e-09, 2.4528951494e-10, 1.0439379652e-13, 5.2536059144e-13, -6.0766049891e-11, -3.1855131708e-11, 9.202928243e-11, 2.9597188282e-18, -3.1641697828e-15, 8.213337693099999e-14]",0.02838186416403968,8.167361561330563e-07,0.03,EXO,REAL,2025-10-07T21:18:26.105Z,system.exo,OPS1,,,,0.0,,,,,,,,,,,,,,,,,,,,,,,,,,,,,,,,,4000.0,35.40333333
59aaf6e6-e24b-4c68-979d-5c4afad3fb93,U//PR-EXO-SV,2025-10-07 20:46:59.635333,45465,45465,45465,False,-11757.67915258951,40672.78719738471,501.09166400033,-2.939318893586222,-0.843064844834839,-0.155263455280512,"[0.00041255075143, 0.00017895711777, 0.00012680865143, 1.636274721e-05, 1.0957721052e-05, 0.00026142855728, 1.3768895407e-09, 2.7656632554e-09, 3.2838204375e-10, 1.1870319207e-13, 1.0171769064e-08, 9.304102070899999e-09, 1.2163494206e-09, 1.9052159434e-13, 9.3424232536e-13, 2.0089323052e-10, 3.0282591651e-10, 1.3157918724e-10, 2.3948989968e-15, 2.2237771945e-14, 1.7180473744e-13]",0.02829819711819112,1.106684351958588e-06,0.0204,EXO,REAL,2025-10-07T21:12:26.185Z,system.exo,OPS1,,,,0.0,,,,,,,,,,,,,,,,,,,,,,,,,,,,,,,,,6200.0,35.02733333
aef92ea3-4685-4f40-8367-781e263dc292,U//PR-EXO-SV,2025-10-07 20:46:21.908883,39172,39172,39172,False,12704.23064385426,-40206.60134430447,-27.25971111433,2.931823347768144,0.9257854851048241,-0.007495801363193001,"[0.0032282723499, 0.0011484664381, 0.028810845344, 2.4841863796e-05, 0.0018974589288, 0.0017100906715, 3.3113950817e-08, 8.9581201093e-08, 6.6888202363e-09, 7.9423311728e-12, 3.6285165675e-08, 2.8196013271e-06, 1.8648454033e-07, 5.3189063751e-12, 2.8128765681e-10, -7.2250887448e-10, -1.3494635754e-08, 2.9579568194e-08, -7.3384261651e-14, -1.2865177948e-12, 1.180291243e-11]",0.1837095761396232,1.735029972112298e-05,0.0403,EXO,REAL,2025-10-07T21:30:27.540Z,system.exo,OPS1,,,,0.0,,,,,,,,,,,,,,,,,,,,,,,,,,,,,,,,,6140.0,63.11426667
3fa2414d-5120-4836-b38e-e3f2c6454f03,U//PR-EXO-SV,2025-10-07 20:46:14.936280,34710,34710,34710,False,18716.73553328755,38508.88669201102,-631.78487127545,-2.74085368523817,1.331179981317231,0.125066348544916,"[0.00046327648797, -0.00019660661616, 0.0001120329446, -9.531978823099998e-06, 9.1389185176e-06, 0.00021940042201, 4.0038264356e-09, 7.0433822106e-10, 2.1891454103e-11, 2.7838177161e-13, 4.1725707227e-09, -1.0013534348e-09, -1.1709606098e-10, 1.8886074695e-13, 2.4677666375e-13, -1.5854378537e-10, 2.0567770015e-11, 2.5406946638e-10, -2.2040948676e-15, -8.2509408742e-15, 1.3172842552e-13]",0.02819059869140774,8.104855710498491e-07,0.0471,EXO,REAL,2025-10-07T23:57:26.133Z,system.exo,OPS1,,,,0.0,,,,,,,,,,,,,,,,,,,,,,,,,,,,,,,,,5922.0,44.7692
9d0a8dd4-812e-44d2-b46c-b4fe588ffe12,U//PR-EXO-SV,2025-10-07 20:46:14.936280,42695,42695,42695,False,17643.85985891882,38302.99499875501,-81.98958973846999,-2.792319521848419,1.285843885187254,0.010759224431173,"[0.00067574453165, -0.00018321025825, 0.00013123768921, 8.761874071399999e-06, 4.461629221e-06, 0.00025611880151, 1.3901769343e-08, 3.822804928e-09, 7.6430207859e-10, 1.027754193e-12, 1.0054998734e-08, 8.3702818903e-10, 4.0019800517e-10, 6.1775535797e-13, 4.8441383987e-13, 2.5661492951e-11, 1.4331389829e-10, 1.6391694345e-10, 1.268675681e-14, 1.7460342721e-15, 1.3817780511e-13]",0.03260522998492726,1.28465786806449e-06,0.0252,EXO,REAL,2025-10-07T21:39:36.558Z,system.exo,OPS1,,,,0.0,,,,,,,,,,,,,,,,,,,,,,,,,,,,,,,,,2230.0,8.525533333
77c12f42-fd6b-4b3c-be31-7bfbeb731ef7,U//PR-EXO-SV,2025-10-07 20:46:12.919191,41836,41836,41836,False,-13527.16350259021,39939.15502007541,14.18448601226,-2.911804237863087,-0.986597174214533,0.007162298052405001,"[0.00050967047908, 0.00029184919629, 0.00025977603009, 8.946071120199999e-06, 1.2929730581e-05, 0.00023734446634, 2.3940271281e-09, 4.867610803700001e-09, 3.5515543015e-10, 1.7712512962e-13, 1.8045512124e-08, 2.0054708376e-08, 1.1091431556e-09, 3.6620084638e-13, 1.8782342551e-12, -1.7003919697e-10, -7.9253755512e-11, 3.9593106635e-11, 2.1060453183e-15, -8.8758889723e-15, 1.8287058412e-13]",0.03172996967395336,1.496071511940522e-06,0.0245,EXO,REAL,2025-10-07T21:24:27.790Z,system.exo,OPS1,,,,0.0,,,,,,,,,,,,,,,,,,,,,,,,,,,,,,,,,3500.0,63.55066667
e8e7fd70-0059-4c71-be7a-9d1d932b3c66,U//PR-EXO-SV,2025-10-07 20:46:04.769205,39157,39157,39157,False,17274.80230518948,38472.53276618771,-42.44449204779,-2.804392520371879,1.25912506826199,0.004126509408461,"[0.0034403430301, 0.0025770888001, 0.0028761903831, 4.9447582585e-05, 3.2036862922e-05, 0.00029762632423, 2.7544251618e-07, 2.5682344207e-07, 4.0532270822e-09, 2.4955382454e-11, 3.0280003317e-07, 2.8868525819e-07, 3.660618884e-09, 2.7512345209e-11, 3.1076264042e-11, -8.030750401399999e-09, -7.862377659000001e-09, -2.0107737681e-09, -7.2597533956e-13, -8.5697669305e-13, 3.0971801654e-13]",0.08132748451433869,7.506088496183615e-06,0.0247,EXO,REAL,2025-10-07T21:48:29.956Z,system.exo,OPS1,,,,0.0,,,,,,,,,,,,,,,,,,,,,,,,,,,,,,,,,5234.0,34.06333333
43c29146-1d9c-45a7-9fe0-1674c53826f3,U//PR-EXO-SV,2025-10-07 20:46:04.769205,45985,45985,45985,False,18193.31692226698,38036.89952270601,-57.28472706746,-2.773708108831677,1.32672801865345,0.00546255573183,"[0.0050053245302, 0.0030785705997, 0.0030966435353, 2.7496311752e-05, -3.0121896723e-06, 0.00040208931517, 3.9053449628e-07, 3.0641878201e-07, 1.466504892e-09, 3.4361383987e-11, 3.9079737803e-07, 3.1171337846e-07, 5.4533726501e-10, 3.445502746e-11, 3.5224102507e-11, -8.266024701600001e-09, -6.423112169100001e-09, -2.259468316e-09, -7.0886569221e-13, -7.5484144322e-13, 4.619978568e-13]",0.0922174461838431,8.369437516990015e-06,0.026,EXO,REAL,2025-10-07T21:51:29.832Z,system.exo,OPS1,,,,0.0,,,,,,,,,,,,,,,,,,,,,,,,,,,,,,,,,2280.0,16.9873
88607a42-8f7a-4a45-b3fa-1b35bcb8ed9e,U//PR-EXO-SV,2025-10-07 20:46:04.769205,59479,59479,59479,False,18269.4592051149,38727.1700763287,-417.02679127482,-2.755858029791262,1.291263052954928,0.078973178830085,"[0.00029753898763, -0.00013400440849, 6.782879448600001e-05, -2.8855981959e-06, 3.6633167366e-06, 0.00019159622773, 9.9805015083e-10, 1.682174531e-10, 7.5620213891e-12, 6.8231973905e-14, 1.1735524385e-09, -3.430828134e-10, -2.1918746324e-11, 4.8867113653e-14, 7.3240811409e-14, -3.0156913945e-11, 5.2488343078e-12, 2.2132196518e-11, 7.8270408313e-17, -1.4343949042e-15, 4.8859968141e-14]",0.0236000849542115,4.362714217720432e-07,0.0055,EXO,REAL,2025-10-08T00:15:26.952Z,system.exo,OPS1,,,,0.0,,,,,,,,,,,,,,,,,,,,,,,,,,,,,,,,,2400.0,7.853981634
b3144783-2513-4295-aa37-5834578f4157,U//PR-EXO-SV,2025-10-07 20:45:39.783825,23967,23967,23967,False,24358.19524988204,-33593.59807631844,-7633.71541542485,2.502514472665274,1.774869290758759,0.168872997687689,"[0.00044487051702, 0.00026049186514, 0.00022145505487, 2.9500236969e-05, -1.2601529937e-05, 0.00020915804133, -6.9080641543e-09, 1.1412760448e-09, 9.8383558478e-10, 6.496528740400001e-13, 4.0547659725e-09, 1.342290395e-09, 7.493876794399999e-11, -2.6607400565e-13, 2.1194024992e-13, 1.1490281603e-09, 2.0748344597e-10, -1.0948875969e-09, -9.6994552103e-14, 3.622515711099999e-14, 1.314416914e-13]",0.02958857234169976,9.965113222437565e-07,0.018,EXO,REAL,2025-10-07T21:57:28.228Z,system.exo,OPS1,,,,0.0,,,,,,,,,,,,,,,,,,,,,,,,,,,,,,,,,1347.87,58.81043193
b68338e4-98b1-4201-b248-71ff5fc6b0bd,U//PR-EXO-SV,2025-10-07 20:44:59.824275,39375,39375,39375,False,41932.95773859931,1989.9550630543,-3817.55399693489,-0.138260976736086,3.071255577368662,0.085161557196892,"[2.781792784e-05, -2.8493726005e-05, 0.00058163573825, 2.0106648669e-05, 1.0464754953e-05, 0.0002339136847, -1.2111955718e-09, -5.637889474e-09, -1.772140276e-10, 6.643542311200001e-13, -1.8413773335e-09, -2.6612688628e-10, 5.2528332215e-11, 1.4614652964e-13, 1.4301411228e-13, -7.7821338422e-11, 7.0959737945e-10, -4.898186047299999e-10, -1.1587797144e-14, -1.1811316963e-14, 3.7537382447e-13]",0.0290407877095302,1.087539501751546e-06,0.0169,EXO,REAL,2025-10-07T21:03:27.588Z,system.exo,OPS1,,,,0.0,,,,,,,,,,,,,,,,,,,,,,,,,,,,,,,,,2500.0,18.27809693
65c09636-c784-44c3-ad36-0e48ed6de9d1,U//PR-EXO-SV,2025-10-07 20:44:59.824275,54219,54219,54219,False,41468.15635818183,1894.82090343044,-3314.92971593897,-0.131676565786905,3.087425971314174,0.126056706443336,"[6.8754727313e-05, -6.4561221525e-05, 0.00057782758182, 1.9209697396e-05, 1.1514923633e-05, 0.00029556354912, -1.5418934054e-09, -6.5485693461e-09, -6.3813380349e-10, 1.5458014973e-12, -4.7503675025e-09, 2.3852100996e-09, 3.3062972098e-10, 2.1338156081e-13, 3.5290593557e-13, -4.3546845279e-10, 9.0950558988e-10, -1.9682868769e-09, -3.4967677431e-14, -2.0204841833e-14, 8.5448077012e-13]",0.03069439457381428,1.659273396095411e-06,0.0132,EXO,REAL,2025-10-07T21:06:27.953Z,system.exo,OPS1,,,,0.0,,,,,,,,,,,,,,,,,,,,,,,,,,,,,,,,,500.0,3.053558553
b3b5e2c8-5b49-4ed8-8a98-ce20df5287aa,U//PR-EXO-SV,2025-10-07 20:44:59.013819,62852,62852,62852,False,42148.09329425517,-878.77625867454,-180.42235969432,0.06439881927675399,3.074318072180203,-0.001356330500841,"[0.00032203862589, -0.00026337860297, 0.00073725263079, 2.9062293595e-05, -2.3715707836e-05, 0.00033186010908, -1.0232901676e-08, -1.7666672886e-08, -6.7772924322e-10, 4.1905777516e-12, -2.2879843576e-08, 1.8580673062e-08, -1.9564148289e-09, 7.985042107400001e-13, 1.6311872139e-12, -2.2953815505e-09, 2.4844328674e-09, 2.8270201058e-09, 2.5326285645e-13, 1.6997790334e-13, 2.2605637736e-12]",0.03729814158587529,2.842943674978455e-06,0.0158,EXO,REAL,2025-10-07T21:09:29.774Z,system.exo,OPS1,,,,0.0,,,,,,,,,,,,,,,,,,,,,,,,,,,,,,,,,6100.0,50.75506667
dc663777-2271-4411-a455-e80f98fb8a52,U//PR-EXO-SV,2025-10-07 20:44:54.740094,60606,60606,60606,False,3054.47871183307,42058.26380346647,160.85735263628,-3.064648565872027,0.222952642410047,-0.097835789057606,"[0.00046432086984, 1.7480997895e-05, 3.508169350499999e-05, 4.1124362304e-06, 2.8382483539e-06, 0.00046487046548, 4.2293295127e-09, 2.8613664602e-09, 3.9646843598e-10, 2.5141634669e-13, 7.2991446286e-09, 2.8473576079e-09, 5.0402849573e-10, 2.7834848454e-13, 4.7935833781e-13, 8.8106589133e-11, 1.081192473e-10, -6.240451649900001e-11, 4.8470975541e-15, 7.3613384968e-15, 1.2605609103e-13]",0.0310527459144115,9.256515410941637e-07,0.023,EXO,REAL,2025-10-07T21:00:31.409Z,system.exo,OPS1,,,,0.0,,,,,,,,,,,,,,,,,,,,,,,,,,,,,,,,,5000.0,34.06333333
aeaa731a-0843-4164-bd2f-7c9e5b8596eb,U//PR-EXO-SV,2025-10-07 20:44:54.740094,62006,62006,62006,False,3088.07342138727,41970.19146487249,-23.14163338126,-3.06912838008842,0.225953006203029,0.00672335521286,"[0.00049949563066, 2.7044675347e-05, 4.2284624314e-05, 4.494488373800001e-06, 3.527713497e-06, 0.00026528263821, 5.2575015521e-09, 3.525419474e-09, 2.9642816041e-10, 3.1314112401e-13, 8.7007969329e-09, 3.8861607604e-09, 3.3365069656e-10, 3.7136146384e-13, 5.9201364943e-13, -5.7008103315e-11, 1.9710177557e-11, 1.3865345365e-10, 1.2388457658e-15, -1.8288523135e-15, 9.274548093e-14]",0.02840885237358243,9.989495754891736e-07,0.0178,EXO,REAL,2025-10-07T21:00:31.410Z,system.exo,OPS1,,,,0.0,,,,,,,,,,,,,,,,,,,,,,,,,,,,,,,,,4000.0,39.42333333
1ef0a715-9fe9-4a53-9ccf-9ca456018d9e,U//PR-EXO-SV,2025-10-07 20:44:54.740094,41944,41944,41944,False,3221.20418621564,42049.65964034829,-23.6356941156,-3.065105484028544,0.234257094352045,0.006194570121144,"[0.0014876228355, 0.0013613708045, 0.0022263241324, 3.5398774223e-05, 4.3736857952e-05, 0.00038324468028, 7.2122099992e-08, 1.0658329874e-07, 2.5215827234e-09, 5.3552122637e-12, 1.5075735025e-07, 2.2897376541e-07, 4.4409227836e-09, 1.1007500507e-11, 2.4028600921e-11, -3.0599430746e-09, -4.8359525116e-09, -1.1730076716e-09, -2.1652636309e-13, -5.1482420503e-13, 3.382510249e-13]",0.06400930907438386,5.451794586152343e-06,0.038,EXO,REAL,2025-10-07T21:12:26.181Z,system.exo,OPS1,,,,0.0,,,,,,,,,,,,,,,,,,,,,,,,,,,,,,,,,3500.0,31.794
18957c0a-d590-4023-a445-02f613bc28c8,U//PR-EXO-SV,2025-10-07 20:44:53.981780,28472,28472,28472,False,18068.60820068735,-38408.51720744545,-1743.4645859291,2.764952552834634,1.307280102637035,-0.17716811026972,"[0.0008547358328399999, 0.00040039608428, 0.00022292690998, -3.5405887506e-05, -2.9430690832e-05, 0.00028303297678, -2.5828727313e-09, 8.4443047508e-10, 1.8713329008e-10, 1.9909227826e-13, 4.9224764376e-09, 3.2300540318e-09, -3.3655391047e-10, -1.038696611e-13, 3.5266974906e-13, 2.5479645318e-10, -1.0668529875e-11, 3.2018588942e-10, 3.6389969217e-15, 9.0325257182e-15, 2.5526417032e-13]",0.03688760929634773,8.983463684125405e-07,0.0305,EXO,REAL,2025-10-07T21:15:27.456Z,system.exo,OPS1,,,,0.0,,,,,,,,,,,,,,,,,,,,,,,,,,,,,,,,,4065.0,49.67786667
638e9106-ac43-4495-a0bd-fe00d117b856,U//PR-EXO-SV,2025-10-07 20:44:51.186704,63361,63361,63361,False,28224.2653369008,31333.51647090323,2740.91106860715,-2.263361042127476,2.063906488553148,-0.169130113021269,"[0.00028476165435, -0.00019461244941, 0.00018226337911, 9.9074359569e-06, -1.6540579661e-05, 0.00019255819344, 9.1896578734e-09, -3.2455747232e-09, 1.1672859208e-09, 6.2985249067e-13, 5.2366227416e-09, -4.089046059e-09, 4.6190751e-10, 2.8985550241e-13, 2.7215513905e-13, 7.6775474997e-10, -7.2329491219e-11, -1.0992498118e-09, 3.1007367484e-14, 1.4378460422e-14, 2.6390114975e-13]",0.02568235244092721,1.079772559139192e-06,0.024,EXO,REAL,2025-10-07T21:09:29.778Z,system.exo,OPS1,,,,0.0,,,,,,,,,,,,,,,,,,,,,,,,,,,,,,,,,5000.0,40.60366667
05e09dc0-5dfa-49e8-a401-61b6697afd27,U//PR-EXO-SV,2025-10-07 20:44:47.593402,46610,46610,46610,False,3359.2946372279,42101.61392306827,-7.92803251762,-3.060547553251158,0.233603288192362,0.00716338147766,"[0.00059912431898, 1.6072074624e-06, 3.1594934171e-05, 3.1830812967e-06, 2.472526246e-06, 0.00031754261153, 4.0986040382e-09, 2.5279179061e-09, 2.1292121859e-10, 2.2908171601e-13, 6.9561953942e-09, 2.8441689198e-09, 2.4638830393e-10, 2.8061878055e-13, 4.6168272203e-13, -4.7744011991e-11, 1.3304014323e-11, -4.9592392676e-11, 7.369354908399999e-16, -1.596471189e-15, 6.527816350600001e-14]",0.03079386082778513,8.69507102642641e-07,0.0172,EXO,REAL,2025-10-07T21:00:31.398Z,system.exo,OPS1,,,,0.0,,,,,,,,,,,,,,,,,,,,,,,,,,,,,,,,,4600.0,34.0633
5c15837e-583c-4b44-b661-16db41b70596,U//PR-EXO-SV,2025-10-07 20:44:35.386991,51281,51281,51281,False,26768.39745930402,32540.94754053641,-204.97576131566,-2.375038201923901,1.954236454758107,0.016817351337315,"[0.0008916353764100001, -0.00023735436541, 0.00028033959591, 2.9832376882e-05, 7.2814296882e-06, 0.00033916122397, 5.1096219144e-08, -6.893461468999999e-10, 2.4083742669e-09, 3.9649450688e-12, 1.900322027e-08, -8.9515344559e-09, 3.0088910654e-10, 1.2087549563e-12, 9.3619683632e-13, -1.5846417715e-10, 4.841498783e-10, -8.603997025e-10, 1.7604505291e-14, -1.8812023856e-14, 8.6777670186e-13]",0.03887333528641452,2.401857324442899e-06,0.0178,EXO,REAL,2025-10-07T21:09:29.770Z,system.exo,OPS1,,,,0.0,,,,,,,,,,,,,,,,,,,,,,,,,,,,,,,,,500.0,7.620666667
38d629e2-9c44-482c-9d7e-36c89eedbd3e,U//PR-EXO-SV,2025-10-07 20:44:32.933735,25501,25501,25501,False,42221.87478982928,-5111.21578436088,-4122.86895852243,0.410255975264747,2.985293741477987,0.50575208510351,"[1.7854709892e-05, 7.6366284357e-05, 0.00059751089518, 3.8512330775e-05, 3.975472309100001e-05, 0.0003482449878, -3.2155315974e-10, -1.5991397784e-09, -2.9734829841e-10, 1.7773735718e-13, -2.95217792e-10, 1.6440207003e-10, 1.3143398753e-10, -1.5341755955e-14, 2.7485770183e-14, -6.6709323289e-11, 2.3100406036e-10, -4.0965821808e-10, -9.316541232299999e-15, -1.0341663058e-14, 9.1681596329e-14]",0.03104207777955593,5.448896435903329e-07,0.0235,EXO,REAL,2025-10-07T21:42:27.788Z,system.exo,OPS1,,,,0.0,,,,,,,,,,,,,,,,,,,,,,,,,,,,,,,,,1529.24,28.45905
f66660ad-7b97-43b8-ad46-0063c2ea43f8,U//PR-EXO-SV,2025-10-07 20:44:27.194881,39613,39613,39613,False,-12593.73516432365,40239.05466209184,7.47954664768,-2.93431262711247,-0.918357895710822,0.006400123916059,"[0.00044501782115, 0.00024873122312, 0.00020766641958, 7.8974743863e-06, 9.8501735444e-06, 0.00017428549638, 2.6433431134e-09, 4.0760404105e-09, 2.633089289e-10, 1.3649471017e-13, 1.6542818963e-08, 1.6902765152e-08, 8.8022846185e-10, 3.2726621987e-13, 1.6380724497e-12, -1.5829821726e-10, -1.0001460431e-10, -6.9531589785e-11, -1.3953062487e-16, -1.0106608778e-14, 1.4134064417e-13]",0.02875708151238578,1.384163214378998e-06,0.032,EXO,REAL,2025-10-07T21:24:27.788Z,system.exo,OPS1,,,,0.0,,,,,,,,,,,,,,,,,,,,,,,,,,,,,,,,,1326.0,16.98733333
807e19b6-3814-47fc-a224-081090fd8bec,U//PR-EXO-SV,2025-10-07 20:44:17.705010,58990,58990,58990,False,27354.78258594019,32093.84163236436,-88.53022959621,-2.339759832957719,1.994222615009384,0.005839070872674,"[0.0013133283668, -0.00051827332162, 0.00044096291319, 3.2152819481e-05, 1.9640628651e-06, 0.0007737350412900001, 6.7405036951e-08, -7.3368190375e-09, 2.6288066971e-09, 5.262740448099999e-12, 2.8597480393e-08, -8.976691157e-09, 7.5996193754e-10, 1.9513796803e-12, 1.0238346512e-12, 3.2140868676e-11, 6.6109948242e-10, 2.6637367936e-09, 4.4040164461e-14, -7.944037420799999e-15, 3.5487747328e-13]",0.05027948211030022,2.577101583674963e-06,0.013,EXO,REAL,2025-10-07T21:48:29.982Z,system.exo,OPS1,,,,0.0,,,,,,,,,,,,,,,,,,,,,,,,,,,,,,,,,2275.0,8.525533333
aac2563f-a9bd-4fe1-be61-f49234f6ba1c,U//PR-EXO-SV,2025-10-07 20:44:11.137032,41945,41945,41945,False,10399.93666676999,-40862.25312337744,-9.36122807184,2.979545742616804,0.75849965521064,-0.007913549316647,"[0.011365040106, 0.002697794948, 0.024339348162, -2.5581548348e-05, 0.0016304453259, 0.0030707319039, 2.7413488721e-08, 1.2284535828e-07, 9.138811187e-09, 1.0584125624e-11, -9.5538309966e-09, 2.3493956719e-06, 1.6188282566e-07, 7.1914427075e-12, 2.3808255539e-10, -4.4082736394e-10, -5.653829736800001e-09, 2.5639636427e-08, -6.5541899961e-14, -5.0346932868e-13, 1.3942700837e-11]",0.1969139918134311,1.620522699165303e-05,0.0,EXO,REAL,2025-10-07T21:36:28.285Z,system.exo,OPS1,,,,0.0,,,,,,,,,,,,,,,,,,,,,,,,,,,,,,,,,6300.0,46.48493333
8f3cc114-a79b-46ed-8486-d63117d2b381,U//PR-EXO-SV,2025-10-07 20:44:03.633713,59069,59069,59069,False,42156.64966547237,775.32875855833,-64.52843727084,-0.056172748428036,3.074263830476505,5.7272068196e-05,"[0.018526435833, -0.0021323773278, 0.00091190884624, 0.0011971738417, -0.00014445051233, 0.0006502409753499999, 1.9666348022e-06, -2.4229791936e-07, 1.2745658016e-07, 2.1340286389e-10, -2.3220707322e-08, 6.068033567e-08, -3.0591680373e-09, -8.541618502099999e-12, 1.5785632852e-11, 2.5272838659e-08, -5.650169222e-09, 3.2654807899e-08, 3.3634809431e-12, -1.3109800701e-12, 4.3717519647e-12]",0.1417342077784682,1.528267806069015e-05,0.0156,EXO,REAL,2025-10-07T21:03:27.605Z,system.exo,OPS1,,,,0.0,,,,,,,,,,,,,,,,,,,,,,,,,,,,,,,,,4000.0,17.67066667
0c96cc28-53bf-4a13-ba2f-ba9ee346af89,U//PR-EXO-SV,2025-10-07 20:44:02.520060,22041,22041,22041,False,25233.51437232453,-33387.56201259367,-6629.06296704084,2.465890269604677,1.740898667410673,0.560257520572143,"[0.00041716627324, 0.00028754486357, 0.00027710373094, 1.6497638509e-05, -0.00024484291627, 0.001299846849, -3.1143028305e-09, 1.7044998836e-10, -1.5381240741e-10, 2.6758663814e-13, 1.8504601572e-09, 7.6981437559e-10, 4.1648239987e-10, -1.2212999906e-13, 1.1820432225e-13, 2.9047305732e-10, 3.2423478975e-10, -3.8298923227e-10, -1.8198455305e-14, -2.3000469353e-15, 9.5781094249e-14]",0.04465553552674069,6.939539283259372e-07,0.0117,EXO,REAL,2025-10-07T21:09:29.690Z,system.exo,OPS1,,,,0.0,,,,,,,,,,,,,,,,,,,,,,,,,,,,,,,,,2101.09,23.8702275
7af2cac0-c197-4801-8ed3-76a3bf885093,U//PR-EXO-SV,2025-10-07 20:44:02.021169,39504,39504,39504,False,12033.38942939254,-40297.94976575622,-2768.34167363205,2.947863510768988,0.8782268297296529,0.002037233865289,"[0.00063773130869, 0.001173224126, 0.0075041567613, 7.7409067473e-05, 0.00048871761634, 0.00027463679866, 2.6869328065e-08, 2.5015417204e-07, 1.6951594043e-08, 8.8369911525e-12, 9.598555223799999e-08, 5.275944915100001e-07, 3.4753678667e-08, 1.6944904227e-11, 3.8021527641e-11, 3.6941606854e-09, 8.0342676114e-09, 1.4799569589e-08, 3.1247082751e-13, 4.8060906213e-13, 3.1617571629e-12]",0.09174162015492204,7.072501393170594e-06,0.0294,EXO,REAL,2025-10-07T21:21:27.980Z,system.exo,OPS1,,,,0.0,,,,,,,,,,,,,,,,,,,,,,,,,,,,,,,,,3454.0,43.35633333
5f89790e-21be-41b3-8a63-f50d643d8950,U//PR-EXO-SV,2025-10-07 20:43:55.863890,37816,37816,37816,False,32382.99239063009,-27027.02464057882,-103.68092017239,1.9705834389929,2.358693332523233,-0.00376818740096,"[0.0037249103774, -0.0038541221774, 0.009156421604900001, 0.00025916741543, -0.00043895462432, 0.001438261485, 2.3294051801e-07, -3.7054530816e-07, 1.9634340798e-08, 2.4966048728e-11, -4.6866540978e-07, 7.972213029900001e-07, -4.2549300313e-08, -3.8405883182e-11, 7.876826667e-11, -6.8511593136e-09, 1.2983331638e-08, 3.0978616446e-08, -4.3018900537e-13, 1.2013073783e-12, 1.480561206e-11]",0.1196645037899711,1.088760430296767e-05,0.0375,EXO,REAL,2025-10-07T21:15:27.461Z,system.exo,OPS1,,,,0.0,,,,,,,,,,,,,,,,,,,,,,,,,,,,,,,,,4600.0,46.9264
2fad415a-b4cb-4316-86b1-b91b2422026a,U//PR-EXO-SV,2025-10-07 20:43:45.776638,42950,42950,42950,False,26758.76210461025,-32592.26294914579,-46.09437136658,2.376511307788703,1.950190150736685,-0.006196880607227001,"[0.000210478253, 8.6968574019e-05, 0.0010407600809, -1.1732094333e-06, 4.9409996569e-06, 0.00037273225088, -1.0711746161e-08, 2.1634263008e-08, 2.1448720657e-10, 1.608655234e-12, 5.1544453857e-09, 5.123237549000001e-08, 2.651362672e-10, 6.0891530007e-13, 2.9485390879e-12, 3.7675264625e-11, -3.5722686768e-10, 2.2316069583e-09, -3.957906782e-14, 1.377486868e-14, 1.018383927e-12]",0.04029851839435291,2.361266238461898e-06,0.0341,EXO,REAL,2025-10-07T21:06:27.947Z,system.exo,OPS1,,,,0.0,,,,,,,,,,,,,,,,,,,,,,,,,,,,,,,,,6538.0,65.36906667
d797f3e9-728c-4839-a9d1-0daeb884941e,U//PR-EXO-SV,2025-10-07 20:43:41.491326,33453,33453,33453,False,20123.82766534694,-37440.79464824581,-921.6485644091699,2.694115419275831,1.45159020594912,-0.100327603454299,"[0.0015927404296, 0.00083855633097, 0.00050078348558, -4.5617692544e-05, -3.2320896823e-05, 0.00035604343083, -6.339044175e-09, 4.1519566637e-10, 2.7264270161e-10, 4.4112261787e-13, 9.0175751968e-09, 5.6032709709e-09, -3.4194681014e-10, -2.9973042209e-13, 6.3570098218e-13, 2.5571980555e-10, -1.3063791575e-10, 3.6856888618e-10, -1.1320838111e-14, 1.1444751454e-14, 3.6782134649e-13]",0.04949310402480329,1.201933836174022e-06,0.0343,EXO,REAL,2025-10-07T21:27:27.472Z,system.exo,OPS1,,,,0.0,,,,,,,,,,,,,,,,,,,,,,,,,,,,,,,,,5625.0,51.52266667
f601af23-9caa-4b7f-976b-88ba67cd726a,U//PR-EXO-SV,2025-10-07 20:43:41.491326,11669,11669,11669,False,19987.07393656329,-37167.44393025785,-809.43204361111,2.694551501734314,1.433493689036725,0.346324851305341,"[0.00076386317984, 0.00039466254528, 0.00022241557783, 5.4405908371e-05, 1.7713595381e-05, 0.00048128611445, -3.1054818187e-09, -2.7478647703e-10, -3.5097666466e-10, 1.7526376396e-13, 3.7692694919e-09, 1.9192962836e-09, 4.6248271532e-10, -1.3688862993e-13, 2.4301812574e-13, -2.748695797e-11, 1.4313571518e-10, 1.9918943214e-10, -4.4183011018e-15, -3.8192690125e-15, 1.4222797081e-13]",0.03830880932788176,7.486720647319492e-07,0.0151,EXO,REAL,2025-10-07T21:30:27.511Z,system.exo,OPS1,,,,0.0,,,,,,,,,,,,,,,,,,,,,,,,,,,,,,,,,996.04,11.30764165
33678802-5a47-410f-93aa-ae40bf8cc5e0,U//PR-EXO-SV,2025-10-07 20:43:36.559710,41840,41840,41840,False,36042.3368120384,25787.01998208309,-3811.05164935233,-1.581697925443214,2.503200086250866,0.366075887215991,"[0.00014945164253, -0.00019810175593, 0.00029724324997, 4.1027604301e-06, 3.0987816189e-05, 0.00025461357736, 1.3394760625e-09, -1.0563272802e-09, -3.3911766954e-10, 1.3885143801e-13, 4.1159554683e-10, -1.4253146367e-09, -1.0329747772e-10, 4.7756192228e-14, 7.0879431347e-14, -2.4382376141e-10, 1.0372740173e-10, -4.7650216821e-10, 4.6879523803e-16, -9.7849356204e-15, 1.2173723037e-13]",0.02648222932194343,5.757326634185348e-07,0.006599999999999999,EXO,REAL,2025-10-07T21:39:36.555Z,system.exo,OPS1,,,,0.0,,,,,,,,,,,,,,,,,,,,,,,,,,,,,,,,,2000.0,17.60862682
5462a7ef-ad4a-4354-bf03-60b1f975c6ed,U//PR-EXO-SV,2025-10-07 20:42:59.921164,61995,61995,61995,False,8652.831740467509,-41007.72170008082,-187.49066991626,3.0151588232593,0.6525003258637659,-0.053095342986948,"[0.00065881859777, 8.2800532436e-05, 4.718439199600001e-05, -7.3314470249e-07, -3.9253460569e-06, 0.00036521664013, -6.6756563593e-09, 2.3022258838e-09, -1.5908060043e-10, 3.5773699017e-13, 1.1479515734e-08, -5.7935359876e-10, 3.4455061792e-11, -3.8605710276e-13, 7.4478603272e-13, 1.5192382206e-10, -2.6059362534e-11, 1.3507486095e-10, -3.6176445673e-15, 7.511548239599998e-15, 1.2801529272e-13]",0.03272949174515242,1.109296315512677e-06,0.0121,EXO,REAL,2025-10-07T21:33:27.116Z,system.exo,OPS1,,,,0.0,,,,,,,,,,,,,,,,,,,,,,,,,,,,,,,,,0.0,0.0
48773557-ed19-488c-8e0d-d2692f28c27d,U//PR-EXO-SV,2025-10-07 20:42:52.972740,45344,45344,45344,False,28664.52044845031,30925.614738276,107.47047216407,-2.251702792363714,2.087532195556198,0.157904600226441,"[0.00046026806886, -0.00024354086719, 0.00029243385369, -5.087877664599999e-06, 1.3121500959e-05, 0.00026573125876, 2.1369725857e-08, -3.0622290038e-09, 5.7375376629e-11, 1.7275652567e-12, 8.9405426562e-09, -8.7835822604e-09, -6.3623610454e-10, 5.633018726600001e-13, 6.686968070399999e-13, -4.6755534986e-10, 1.4727517383e-10, -6.9168661282e-10, 1.1010197049e-14, -3.9742463171e-14, 9.8342505086e-13]",0.03191289992009501,1.838392535504863e-06,0.0216,EXO,REAL,2025-10-07T20:57:26.877Z,system.exo,OPS1,,,,0.0,,,,,,,,,,,,,,,,,,,,,,,,,,,,,,,,,3060.0,13.9977
85e363fe-43a8-471a-a2b6-234caf7c2a23,U//PR-EXO-SV,2025-10-07 20:42:52.972740,45986,45986,45986,False,28675.87241030956,30897.6019584211,-72.71525550976,-2.254136850793857,2.092194678228748,0.003604638714006,"[0.016436420182, 0.012334692521, 0.010855485016, 0.0007960355738, 0.00062165554403, 0.000662618104, 1.6996358359e-06, 1.3437263331e-06, 8.361731103e-08, 1.7902233969e-10, 1.1029657732e-06, 8.8640725648e-07, 5.2799658086e-08, 1.1638914303e-10, 7.835921990799999e-11, -6.1619518434e-08, -5.0158807617e-08, -1.0157353384e-08, -6.4970451692e-12, -4.506042057299999e-12, 1.2856942486e-12]",0.1671960624596166,1.608313569695288e-05,0.0336,EXO,REAL,2025-10-07T21:42:27.811Z,system.exo,OPS1,,,,0.0,,,,,,,,,,,,,,,,,,,,,,,,,,,,,,,,,2110.0,16.9873
6fabf41a-3a42-4f3d-946d-d18a6ef09186,U//PR-EXO-SV,2025-10-07 20:42:52.972740,41121,41121,41121,False,28551.62848387308,31038.43404903665,-105.41545532899,-2.262395443266794,2.081222665559671,0.005706880069233,"[0.0077377599749, 0.0054161552426, 0.0049652870212, 0.00025837531288, 0.00018805407841, 0.00050103270254, 7.929001475700001e-07, 6.075218852599999e-07, 2.6885844736e-08, 8.3836117028e-11, 4.74845509e-07, 3.7018125713e-07, 1.5178136382e-08, 5.0370175245e-11, 3.1424726081e-11, -2.3125851845e-08, -1.8180133331e-08, -5.6196575416e-09, -2.4449332973e-12, -1.5778705108e-12, 8.7559149159e-13]",0.1149090061685332,1.077666157029114e-05,0.0,EXO,REAL,2025-10-07T21:39:36.552Z,system.exo,OPS1,,,,0.0,,,,,,,,,,,,,,,,,,,,,,,,,,,,,,,,,2500.0,24.42290762
cdc3b9c7-b496-4acc-943e-0716b26db361,U//PR-EXO-SV,2025-10-07 20:42:37.548966,53813,53813,53813,False,27940.97594005279,31597.50998469311,-88.69046997894,-2.301969951651805,2.03670405824806,0.006481667111573,"[0.0003641390967, -0.00026692665904, 0.00024676427555, 2.9419279841e-06, 1.2222054237e-06, 0.00019208752473, 8.0542833716e-09, -2.5320246316e-09, 2.4621757606e-10, 5.4722273271e-13, 4.647964269600001e-09, -3.8442827525e-09, 5.3986178201e-12, 2.4423810812e-13, 2.6108255721e-13, -1.5225140281e-10, 1.8298711781e-10, 2.6240877828e-11, -3.2341683803e-15, -8.3599720763e-15, 1.7897866064e-13]",0.02833709401085439,9.936216335003984e-07,0.0245,EXO,REAL,2025-10-07T21:36:28.299Z,system.exo,OPS1,,,,0.0,,,,,,,,,,,,,,,,,,,,,,,,,,,,,,,,,5000.0,34.06333333
365bc72b-c044-4270-8a2a-19582183ec29,U//PR-EXO-SV,2025-10-07 20:42:32.390756,42917,42917,42917,False,-2990.85263702753,42062.58065755265,-46.98110143435,-3.066526653630519,-0.218641213018174,0.009087473669319,"[0.00040739172742, 5.7962983973e-05, 2.9374325969e-05, 1.615144715e-06, 2.0626768975e-06, 0.00022667329664, 1.7420583258e-09, 1.6291840979e-09, 1.1083244775e-10, 9.858968233e-14, 4.684477047499999e-09, 2.8254060989e-09, 1.7337552638e-10, 1.5256831949e-13, 3.6796661812e-13, -3.3824098371e-11, 4.983680653399999e-12, -8.1953922252e-12, 7.9186624197e-16, -9.2695202675e-16, 5.7925347941e-14]",0.02575731643686896,7.242110523811412e-07,0.0222,EXO,REAL,2025-10-07T21:57:28.249Z,system.exo,OPS1,,,,0.0,,,,,,,,,,,,,,,,,,,,,,,,,,,,,,,,,4700.0,35.9524
7ec1cc9f-739b-4986-bff1-d72479bf4a3d,U//PR-EXO-SV,2025-10-07 20:42:32.390756,41748,41748,41748,False,-2501.56932389961,42202.89540076789,52.01643200728,-3.060872708280161,-0.182204769721806,0.055864227208205,"[0.00041368426431, 3.3224962932e-05, 1.001815824e-05, -2.6822097309e-06, -1.7469781757e-08, 0.00023031617529, 5.2989901842e-10, 5.365569954099999e-10, 3.0495444701e-11, 3.4134670649e-14, 1.6206426135e-09, 8.082036796400001e-10, 2.4672740991e-11, 4.410666675800001e-14, 1.2129606581e-13, -1.9248364359e-11, -8.4317413301e-12, 5.040513651299999e-11, 6.556621590300001e-17, -1.0583485967e-15, 2.893123563e-14]",0.02557378731904995,4.293739303788715e-07,0.011,EXO,REAL,2025-10-07T23:00:26.051Z,system.exo,OPS1,,,,0.0,,,,,,,,,,,,,,,,,,,,,,,,,,,,,,,,,6552.0,59.95266667
ad64b2bb-9d09-4d92-b70e-ba0cc022b4b4,U//PR-EXO-SV,2025-10-07 20:42:29.907245,23949,23949,23949,False,41682.27200171354,-3758.13492681653,-5285.957149882051,0.335400049195572,3.014600808819984,0.491610649485558,"[7.896786777699999e-05, 8.9619591587e-05, 0.0007474786669000001, 5.0869564351e-05, 5.599868752999999e-05, 0.00037755645148, -9.6727784052e-09, -6.261452126500001e-09, -7.6928668099e-10, 2.4675149603e-12, -3.6295115812e-09, -6.6197752458e-10, 7.208715140500001e-10, 3.9715756298e-13, 2.4313659154e-13, -1.8822750289e-10, 1.3544130295e-09, -2.9946705073e-09, -4.9993325298e-14, -1.1351937251e-13, 6.9761080167e-13]",0.03469874617557528,1.846147977143219e-06,0.026,EXO,REAL,2025-10-07T21:42:27.784Z,system.exo,OPS1,,,,0.0,,,,,,,,,,,,,,,,,,,,,,,,,,,,,,,,,1068.38,2.935135738
b7be7468-9e80-4171-8ff7-f63c7c13fd8c,U//PR-EXO-SV,2025-10-07 20:42:29.907245,27508,27508,27508,False,42277.80205147895,-3881.34810467571,-4890.96629401572,0.287251493223383,3.039177067997705,0.08130383701546699,"[1.2977549426e-05, 4.6876938083e-05, 0.0005380023771, 2.4933445038e-05, 6.5897830239e-06, 0.00021435400056, -4.9524560652e-10, -5.0025521417e-09, -1.5516831175e-10, 3.5837679485e-13, -3.6567099601e-10, 6.657621812e-10, 5.3011689504e-11, -3.0276438195e-14, 3.3353099036e-14, 1.5803956855e-11, 6.5437705755e-10, -2.1209123691e-10, -3.0558291801e-14, 1.4067567211e-15, 1.0103850084e-13]",0.0276646692929086,7.019746396601519e-07,0.0254,EXO,REAL,2025-10-07T23:36:27.752Z,system.exo,OPS1,,,,0.0,,,,,,,,,,,,,,,,,,,,,,,,,,,,,,,,,2700.0,17.61653333
fa647f69-f2a8-48e9-b46d-f698a6cc7679,U//PR-EXO-SV,2025-10-07 20:42:29.640740,41749,41749,41749,False,-13563.85510522725,24340.28525557289,-1114.57519339875,-0.955965087266937,-3.232356936412715,0.320838043920925,"[0.00064208773811, -0.00059564929812, 0.0019902350548, -1.8435369487e-05, 3.8405979366e-05, 0.00034830261089, 3.150286861e-08, -8.4371659328e-08, 6.3039035715e-10, 5.7277268895e-12, -1.1144589353e-07, 2.8826020363e-07, 4.020546877600001e-09, -1.2152150563e-11, 4.3512909923e-11, 1.0745762738e-08, -2.5709545692e-08, -5.2026606058e-09, 1.3440287399e-12, -3.6438111933e-12, 1.7255362892e-12]",0.05459510421090887,7.139059679096401e-06,0.0,EXO,REAL,2025-10-07T21:36:28.281Z,system.exo,OPS1,,,,0.0,,,,,,,,,,,,,,,,,,,,,,,,,,,,,,,,,5000.0,41.62708441
ab01a520-02ad-431b-983b-a3c673b08b2f,U//PR-EXO-SV,2025-10-07 20:42:29.640740,40892,40892,40892,False,-22356.88057706604,35756.27091368425,56.81704268247,-2.605984347599467,-1.630775591454378,0.008463003138472001,"[0.0002040929806, 0.00016650347019, 0.00019677305102, 2.319055697e-06, 5.5827149339e-06, 0.00019002269406, -1.4717721517e-09, -6.546838298e-10, 3.4508961941e-11, 7.1091188152e-14, 6.6858002761e-09, 1.1667948825e-08, 4.6654272882e-10, -7.4488548613e-14, 9.741436537699999e-13, -1.0542405333e-10, -7.6640394175e-11, 1.2662227754e-09, 2.2544269408e-15, -3.4526842577e-15, 1.9517107582e-13]",0.02430820284759859,1.11373512009903e-06,0.035,EXO,REAL,2025-10-07T21:00:31.388Z,system.exo,OPS1,,,,0.0,,,,,,,,,,,,,,,,,,,,,,,,,,,,,,,,,4000.0,34.06333333
e9b3b306-a975-4a30-a1d5-404a5e697a92,U//PR-EXO-SV,2025-10-07 20:42:22.396201,38552,38552,38552,False,35469.11794626114,-22589.17272999693,-3055.04517451058,1.650511210339783,2.594145628492256,-0.019918209633227,"[0.00029843361713, 0.00022694715066, 0.0006003679885400001, 1.4496804481e-05, -6.8893395391e-06, 0.00040663226124, -1.6191529191e-08, -2.0270466266e-09, 1.0217393299e-09, 1.7347706856e-12, -8.0365593282e-10, 1.2248436166e-08, 5.0784372751e-10, -8.847508056100001e-15, 6.1836836973e-13, 1.260808065e-09, 1.7956151191e-12, -8.9467402456e-10, -1.1740923635e-13, -1.8702388727e-14, 5.7556434435e-13]",0.03613078835162609,1.711345493954976e-06,0.0096,EXO,REAL,2025-10-07T21:24:27.786Z,system.exo,OPS1,,,,0.0,,,,,,,,,,,,,,,,,,,,,,,,,,,,,,,,,2035.0,10.05309649
01358642-18ca-442c-829c-85b59be85482,U//PR-EXO-SV,2025-10-07 20:42:13.790816,59346,59346,59346,False,42113.78529120101,2062.96098663254,-94.59734593646,-0.15048955228518,3.071081919829373,-0.001131145208841,"[7.2461779057e-05, -7.821996920499999e-05, 0.0004583518877, 6.0325651864e-06, -4.2790030857e-06, 0.00027476214759, -8.3821143125e-10, -8.5729661586e-09, -9.410568279800001e-11, 1.0136873244e-12, -4.881489431699999e-09, 3.1661709951e-09, -3.7260878125e-10, 1.7427551638e-13, 3.4667301969e-13, -4.8554961389e-10, 7.5944592573e-10, -5.9983354883e-10, 3.2284458942e-14, 3.4206856641e-14, 5.254904105399999e-13]",0.02838266749879229,1.373262813386425e-06,0.033,EXO,REAL,2025-10-07T21:06:27.956Z,system.exo,OPS1,,,,0.0,,,,,,,,,,,,,,,,,,,,,,,,,,,,,,,,,5000.0,58.23933333
7b66d6b5-03f8-4659-abc2-0ac3139b4caf,U//PR-EXO-SV,2025-10-07 20:42:13.790816,44800,44800,44800,False,42134.27970626279,1812.51131903369,-98.7572675752,-0.13192652176135,3.07127022401752,0.001734019144906,"[5.669292927899999e-05, -5.5342464661e-05, 0.0004488041529, 4.916056699e-06, -2.6561539063e-06, 0.00023686460377, -2.0303673466e-09, -4.0269644091e-09, -1.9004925407e-10, 6.1581377109e-13, -3.995443073699999e-09, 2.32631658e-09, -3.1332251806e-10, 1.9125054132e-13, 2.892067544e-13, -4.3440880739e-10, 6.6675493501e-10, -1.5805987463e-09, 2.595209661e-14, 2.9784698304e-14, 3.956060561e-13]",0.02724631508936575,1.140450166201926e-06,0.026,EXO,REAL,2025-10-07T21:06:27.950Z,system.exo,OPS1,,,,0.0,,,,,,,,,,,,,,,,,,,,,,,,,,,,,,,,,5600.0,33.1635
30fe0358-bcd3-46b2-bfc3-700d5ff55697,U//PR-EXO-SV,2025-10-07 20:42:10.915917,25465,25465,25465,False,16282.09559283436,-37110.65060924928,-1918.59838562723,2.252047991635955,0.344441899001394,-0.5919051279904091,"[0.00084715841762, 0.00036331717465, 0.00017541536023, -4.7546427012e-05, -5.8554386899e-05, 0.00076104631783, -1.482997506e-09, 1.2425109291e-09, 2.3892008449e-10, 2.3119094083e-13, 2.9575887837e-09, -2.0871848732e-10, -7.2502164145e-10, -2.3458943661e-13, 5.797048366300001e-13, 1.9887107006e-10, -2.3900666256e-10, -1.4955526159e-10, 2.7313259159e-14, 2.9654859287e-14, 2.4647084855e-13]",0.0422329266767057,1.02828333936226e-06,0.007700000000000001,EXO,REAL,2025-10-07T21:36:28.260Z,system.exo,OPS1,,,,0.0,,,,,,,,,,,,,,,,,,,,,,,,,,,,,,,,,2120.91,23.59650242
669e3985-1703-4ba9-8dc1-cc7f34eb0885,U//PR-EXO-SV,2025-10-07 20:42:03.444785,39233,39233,39233,False,41806.77252284124,-5548.31451376877,-92.03134140359,0.40456410087324,3.047308646471296,0.000340823749112,"[0.02755635011, -0.0049687658239, 0.002847852374, 0.0009338735699, -0.00018841636629, 0.00082585030785, 3.3540824955e-06, -7.329867987399999e-07, 1.2033591995e-07, 5.4650022677e-10, -9.5094989433e-08, 2.1266245606e-07, -1.2193232966e-08, -1.2618384485e-10, 1.3577312631e-10, -2.0642392731e-08, -9.9274003701e-09, 9.5994580934e-08, -4.231277024999999e-12, -1.9601103975e-11, 1.2105873099e-10]",0.1767202670659198,2.834311352110068e-05,0.0338,EXO,REAL,2025-10-07T21:21:27.978Z,system.exo,OPS1,,,,0.0,,,,,,,,,,,,,,,,,,,,,,,,,,,,,,,,,6310.0,32.01873333
4f682ba9-1483-4c41-98b5-4aae78882d03,U//PR-EXO-SV,2025-10-07 20:42:03.444785,43700,43700,43700,False,41828.94022039904,-5334.75188733622,-95.33631311026001,0.389323939797518,3.049742184749387,-0.002291665551652,"[6.6776086259e-05, -1.9591759787e-05, 0.00042347506037, 5.4875846028e-06, -5.7241232937e-06, 0.00024870203031, -4.1265507298e-09, -8.1580247017e-09, -2.1535345843e-10, 1.3836219171e-12, -4.5000164204e-09, 5.9466468045e-09, -3.7735093194e-10, 8.1364822227e-14, 3.643869426e-13, -4.0356356201e-10, 7.4291976269e-10, 1.0166705351e-09, 5.2748142826e-14, 3.0410029222e-14, 7.816966547e-13]",0.02718369321742357,1.590504798609548e-06,0.0348,EXO,REAL,2025-10-07T21:18:26.102Z,system.exo,OPS1,,,,0.0,,,,,,,,,,,,,,,,,,,,,,,,,,,,,,,,,5300.0,52.6586
51b4b1d3-a0f6-4243-80f9-f15ff8b7fb0c,U//PR-EXO-SV,2025-10-07 20:41:41.812233,30794,30794,30794,False,19748.89830140496,37260.17539192574,-910.66477392504,-2.70463554557002,1.439031867988656,0.247018366800506,"[0.00079262150302, -0.00021954561332, 0.00015227107765, -3.8203438377e-05, 1.9670822387e-05, 0.00019248011922, 2.2538844087e-08, 2.1434271033e-09, -7.6604425058e-10, 1.4749074836e-12, 1.5051528877e-08, -9.1141472899e-10, -7.1567663257e-10, 8.495090854399999e-13, 6.4222843606e-13, -1.6370933154e-09, -5.9376481699e-11, -6.0968412086e-11, -8.4420344232e-14, -6.4611291199e-14, 1.9213286716e-13]",0.03372495663288539,1.519627844842282e-06,0.0476,EXO,REAL,2025-10-07T21:48:29.947Z,system.exo,OPS1,,,,0.0,,,,,,,,,,,,,,,,,,,,,,,,,,,,,,,,,4635.0,41.4248
c50e0680-ece9-4cbf-b10c-b146790edc5b,U//PR-EXO-SV,2025-10-07 20:41:41.812233,39727,39727,39727,False,20071.66173317004,37090.02375186624,-646.68840502796,-2.693020656167902,1.461625324909197,0.24270042825879,"[0.0005519100966199999, -0.00013206812809, 0.00010695689054, -1.7903558079e-05, 1.0391955109e-05, 0.00020137903987, 1.8596197917e-08, 2.1820302155e-09, -4.7467167638e-10, 1.2672012128e-12, 1.2086986028e-08, -8.010575779e-10, -5.285359674699999e-10, 6.972100776600001e-13, 5.263597877599999e-13, -1.1553650292e-09, -6.3192624165e-11, 1.2071304398e-10, -5.912425575499999e-14, -4.7259138782e-14, 1.8755886629e-13]",0.02932995102331403,1.407522599054807e-06,0.0309,EXO,REAL,2025-10-07T21:48:29.959Z,system.exo,OPS1,,,,0.0,,,,,,,,,,,,,,,,,,,,,,,,,,,,,,,,,1148.0,16.98733333
fd71767a-ec38-45a9-9fd1-f5a298be4ceb,U//PR-EXO-SV,2025-10-07 20:41:41.812233,26089,26089,26089,False,19966.86752836007,37277.33587684089,-618.98130474887,-2.668306660258633,1.436718164539391,0.485426558472295,"[0.00036633841759, -0.00014651854743, 8.710983286e-05, -3.9717493921e-05, 1.888115387e-05, 0.00014655291988, 6.5942858492e-09, -1.3386114428e-11, -7.6055435526e-10, 4.1243561338e-13, 5.6192552533e-09, -1.1569594956e-09, -7.951736157300001e-10, 2.9353504325e-13, 3.0370323116e-13, -6.1873870526e-10, -5.1996668623e-11, 1.0448524429e-10, -2.3334262312e-14, -3.2111523463e-14, 1.2207094552e-13]",0.02449492131708122,9.15537978491335e-07,0.0367,EXO,REAL,2025-10-07T23:18:27.344Z,system.exo,OPS1,,,,0.0,,,,,,,,,,,,,,,,,,,,,,,,,,,,,,,,,4500.0,48.71453333
dbe22817-da0b-4b47-85fe-05eec1c686e3,U//PR-EXO-SV,2025-10-07 20:41:40.363196,2222,2222,2222,False,32019.73209477222,25761.86771304995,-1181.84868783309,-1.912071202416936,2.388137640882952,0.420583471103191,"[0.00020949392535, -0.00023594230693, 0.00030836223293, -1.6011863266e-05, 3.0860513283e-05, 0.00025699318968, 4.4051741998e-09, -2.927413701e-09, -6.8096961078e-10, 4.6168734834e-13, 2.041367164e-09, -3.2280508173e-09, -5.3863593258e-10, 2.1266200733e-13, 2.1814600775e-13, -2.5979029909e-10, 3.1074902603e-11, 2.2225096374e-10, -3.5827979437e-16, -2.6578825322e-14, 2.5485496465e-13]",0.02783611589212834,9.667928013488724e-07,0.0056,EXO,REAL,2025-10-07T23:12:27.680Z,system.exo,OPS1,,,,0.0,,,,,,,,,,,,,,,,,,,,,,,,,,,,,,,,,1950.0,14.97361599
110cfe89-77e9-4230-8405-4d9a8cbb2579,U//PR-EXO-SV,2025-10-07 20:41:03.149799,29155,29155,29155,False,9996.888660034381,-41260.95664009286,-1195.39238868357,2.970124865703358,0.741864743986382,-0.194939554898265,"[0.0027397192546, 0.0030192779592, 0.020078987808, 8.1185174167e-05, 0.0013377584869, 0.00092638448885, 5.2068337709e-08, 1.343478513e-07, 1.0530336083e-08, 7.3966333049e-12, 2.4828474815e-07, 1.9946250614e-06, 1.3672743165e-07, 1.0553063187e-11, 2.0204648643e-10, 1.5732959529e-09, 1.4220872309e-08, 4.1977979663e-08, 2.594163093e-13, 1.6331639529e-12, 1.0055839228e-11]",0.1540944241413362,1.4815497256687e-05,0.0134,EXO,REAL,2025-10-07T21:18:26.092Z,system.exo,OPS1,,,,0.0,,,,,,,,,,,,,,,,,,,,,,,,,,,,,,,,,3209.0,30.03306667
ebebad2d-9e55-4297-914b-e6aeba08b580,U//PR-EXO-SV,2025-10-07 20:40:47.950043,23720,23720,23720,False,39766.28849998305,-14442.28988092904,-1902.48600439217,1.049176638712717,2.779518734202646,0.739053741694543,"[0.00024708253366, 0.00041641266336, 0.0013067297551, 8.9200761372e-05, 0.00018028793593, 0.00069955555836, -1.8800988873e-08, 8.0620891481e-09, 1.0902947132e-09, 1.0795464962e-11, 5.3113020679e-10, 1.5362203391e-09, 2.1057401795e-10, -2.5088448653e-12, 1.0354980229e-12, -1.219621791e-09, 1.5116307102e-09, 3.7852296526e-10, 2.7744837772e-13, -3.2829985862e-13, 1.3450004872e-12]",0.0474696518537897,3.629870999374496e-06,0.0119,EXO,REAL,2025-10-07T21:15:27.450Z,system.exo,OPS1,,,,0.0,,,,,,,,,,,,,,,,,,,,,,,,,,,,,,,,,2120.91,23.59650242
d5e9bd1d-f8e0-424a-8644-0bb66643f7fe,U//PR-EXO-SV,2025-10-07 20:40:19.103207,39215,39215,39215,False,41701.54445678083,-6301.13711293272,-530.46390931484,0.461198887884336,3.035074531952994,0.15300882874613,"[0.012388411842, -0.002935177376, 0.0015599298113, -0.00022681032209, 5.545596530400001e-05, 0.00071169640367, 1.4290322027e-06, -3.637634126e-07, -2.6444580221e-08, 1.8068271483e-10, -3.5175686658e-07, 1.6744588043e-07, 4.7939181313e-09, -5.955823965800001e-11, 5.8890179799e-11, -4.980144211e-08, 1.0551126699e-08, 5.2634569378e-08, -4.7079240179e-12, -5.7071537936e-13, 1.2339822335e-11]",0.121078644099486,1.587175847107056e-05,0.0349,EXO,REAL,2025-10-07T22:00:26.320Z,system.exo,OPS1,,,,0.0,,,,,,,,,,,,,,,,,,,,,,,,,,,,,,,,,6650.0,46.01333333
217aa1a0-5965-4f8f-bf1a-921ba5dbd7f4,U//PR-EXO-SV,2025-10-07 20:40:16.698875,20776,20776,20776,False,42155.35891887585,-290.41168201605,1369.56503989471,-0.002064463122574,2.991882881281736,0.704614268370701,"[0.00033734746595, -0.00019628614151, 0.0008825770443, -3.0647901392e-05, 6.2687067842e-05, 0.0005513018659699999, -1.0858280766e-08, 1.5376444594e-09, -9.5032941379e-10, 5.947029064000001e-12, -2.331460592e-08, 1.4117068702e-08, -2.9624450766e-09, 6.860071144e-13, 1.9498777772e-12, -8.0303563382e-09, 1.960857798e-09, 1.6376071848e-08, 6.3106566859e-13, -8.260432071699999e-13, 5.889257955800001e-12]",0.04208594036278624,3.712972501514117e-06,0.0343,EXO,REAL,2025-10-07T21:06:27.912Z,system.exo,OPS1,,,,0.0,,,,,,,,,,,,,,,,,,,,,,,,,,,,,,,,,782.95,3.049500854
918d0a72-7498-4727-a881-81a2c4afce99,U//PR-EXO-SV,2025-10-07 20:40:14.867462,37677,37677,37677,False,30808.57201212594,28817.99341831194,-281.18634018999,-2.099462466136507,2.24410073120568,0.01881032482834,"[0.00029116589101, -0.00027384111194, 0.00029815235273, 2.1562911409e-06, 2.7110894722e-06, 0.00033891933289, 5.6137008695e-09, -2.5924041426e-09, 9.9976407845e-11, 4.3609242804e-13, 2.802092773e-09, -2.8709300892e-09, -2.0501787851e-11, 1.828230738e-13, 1.6754219953e-13, -1.0485599487e-10, 1.6105750568e-10, -2.4761426174e-10, -1.4168891792e-15, -6.422092499e-15, 1.7411788763e-13]",0.03046699159139281,8.819027810365494e-07,0.0302,EXO,REAL,2025-10-07T21:24:27.785Z,system.exo,OPS1,,,,0.0,,,,,,,,,,,,,,,,,,,,,,,,,,,,,,,,,5100.0,19.96046667
69e7ad73-58fe-467f-b46a-49884ee60753,U//PR-EXO-SV,2025-10-07 20:40:14.867462,38107,38107,38107,False,30863.72896778045,28743.85830652242,-88.38486505677,-2.094936389235002,2.249494973821708,0.003796979979554,"[0.00029410132033, -0.0002621791511900001, 0.00028966064564, 2.6388469393e-06, 9.8697895304e-07, 0.00031002881793, 7.0348746098e-09, -2.5920446302e-09, 2.0993464359e-10, 5.783306692000001e-13, 3.0249842543e-09, -3.0543221964e-09, 2.145802853e-12, 2.1018925928e-13, 1.8840806728e-13, -3.4016591729e-11, 1.4957954861e-10, 3.0105454514e-11, 3.9055929638e-15, -4.4777493609e-15, 2.2310766183e-13]",0.02989633395418241,9.949102463589367e-07,0.0325,EXO,REAL,2025-10-07T21:51:29.821Z,system.exo,OPS1,,,,0.0,,,,,,,,,,,,,,,,,,,,,,,,,,,,,,,,,4000.0,34.06333333
1bcaf4b4-cb39-4483-934c-9b37eda60171,U//PR-EXO-SV,2025-10-07 20:40:02.342404,44903,44903,44903,False,31106.55693264617,28473.94920825934,-59.8956589102,-2.075463070005704,2.267940698657834,0.004357444056901,"[0.0005270969399199999, -0.00046010635318, 0.00050416988168, 4.8950852999e-06, 1.1456741745e-06, 0.00059085694105, 1.8409484874e-08, -9.7498576094e-09, 3.891875429e-10, 1.4067709085e-12, 1.0076990983e-08, -9.5982984745e-09, 2.9111186302e-11, 6.686163877500001e-13, 5.5830518236e-13, -2.8209204379e-10, 4.9663888627e-10, -2.6626776976e-09, -4.869957157199999e-15, -1.8775717485e-14, 5.085339819600001e-13]",0.04027559760760851,1.572771462361903e-06,0.0099,EXO,REAL,2025-10-07T21:24:27.796Z,system.exo,OPS1,,,,0.0,,,,,,,,,,,,,,,,,,,,,,,,,,,,,,,,,2283.0,11.1053
dcf870f4-59e5-4bca-8e99-31888d8ef4f9,U//PR-EXO-SV,2025-10-07 20:40:01.795234,43488,43488,43488,False,20173.75717818345,37036.17777887722,-58.18597219882,-2.699365742294981,1.470664393976035,0.006552289121233,"[0.0025655272557, 0.0015775866948, 0.0017673749104, 3.5429652686e-06, -1.4864747134e-05, 0.00032342538122, 2.0704773218e-07, 1.6969382658e-07, -3.3787348361e-10, 1.9136724986e-11, 1.998282226e-07, 1.7001789273e-07, -1.0257842714e-09, 1.863741272e-11, 1.8626110939e-11, -5.1647842326e-09, -4.466622102100001e-09, -1.0113985045e-09, -4.7736180242e-13, -4.981679335300001e-13, 2.3839120613e-13]",0.06823728854021091,6.164513535643344e-06,0.0353,EXO,REAL,2025-10-07T22:09:28.337Z,system.exo,OPS1,,,,0.0,,,,,,,,,,,,,,,,,,,,,,,,,,,,,,,,,5384.0,49.877
a0b0e6f7-7bbd-4c00-b107-ab4584e2cba4,U//PR-EXO-SV,2025-10-07 20:40:01.795234,39460,39460,39460,False,20191.00865987176,37016.88111981897,-59.27741557934,-2.699382947309556,1.47194476778022,0.005193235999613,"[0.00057419051745, -0.00010476652126, 9.7080460401e-05, 1.5206801113e-05, 3.2322496181e-06, 0.00017939519372, 2.3054843711e-08, 2.9430859021e-09, 1.1313331302e-09, 1.6244325019e-12, 1.5050747303e-08, 6.3110611576e-12, 5.9056016384e-10, 9.4217630551e-13, 6.649313837699999e-13, 2.1556261449e-11, 1.6740760012e-10, -3.6975172592e-10, 1.3668361583e-14, 4.911080639300001e-16, 1.450305584e-13]",0.02916618198480905,1.560254608732177e-06,0.0353,EXO,REAL,2025-10-07T21:54:30.483Z,system.exo,OPS1,,,,0.0,,,,,,,,,,,,,,,,,,,,,,,,,,,,,,,,,3138.0,22.22893333
fb4a466a-9589-4694-aa39-5d8dbe39a23b,U//PR-EXO-SV,2025-10-07 20:39:55.865192,52255,52255,52255,False,-1079.73784738805,42161.23724821135,-26.31166569472,-3.072844059091667,-0.079041718685092,0.005239894138859,"[0.0003767964414, 5.6156628749e-05, 4.3525857704e-05, 3.5723864702e-06, 3.4778553785e-06, 0.00034077946419, 3.1712586045e-09, 2.9502157697e-09, 2.2338382455e-10, 2.0173593003e-13, 6.3675614676e-09, 4.1433013272e-09, 3.0018344916e-10, 2.7279266857e-13, 5.0471800903e-13, -2.9381217567e-11, 2.5687022494e-11, 3.7176321809e-11, 2.0914790492e-15, 3.9389271634e-16, 8.9649799355e-14]",0.02758807284487266,8.922464560955118e-07,0.0221,EXO,REAL,2025-10-07T21:00:31.401Z,system.exo,OPS1,,,,0.0,,,,,,,,,,,,,,,,,,,,,,,,,,,,,,,,,5250.0,34.06333333
0ed3cdb5-dd45-4d1e-a43d-f405704d9670,U//PR-EXO-SV,2025-10-07 20:39:55.865192,55686,55686,55686,False,-1095.59891572923,42148.81742694599,-3.22164098956,-3.073696966891398,-0.080110416493199,0.009770488163712001,"[0.0007898507262, 0.00044242948866, 0.0009810558848, 1.227038966e-05, 2.0673939523e-05, 0.00052972996934, 1.6133566448e-08, 3.251220640799999e-08, 8.921853002700001e-10, 1.203362791e-12, 4.5637461325e-08, 9.9301913932e-08, 2.0229984596e-09, 3.2519742113e-12, 1.0205235477e-11, -8.3957959406e-10, -1.9875947396e-09, -1.602101776e-10, -5.4376068694e-14, -2.0861767448e-13, 1.9023931364e-13]",0.04796495158279637,3.405706620018818e-06,0.0184,EXO,REAL,2025-10-07T22:03:26.237Z,system.exo,OPS1,,,,0.0,,,,,,,,,,,,,,,,,,,,,,,,,,,,,,,,,5250.0,34.06333333
ebf8a517-356a-4ee3-89fb-9803eefbd6be,U//PR-EXO-SV,2025-10-07 20:39:50.578879,39020,39020,39020,False,33753.15250126136,25298.14629444439,-62.78199436476,-1.843538960124683,2.459235045596499,0.005888311179009001,"[0.000182160053, -0.0002194476103, 0.00030303933661, 8.2630583207e-07, 1.0172275606e-06, 0.00019187543153, 3.8591953571e-09, -3.1043935695e-09, 6.6596411381e-11, 3.53945231e-13, 1.6674731173e-09, -2.9569358355e-09, -3.7778594326e-11, 1.5991530823e-13, 1.6396028956e-13, -2.4477353971e-11, 8.5605573063e-11, -7.4028979178e-10, 6.7543197638e-16, -2.9986338705e-15, 2.1880900867e-13]",0.02602066142779618,8.583207612716821e-07,0.0338,EXO,REAL,2025-10-07T21:06:27.931Z,system.exo,OPS1,,,,0.0,,,,,,,,,,,,,,,,,,,,,,,,,,,,,,,,,5250.0,39.06333333
037b8945-2375-4d80-84e6-aecc3c68f619,U//PR-EXO-SV,2025-10-07 20:39:47.506355,63157,63157,63157,False,20613.98225720182,36789.22825026881,-59.50349652942,-2.681467548802439,1.503490597147662,0.007092495789636,"[0.00042852721309, -0.00016884720199, 0.00010636979457, 4.7791503256e-06, 1.3014922748e-06, 0.00017361866837, 8.114325601800002e-09, 6.1334017308e-10, 3.6761751396e-10, 5.469127667600001e-13, 5.274071729899999e-09, -4.5861378152e-10, 1.7580602503e-10, 3.0772953456e-13, 2.2825409886e-13, -3.0141847715e-11, 5.4626302087e-11, -6.9080474184e-11, 2.0932575332e-15, -1.5759774885e-15, 7.3831049273e-14]",0.02661795777346564,9.214108285086517e-07,0.0214,EXO,REAL,2025-10-07T21:48:29.984Z,system.exo,OPS1,,,,0.0,,,,,,,,,,,,,,,,,,,,,,,,,,,,,,,,,5000.0,34.06333333
145a7731-9597-4cd5-87b5-4ee158de6fd7,U//PR-EXO-SV,2025-10-07 20:39:47.506355,42815,42815,42815,False,21168.42911798906,36493.88579179276,-83.88799703095,-2.657791231682382,1.542346654838613,0.007252345737977,"[0.0005867376336600001, -0.00016403359613, 0.00015242034452, 1.2558026845e-05, 4.9049819964e-06, 0.00019629654004, 1.8978700779e-08, 3.9231574053e-09, 1.0908141082e-09, 1.475249593e-12, 1.0949963726e-08, -6.023906278599999e-10, 4.0735545191e-10, 6.8246262426e-13, 4.7689867117e-13, 4.8772132262e-11, 2.325134506e-10, -1.526262849e-10, 1.9310020282e-14, -1.0541378232e-15, 1.8971692277e-13]",0.03058520096746137,1.463511252754826e-06,0.0248,EXO,REAL,2025-10-07T21:36:28.287Z,system.exo,OPS1,,,,0.0,,,,,,,,,,,,,,,,,,,,,,,,,,,,,,,,,3477.0,15.08106667
2c121356-4560-4d1d-bb98-9c02849165d3,U//PR-EXO-SV,2025-10-07 20:39:47.506355,41028,41028,41028,False,21185.06233532842,36464.15965088968,-70.72894071888999,-2.658347798119966,1.543954726249391,0.005568184481355,"[0.00049935377651, -0.00016576891993, 0.00012967703188, 9.0647565605e-06, 2.9172641518e-06, 0.00018929872796, 1.3355016472e-08, 2.254001786e-09, 7.400774940299999e-10, 1.00146503e-12, 7.4563633165e-09, -3.51037709e-10, 2.9247738943e-10, 4.6998228228e-13, 3.1457568261e-13, 3.6115993492e-11, 1.2326768621e-10, -2.8050762461e-11, 1.1031820956e-14, 3.3295579065e-16, 1.3035709088e-13]",0.02860645969619449,1.202662797084037e-06,0.0289,EXO,REAL,2025-10-07T21:36:28.279Z,system.exo,OPS1,,,,0.0,,,,,,,,,,,,,,,,,,,,,,,,,,,,,,,,,3165.0,15.45126667
2f213695-e3fd-41b0-8ac2-33a53dd0f554,U//DS-USNO-SV,2025-10-07 20:39:36.047000,28194,28194,,False,9225.48166329,40402.66777874,8012.59481644,-2.985370935746,0.600610681078,0.405678827339,,0.0,0.0005,0.0117446,USNO,REAL,2025-10-09T13:11:22.868Z,system.usno-snrf,OPS1,TEME,TEME,"[2.10163e-14, -1.28889e-13, 8.73296e-13, -6.7458e-16, 1.36456e-16, 1.80529e-15, -2.27147e-15, 1.13193e-14, -3.27668e-16, 6.61139e-16, -3.12565e-13, -8.79829e-11, 4.61508e-12, 9.21327e-13, 2.53836e-07, -1.70366e-16, -2.05696e-14, 1.63553e-15, 3.2579e-17, 6.27127e-11, 1.58357e-14]",0.0,99999.0,"EGM-96  8Z, 8T",NONE,True,True,True,False,0.0,0.0,0.0,0.0,0.0,0.0,10.0,37.0,0.09068,-0.419,0.2217,0.3381,4.0,2049-12-31T23:59:59.999Z,ASW,FAST NUM,AUTO,False,AUTO,0.0,1e-14,"[0.0, 0.0, 0.0]","[0.0, 0.0005, 0.0]",1.0,ARGOS,2500.0,19.09544463
1c541715-2a7b-4a18-9578-f1e64e9b47f1,U//PR-EXO-SV,2025-10-07 20:39:32.201027,64468,64468,64468,False,3318.32200345212,-56582.54977135319,-231.03413364411,2.085776710433203,-0.012990289811244,0.030027106098595,"[0.0030623319021, 0.00011226395921, 4.455215536e-05, 3.3583099949e-05, 1.6786666702e-06, 0.0005189981888, -4.0329737937e-09, 2.2342244685e-09, 1.2485105688e-10, 1.4593079225e-13, 6.8755638215e-09, -2.3190663504e-09, -6.8425734241e-11, -1.6459157068e-13, 2.8972962601e-13, 1.1031206351e-12, -1.7048401886e-11, -1.263916641e-09, -2.4973090798e-15, 6.9329622593e-16, 8.1984088217e-14]",0.06021529910462955,7.194751604308519e-07,0.0088,EXO,REAL,2025-10-07T22:06:27.417Z,system.exo,OPS1,,,,0.0,,,,,,,,,,,,,,,,,,,,,,,,,,,,,,,,,0.0,0.0
5ce81c7e-049b-4e6b-a303-453d89ff4cc0,U//PR-EXO-SV,2025-10-07 20:39:24.318551,63397,63397,63397,False,-25304.02983036624,33740.48611119507,278.98110572432,-2.45880213811045,-1.844509184284552,0.022769144312364,"[0.00094788355756, 0.0007425216367399999, 0.0006513913489499999, -2.7024757051e-06, -1.5178306245e-06, 0.00043204905258, -1.3473210427e-09, -1.3133014631e-09, 1.0670478071e-11, 6.7755767814e-14, 4.721805737e-09, 1.0793138256e-08, 3.9247604899e-10, -1.10607692e-13, 8.3927131199e-13, -4.3268601831e-11, -5.8572471551e-11, 6.9730974739e-10, 1.8500236044e-15, -2.8430251046e-15, 1.2796126282e-13]",0.04507021143826596,1.017343768164921e-06,0.0194,EXO,REAL,2025-10-07T21:24:27.801Z,system.exo,OPS1,,,,0.0,,,,,,,,,,,,,,,,,,,,,,,,,,,,,,,,,5000.0,34.06333333
8a763e41-66d4-432d-8949-443f6e891377,U//PR-EXO-SV,2025-10-07 20:39:24.318551,56564,56564,56564,False,-24906.14812090935,34001.50628100834,-72.37435975173,-2.480513590222317,-1.818312330694336,-0.04461545944945,"[0.0002053649931, 0.00016555030447, 0.00016954851905, 1.7722419988e-06, 4.7607884639e-06, 0.00022941947017, -8.7693747409e-10, -5.2230151226e-10, -9.7768454364e-12, 5.3276648702e-14, 2.6621427924e-09, 5.4823508395e-09, 2.9370197163e-10, -5.8150865165e-14, 4.2696599045e-13, -2.9956167758e-11, -1.3718864976e-11, 6.019818881099999e-10, -1.53067149e-15, -4.3439203378e-16, 1.2954655904e-13]",0.02458318495069343,7.808900039006774e-07,0.0211,EXO,REAL,2025-10-07T21:48:29.975Z,system.exo,OPS1,,,,0.0,,,,,,,,,,,,,,,,,,,,,,,,,,,,,,,,,3060.0,13.99773333
deb089ac-9cc6-4e44-b00d-1fdd46f21952,U//PR-EXO-SV,2025-10-07 20:39:24.318551,35362,35362,35362,False,-24927.50724377712,34011.1830194707,53.39478232731,-2.479186525149067,-1.818091390676926,0.005791811155791,"[0.0002139137246, 0.00022002443344, 0.00032599394925, 3.8622888821e-06, 9.3962094638e-06, 0.00031429803284, -1.9904704816e-09, -2.4761308654e-09, -4.017588277e-11, 9.1593132376e-14, 8.7803897762e-09, 1.9479885291e-08, 7.583943763e-10, -2.133017825e-13, 1.5620706711e-12, -9.6000407121e-11, -9.6805831667e-11, 1.7575383587e-09, 1.4321326904e-15, -3.6969930009e-15, 1.8694010387e-13]",0.02922679774949695,1.356688581563949e-06,0.0296,EXO,REAL,2025-10-07T22:12:28.378Z,system.exo,OPS1,,,,0.0,,,,,,,,,,,,,,,,,,,,,,,,,,,,,,,,,2366.0,24.71226667
1f4d7ca5-c1cd-407a-af4e-113f95354a5c,U//PR-EXO-SV,2025-10-07 20:39:16.984533,37265,37265,37265,False,-24843.71620209579,34070.67853114693,40.71274122764,-2.483712717955932,-1.81208098957077,0.006229909144955,"[0.0007436900523399999, 0.00059705234905, 0.00061921572259, 2.9358860461e-06, 1.0200636404e-05, 0.00072446312883, -1.8212178916e-09, -2.0706378989e-09, -2.5743043356e-11, 8.8619725517e-14, 7.75408414e-09, 2.1000832252e-08, 9.3304030201e-10, -1.8298602669e-13, 1.7645770876e-12, -7.2417716804e-11, 4.231844867500001e-11, 1.902744779e-09, 1.2014583408e-15, 8.8701264834e-15, 1.9378731658e-13]",0.04568773253029745,1.430728531097706e-06,0.03,EXO,REAL,2025-10-07T21:57:28.238Z,system.exo,OPS1,,,,0.0,,,,,,,,,,,,,,,,,,,,,,,,,,,,,,,,,2850.0,22.22893333
00bd70ea-d6d3-4ce0-b16e-7769cc59ba80,U//PR-EXO-SV,2025-10-07 20:39:06.729268,32373,32373,32373,False,27326.35741392191,-31683.39080183324,-6954.419822532,2.307089287190102,2.01498144869141,-0.119632562208873,"[0.00017425630046, 0.00013507960635, 0.00013031144501, 2.0570475994e-05, -2.8240095291e-05, 0.00021927842315, -1.4709464479e-09, -1.7726666041e-10, 1.7475795894e-10, 1.1986101441e-13, 8.1811098442e-10, 8.2934616156e-10, -2.7809290134e-11, -4.5095799778e-14, 6.136194569999999e-14, 2.8094098916e-10, 1.1101937368e-10, -7.264237747e-11, -1.458125649e-14, 7.5690639657e-15, 5.1110036928e-14]",0.02288768596035868,4.820093329366144e-07,0.0211,EXO,REAL,2025-10-07T21:06:27.919Z,system.exo,OPS1,,,,0.0,,,,,,,,,,,,,,,,,,,,,,,,,,,,,,,,,2300.0,18.27809693
5a288273-ea5a-43df-9c0b-36ccd9e29cc5,U//PR-EXO-SV,2025-10-07 20:39:06.729268,23267,23267,23267,False,27262.5883852823,-31428.60679755137,-6877.16107993102,2.344448009313804,1.907031667994915,0.563013576377494,"[0.0005143210774299999, 0.00028294479634, 0.00036328101109, 2.1611103093e-05, -0.00033693815975, 0.0016705546027, -1.9422570188e-08, -3.3809228892e-10, -2.6200640248e-10, 1.7823383295e-12, 9.391315540899999e-09, 3.7803855726e-09, 1.9836759347e-09, -7.0036466152e-13, 5.2151843822e-13, 1.7713842584e-09, 1.5117781064e-09, -2.7550987921e-09, -1.5205300341e-13, -3.1072494525e-14, 5.4931326085e-13]",0.05047926991567925,1.689132922114183e-06,0.0128,EXO,REAL,2025-10-07T21:18:26.081Z,system.exo,OPS1,,,,0.0,,,,,,,,,,,,,,,,,,,,,,,,,,,,,,,,,2279.48,17.35992988
5e6dd030-ef7e-4b23-b31c-d79ac039fbe5,U//PR-EXO-SV,2025-10-07 20:38:59.930190,44076,44076,44076,False,30778.47950674701,28842.55017897857,-10.05410121605,-2.101662052493733,2.242713420258577,0.000117789734598,"[0.000312580837, -0.00028655801785, 0.00031352045957, 2.1925215147e-06, 5.0321246637e-07, 0.00037166184855, 8.6311050253e-09, -4.932439215900001e-09, 1.9199000093e-10, 6.3554126435e-13, 5.2512075328e-09, -5.4531830876e-09, -1.726978602e-12, 3.2979111292e-13, 3.1897465748e-13, -1.5813035883e-10, 2.7229484557e-10, -1.0213282398e-09, -3.9350496485e-15, -1.1179663501e-14, 2.4527930629e-13]",0.03158738902030366,1.095351645874511e-06,0.0249,EXO,REAL,2025-10-07T21:27:27.480Z,system.exo,OPS1,,,,0.0,,,,,,,,,,,,,,,,,,,,,,,,,,,,,,,,,5000.0,40.60366667
98e89766-174d-4b20-bda4-fad7ca45b308,U//PR-EXO-SV,2025-10-07 20:38:53.004297,59915,59915,59915,False,42053.81278761534,3155.90629914798,-90.44007801801,-0.229906404297648,3.065576145150278,-0.001285791538702,"[0.010234593183, -0.0013907289421, 0.0011781680731, 0.00067934113394, -8.2265902733e-05, 0.0067203769805, 1.254835548e-06, -1.5767989547e-07, 8.131311813800001e-08, 1.5728597836e-10, -1.7862345566e-07, 4.0197047092e-08, -1.1303138361e-08, -2.2344194644e-11, 6.193206251299999e-12, 4.2929122459e-08, -4.403638915e-09, 3.547673408e-08, 5.5482663409e-12, -8.3503017122e-13, 5.2161484118e-12]",0.1346593414383124,1.298827675340728e-05,0.0,EXO,REAL,2025-10-07T21:21:27.991Z,system.exo,OPS1,,,,0.0,,,,,,,,,,,,,,,,,,,,,,,,,,,,,,,,,5400.0,19.96046667
e36de1d6-eb4b-4013-9061-4bdb15dc576d,U//PR-EXO-SV,2025-10-07 20:38:53.004297,39509,39509,39509,False,42068.58675810812,2893.95114774543,-99.86909607554,-0.210809127813594,3.067230250136565,-0.001137492495828,"[6.6881167584e-05, -8.851481837e-05, 0.00045474086349, 5.4977271611e-06, -4.4561938732e-06, 0.00035244379723, 1.5083933813e-10, -3.783710288e-09, -1.9462919601e-11, 6.2568361061e-13, -4.350631348999999e-09, 3.7392237377e-09, -3.1325932381e-10, 5.9434232623e-14, 2.9920782963e-13, -3.7736485954e-10, 7.0974342999e-10, 2.3392725614e-09, 2.3702444701e-14, 2.593868191e-14, 7.5399259475e-13]",0.02956460431502509,1.295717575318788e-06,0.0257,EXO,REAL,2025-10-07T21:00:31.383Z,system.exo,OPS1,,,,0.0,,,,,,,,,,,,,,,,,,,,,,,,,,,,,,,,,3080.0,15.82626667
336eb558-ede4-42b2-ace0-ffeaa31d347b,U//PR-EXO-SV,2025-10-07 20:38:53.004297,37779,37779,37779,False,42063.51700335328,2967.9559224669,-118.95181748117,-0.21661374858472,3.066841089105538,-0.000468449513807,"[5.2486332836e-05, -7.7684141695e-05, 0.0005290316557800001, 4.2442257706e-06, -2.7892216934e-06, 0.00030185947476, 1.6346474567e-10, -3.2617237304e-09, -8.3461620628e-12, 5.3071727289e-13, -3.3545958994e-09, 2.5994785712e-09, -2.2960854799e-10, 4.818041294e-14, 2.3137503079e-13, -2.95403048e-10, 5.4979644512e-10, -2.6360583983e-11, 2.136220969e-14, 2.0064659797e-14, 4.473123884e-13]",0.02972166656457878,1.09972937220027e-06,0.0322,EXO,REAL,2025-10-07T21:00:31.373Z,system.exo,OPS1,,,,0.0,,,,,,,,,,,,,,,,,,,,,,,,,,,,,,,,,5100.0,19.96046667
041f8cfa-8b3c-4d02-9f29-cc231cd2536b,U//PR-EXO-SV,2025-10-07 20:38:53.004297,57213,57213,57213,False,42202.36643800369,2928.02900426884,-42.42039571051,-0.212122747724693,3.062345549126294,-0.002671563574834,"[1.9492764814e-05, -4.0051334193e-05, 0.00044711019207, 1.466707408e-06, -6.2109694721e-07, 0.00027755280256, -3.3721140384e-10, -3.3302369235e-09, -3.6731853188e-11, 3.2105319843e-13, -1.2227198389e-09, 3.4053117736e-10, -8.508385022299999e-11, 6.8234832877e-14, 9.1653488604e-14, -1.1659489825e-10, 2.5271593724e-10, -1.8011786072e-10, 6.056229489e-15, 7.670328814399999e-15, 2.020995005e-13]",0.02727921845368741,7.840957770157929e-07,0.028,EXO,REAL,2025-10-07T21:06:27.955Z,system.exo,OPS1,,,,0.0,,,,,,,,,,,,,,,,,,,,,,,,,,,,,,,,,3408.0,14.98733333
c8d9fd43-d067-41f8-8533-94eabed942cc,U//PR-EXO-SV,2025-10-07 20:38:42.506990,63924,63924,63924,False,-12548.18322983792,40243.53148678648,1232.16636348787,-2.931362834828481,-0.909625637572796,-0.172207880238397,"[0.00030326628377, 0.00014537914485, 0.000114916382, 1.6967921555e-05, 1.0301781504e-05, 0.00016831467797, 1.0949787884e-09, 2.3822579751e-09, 3.2686876521e-10, 9.6649024083e-14, 8.1986951208e-09, 8.5642924823e-09, 1.2547181132e-09, 1.7536981172e-13, 8.2901867805e-13, 3.050492258e-10, 4.3874642236e-10, 3.417068764e-10, 7.7083635942e-15, 3.4973277453e-14, 1.221916073e-13]",0.02421770723540938,1.023649993617447e-06,0.0255,EXO,REAL,2025-10-07T21:03:27.608Z,system.exo,OPS1,,,,0.0,,,,,,,,,,,,,,,,,,,,,,,,,,,,,,,,,0.0,0.0
71184276-6a44-4eba-8294-0e4ff64447ec,U//PR-EXO-SV,2025-10-07 20:38:39.758262,20069,20069,20069,False,24547.62267854183,-33385.444245749,-5052.68697647102,2.48814259832103,1.758000564613173,0.545191678279512,"[0.00039187023169, 0.00019736723153, 0.00018850304091, 3.1940795727e-05, -4.3262822293e-05, 0.0004682699749099999, -1.0406063307e-08, 2.282933736e-09, 1.2616895941e-10, 1.1139996259e-12, 5.5665762187e-09, 4.0740487105e-10, 7.9523296996e-10, -5.208690811500001e-13, 3.6946427848e-13, 6.573678098499999e-10, 5.8735333466e-10, -1.7691428056e-09, -6.2491535429e-14, -1.3976001156e-14, 2.7477679588e-13]",0.03238276157942679,1.325986689322333e-06,0.006599999999999999,EXO,REAL,2025-10-07T21:54:30.468Z,system.exo,OPS1,,,,0.0,,,,,,,,,,,,,,,,,,,,,,,,,,,,,,,,,1100.0,8.085674092
e49ca827-8a17-4545-9099-cebc9a71c863,U//PR-EXO-SV,2025-10-07 20:38:39.758262,20370,20370,20370,False,25491.0481848211,-34071.13445703516,-5615.29659509917,2.438751220327268,1.719485346073926,0.607207928792099,"[0.0010245215461, 0.00064602409924, 0.00053526352714, 0.00016135187797, -2.6641167406e-05, 0.0008980386627, -1.1323128833e-08, 2.7523045936e-09, -3.4383117009e-10, 1.2251474428e-12, 6.435028499400001e-09, 4.3559783311e-10, 1.3372723956e-09, -6.084309229300001e-13, 4.6164096212e-13, 6.3052377251e-10, 1.1101513017e-09, -2.239326917e-09, -3.610339984e-14, -4.3872112783e-14, 3.4470119136e-13]",0.04957644335710257,1.42530333483087e-06,0.007700000000000001,EXO,REAL,2025-10-07T21:36:28.258Z,system.exo,OPS1,,,,0.0,,,,,,,,,,,,,,,,,,,,,,,,,,,,,,,,,2120.91,23.59650242
ec875c3a-54c0-4eb0-8b7a-461d70ccc83d,U//PR-EXO-SV,2025-10-07 20:38:17.619094,22839,22839,22839,False,32005.16037405736,-27008.62344819508,-5090.90813017388,1.995465427290312,2.245886974211531,0.646369327715869,"[0.00094046701469, 0.0008078775523399999, 0.0010147308312, 0.0002172841084, 0.00017076552083, 0.00053386187219, -2.4400446583e-08, 1.2133658348e-09, -2.9671025668e-10, 2.7588251159e-12, 4.5565346799e-09, 4.0608244182e-09, 2.2326739856e-09, -5.0433960171e-13, 4.2979235461e-13, 4.7617626743e-10, 1.8975814203e-09, -3.7895438671e-09, -8.6484530359e-14, -1.4662790261e-13, 9.1254834366e-13]",0.04989047722842506,2.025133529960432e-06,0.0154,EXO,REAL,2025-10-07T21:09:29.692Z,system.exo,OPS1,,,,0.0,,,,,,,,,,,,,,,,,,,,,,,,,,,,,,,,,2120.91,23.59650242
5ad822f9-642c-4055-855f-419b24a52046,U//PR-EXO-SV,2025-10-07 20:38:17.588839,42915,42915,42915,False,29546.64384826628,-30108.7708789277,-1726.60361098987,2.192848586952111,2.145390606534279,0.131737279808125,"[0.00033734540039, -2.7740874288e-05, 0.0014375507977, -1.1719821837e-05, 7.8821526706e-05, 0.00047965443364, -2.7423965406e-09, -3.3115020204e-09, -1.0745680747e-09, 1.3750309406e-12, -1.8539444076e-08, 9.270875939299999e-08, 7.5782313064e-09, -1.1160297379e-12, 7.636476714799999e-12, -2.7596068027e-09, 8.663216461499999e-09, 7.6075863265e-09, -2.4662422633e-13, 8.4880970286e-13, 9.3119975528e-13]",0.04748210854342928,3.15320589411475e-06,0.0291,EXO,REAL,2025-10-07T21:12:26.183Z,system.exo,OPS1,,,,0.0,,,,,,,,,,,,,,,,,,,,,,,,,,,,,,,,,3454.0,43.35633333
8c0caecb-1027-4738-920b-b9fd3d0f9340,U//PR-EXO-SV,2025-10-07 20:37:47.981757,42814,42814,42814,False,42014.47763943363,3557.81499482247,-146.25118611316,-0.259663822713471,3.063734977052342,0.001807706303082,"[0.0017768707489, -0.0011385881401, 0.0013053944518, 0.00014892830788, -8.8546412305e-05, 0.00042865066753, 4.7587808956e-08, -6.1265393392e-08, 3.6457439544e-09, 4.5882596593e-12, -1.0589191827e-07, 6.0387712331e-08, -8.856695930499999e-09, -2.1947250721e-12, 6.4442761461e-12, -3.6913419912e-09, 2.591289318e-09, -8.0928368944e-09, 1.3398820563e-14, 2.3311002432e-13, 9.7930943039e-13]",0.0592529819353423,3.465810905948275e-06,0.0296,EXO,REAL,2025-10-07T21:21:27.985Z,system.exo,OPS1,,,,0.0,,,,,,,,,,,,,,,,,,,,,,,,,,,,,,,,,5780.0,31.794
d04ccfc1-efa5-4101-8920-f779b47cfc4f,U//PR-EXO-SV,2025-10-07 20:37:43.746013,57214,57214,57214,False,31952.89766454203,-27511.53341093959,-56.46798976951,2.006043763328639,2.330022840971856,-0.005406652341233001,"[0.017502686488, -0.016708388865, 0.018782416597, -0.00068815713716, 0.0006955026016100001, 0.0012147469551, 2.5534832775e-06, -2.546602058e-06, -9.6939655467e-08, 4.0544089344e-10, -1.9312130777e-06, 2.1555150565e-06, 6.1627486335e-08, -3.2533855428e-10, 3.8602726927e-10, -1.3204432177e-07, 1.3052504292e-07, 1.1958477458e-07, -1.6998513676e-11, 6.0827852838e-12, 3.4534003931e-11]",0.1936487801151869,2.874025341991612e-05,0.0304,EXO,REAL,2025-10-07T21:30:27.552Z,system.exo,OPS1,,,,0.0,,,,,,,,,,,,,,,,,,,,,,,,,,,,,,,,,3572.0,34.06333333
5718f4e4-ea1c-420c-aeee-c80462781681,U//PR-EXO-SV,2025-10-07 20:37:41.953224,16214,16214,16214,False,33473.36246142792,-25605.22066427373,353.5863556986,1.834083987912923,2.40945096834056,0.520782720288682,"[0.00035506878521, 0.00043261794459, 0.0005855976857099999, 6.282761571000001e-05, 8.5334204472e-05, 0.00032022647411, -4.675966960900001e-09, -3.1238267454e-09, -9.872933461900001e-10, 4.8235547872e-13, 1.7848057998e-09, 3.4236001198e-09, 5.718812335e-10, -1.9336513638e-13, 2.1608887006e-13, -3.4598426135e-10, 2.7826841202e-11, 4.945425767900001e-10, -1.1141266213e-14, -3.9778842627e-14, 3.4738263822e-13]",0.03550905440912219,1.022656827581961e-06,0.0108,EXO,REAL,2025-10-07T21:18:26.080Z,system.exo,OPS1,,,,0.0,,,,,,,,,,,,,,,,,,,,,,,,,,,,,,,,,2120.91,23.59650242
c209e63b-3b95-4b4a-8a5b-0992f6f03c12,U//PR-EXO-SV,2025-10-07 20:37:11.952824,40102,40102,40102,False,34341.56510300637,24944.75753788537,-2642.82511535942,-1.759671152293907,2.470581025539825,0.422341238578216,"[0.00018007530139, -0.00021963270391, 0.00032135069304, -1.0659523648e-05, 3.7650653404e-05, 0.00022145140766, 4.0935289889e-09, -2.6776447928e-09, -6.8120676731e-10, 4.4253092884e-13, 1.4739138671e-09, -2.7528646542e-09, -3.9443015832e-10, 1.6022771368e-13, 1.5557424856e-13, -4.5533276546e-10, 2.3573392401e-10, -4.0468456506e-10, -9.544792217800001e-15, -2.7179682193e-14, 2.248651581e-13]",0.02688637949018053,9.071771246564808e-07,0.0134,EXO,REAL,2025-10-07T21:42:27.802Z,system.exo,OPS1,,,,0.0,,,,,,,,,,,,,,,,,,,,,,,,,,,,,,,,,2850.0,43.98229715
5a63d4f7-1dd6-4f49-95af-1181358c5dd7,U//PR-EXO-SV,2025-10-07 20:37:09.112042,39163,39163,39163,False,37464.84711910703,-19335.30500431624,-97.95110732539999,1.410202134661167,2.732580309134622,-0.001241807478828,"[0.017152906355, -0.010646503689, 0.009356172704700001, 1.8855817064e-05, -1.978780848e-05, 0.0016373347809, 2.6441883513e-06, -1.6842513768e-06, 1.6296395914e-09, 4.4946611049e-10, -1.6688744231e-06, 1.1524154966e-06, -2.0748240946e-09, -2.6910196597e-10, 1.8014874506e-10, -8.1218265247e-08, 6.638784148e-08, 1.4087608891e-07, -9.4018852168e-12, 7.021091061e-12, 4.2078862496e-11]",0.1677689299024107,2.591705457890615e-05,0.0346,EXO,REAL,2025-10-07T21:12:26.177Z,system.exo,OPS1,,,,0.0,,,,,,,,,,,,,,,,,,,,,,,,,,,,,,,,,5470.0,40.68253333
b406737c-52a5-4e02-8bf3-408abff42c40,U//PR-EXO-SV,2025-10-07 20:36:26.880125,45920,45920,45920,False,6071.00805646433,41731.6217742997,-25.9183156446,-3.042224610361984,0.442339586833947,0.005327909639273,"[0.001305619235, 0.0010889113878, 0.001919017963, 2.5694019952e-05, 2.8351144247e-05, 0.00034422485435, 6.8813805519e-08, 1.0287690579e-07, 1.9595881973e-09, 5.8293441607e-12, 1.2445905908e-07, 1.8990019426e-07, 2.8417956076e-09, 1.03887705e-11, 1.9523325941e-11, -2.4728183862e-09, -3.8527015206e-09, -1.9814618951e-09, -1.9817516181e-13, -4.0519112197e-13, 3.223674983e-13]",0.0597399535683616,5.067054134307231e-06,0.0288,EXO,REAL,2025-10-07T21:42:27.809Z,system.exo,OPS1,,,,0.0,,,,,,,,,,,,,,,,,,,,,,,,,,,,,,,,,5600.0,33.1635
7a1cea20-710d-4ca7-ad51-4c7e9f6d333d,U//PR-EXO-SV,2025-10-07 20:36:26.880125,35812,35812,35812,False,6544.95784810019,42043.99707448447,151.47032417782,-3.014320261522702,0.464668473753073,0.275629473135313,"[0.00064975910127, -9.5981268489e-05, 1.976765036e-05, -3.14961617e-05, 3.3848921933e-06, 0.00031683421865, 5.6190159693e-10, 3.5991330795e-10, -3.7127819985e-11, 3.7723533765e-14, 1.3035502963e-09, 8.5207644275e-11, -1.1707931259e-10, 3.4710132246e-14, 9.311781598499999e-14, -1.3921390717e-11, -3.1514876155e-11, 8.6161513286e-11, 1.3002220257e-15, -2.2609054605e-15, 4.437474719200001e-14]",0.03140638422805147,4.185882188284806e-07,0.0283,EXO,REAL,2025-10-07T22:09:28.327Z,system.exo,OPS1,,,,0.0,,,,,,,,,,,,,,,,,,,,,,,,,,,,,,,,,4100.0,28.93893333
341d9656-eb03-4d43-a3c7-2abf626ba96e,U//PR-EXO-SV,2025-10-07 20:36:26.880125,42691,42691,42691,False,6305.33756450299,41695.64150281322,-15.54822086178,-3.03975953459791,0.45938228971215,0.006111443314042,"[0.00099329724733, -3.8426712485e-05, 7.5409846032e-05, 7.920274815e-06, 5.7446916403e-06, 0.00051576783897, 1.0048754619e-08, 5.8890532961e-09, 5.7556839456e-10, 6.379989492e-13, 1.359557502e-08, 5.391007600400001e-09, 5.5810151943e-10, 6.6514204955e-13, 8.891428693e-13, -3.4374255927e-11, 8.3262984408e-11, -4.3913137979e-10, 6.1666461186e-15, 8.8932608592e-16, 1.2359063757e-13]",0.03980546359900862,1.284808334371318e-06,0.0283,EXO,REAL,2025-10-07T21:42:27.805Z,system.exo,OPS1,,,,0.0,,,,,,,,,,,,,,,,,,,,,,,,,,,,,,,,,3500.0,21.3796
f0c67240-5195-44c3-a9df-4b58164dee4c,U//PR-EXO-SV,2025-10-07 20:36:26.880125,58253,58253,58253,False,6540.72936888545,41663.41843937046,-37.67868684442,-3.036646041918858,0.477560306712905,0.007384045276354999,"[0.00039124882038, 1.5345232753e-05, 4.4191670725e-05, 5.8654104662e-06, 3.8422767476e-06, 0.00035439643525, 7.093414566e-09, 3.924770834600001e-09, 3.792374119e-10, 4.3667028326e-13, 1.032064597e-08, 3.2832851481e-09, 3.5111513628e-10, 4.5084740898e-13, 6.4595947869e-13, -8.0484445453e-11, 4.6639329982e-11, -5.7257181333e-11, 2.4418132972e-15, -2.9381829353e-15, 1.1134792545e-13]",0.02810403754543108,1.092692860505641e-06,0.0228,EXO,REAL,2025-10-07T21:36:28.301Z,system.exo,OPS1,,,,0.0,,,,,,,,,,,,,,,,,,,,,,,,,,,,,,,,,5250.0,34.06333333
2f4c06f7-a164-4052-bc5b-d1a78f42594c,U//PR-EXO-SV,2025-10-07 20:36:26.880125,61910,61910,61910,False,6215.52426745997,41707.28488733953,-39.6901536061,-3.040849368652233,0.453003609335644,0.006752142851435,"[0.00043941830791, -2.743551278e-05, 2.5246980031e-05, 2.571390319e-06, 1.8569763629e-06, 0.00026866785942, 3.5413880844e-09, 1.7799636788e-09, 1.6986165659e-10, 2.0073939972e-13, 5.3533425644e-09, 1.5791674665e-09, 1.6934100817e-10, 2.210187448e-13, 3.3435941124e-13, -4.3050693604e-11, 1.3005124157e-11, -1.083646118e-11, 3.8733882069e-16, -1.6266265267e-15, 5.9235783089e-14]",0.02708012458171122,7.709309917554228e-07,0.0221,EXO,REAL,2025-10-07T21:03:27.606Z,system.exo,OPS1,,,,0.0,,,,,,,,,,,,,,,,,,,,,,,,,,,,,,,,,3500.0,39.42333333
de27fcdb-10ff-44c5-9f84-2526d6a26bf7,U//PR-EXO-SV,2025-10-07 20:36:02.115826,41105,41105,41105,False,27418.54302133911,-31799.1024850734,-3804.66297544013,2.314703958520053,2.016315720550226,-0.179515638606907,"[0.0043093173558, -0.0050616156613, 0.011517077484, -0.0010596463081, 0.0018387809784, 0.0011550912024, 1.5869277897e-07, -2.8090710046e-07, -4.8759832653e-08, 1.5440525047e-11, -5.878091064799999e-07, 1.088418662e-06, 1.9258971045e-07, -3.0738695905e-11, 1.101924391e-10, -1.9500003111e-08, 3.6921700465e-08, 2.0144352421e-08, -2.4546918386e-13, 3.5876557514e-12, 1.6791751153e-11]",0.1303130309761844,1.193418264063358e-05,0.0132,EXO,REAL,2025-10-07T21:39:36.551Z,system.exo,OPS1,,,,0.0,,,,,,,,,,,,,,,,,,,,,,,,,,,,,,,,,1855.0,11.10533333
332f1bbe-9397-4628-b549-5b5ee4b1c870,U//PR-EXO-SV,2025-10-07 20:35:44.133224,43587,43587,43587,False,12103.2493046601,40398.58923781871,-40.96531913777,-2.944781213950801,0.882149015931737,0.005699334679952,"[0.0025530291338, 0.0021751216167, 0.0027079510237, 4.6085860389e-05, 4.0065593468e-05, 0.00024526840852, 1.8164869902e-07, 1.981853607e-07, 3.6449276571e-09, 1.5309475524e-11, 2.5311687407e-07, 2.8210436063e-07, 4.377023071e-09, 2.1343659834e-11, 3.0558573915e-11, -5.8968635722e-09, -6.7747766196e-09, -1.4960725508e-09, -4.935525494499999e-13, -7.409803419e-13, 2.574739684e-13]",0.07420410073587579,6.79157738727904e-06,0.0312,EXO,REAL,2025-10-07T21:48:29.964Z,system.exo,OPS1,,,,0.0,,,,,,,,,,,,,,,,,,,,,,,,,,,,,,,,,5800.0,38.796
0eb74bee-6908-4218-85aa-4b89b55af50d,U//PR-EXO-SV,2025-10-07 20:35:44.133224,34941,34941,34941,False,11885.41093388784,40454.31325280384,-37.15498129448,-2.950084325106993,0.866497150211093,0.006248387700550999,"[0.0032610946992, 0.0028827432335, 0.0038427401269, 5.3611858086e-05, 4.669627755e-05, 0.00034042930219, 2.3135502562e-07, 2.6845508332e-07, 4.2440396708e-09, 1.983318499e-11, 3.3217785436e-07, 3.9505934092e-07, 5.0502338779e-09, 2.8511346703e-11, 4.2194888598e-11, -8.178299303299999e-09, -1.0094881845e-08, -2.5435007062e-09, -6.9937120523e-13, -1.0868324892e-12, 3.2436022739e-13]",0.08628014909751837,7.896355730043448e-06,0.0358,EXO,REAL,2025-10-07T21:48:29.952Z,system.exo,OPS1,,,,0.0,,,,,,,,,,,,,,,,,,,,,,,,,,,,,,,,,3905.0,42.83786667
23785289-9907-4824-ad26-062485173f98,U//PR-EXO-SV,2025-10-07 20:35:44.133224,41380,41380,41380,False,11897.08358521779,40456.84477652946,-50.44734868806,-2.949311745636112,0.86737373801631,0.009977092137163,"[0.0008570104711, -3.7740472363e-05, 0.00011218983923, 1.4774539397e-05, 8.3116593784e-06, 0.00021290468737, 2.1280807257e-08, 9.084121571400002e-09, 1.1496634105e-09, 1.4531954459e-12, 2.0476908529e-08, 5.9230351195e-09, 8.686132384e-10, 1.1900689192e-12, 1.1647643528e-12, 2.8269666229e-11, 1.6661170539e-10, -4.8382739223e-10, 1.4622205554e-14, 3.6919023385e-15, 1.6822118432e-13]",0.0343817538485168,1.669185724543557e-06,0.003,EXO,REAL,2025-10-07T21:30:27.550Z,system.exo,OPS1,,,,0.0,,,,,,,,,,,,,,,,,,,,,,,,,,,,,,,,,5271.0,59.95266667
87860e31-631f-44be-a089-218e6721e6ec,U//PR-EXO-SV,2025-10-07 20:35:40.872730,47321,47321,47321,False,28847.54225590023,30751.08057607509,1404.98939622469,-2.241320104766377,2.102346363864883,0.020758718918605,"[0.0004870761849, -0.00042546012118, 0.00040715362467, -6.0450941861e-06, -2.6298074835e-06, 0.00024063810778, 6.2127474935e-09, -3.0662798668e-09, 1.8227468632e-10, 4.1745258649e-13, 4.2861019955e-09, -3.953787497e-09, -8.579323526399999e-12, 2.3579309257e-13, 2.5204969691e-13, 9.2313151402e-11, 4.9213764563e-11, -6.5913409649e-10, 7.4352064858e-15, -1.9888834924e-15, 2.0011711034e-13]",0.03368780071999358,9.325338566186217e-07,0.0366,EXO,REAL,2025-10-07T20:54:26.148Z,system.exo,OPS1,,,,0.0,,,,,,,,,,,,,,,,,,,,,,,,,,,,,,,,,5200.0,34.06333333
3c431072-e1cf-4a0e-aac0-c5fde62324a2,U//PR-EXO-SV,2025-10-07 20:35:36.996187,44978,44978,44978,False,12482.38421077685,40278.82297405522,-86.54683285372,-2.936932614478833,0.908805855116091,0.015002676475478,"[0.0007267202643099999, -0.00010302175441, 8.7253208769e-05, 7.3230520368e-06, 5.0351886661e-06, 0.00028881892109, 1.246135429e-08, 4.9359128845e-09, 6.25140955e-10, 8.4637402896e-13, 1.1961386853e-08, 2.8894801836e-09, 4.494419915e-10, 6.7938711501e-13, 6.714447426599999e-13, -9.2094840569e-12, 8.806979975e-11, 8.3513865474e-11, 7.1580158974e-15, 8.2406813743e-16, 1.1758704981e-13]",0.03320831814725039,1.278829864145345e-06,0.0135,EXO,REAL,2025-10-07T21:03:27.599Z,system.exo,OPS1,,,,0.0,,,,,,,,,,,,,,,,,,,,,,,,,,,,,,,,,4000.0,34.06333333
c0bd8749-a005-4592-aa7f-4e1c9450d063,U//PR-EXO-SV,2025-10-07 20:35:32.360686,40505,40505,40505,False,41995.84741059046,3888.73788026322,-97.2636755715,-0.283072400148466,3.06088741702204,-0.000648179018217,"[8.422617118e-05, -9.8452859988e-05, 0.00045633334745, 6.4219744239e-06, -4.0788661036e-06, 0.00024177236468, 2.0605668353e-09, -1.0832246809e-08, 8.152807166599999e-11, 1.2072018995e-12, -4.9797231768e-09, 2.5264371459e-09, -3.7216254778e-10, 8.058329299800001e-14, 3.4224900125e-13, -3.6892840938e-10, 6.5651613215e-10, -1.5259853855e-09, 3.2482664574e-14, 2.5507162693e-14, 5.8737643573e-13]",0.02797019634021184,1.461789087549911e-06,0.0414,EXO,REAL,2025-10-07T21:12:26.180Z,system.exo,OPS1,,,,0.0,,,,,,,,,,,,,,,,,,,,,,,,,,,,,,,,,5712.0,40.73971099
bceb463a-4854-4cfe-8c18-653f520d8dcd,U//PR-EXO-SV,2025-10-07 20:34:57.109017,13974,13974,13974,False,27519.52704277428,31352.70477864389,6199.21521963618,-2.30102786611834,2.036727796702551,-0.083278381650638,"[0.0002111801217, -0.00017346883149, 0.00015978045997, -1.9259318597e-05, -2.8011675517e-05, 0.00023433066168, 1.4720734441e-09, -6.1033066578e-10, 1.4576380064e-10, 1.0628066034e-13, 1.0212181642e-09, -8.6439752872e-10, 4.803269234e-11, 6.3131163663e-14, 6.9010537696e-14, 2.741674819e-10, -1.3312856435e-10, -2.5541039018e-11, 1.5519691381e-14, 1.0677016955e-14, 3.4184736661e-14]",0.0246026674031496,4.576854101858612e-07,0.0136,EXO,REAL,2025-10-08T00:00:26.560Z,system.exo,OPS1,,,,0.0,,,,,,,,,,,,,,,,,,,,,,,,,,,,,,,,,1947.47,16.97517964
483382e1-1ff9-4522-b2c6-adb963225429,U//PR-EXO-SV,2025-10-07 20:34:22.766375,41752,41752,41752,False,32751.68392866623,26616.26148538053,-145.09258741506,-1.935094090035997,2.385805513917909,0.007102060735036,"[0.00065203806731, -0.00063263056559, 0.00076277476487, 6.3586308772e-06, 2.2693093653e-06, 0.0005789832996799999, 2.3006543315e-08, -1.2709420407e-08, 5.1818637172e-10, 2.1895852767e-12, 9.010716724000001e-09, -9.6845169208e-09, 5.7686548867e-12, 8.8825663945e-13, 6.564875456600001e-13, -1.9116746872e-10, 4.7038073475e-10, 3.2135891556e-09, 2.3769739869e-14, 3.3120387015e-15, 1.0706236388e-12]",0.04465194432339985,1.979064541938943e-06,0.0153,EXO,REAL,2025-10-07T21:33:27.103Z,system.exo,OPS1,,,,0.0,,,,,,,,,,,,,,,,,,,,,,,,,,,,,,,,,2211.0,8.525533333
ce4a2c07-5200-469f-91d1-5ee9a11ff763,U//PR-EXO-SV,2025-10-07 20:33:44.058236,26372,26372,26372,False,-7685.659320541819,40250.37263971488,10027.45471741099,-3.019719324719797,-0.571688307110953,-0.024601656741426,"[0.001842862574, 0.00037518757817, 0.00011338805759, 3.6505428997e-05, -6.6114508978e-05, 0.00031916932999, 1.2209183535e-09, 1.1145348109e-09, 2.9160128651e-10, 4.7224261192e-14, 5.588984740599999e-09, 3.5235287571e-09, 8.570391143199999e-10, 1.0637837641e-13, 4.3090133513e-13, 1.2360914505e-09, 7.9223154231e-10, 1.2775209946e-10, 2.4128201855e-14, 9.008631102100001e-14, 4.5181547928e-14]",0.04770136226126042,7.233997126416349e-07,0.0139,EXO,REAL,2025-10-07T21:51:29.803Z,system.exo,OPS1,,,,0.0,,,,,,,,,,,,,,,,,,,,,,,,,,,,,,,,,2120.0,24.02573633
e0f6ba73-4593-4507-8f4d-c03606bbb99c,U//PR-EXO-SV,2025-10-07 20:33:44.058236,26480,26480,26480,False,-7607.581117616291,40679.71569800491,10662.42775787914,-3.002218051450348,-0.563492058975124,0.021620816062752,"[0.0008738256011099999, 0.0003029780571, 0.00018375821953, 4.9218167212e-05, -6.0290466332e-05, 0.00033870077931, 5.2380201731e-09, 4.5990544918e-09, 8.3656139493e-10, 1.8244249817e-13, 2.8502559289e-08, 1.6668726816e-08, 2.6719499049e-09, 4.482482089e-13, 2.0635229274e-12, 6.899852362099999e-09, 3.9499280833e-09, 5.1747968367e-10, 1.0609927508e-13, 4.716687855800001e-13, 2.0000889419e-13]",0.03736689176195954,1.563961099183736e-06,0.0094,EXO,REAL,2025-10-08T00:51:27.554Z,system.exo,OPS1,,,,0.0,,,,,,,,,,,,,,,,,,,,,,,,,,,,,,,,,2440.0,23.68368162
b1d5395a-657b-47bf-8c82-80dc583c7e8a,U//PR-EXO-SV,2025-10-07 20:33:44.058236,23429,23429,23429,False,-7972.066746839219,39868.07292390832,10212.61197738806,-3.029526821060483,-0.56039849885197,-0.196910632641889,"[0.0016438868989, 0.00043423522331, 0.00019344013415, 0.00014122080071, -8.8560849641e-05, 0.00056707030957, 3.8992164026e-09, 2.914229758e-09, 9.9997984138e-10, 1.0717805367e-13, 3.0781481427e-08, 1.5095547874e-08, 5.5206731645e-09, 3.1334137286e-13, 2.1153765713e-12, 7.4754671131e-09, 4.0772739882e-09, 6.1787409838e-11, 7.860656849299999e-14, 4.8793023149e-13, 2.4447049012e-13]",0.04903465450699128,1.570676642434718e-06,0.011,EXO,REAL,2025-10-08T00:03:28.614Z,system.exo,OPS1,,,,0.0,,,,,,,,,,,,,,,,,,,,,,,,,,,,,,,,,2120.91,23.59650242
317bddfa-0052-4784-8181-cd1ebc566188,U//PR-EXO-SV,2025-10-07 20:33:38.600692,27168,27168,27168,False,39878.31523507592,-11692.26092386553,-5154.197261331041,0.894372314182637,2.929697033919004,0.448142124999974,"[0.00034807324238, -7.142846649399999e-07, 0.0014759768334, 0.00010549623531, -5.377019531e-05, 0.0018176854474, -2.3057167853e-08, -3.0961009692e-08, -3.8038150955e-09, 4.417260384e-12, -1.6826974929e-08, 3.607089546899999e-08, 9.4453453674e-09, -1.8910924794e-13, 2.0246445039e-12, -1.703008421e-09, 1.0081705528e-08, -3.7336400829e-09, -2.0882153637e-13, 4.0053698676e-14, 1.9426140718e-12]",0.06034679381027629,2.895603384391584e-06,0.0221,EXO,REAL,2025-10-07T21:24:27.778Z,system.exo,OPS1,,,,0.0,,,,,,,,,,,,,,,,,,,,,,,,,,,,,,,,,4500.0,74.60250137
019c8125-b35f-48bc-b102-d3ebdf46a745,U//PR-EXO-SV,2025-10-07 20:33:35.804972,10987,10987,10987,False,17563.26252492951,38275.6922884995,2290.85139187239,-2.779119921636739,1.292110710549902,-0.229065991209669,"[0.0006346289064799999, -0.00024762594708, 0.00012275572142, 2.6481170505e-05, -2.5767625851e-05, 0.00033916510149, 5.3155675511e-09, 4.4891021097e-10, 7.446420737900001e-10, 3.2151311221e-13, 4.4440042123e-09, -2.2485944546e-10, 5.592416002500001e-10, 2.362809853e-13, 2.2328975924e-13, 5.4906122896e-10, 5.9028730472e-11, 4.1041584892e-11, 3.0047860708e-14, 2.4345084885e-14, 5.028321987800001e-14]",0.03311419226540185,7.714182337279824e-07,0.0106,EXO,REAL,2025-10-07T23:24:27.196Z,system.exo,OPS1,,,,0.0,,,,,,,,,,,,,,,,,,,,,,,,,,,,,,,,,1947.47,16.97517964
1e2f1e7c-efbf-4b2e-8d92-90d66f4f8f93,U//PR-EXO-SV,2025-10-07 20:32:49.162215,53100,53100,53100,False,38295.53670592373,-17647.40983013878,-111.82021109778,1.287352061791896,2.792058636168685,0.000290793550965,"[0.0034043818848, -0.002207415497, 0.0044417350391, 4.1802909984e-05, -4.6923680957e-05, 0.0014419821426, 2.885906052e-07, -2.6135714333e-07, 2.778487208e-09, 3.4175872359e-11, -3.0289411932e-07, 3.0523395563e-07, -4.1999119018e-09, -2.8619795814e-11, 3.164900902e-11, -1.9147866581e-08, 2.0433730642e-08, 4.2015102909e-08, -1.5301742652e-12, 1.9705621068e-12, 1.4245194366e-11]",0.09637478439145793,8.948188405761247e-06,0.0247,EXO,REAL,2025-10-07T21:21:27.988Z,system.exo,OPS1,,,,0.0,,,,,,,,,,,,,,,,,,,,,,,,,,,,,,,,,5000.0,40.60366667
1f6356d3-626d-4128-a2c2-fa755180585f,U//PR-EXO-SV,2025-10-07 20:31:56.519250,38953,38953,38953,False,27908.66873521811,31544.47389884501,-1350.97704314594,-2.295473491448813,2.040020394218538,0.184211970157926,"[0.0015898467312, -3.2573847952e-05, 0.00068222190211, 1.8897361079e-05, 4.4365807011e-05, 0.0005393507757300001, 1.1180308981e-07, 3.0128233049e-08, 2.5666375856e-09, 1.0609014422e-11, 1.2648089683e-08, -2.0625824778e-08, -2.0562600444e-09, 1.2939436659e-12, 2.3057131358e-12, -3.8047763848e-09, -1.1983875643e-09, 1.9286265564e-08, -1.0743151121e-13, -5.8260720059e-14, 4.262794440399999e-12]",0.05302281970095517,4.144577420944143e-06,0.0,EXO,REAL,2025-10-07T21:06:27.929Z,system.exo,OPS1,,,,0.0,,,,,,,,,,,,,,,,,,,,,,,,,,,,,,,,,3060.0,13.99773333
917cfbed-524f-42ee-8b47-6344c14b3aea,U//PR-EXO-SV,2025-10-07 20:31:49.339727,44904,44904,44904,False,6169.38383217412,41005.2533832011,268.52700536812,-3.050486669607977,0.478904520203949,0.259870988284105,"[0.0007421493875700001, -9.2320151785e-05, 3.2586151136e-05, -3.5067613399e-05, 3.2382149067e-06, 0.00032691998489, 2.2844031905e-09, 1.4663298968e-09, -2.8399550661e-11, 1.5981589791e-13, 5.5497855494e-09, 4.1533158471e-10, -3.8371886675e-10, 1.5008743424e-13, 3.7008232426e-13, -1.0556046558e-10, -8.6806218532e-11, 2.6902342471e-10, 4.728697705e-15, -9.7977046034e-15, 1.6256572505e-13]",0.0331911964773191,8.321441865566327e-07,0.0113,EXO,REAL,2025-10-07T22:36:27.320Z,system.exo,OPS1,,,,0.0,,,,,,,,,,,,,,,,,,,,,,,,,,,,,,,,,2140.0,26.00846018
f4f87165-24bd-4423-9f7b-f96b1f672382,U//DS-USNO-SV,2025-10-07 20:31:48.766000,26724,26724,,False,19624.77690665,37726.0923709,404.83510414,-2.685328036719,1.389140550829,0.476365019912,,0.0,0.0012,0.0367291,USNO,REAL,2025-10-09T13:11:23.825Z,system.usno-snrf,OPS1,TEME,TEME,"[5.5315e-13, 1.20827e-12, 3.80737e-12, -3.61017e-14, -7.9414e-14, 2.72998e-15, -3.16954e-14, -9.25612e-14, 2.1816e-15, 4.22565e-15, 2.35724e-11, 2.8057e-10, 9.00113e-12, 9.02212e-12, 1.50989e-06, 6.61429e-14, 2.41714e-13, -1.26088e-15, -1.70797e-15, 3.49761e-10, 9.3916e-14]",0.0,99999.0,"EGM-96  8Z, 8T",NONE,True,True,True,False,0.0,0.0,0.0,0.0,0.0,0.0,10.0,37.0,0.09068,-0.419,0.2217,0.3381,4.0,2049-12-31T23:59:59.999Z,ASW,FAST NUM,AUTO,False,AUTO,0.0,1e-14,"[0.0, 0.0, 0.0]","[0.0, 0.0012, 0.0]",1.0,ARGOS,4682.0,61.33426667
abf16a69-165b-42a1-a83c-eae94fc6ceaf,U//PR-EXO-SV,2025-10-07 20:31:28.450684,28134,28134,28134,False,40033.30618786303,-12953.57778787492,-5709.89729282902,0.949882245089288,2.911153207978605,0.035413243108215,"[0.00013746409741, 0.0003341429855, 0.00096475295957, 6.8160369956e-05, -1.7523071136e-05, 0.00052109267154, -5.9097198531e-09, -1.2486145569e-08, -3.7561212783e-11, 8.7707773478e-13, 4.937785275800001e-10, 2.2596886867e-09, 4.8020688418e-11, -1.4854801872e-13, 6.532227484299999e-14, 8.520664201299999e-10, 1.8875347761e-09, -4.7407167767e-11, -1.0897329028e-13, 1.5653525516e-14, 1.4357019265e-13]",0.04029031804937758,1.042098940731157e-06,0.0202,EXO,REAL,2025-10-07T21:51:29.817Z,system.exo,OPS1,,,,0.0,,,,,,,,,,,,,,,,,,,,,,,,,,,,,,,,,2542.0,18.13972231
4a113e8a-01dc-44f8-848e-b0f6c83b0eb0,U//PR-EXO-SV,2025-10-07 20:30:56.916918,38690,38690,38690,False,37279.17047610107,-17942.73899927683,-684.4352062618301,1.35445466740215,2.834060442372797,0.076778509808722,"[0.0018522410495, 0.00096027595748, 0.0027254036428, 8.9916125675e-05, 4.0345929983e-05, 0.0007332880096599999, -1.6987573356e-07, -3.5377008627e-08, -7.4258797584e-09, 2.071912755e-11, -2.1804268824e-08, 4.2284211258e-08, -3.4734970677e-10, 1.4301202861e-12, 2.4195862175e-12, -6.4310668675e-10, 2.8873325402e-09, -1.2550861666e-08, 1.187334657e-13, -8.076639980900001e-14, 5.7733118738e-12]",0.07287614631661035,5.376990388804875e-06,0.0106,EXO,REAL,2025-10-07T21:36:28.273Z,system.exo,OPS1,,,,0.0,,,,,,,,,,,,,,,,,,,,,,,,,,,,,,,,,0.0,0.0
37adc727-409b-4dc8-9923-6645fe26ad72,U//PR-EXO-SV,2025-10-07 20:30:00.273170,2717,2717,2717,False,31822.83715013912,-27455.19461737499,-2445.42166686236,2.010627247434778,2.331129883811537,-0.06853039029508799,"[0.00037596220874, 0.0003972559207, 0.00049031877421, 1.0932465452e-05, -2.3665514652e-05, 0.00043119865921, -9.089102758e-09, -5.9725223839e-09, 3.6249505008e-10, 8.6809321556e-13, 5.4585130686e-09, 6.8730045286e-09, -1.8456972911e-10, -4.5780611844e-13, 4.2678434379e-13, 5.689075880300001e-10, 4.4334956545e-10, -1.1971346118e-10, -3.352588250099999e-14, 2.72219066e-14, 4.3450626605e-13]",0.0360205447232548,1.315060388499327e-06,0.018,EXO,REAL,2025-10-07T20:42:28.722Z,system.exo,OPS1,,,,0.0,,,,,,,,,,,,,,,,,,,,,,,,,,,,,,,,,163.0,2.199114858
459f2e50-5c3f-4582-96bf-a5cb97740223,U//PR-EXO-SV,2025-10-07 20:30:00.273170,12930,12930,12930,False,31028.18656230724,-26797.86438704921,-2622.43338289068,1.818631067513199,2.565193513995519,0.247496527986408,"[0.00070325643086, 0.00080198103439, 0.0009410476946700001, 7.7399406202e-05, 5.4321911229e-05, 0.0003790167494, -3.012877899e-09, -2.7829015183e-09, -2.6408120457e-10, 3.203393295e-13, 1.8264845671e-09, 3.0021169978e-09, 2.8283279922e-10, -1.8360362903e-13, 1.8449712981e-13, 1.6940652039e-10, 2.6819845239e-10, 1.1335754943e-10, -1.808503142e-14, -1.3004254509e-15, 1.9737724007e-13]",0.04498133918560007,8.379819206760966e-07,0.0328,EXO,REAL,2025-10-07T22:15:26.633Z,system.exo,OPS1,,,,0.0,,,,,,,,,,,,,,,,,,,,,,,,,,,,,,,,,812.68,13.8242
511410ee-32b3-43e3-bc7f-0ef906f1d461,U//PR-EXO-SV,2025-10-07 20:29:58.070969,34264,34264,34264,False,5716.05363981969,-41357.56378289103,-6964.77991479587,3.007990072688906,0.478145047125446,-0.363189079199897,"[0.00035333714913, 4.0349517428e-05, 2.2287823707e-05, 2.3704881119e-05, -7.3299109287e-05, 0.00046184781453, -5.8948257915e-10, 3.0172390437e-10, 1.4955982031e-10, 3.4731756029e-14, 1.9471874694e-09, 3.5218839363e-11, -3.027251278e-10, -3.6973222055e-14, 1.1507228209e-13, 3.9889650276e-10, -6.300907433699999e-11, 1.1761160032e-10, -5.6164557136e-15, 1.7535976201e-14, 3.5711335906e-14]",0.02893912209046777,4.307149568159898e-07,0.006599999999999999,EXO,REAL,2025-10-07T21:39:36.539Z,system.exo,OPS1,,,,0.0,,,,,,,,,,,,,,,,,,,,,,,,,,,,,,,,,2500.0,18.27809693
ad2a12eb-89d8-4f34-ac02-fdd46f24b40c,U//PR-EXO-SV,2025-10-07 20:29:48.233766,38352,38352,38352,False,19732.53100569822,37277.88012306761,-309.59653256007,-2.716065753861215,1.438081545156371,0.04421955974007399,"[0.00047333978634, -0.00015930416964, 0.00010883226904, 2.4263641559e-06, 4.4019511291e-06, 0.00018858033081, 9.9662377095e-09, 1.7101432569e-09, 3.7618965371e-10, 7.073175250499999e-13, 6.3422365485e-09, -1.7896967589e-10, 1.4209556912e-10, 3.7725269682e-13, 2.8028788506e-13, -1.3616803049e-10, 5.3618109601e-11, -5.4728774551e-12, -2.6980619764e-15, -5.7706187826e-15, 1.0059097464e-13]",0.0277624275990051,1.043166518227076e-06,0.0232,EXO,REAL,2025-10-07T20:48:27.698Z,system.exo,OPS1,,,,0.0,,,,,,,,,,,,,,,,,,,,,,,,,,,,,,,,,5000.0,34.06333333
bf15e3e1-7f86-48d2-9277-7b85f97bf359,U//DS-USNO-SV,2025-10-07 20:29:47.903000,21016,21016,,False,23817.26361236,33554.92428197,9213.0475615,-2.52637963494,1.743981157973,0.175142474581,,0.0,0.0006,0.00772364,USNO,REAL,2025-10-09T13:11:23.803Z,system.usno-snrf,OPS1,TEME,TEME,"[7.40707e-15, 5.54097e-14, 3.54781e-12, -5.31672e-16, 7.55285e-14, 3.88544e-15, 1.3386e-15, 1.26767e-13, 4.12838e-15, 5.99429e-15, 1.03623e-11, 2.4692e-10, -4.48998e-12, 7.39976e-12, 3.10631e-07, 3.52373e-15, 8.20567e-14, -3.00227e-16, 3.54466e-15, 8.54136e-11, 2.56967e-14]",0.0,99999.0,"EGM-96  8Z, 8T",NONE,True,True,True,False,0.0,0.0,0.0,0.0,0.0,0.0,10.0,37.0,0.09068,-0.419,0.2217,0.3381,4.0,2049-12-31T23:59:59.999Z,ASW,FAST NUM,AUTO,False,AUTO,0.0,1e-14,"[0.0, 0.0, 0.0]","[0.0, 0.0006, 0.0]",1.0,ARGOS,1947.47,16.97517964
f1479d11-14a2-4758-a9a6-701f980499a2,U//PR-EXO-SV,2025-10-07 20:29:41.906904,39617,39617,39617,False,41154.14865638163,-9221.72790578836,-79.15101274263,0.6728267032006849,2.999410715590261,-0.000413087949115,"[4.5491924735e-05, 4.2734639556e-05, 0.00043510392895, 2.8319630878e-06, -4.255327099e-06, 0.00020152570196, -2.6154972991e-09, -4.699714225600001e-09, -1.1060147771e-10, 6.1083694384e-13, -2.026238748e-09, 4.9152521915e-09, -2.2047200384e-10, -1.635705282e-14, 2.2780779292e-13, -1.1649701881e-10, 3.4143251452e-10, 1.5437659045e-10, 1.0170546891e-14, 1.1757500629e-14, 3.015270729e-13]",0.02611745691381533,1.067788279416852e-06,0.0343,EXO,REAL,2025-10-07T21:33:27.099Z,system.exo,OPS1,,,,0.0,,,,,,,,,,,,,,,,,,,,,,,,,,,,,,,,,5724.0,46.39493333
12364cc9-a0d3-47a3-8b61-096970721985,U//PR-EXO-SV,2025-10-07 20:29:41.906904,55263,55263,55263,False,41188.22214309783,-9022.08336438926,-90.98901698637,0.658082669053832,3.003440205002826,-0.002701700423207,"[0.031231638084, -0.012217797272, 0.0066193068067, 0.0025329479125, -0.0010461777511, 0.0018998083218, 3.9800251874e-06, -1.5896228083e-06, 3.2772123701e-07, 5.464705059199999e-10, -1.1296425757e-06, 6.4826983636e-07, -1.0410474164e-07, -1.817267223e-10, 1.1376937214e-10, 1.8471100995e-07, -8.041980723800001e-08, 1.9580430366e-07, 2.8783132356e-11, -1.3491290783e-11, 3.217035389e-11]",0.1993759093082713,2.631368906006909e-05,0.0268,EXO,REAL,2025-10-07T21:12:26.187Z,system.exo,OPS1,,,,0.0,,,,,,,,,,,,,,,,,,,,,,,,,,,,,,,,,0.0,0.0
6670dd14-cbf0-475b-be6e-0f14a611451e,U//PR-EXO-SV,2025-10-07 20:29:28.722023,49062,49062,49062,False,19908.53421206548,37177.38018315096,-41.12101398412,-2.709957714188292,1.451363860726374,0.005443748228852,"[0.00044847568236, -0.0001525322849, 0.00010295096739, 6.4244281326e-06, 1.9367463529e-06, 0.00021079710601, 9.7289706314e-09, 1.4257603488e-09, 4.986792299199999e-10, 6.8209636951e-13, 6.3131059342e-09, -2.70159872e-10, 2.307422688e-10, 3.7298757664e-13, 2.7781819707e-13, -4.443854255e-12, 7.860303898599999e-11, 7.4958847178e-12, 5.3698510808e-15, -7.7018189235e-16, 8.8467605165e-14]",0.02760840009417424,1.023905352923306e-06,0.0198,EXO,REAL,2025-10-07T21:42:27.813Z,system.exo,OPS1,,,,0.0,,,,,,,,,,,,,,,,,,,,,,,,,,,,,,,,,5000.0,34.06333333
9c6c8e38-4394-4ba4-ba75-5e5013ff9eb5,U//PR-EXO-SV,2025-10-07 20:28:46.862182,16667,16667,16667,False,37132.6180169766,-20010.84266139814,1631.74899188688,1.412044969420525,2.671421704161125,0.551489958888229,"[0.00033322615728, 0.0005858906707800001, 0.0011517029273, 6.758781063399999e-05, 0.00016591997977, 0.0005060347725199999, -2.5424792269e-09, -2.5595257441e-09, -8.7102431733e-10, 8.1137918597e-13, -7.3817103608e-11, 3.3466947108e-09, 1.9280532949e-10, -3.4244639853e-13, 3.3658872022e-13, -4.6420862816e-10, 7.7649179141e-11, 1.1366437563e-09, 1.5816395627e-14, -9.0178619109e-14, 5.5936300476e-13]",0.04462021803061925,1.306648732808477e-06,0.002,EXO,REAL,2025-10-07T21:03:27.560Z,system.exo,OPS1,,,,0.0,,,,,,,,,,,,,,,,,,,,,,,,,,,,,,,,,2101.09,4.71238898
d1aeca29-b329-4c2f-b053-ff2ece6e914d,U//PR-EXO-SV,2025-10-07 20:28:31.562003,39216,39216,39216,False,-2252.48352383064,42111.32988684141,109.23673633593,-3.068808653948703,-0.164707556188685,0.07450981475192,"[0.00078068638681, 0.00013597768812, 0.00010437437533, -2.7952778773e-06, 4.0524735326e-06, 0.00035576241261, 6.165016594199999e-09, 6.568700338699999e-09, 3.6684796155e-10, 4.2398822228e-13, 1.2322702289e-08, 9.5978067913e-09, 4.1461328039e-10, 5.9087197892e-13, 1.080686909e-12, -7.8665972285e-11, -2.4087906556e-11, 5.7057442585e-10, 2.3923070295e-15, -3.599923148400001e-15, 1.4561560188e-13]",0.03522532008016394,1.284636420610906e-06,0.0168,EXO,REAL,2025-10-07T21:39:36.543Z,system.exo,OPS1,,,,0.0,,,,,,,,,,,,,,,,,,,,,,,,,,,,,,,,,2090.0,8.525533333
f4f4cdc3-c9d4-4d9c-b8c8-3da1b0d293d1,U//PR-EXO-SV,2025-10-07 20:28:25.778731,4068,4068,4068,False,-2419.1426016131,42340.70344193135,-214.69919647477,-3.059670604839904,-0.175134234536855,-0.022024934256919,"[0.00052075681534, 3.8119866039e-05, 8.34612517e-06, 9.8290503084e-07, 2.2308250833e-06, 0.00039207904726, 4.6378903372e-10, 3.9944966964e-10, 9.8776749115e-12, 2.4896872797e-14, 2.3792417413e-09, 7.8662051928e-10, 3.1142778713e-11, 3.6012620856e-14, 1.85699339e-13, -1.5868357382e-11, -2.7347380304e-12, 2.4850232166e-10, -5.0476354144e-16, -4.702982935e-16, 4.2935638718e-14]",0.0303509800133373,5.035194638889345e-07,0.006599999999999999,EXO,REAL,2025-10-07T21:06:27.902Z,system.exo,OPS1,,,,0.0,,,,,,,,,,,,,,,,,,,,,,,,,,,,,,,,,429.14,3.09195549
0929d373-edb3-461c-91c0-057b9391e841,U//PR-EXO-SV,2025-10-07 20:28:14.682111,15995,15995,15995,False,15192.35271339308,-39738.75554253865,-5076.924759792019,2.841320951317464,1.033708963204094,0.408729423888393,"[0.00052978321637, 0.00015342846976, 8.4580511461e-05, 4.6981694105e-05, -1.8265721725e-05, 0.00027703400663, -5.4899187391e-09, 1.5454194211e-09, -1.3979237001e-10, 3.7553133433e-13, 6.351546837e-09, 1.3426460356e-10, 9.2967512703e-10, -3.111544773e-13, 4.2792056506e-13, 7.7103848008e-10, 5.05745914e-10, -1.8032781414e-09, -3.4684649139e-14, 3.0044433936e-15, 2.2314925819e-13]",0.02985628467276195,1.013213283361406e-06,0.013,EXO,REAL,2025-10-07T22:06:27.395Z,system.exo,OPS1,,,,0.0,,,,,,,,,,,,,,,,,,,,,,,,,,,,,,,,,1373.64,21.17285443
469cf1bb-708c-41cb-b900-eb88acd76800,U//PR-EXO-SV,2025-10-07 20:28:08.515820,19397,19397,19397,False,-18344.44139153991,37685.21207359491,5097.62980121478,-2.753233640576405,-1.268997920937097,-0.5047785257597059,"[0.0011975177564, 0.0005699580249499999, 0.00029033721834, 0.00019449832647, 5.670089711300001e-05, 0.00032498909502, -7.4668884389e-10, -1.3666082415e-10, -5.1478011337e-11, 3.2244650367e-14, 3.4865296907e-09, 3.2776190169e-09, 1.1114614776e-09, -3.182731097900001e-14, 3.2331517824e-13, 5.4685761403e-10, 6.1557043005e-10, -1.5484517604e-10, -7.8003691425e-15, 4.2222941643e-14, 6.5824318839e-14]",0.04257750661746176,6.491410843922915e-07,0.0112,EXO,REAL,2025-10-08T00:21:28.332Z,system.exo,OPS1,,,,0.0,,,,,,,,,,,,,,,,,,,,,,,,,,,,,,,,,2101.09,23.8702275
8d449129-622f-4f7a-965d-9e39dd2ff8c2,U//PR-EXO-SV,2025-10-07 20:28:05.842408,39498,39498,39498,False,33513.63778808204,25578.90723721047,-114.3781727177,-1.865644139614193,2.444482269716411,0.004901839547287999,"[0.0011717712667, -0.00049364766909, 0.00077472887544, 3.7559290064e-05, 8.5475801938e-06, 0.00087139894906, 8.663056547799999e-08, -1.7997426037e-08, 3.2714623373e-09, 7.4561547486e-12, 1.5990461974e-08, -2.2920449757e-08, -1.9568965885e-10, 1.0306665284e-12, 1.0271971625e-12, -4.0617745311e-10, 2.329645032e-09, -7.023036112600001e-09, 4.2193531246e-14, -7.5167590124e-14, 1.9114502279e-12]",0.05308388730302256,3.224097104461961e-06,0.0228,EXO,REAL,2025-10-07T20:54:26.138Z,system.exo,OPS1,,,,0.0,,,,,,,,,,,,,,,,,,,,,,,,,,,,,,,,,1982.0,13.23566667
fc170a4c-18f4-41d8-a033-72043fe59a44,U//PR-EXO-SV,2025-10-07 20:28:05.842408,39508,39508,39508,False,33079.56528444398,26168.07951873349,-108.86737942965,-1.90716950857138,2.410478855462297,0.004745712038054,"[0.00031995176118, -0.00029263384731, 0.00038137139714, 4.6897392985e-06, 1.262673609e-06, 0.00036068278935, 1.5665810934e-08, -8.9491693778e-09, 3.7867170047e-10, 1.3891416096e-12, 6.2080312371e-09, -7.9532206337e-09, -2.3343461585e-11, 4.9567212603e-13, 4.0984191756e-13, -1.4465737154e-10, 4.5260390896e-10, -5.8380450933e-10, 6.765653687599999e-15, -1.154910304e-14, 5.7832704099e-13]",0.03258843272804018,1.541852965801214e-06,0.0364,EXO,REAL,2025-10-07T21:27:27.476Z,system.exo,OPS1,,,,0.0,,,,,,,,,,,,,,,,,,,,,,,,,,,,,,,,,6330.0,56.26866667
e3140bf1-a344-41e6-9bd0-c302505c0f6e,U//DS-USNO-SV,2025-10-07 20:28:04.337000,23613,23613,,False,25268.94931742,32574.50777582,8744.90435875,-2.459512491928,1.818805423771,0.325490903551,,0.0,0.0004,0.0305584,USNO,REAL,2025-10-09T13:11:23.786Z,system.usno-snrf,OPS1,TEME,TEME,"[2.02056e-13, -1.44894e-13, 7.58305e-13, 2.84397e-14, -1.52425e-15, 9.31704e-15, 2.19192e-14, 1.52954e-15, 6.8261e-15, 6.17416e-15, 7.47152e-11, 3.10192e-11, 3.11751e-11, 2.63209e-11, 1.2347e-07, 3.39129e-15, 6.77703e-15, 2.50674e-15, 2.07131e-15, 1.04735e-11, 9.62849e-16]",0.0,99999.0,"EGM-96  8Z, 8T",NONE,True,True,True,False,0.0,0.0,0.0,0.0,0.0,0.0,10.0,37.0,0.09068,-0.419,0.2217,0.3381,4.0,2049-12-31T23:59:59.999Z,ASW,FAST NUM,AUTO,False,AUTO,0.0,1e-14,"[0.0, 0.0, 0.0]","[0.0, 0.0004, 0.0]",1.0,ARGOS,2205.15,13.87341487
015031e2-f773-4b28-8caa-81f8bf359e98,U//PR-EXO-SV,2025-10-07 20:28:00.820026,13595,13595,13595,False,20645.26636574321,-36992.97473067728,-5192.15205184565,2.657170211314339,1.410981849091473,0.539139091897095,"[0.0010297854704, 0.00049605302108, 0.00031251817344, 0.00017062981776, 4.519869113e-05, 0.00034508431952, -8.8283444396e-09, 1.3713194535e-09, -7.249922740499999e-10, 7.279108743e-13, 8.8313265763e-09, 2.5444712831e-09, 2.0090449607e-09, -5.1838855097e-13, 6.9309417515e-13, 1.037812235e-09, 1.2864660521e-09, -2.2708013813e-09, -4.724617667999999e-14, -7.3842264518e-15, 3.8748714364e-13]",0.0410778281236971,1.344801915930372e-06,0.0358,EXO,REAL,2025-10-07T21:21:27.962Z,system.exo,OPS1,,,,0.0,,,,,,,,,,,,,,,,,,,,,,,,,,,,,,,,,1002.97,18.78383538
995c7584-e27f-4afa-9fa8-d88ef912fdda,U//PR-EXO-SV,2025-10-07 20:27:55.826611,25086,25086,25086,False,42125.97915478743,-2997.09038770375,-2884.20152933935,0.258824962297659,2.974729628093909,0.706849968546187,"[5.5460174993e-05, 9.227117709e-05, 0.0008370507136400001, 3.6047899412e-05, 0.00013005512085, 0.00031452961405, -2.1021007405e-09, -1.1522672213e-08, -2.8171677962e-09, 1.3165624662e-12, -3.1222748868e-09, -9.837766750099999e-10, 7.5418442834e-11, -2.9012644485e-14, 2.6734499618e-13, -6.6021611859e-10, 7.5420361876e-10, -9.6830577759e-10, -7.7157874618e-15, -1.5651754373e-13, 8.638721119e-13]",0.03474248843538701,1.564538134492093e-06,0.0303,EXO,REAL,2025-10-07T23:09:27.954Z,system.exo,OPS1,,,,0.0,,,,,,,,,,,,,,,,,,,,,,,,,,,,,,,,,3558.0,37.6404
4197a14d-8404-442d-a974-8721e172f382,U//PR-EXO-SV,2025-10-07 20:27:54.633135,14930,14930,14930,False,41954.37566196693,-6240.26418551008,4390.01777853694,0.399513641870074,2.994772087052058,0.462618280650473,"[4.8357640909e-05, 0.00010627696584, 0.00069513888182, -0.00021796154673, -0.00015548566337, 0.0018638610157, 2.1609566012e-10, -4.7083457891e-09, -7.058238800499999e-10, 3.6223681898e-13, -7.0151997785e-10, 1.6428236815e-09, -9.3069561006e-11, -1.0924102549e-13, 8.7949567651e-14, -1.941782813e-10, -4.2253639072e-10, 1.107441409e-09, 7.327453843e-15, -3.0759795943e-14, 2.0048701699e-13]",0.05106229076754195,8.066432939168341e-07,0.0132,EXO,REAL,2025-10-07T22:03:26.221Z,system.exo,OPS1,,,,0.0,,,,,,,,,,,,,,,,,,,,,,,,,,,,,,,,,1064.42,27.52527262
0fb241a0-89b4-46ae-85d1-b192469cf875,U//PR-EXO-SV,2025-10-07 20:27:53.545875,12447,12447,12447,False,20120.30022706538,-37129.20454655846,514.45491208792,2.681223431615197,1.458442427183602,0.353724732746353,"[0.00065666554721, 0.00034778957552, 0.00021048300381, 4.7014881895e-05, 3.0268921235e-05, 0.00037185076744, -2.8273662606e-09, 2.9019485568e-10, -2.7674661069e-10, 2.1088174589e-13, 4.019561924100001e-09, 2.3205299822e-09, 5.5264104714e-10, -1.3979953088e-13, 2.7618941482e-13, -8.1803071155e-11, 1.5404352854e-10, -3.9545120434e-10, -5.2151472711e-15, -1.1285828894e-14, 1.992403062e-13]",0.03519942213247257,8.284391751420257e-07,0.0088,EXO,REAL,2025-10-07T21:45:29.025Z,system.exo,OPS1,,,,0.0,,,,,,,,,,,,,,,,,,,,,,,,,,,,,,,,,2120.91,23.59650242
618ff3a1-ac38-4375-8d98-475a6330e6c9,U//PR-EXO-SV,2025-10-07 20:27:38.752312,50002,50002,50002,False,16924.11834877984,38614.07782425886,-53.25346603134,-2.816272153613267,1.234339739416021,0.005385652227613,"[0.0018146414172, 0.0012013547021, 0.0015573122617, 3.1641823877e-05, 2.3423723465e-05, 0.00027400462731, 1.365919552e-07, 1.3392516512e-07, 2.7291023299e-09, 1.2899069686e-11, 1.4331041798e-07, 1.4239702735e-07, 2.3993581168e-09, 1.3507160366e-11, 1.4596152316e-11, -3.445568404e-09, -3.4147763506e-09, -1.587865434e-09, -3.1635109601e-13, -3.6272983115e-13, 3.1465340129e-13]",0.0603817713073242,5.273506935928879e-06,0.032,EXO,REAL,2025-10-07T21:00:31.400Z,system.exo,OPS1,,,,0.0,,,,,,,,,,,,,,,,,,,,,,,,,,,,,,,,,2150.0,16.98733333
316aa4d2-c1ef-42f2-8144-987285ef5614,U//PR-EXO-SV,2025-10-07 20:27:38.752312,41021,41021,41021,False,16705.71852492729,38752.34347598887,-93.84514730943,-2.821461843159358,1.215429159179772,0.011006433576352,"[0.0011821575453, -0.00034484430809, 0.00023281978842, 1.0129711672e-05, 8.3234723564e-06, 0.00040106403599, 1.7091667266e-08, 7.1553736496e-09, 1.0866001721e-09, 1.3960954762e-12, 1.2265869129e-08, 2.201454143e-09, 5.395633215299999e-10, 7.963346948499999e-13, 6.133123349000001e-13, 8.429545049700001e-11, 2.4882538575e-10, -3.7022896397e-10, 2.3678338e-14, 4.3843928587e-15, 1.4804760138e-13]",0.04261503689673399,1.4688279043101e-06,0.026,EXO,REAL,2025-10-07T21:18:26.099Z,system.exo,OPS1,,,,0.0,,,,,,,,,,,,,,,,,,,,,,,,,,,,,,,,,5000.0,34.06333333
a135ecd8-cc1b-4903-b6ea-7ec9dca75745,U//PR-EXO-SV,2025-10-07 20:27:06.131929,10024,10024,10024,False,-1797.3102497027,42159.81383828681,4473.39776474608,-3.039172894832721,-0.093522690855496,-0.373862214055871,"[0.0006467232407000001, 6.505749380800001e-05, 3.639255816e-05, -3.0011851147e-06, -7.0030650982e-05, 0.00073287773256, 2.2918711796e-09, 1.725762575e-09, 5.9799058466e-10, 1.1453304816e-13, 8.0074305069e-09, 3.0170053074e-09, 1.4517051161e-09, 1.7948956059e-13, 5.451953804300001e-13, 1.1883899438e-09, 6.1150703257e-10, -6.068781261799999e-10, 1.8613246172e-14, 6.5300660039e-14, 1.2390468319e-13]",0.03762968949406838,8.852305415991927e-07,0.0141,EXO,REAL,2025-10-07T22:12:28.362Z,system.exo,OPS1,,,,0.0,,,,,,,,,,,,,,,,,,,,,,,,,,,,,,,,,787.91,7.536562966
29954d80-e0d4-4c17-9049-a46186e885a4,U//PR-EXO-SV,2025-10-07 20:27:06.131929,15057,15057,15057,False,-1858.95284696018,41895.95343542376,4410.58275550754,-3.051117542576333,-0.098369408394422,-0.364876903054326,"[0.00058929980884, 4.1747858456e-05, 1.8752687928e-05, 2.7534805426e-05, -3.6759812158e-05, 0.0004055184171, 1.1755289961e-09, 8.7075782764e-10, 3.1285828688e-10, 5.769384020999999e-14, 3.4490004058e-09, 1.4939598808e-09, 6.951210932399999e-10, 9.0755333687e-14, 2.5073337989e-13, 4.8937335377e-10, 2.6555824309e-10, 6.538637773900001e-11, 1.2834178896e-14, 3.336660509e-14, 3.6348021332e-14]",0.03183662849404754,5.871756478533489e-07,0.0102,EXO,REAL,2025-10-07T22:21:29.718Z,system.exo,OPS1,,,,0.0,,,,,,,,,,,,,,,,,,,,,,,,,,,,,,,,,1947.47,16.97517964
39b99c4f-cf1e-4a20-a1d9-f689c37fd01e,U//PR-EXO-SV,2025-10-07 20:26:57.523326,41034,41034,41034,False,-1206.79277931995,42140.09701847696,5.48836455623,-3.073861471090787,-0.088418827684121,0.008474921152314,"[0.00047734841204, 6.537763284e-05, 4.3473392749e-05, 3.4305459883e-06, 3.1215279497e-06, 0.00026279955166, 3.497137666e-09, 2.8945385916e-09, 2.1403492445e-10, 1.9502878283e-13, 7.5515297431e-09, 4.4944216721e-09, 3.1391164845e-10, 2.9140289475e-13, 5.801024917999999e-13, -3.5179108396e-11, 2.3782056216e-11, 1.3536573338e-10, 2.0490924433e-15, -1.2780167713e-16, 6.8538030327e-14]",0.02799323769143184,9.185147276756099e-07,0.0204,EXO,REAL,2025-10-07T21:39:36.550Z,system.exo,OPS1,,,,0.0,,,,,,,,,,,,,,,,,,,,,,,,,,,,,,,,,3800.0,34.06333333
c8be0115-2b8d-42f8-a909-552fd10eca3c,U//PR-EXO-SV,2025-10-07 20:26:35.633282,40147,40147,40147,False,24468.191883473,34339.77857325287,-63.51346352822,-2.504066661516801,1.78415147477775,0.006739974799414,"[0.0062331458414, 0.0035058176445, 0.0044164765638, -3.1609000021e-05, -9.2948634129e-05, 0.00049903464424, 5.3262378614e-07, 4.1634976101e-07, -5.2691496091e-09, 5.1706020408e-11, 4.5226928235e-07, 3.8551756517e-07, -7.3240729432e-09, 4.4818546736e-11, 4.0596575859e-11, -1.5812214292e-08, -1.4401010572e-08, -2.6113624593e-09, -1.580690155e-12, -1.5119354216e-12, 4.6070447063e-13]",0.1055872011630198,9.631370657265248e-06,0.0322,EXO,REAL,2025-10-07T21:09:29.759Z,system.exo,OPS1,,,,0.0,,,,,,,,,,,,,,,,,,,,,,,,,,,,,,,,,5897.0,41.86028333
39e70a9c-c377-40d3-a03f-cdf403d0d99c,U//PR-EXO-SV,2025-10-07 20:26:28.621773,37344,37344,37344,False,14384.1124923987,-39293.86797453063,-5409.9592479088,2.859285982620882,1.087101203637115,-0.294100671334533,"[0.00034452807557, 9.8973552318e-05, 5.0515137793e-05, -6.1974697204e-06, -2.9501080697e-05, 0.00022735344025, -4.3605793886e-09, 2.2897667312e-10, 6.633602906e-10, 2.1696063604e-13, 6.4135555625e-09, 1.3568110128e-09, -7.9150797371e-10, -2.1146828077e-13, 3.5691113119e-13, 1.3121446311e-09, 6.2689288821e-11, 6.240023361399999e-10, -3.4434500235e-14, 5.4403565531e-14, 1.0295043512e-13]",0.02494787873974459,8.226920458774353e-07,0.0102,EXO,REAL,2025-10-07T22:24:26.513Z,system.exo,OPS1,,,,0.0,,,,,,,,,,,,,,,,,,,,,,,,,,,,,,,,,1620.0,11.10533333
8a7638b6-e265-4034-a24a-d5a92560aaa8,U//PR-EXO-SV,2025-10-07 20:26:08.545760,33595,33595,33595,False,28173.50911137181,-31338.02338056822,-1652.31855051735,2.282906037639374,2.056163241303034,-0.101207143774234,"[0.00019983422379, 0.0001614809018, 0.00018764606122, 5.982555806499999e-06, -8.039826708e-06, 0.00030672076828, -4.4735547499e-09, -9.1799609391e-10, 3.2800184182e-10, 4.0157142398e-13, 3.436974707e-09, 4.3041092165e-09, -1.1945713122e-10, -1.8817529639e-13, 2.9855838452e-13, 2.6636126577e-10, -8.9183681868e-11, 3.7210971549e-10, -1.9935715192e-14, 7.846185088000001e-15, 2.2545580988e-13]",0.02634769540756838,9.620736034108825e-07,0.0403,EXO,REAL,2025-10-07T20:42:28.774Z,system.exo,OPS1,,,,0.0,,,,,,,,,,,,,,,,,,,,,,,,,,,,,,,,,2532.0,24.42290762
d42fb121-9139-42eb-b4f4-12fd7f31a674,U//PR-EXO-SV,2025-10-07 20:26:04.647330,21803,21803,21803,False,38328.89068053669,-17476.88516708943,-5235.99387715963,1.316928518413243,2.681436241009491,0.680800366778452,"[0.00025489369075, 0.00038334980155, 0.00087714792694, 0.00011730225207, -4.694592282299999e-05, 0.0010151357601, -1.0635034403e-08, -7.968948826e-09, -2.3144019531e-09, 2.0908520352e-12, 3.7552868195e-10, 4.0530166219e-09, 1.6819518788e-09, -5.102896857700001e-13, 4.1542906663e-13, 2.2559971276e-10, 2.304464507e-09, -2.1925380431e-09, -6.351125944999999e-14, -1.539707417e-13, 8.8216067241e-13]",0.04633764536303069,1.840772059283821e-06,0.024,EXO,REAL,2025-10-07T21:03:27.568Z,system.exo,OPS1,,,,0.0,,,,,,,,,,,,,,,,,,,,,,,,,,,,,,,,,1075.32,21.95793333
a4f373e5-7ed0-42bf-9a12-4329cf621235,U//PR-EXO-SV,2025-10-07 20:25:30.175580,28463,28463,28463,False,5862.24699186415,41783.07514995481,5274.01957412921,-3.004904902206699,0.365277622182356,0.447301591349864,"[0.0014253975222, -0.00018064115871, 3.9595942148e-05, -0.00010690124746, -8.7801171678e-05, 0.0008117315234300001, 5.608630384600001e-10, 2.5239955495e-10, -2.4402065235e-11, 2.8336109887e-14, 1.0455042092e-09, 2.2149676321e-10, -1.2510299404e-10, 3.4169002224e-14, 7.019337957899999e-14, 8.9685477233e-11, -2.0587607142e-11, 1.0143196663e-10, 3.749014179399999e-15, 2.3236380314e-15, 2.1052439395e-14]",0.04771503942970182,3.458062013050084e-07,0.0209,EXO,REAL,2025-10-07T23:09:27.959Z,system.exo,OPS1,,,,0.0,,,,,,,,,,,,,,,,,,,,,,,,,,,,,,,,,2542.0,18.13972231
fac28fd1-778c-4065-bbce-f988457f9144,U//PR-EXO-SV,2025-10-07 20:24:38.787245,38652,38652,38652,False,35592.51023967981,-22617.64132097083,-56.98728406694001,1.649126338619014,2.594437163212776,-0.002386067461125,"[0.016682694999, -0.012397326737, 0.011249910568, 6.611003519099999e-05, -7.4065825347e-05, 0.001190782212, 2.8907711349e-06, -2.1431879108e-06, 5.8301958332e-09, 5.4815778018e-10, -2.1531636515e-06, 1.7035490309e-06, -6.2869680939e-09, -3.9503566999e-10, 3.0989658699e-10, -7.103206167e-08, 6.1608449165e-08, 1.5788087481e-07, -1.0716873916e-11, 8.462617854700001e-12, 4.5466088808e-11]",0.1706557581185,3.005861700042103e-05,0.0,EXO,REAL,2025-10-07T21:09:29.738Z,system.exo,OPS1,,,,0.0,,,,,,,,,,,,,,,,,,,,,,,,,,,,,,,,,6007.0,35.5188
63e3ede9-c963-423a-9733-a00a9c846741,U//PR-EXO-SV,2025-10-07 20:24:36.937808,15484,15484,15484,False,27267.2950652865,-32163.42043705882,-863.0498115629999,2.320491774097938,1.952212082204261,0.50349551942385,"[0.00037411371157, 0.00029596222134, 0.00027581392452, 2.0580969458e-05, 4.9812574627e-06, 0.00051354446328, -3.4806456903e-09, -1.5493769368e-10, -3.817242394e-10, 3.029020304e-13, 2.3223099207e-09, 2.2898212217e-09, 5.3719538759e-10, -1.1469568071e-13, 1.6549688014e-13, -1.213120944e-10, 1.763142683e-10, 8.5549462421e-11, 1.4503818259e-15, -1.0282350908e-14, 1.2829459822e-13]",0.03410970682034661,7.724593897157313e-07,0.0096,EXO,REAL,2025-10-07T20:51:26.532Z,system.exo,OPS1,,,,0.0,,,,,,,,,,,,,,,,,,,,,,,,,,,,,,,,,2101.09,23.8702275
3861a19a-4f22-4f9a-afa3-695dee0d715c,U//PR-EXO-SV,2025-10-07 20:24:31.706857,26054,26054,26054,False,36680.61339476988,-19399.84012464292,-5131.67714116983,1.483460349143997,2.633573861332522,0.64832918194775,"[0.00069079188819, 0.00061320343136, 0.0012514333748, 0.00015624952263, 0.00021356586004, 0.00042568265412, -5.1743559802e-08, -1.0445646207e-08, -3.0986270241e-09, 8.2335683122e-12, 2.8595469544e-09, 1.055604336e-08, 4.391140732800001e-09, -1.1043432895e-12, 9.4617723021e-13, 1.0046123855e-10, 4.748589926e-09, -5.8565569693e-09, -1.6897435879e-13, -3.123951897e-13, 2.1402554854e-12]",0.04866115408732102,3.364520920994548e-06,0.0154,EXO,REAL,2025-10-07T21:18:26.085Z,system.exo,OPS1,,,,0.0,,,,,,,,,,,,,,,,,,,,,,,,,,,,,,,,,1500.0,4.896957549
f83e0d5b-677c-48ba-8ebf-92fbb3e33348,U//PR-EXO-SV,2025-10-07 20:24:21.044754,32299,32299,32299,False,35494.52238115108,-22771.72027243412,-98.62430988121001,1.660434255600976,2.587173645143655,-0.005374921962137,"[0.00029934605938, -9.0288888631e-05, 0.0008330113674200001, 2.4000604565e-05, -4.2850223815e-05, 0.00071353883923, -2.4861102192e-08, 2.1262832859e-08, -2.6452733664e-09, 3.224825485e-12, -9.7988839743e-09, 3.0677478987e-08, -1.8457247511e-09, 7.281323181899999e-13, 1.6135265477e-12, 4.727245224399999e-11, -1.5529992071e-10, 1.3994297047e-09, -2.5146378501e-14, 8.0399882998e-15, 1.4975198478e-12]",0.04296389491223997,2.517115786073418e-06,0.0341,EXO,REAL,2025-10-07T21:09:29.714Z,system.exo,OPS1,,,,0.0,,,,,,,,,,,,,,,,,,,,,,,,,,,,,,,,,4385.0,28.57373333
dee1e3ba-8cca-47f5-8686-0f85a0a171ef,U//PR-EXO-SV,2025-10-07 20:24:18.014716,11676,11676,11676,False,12542.1621955256,-40385.4316715698,786.1055227396199,2.925321545890445,0.908852548633166,0.14333450793478,"[0.00031848334769, 9.0461120667e-05, 3.5897292564e-05, 5.1937060068e-06, 4.955039807900001e-06, 0.0002122307628, -1.7310211036e-09, 3.0551697129e-10, -1.337313887e-10, 8.949283003300001e-14, 3.5589072773e-09, 8.0580031477e-10, 1.8341389951e-10, -8.9547574035e-14, 2.1601464529e-13, -1.0732668653e-10, 4.4926504988e-11, 3.8602499356e-10, 8.535653742500001e-16, -3.9199573704e-15, 1.1267447913e-13]",0.02380360063213127,6.466698960466614e-07,0.007700000000000001,EXO,REAL,2025-10-07T20:57:26.834Z,system.exo,OPS1,,,,0.0,,,,,,,,,,,,,,,,,,,,,,,,,,,,,,,,,2120.91,23.59650242
c40bd932-9071-4704-b870-518d07288fe1,U//PR-EXO-SV,2025-10-07 20:23:46.361217,59020,59020,59020,False,5386.64235076146,41737.18419084503,2909.95001998253,-3.045074676270915,0.400336667628531,-0.11006744498737,"[0.0010475031616, 4.4934001487e-05, 0.00011135674119, 1.650490177e-05, -5.0847616176e-05, 0.0010901821516, 1.5576030295e-08, 9.4911485956e-09, 2.2720677631e-09, 9.8192432564e-13, 2.1286397078e-08, 9.8007186337e-09, 2.6102207157e-09, 1.0882119653e-12, 1.4319520722e-12, 1.960023741e-09, 1.1569882051e-09, 1.0374803446e-09, 1.1524912082e-13, 1.2960529072e-13, 2.3980316817e-13]",0.04742406619418035,1.629011837283572e-06,0.0392,EXO,REAL,2025-10-07T21:24:27.799Z,system.exo,OPS1,,,,0.0,,,,,,,,,,,,,,,,,,,,,,,,,,,,,,,,,10000.0,63.84133333
487f9c94-3b9f-4ffe-95a0-200443352114,U//PR-EXO-SV,2025-10-07 20:23:39.849886,56759,56759,56759,False,-1177.93220301385,42175.51077956819,-657.26148779886,-3.068105654893482,-0.08871829724175799,-0.134721504528398,"[0.00064886893937, 0.00037602954021, 0.00042025722463, 4.5946359815e-05, 4.9881681012e-05, 0.00019607021615, 2.422702053e-08, 2.8573739176e-08, 3.139250712e-09, 1.9534848348e-12, 4.334123603e-08, 3.7649146457e-08, 4.5760533949e-09, 2.488385997e-12, 4.0294227955e-12, 8.5624061683e-10, 1.6839839464e-09, 5.7854158244e-10, 9.6001194971e-14, 1.2885372124e-13, 4.9432415937e-13]",0.03556959910021478,2.545040626329961e-06,0.0192,EXO,REAL,2025-10-07T20:51:26.554Z,system.exo,OPS1,,,,0.0,,,,,,,,,,,,,,,,,,,,,,,,,,,,,,,,,2232.0,8.525533333
0f49bd91-c20d-496c-b07d-736d0625f8a8,U//PR-EXO-SV,2025-10-07 20:23:39.849886,41469,41469,41469,False,-1343.01509059731,42128.87379485151,-696.6524056744199,-3.063826305791583,-0.094376475341831,0.246793685009241,"[0.0006891794933700001, 0.00019606804731, 0.00014359804458, -1.2519524334e-05, -1.8858115351e-07, 0.00041905433501, 1.1844815793e-08, 9.527955685000001e-09, -4.58571168e-10, 6.3754608321e-13, 2.4294046671e-08, 1.4889814949e-08, -1.1854948269e-09, 9.6599296689e-13, 1.8460083576e-12, -1.4897018311e-09, -9.7652916258e-10, -9.8065178123e-11, -5.2181547925e-14, -1.0826374254e-13, 1.5350250871e-13]",0.03538123617060319,1.623901767201452e-06,0.0187,EXO,REAL,2025-10-07T20:57:26.869Z,system.exo,OPS1,,,,0.0,,,,,,,,,,,,,,,,,,,,,,,,,,,,,,,,,1425.0,6.961333333
4d25434a-609d-4365-8485-1a82e3222cd0,U//PR-EXO-SV,2025-10-07 20:23:39.679298,44067,44067,44067,False,-2070.28479185826,42090.8097341126,2.48534856832,-3.072609549470386,-0.150432570116526,0.009753012410574,"[0.00035521084817, 3.5147314698e-05, 1.4398470982e-05, 6.2805928476e-07, 8.825902742e-07, 0.00012700842841, 1.1265062847e-09, 8.5030218743e-10, 5.829524342899999e-11, 5.3845793548e-14, 2.981592611e-09, 1.4667153369e-09, 9.0937161438e-11, 8.4566193429e-14, 2.1355514871e-13, -3.1157192991e-11, -8.4167372707e-12, 1.5670481689e-11, -3.2151625132e-16, -1.63412675e-15, 3.0357019709e-14]",0.02228492197792041,5.456720278399838e-07,0.028,EXO,REAL,2025-10-07T20:48:27.710Z,system.exo,OPS1,,,,0.0,,,,,,,,,,,,,,,,,,,,,,,,,,,,,,,,,5250.0,34.06333333
4df66236-4611-4dcd-8b9c-d48a6a711be1,U//PR-EXO-SV,2025-10-07 20:23:28.037437,27446,27446,27446,False,3100.01328729409,23930.5572108243,-42.1742879433,-3.226952374167275,-2.800623290910872,-0.005562237608081001,"[0.000578234881, 0.00033660961272, 0.00053462898129, 1.8869881646e-05, 2.9105697233e-05, 9.888039486600001e-05, 2.0779146387e-08, 3.3075891998e-08, 2.0537451514e-09, 2.2925734182e-12, 7.478361658500001e-08, 1.0137160076e-07, 5.2644459517e-09, 6.0280991757e-12, 1.9790053203e-11, -6.536564430799999e-10, -7.0325813574e-10, 4.8135738962e-10, -4.5212569589e-14, -1.3837398897e-13, 2.2676205689e-13]",0.03481011716665142,4.723281558206117e-06,0.0414,EXO,REAL,2025-10-07T21:39:36.535Z,system.exo,OPS1,,,,0.0,,,,,,,,,,,,,,,,,,,,,,,,,,,,,,,,,2440.0,23.68368162
fbe5b2a5-8827-487a-9879-a6c11b5dbad4,U//PR-EXO-SV,2025-10-07 20:22:57.606381,62374,62374,62374,False,-13462.89603569573,39955.17667880708,-19.94439284481,-2.913208845173202,-0.981822372145727,-0.061101648954572,"[0.00029850134186, 0.00015558533671, 0.00012860877316, 8.065251480400001e-06, 9.0370812494e-06, 0.00014990332522, 8.7470466116e-10, 2.2423071832e-09, 1.8523568409e-10, 8.9606176529e-14, 8.9421476993e-09, 9.626065815400001e-09, 7.5406505341e-10, 1.6088767063e-13, 9.2457283821e-13, -4.1919212866e-11, 5.6529378898e-11, 5.7342263177e-10, 1.0197875909e-15, 3.4061508122e-15, 1.4685897642e-13]",0.02402110405955563,1.077514728975432e-06,0.0119,EXO,REAL,2025-10-07T20:54:26.154Z,system.exo,OPS1,,,,0.0,,,,,,,,,,,,,,,,,,,,,,,,,,,,,,,,,5000.0,34.06333333
37c2596c-83ec-4b13-87ee-5042f7e76581,U//PR-EXO-SV,2025-10-07 20:22:57.606381,57045,57045,57045,False,-13131.42918030058,40083.27391420358,32.43724336059,-2.920802065439641,-0.9568559875142569,0.005755442277656,"[0.00049091059825, 0.00049267878298, 0.0021979597114, 1.4199215242e-05, 1.8600052739e-05, 0.00023774022132, 4.6634749457e-09, 1.0855814842e-09, 7.1797062092e-10, 3.693727733e-13, 3.8763708738e-08, 2.1852891164e-07, 1.4978835131e-09, -1.1715306403e-13, 2.2182001281e-11, -6.322115567e-10, -5.3571400067e-09, 2.7053629873e-09, 3.004548203e-14, -5.531081247e-13, 5.3983434645e-13]",0.05409815644705464,4.80533124776534e-06,0.0404,EXO,REAL,2025-10-07T21:42:27.815Z,system.exo,OPS1,,,,0.0,,,,,,,,,,,,,,,,,,,,,,,,,,,,,,,,,4600.0,62.256
b73d74d2-7752-45bc-aece-550c3cba91c0,U//PR-EXO-SV,2025-10-07 20:22:56.910791,21922,21922,21922,False,25922.86477949672,32028.63722193454,9165.86683277514,-2.422979851616542,1.873261433508666,0.282342919985845,"[0.00026125716634, -0.00016308327037, 0.00015240554945, -4.5548569705e-05, -7.182299840100001e-05, 0.00039459239219, 3.8810458339e-09, -4.3300248697e-10, 3.3030744063e-10, 2.9196629915e-13, 1.7229861896e-09, -5.248270210900001e-10, 1.8207546943e-11, 1.1683059326e-13, 6.923540591699999e-14, 6.587101042399999e-10, -1.6598827303e-10, 1.6558978345e-10, 4.7043848495e-14, 1.893930706e-14, 2.9335813959e-14]",0.02842982778667504,6.249300113020657e-07,0.0087,EXO,REAL,2025-10-07T21:33:27.085Z,system.exo,OPS1,,,,0.0,,,,,,,,,,,,,,,,,,,,,,,,,,,,,,,,,2101.09,23.8702275
5e8a0908-fa10-4d49-aff6-574f3d37ac12,U//PR-EXO-SV,2025-10-07 20:22:50.288457,44048,44048,44048,False,-13081.74908770399,40074.38907375523,4.2889614346,-2.923122381467573,-0.955328329665647,0.00826315268211,"[0.0006393878790600001, 0.00080152770784, 0.003156786551, 1.7401478415e-05, 1.3979863966e-05, 0.00028964118395, 6.323940309399999e-09, 6.5947825689e-09, 8.652466117200001e-10, 3.9896767207e-13, 6.8797320717e-08, 3.1263103448e-07, 9.2551364678e-10, 4.1609305238e-13, 3.1442497482e-11, -1.3734329623e-09, -7.923512559700001e-09, 2.2847746674e-09, 1.8425900086e-14, -8.0740382417e-13, 5.9252433153e-13]",0.06392038496450096,5.695084677649666e-06,0.1936,EXO,REAL,2025-10-07T22:12:28.398Z,system.exo,OPS1,,,,0.0,,,,,,,,,,,,,,,,,,,,,,,,,,,,,,,,,4736.0,120.6438
4fdd8934-d10e-4c94-b70a-36e86d3f628b,U//PR-EXO-SV,2025-10-07 20:22:50.148124,37810,37810,37810,False,40146.61594565515,-12941.91187513882,-103.83132135671,0.943843363350847,2.924980326238931,-0.001209230582346,"[0.00018879096103, -3.2823521382e-05, 0.0010348975804, 1.7485061416e-05, -3.2471392025e-05, 0.00041521981559, -1.441141513e-08, -1.8829176648e-08, -5.396411377099999e-10, 3.1186230481e-12, -1.0038759534e-08, 3.0382395173e-08, -1.7189562393e-09, -2.4819205715e-13, 1.4466476568e-12, -1.1399266755e-09, 2.5029790137e-09, 9.4551372159e-09, 1.4948653628e-13, 9.7895202589e-14, 2.4297850655e-12]",0.0404834331180052,2.644816774447712e-06,0.0381,EXO,REAL,2025-10-07T21:06:27.926Z,system.exo,OPS1,,,,0.0,,,,,,,,,,,,,,,,,,,,,,,,,,,,,,,,,4619.0,26.99386667
53d254b4-b0d9-43e2-8882-6a09e1f36b3a,U//PR-EXO-SV,2025-10-07 20:22:40.942139,8513,8513,8513,False,28322.56322516331,31220.89763675631,1644.65397973668,-2.27118848796301,2.066085755739543,-0.131982691518128,"[0.00044461872279, -0.00026456507984, 0.00024525969343, 1.9070647455e-05, -1.5207411002e-05, 0.00027526923138, 1.4980630645e-08, -2.1428307999e-09, 1.5920852127e-09, 1.1792418184e-12, 5.3634387088e-09, -2.7567787074e-09, 4.516694543e-10, 3.7929160741e-13, 2.5083793499e-13, 9.6998812686e-10, -4.0824359794e-11, 4.680822532700001e-10, 7.473947756500001e-14, 2.2795568607e-14, 1.5238062317e-13]",0.03106682551533066,1.257958813538822e-06,0.0055,EXO,REAL,2025-10-07T22:57:27.675Z,system.exo,OPS1,,,,0.0,,,,,,,,,,,,,,,,,,,,,,,,,,,,,,,,,1947.47,16.97517964
58236da1-db40-48da-9423-96a270cad40e,U//PR-EXO-SV,2025-10-07 20:22:25.338120,26927,26927,26927,False,42431.84772183159,897.43978410817,-4319.872232102661,-0.052845731361442,3.054881066720855,0.095196759359836,"[1.4345397633e-05, -5.646679596e-05, 0.0029305182609, 8.421879449099999e-05, 6.6782303175e-05, 0.0008431536380700001, 2.2184469884e-10, -6.4477920026e-09, -2.2712496591e-10, 4.7992711027e-13, -3.193583023e-10, -6.9693507476e-11, 1.7466756091e-11, 3.6004655427e-15, 2.3127937845e-14, -5.942455862699999e-11, 7.5452222421e-10, -2.3747622024e-10, -3.8742040361e-14, -2.4607573263e-15, 9.5439117625e-14]",0.06154687072957487,7.736240467694886e-07,0.0201,EXO,REAL,2025-10-07T21:48:29.940Z,system.exo,OPS1,,,,0.0,,,,,,,,,,,,,,,,,,,,,,,,,,,,,,,,,3150.0,57.58706667
51e6dc2e-76f4-4c0d-b165-0f2a0aa56c11,U//PR-EXO-SV,2025-10-07 20:22:22.979492,22557,22557,22557,False,41594.00098028739,-6922.26636913155,614.32785054913,0.478981101344701,2.944806618802859,0.7387798603862089,"[2.0812503874e-05, 9.6542474161e-05, 0.00057457364626, -4.1667914313e-05, -0.00014723561191, 0.001167012281, -3.4819266886e-10, -1.3483767376e-09, -3.5583250232e-10, 1.6542463095e-13, -2.3372324543e-10, 3.0973290942e-10, 3.0241185622e-11, -1.7374264726e-14, 2.8086817899e-14, -8.1969339662e-11, -3.4007554807e-12, 8.387669157300001e-11, 2.0588322069e-15, -1.566413826e-14, 8.512258608600001e-14]",0.04198092937434807,5.278579685246781e-07,0.007700000000000001,EXO,REAL,2025-10-07T21:30:27.521Z,system.exo,OPS1,,,,0.0,,,,,,,,,,,,,,,,,,,,,,,,,,,,,,,,,1947.47,16.97517964
58816efb-df37-4bd7-8d8a-459e91b93dee,U//PR-EXO-SV,2025-10-07 20:22:20.258445,54049,54049,54049,False,6033.550075217549,61553.29760294638,5048.9662641442,-1.002520246708606,0.152790611457967,0.507814790494772,"[0.0074157682469, -0.00030626490801, 0.0002604328702, -0.0021396117214, -0.00021942590613, 0.0041271719515, 2.4162477616e-08, 1.4928001232e-08, -1.5680902329e-10, 2.4510245339e-12, 3.819554582399999e-08, -6.0962895094e-09, -1.7648984364e-08, 4.4884594557e-12, 4.144997891e-11, 2.3971444207e-09, -9.780458447800001e-09, 1.6055766415e-08, 7.0580922276e-13, 2.4721833176e-12, 2.6131807384e-12]",0.108643329609323,6.820130803899585e-06,0.0,EXO,REAL,2025-10-07T21:48:29.972Z,system.exo,OPS1,,,,0.0,,,,,,,,,,,,,,,,,,,,,,,,,,,,,,,,,4300.0,39.98
6ac317a6-e67a-40f6-8f1e-6d4e76a349cc,U//PR-EXO-SV,2025-10-07 20:22:20.258445,58582,58582,58582,False,3654.02416501844,41944.65870841526,1837.87614725389,-3.061638053894526,0.268598989650684,-0.131091822244944,"[0.00085151914965, 1.4185205793e-05, 6.4898635432e-05, 2.7126016808e-05, -8.7149417454e-06, 0.00044105839515, 7.4896731662e-09, 5.2494030754e-09, 1.0424761252e-09, 4.788521978599999e-13, 1.202941198e-08, 5.304674086999999e-09, 1.2894478513e-09, 5.3284365918e-13, 8.1894742005e-13, 7.621601621999999e-10, 5.128517099000001e-10, 3.4885194347e-10, 4.1462104886e-14, 5.1738049449e-14, 1.4827854997e-13]",0.03684394360314867,1.2025299031126e-06,0.0161,EXO,REAL,2025-10-07T21:00:31.406Z,system.exo,OPS1,,,,0.0,,,,,,,,,,,,,,,,,,,,,,,,,,,,,,,,,12000.0,74.54133333
306753d8-110f-4829-b507-18a39895f307,U//PR-EXO-SV,2025-10-07 20:22:18.866700,19548,19548,19548,False,2207.35367006397,-41088.42238374928,-8730.88337437472,3.070697242244721,0.125077554269021,0.231121356483597,"[0.00094595937041, -0.00021422930382, 0.00015895162401, 3.7837857392e-06, -6.7183063522e-05, 0.00035612834436, -2.1150571228e-08, 1.1731265996e-08, 8.508498670900001e-10, 9.961461087299999e-13, 3.9122592676e-08, -1.3462146788e-08, 1.4706470814e-09, -1.2202010472e-12, 2.3755181992e-12, 7.2323707463e-09, -9.0826323242e-10, -4.4683715427e-09, -2.1594492914e-13, 3.1508669913e-13, 5.354556374999999e-13]",0.03822354429903119,1.976643606073184e-06,0.0378,EXO,REAL,2025-10-07T21:15:27.438Z,system.exo,OPS1,,,,0.0,,,,,,,,,,,,,,,,,,,,,,,,,,,,,,,,,2247.77,13.87341487
f69b93b7-8881-4f0e-a26c-3bf9f004d781,U//PR-EXO-SV,2025-10-07 20:22:12.818212,14786,14786,14786,False,34684.86945101681,-25302.5133031329,-2865.52474330409,1.788171319596348,2.36199584236317,0.696699999626056,"[0.00049947677609, 0.00060607235566, 0.0008986305748900001, 9.5527908729e-05, 1.7811228414e-05, 0.001049503289, -5.7224187987e-09, -3.8192065392e-09, -1.3170415349e-09, 5.318668721999999e-13, 6.904421496499999e-10, 6.1527506568e-09, 1.7394515598e-09, -1.710838201e-13, 4.5441455912e-13, -4.5288355938e-11, 1.4734875066e-09, -1.519031999e-09, -7.3353782092e-14, -1.2828820239e-13, 8.6965413843e-13]",0.04947333261444998,1.362327262352919e-06,0.0276,EXO,REAL,2025-10-07T21:12:26.164Z,system.exo,OPS1,,,,0.0,,,,,,,,,,,,,,,,,,,,,,,,,,,,,,,,,1002.97,18.78383538
e474763c-002c-4650-a253-9d4eed88fef7,U//PR-EXO-SV,2025-10-07 20:21:56.468109,12618,12618,12618,False,10444.99644050488,40710.95434177384,3346.01548120226,-2.959453037714452,0.782467380898548,-0.288202266922529,"[0.00039091960504, -8.6873722292e-05, 2.9160112501e-05, -9.1238509727e-06, -3.1386766788e-05, 0.00043827900871, 1.3975148409e-09, 3.4848209238e-10, 2.3770670207e-10, 7.1966852399e-14, 1.8757185357e-09, 1.4792114952e-10, 2.7359111386e-10, 7.481336272399999e-14, 1.0780753635e-13, 2.3775754402e-10, 5.2103074392e-11, 2.2893604058e-11, 9.372773688500001e-15, 1.2202721578e-14, 2.3099164442e-14]",0.02929775974799097,4.504148678618414e-07,0.0108,EXO,REAL,2025-10-07T22:45:27.412Z,system.exo,OPS1,,,,0.0,,,,,,,,,,,,,,,,,,,,,,,,,,,,,,,,,1947.47,16.97517964
442f4df0-85eb-4584-b1d6-5b33e6dab649,U//PR-EXO-SV,2025-10-07 20:21:53.297094,32779,32779,32779,False,-1269.05426678551,42853.98392167738,3599.57775187141,-3.007641447627398,-0.126195669338521,0.441021758648644,"[0.00056881128329, 4.1135994457e-05, 2.6665102302e-05, -2.836686571e-05, -3.2561471379e-05, 0.00035957617602, 1.4119564374e-09, 1.512138209e-09, -3.946191806e-11, 9.966724103900001e-14, 3.7881131229e-09, 2.2341346631e-09, -4.2314440131e-10, 1.3454382078e-13, 3.1362220734e-13, 1.4546418987e-10, -8.931060256799999e-11, 3.3547656696e-10, 4.557600226600001e-15, -1.1418315436e-15, 6.3103907617e-14]",0.03090392469593466,6.902125440732007e-07,0.0273,EXO,REAL,2025-10-07T21:30:27.531Z,system.exo,OPS1,,,,0.0,,,,,,,,,,,,,,,,,,,,,,,,,,,,,,,,,2475.0,19.1434
48acfcb8-0534-484c-a1e5-bf2e5a70f0bf,U//PR-EXO-SV,2025-10-07 20:21:47.390870,40259,40259,40259,False,-1699.64987568996,47252.8298127442,4123.72849960712,-2.771556783972189,-0.195115531464743,0.413076185927731,"[0.00080176972145, 6.3387289204e-05, 2.8389780951e-05, -5.8551486797e-05, -3.9020945536e-05, 0.0003943027378, 1.604921842e-09, 1.2877195782e-09, 7.3934468638e-11, 7.526551074399999e-14, 4.4147211208e-09, 1.9357872579e-09, -6.2000587227e-10, 8.9088038153e-14, 2.7859422647e-13, 3.6730784634e-10, -1.1597495548e-10, 1.2616804113e-09, 2.004337068e-14, -6.5487419956e-16, 1.4265916426e-13]",0.03499231687386533,7.046409734566959e-07,0.0088,EXO,REAL,2025-10-07T21:06:27.942Z,system.exo,OPS1,,,,0.0,,,,,,,,,,,,,,,,,,,,,,,,,,,,,,,,,1600.0,15.13462261
15e45117-d967-4f1a-929a-6b7bd1cd041f,U//PR-EXO-SV,2025-10-07 20:21:45.124940,33436,33436,33436,False,39899.36179182262,-13696.63448440656,-122.28042229827,0.998220245264157,2.906562117998249,-0.003614754473134,"[0.01088565484, -0.0066634161525, 0.0071229955781, 0.00082447224127, -0.0005759728190199999, 0.0024619796132, 1.274132962e-06, -7.828033020300001e-07, 9.5507961571e-08, 1.7006430706e-10, -7.236715393399999e-07, 5.6721989103e-07, -5.7480544644e-08, -8.5590615942e-11, 6.2248075353e-11, 3.9444568857e-08, -1.7788746751e-08, 2.151875859e-07, 6.1802993131e-12, -2.8541008482e-12, 4.2766178345e-11]",0.1430756094912756,1.658549247860913e-05,0.0442,EXO,REAL,2025-10-07T21:18:26.096Z,system.exo,OPS1,,,,0.0,,,,,,,,,,,,,,,,,,,,,,,,,,,,,,,,,5345.0,33.46546667
aad109dd-4030-4f5a-84c1-d47a47926805,U//PR-EXO-SV,2025-10-07 20:21:38.773898,20355,20355,20355,False,32727.27202935534,-27184.47579689304,-5095.200826483329,1.884367724947629,2.215182363731276,0.8153945930242921,"[0.00037038255341, 0.00025689593059, 0.00054212635144, 7.4710621095e-05, 9.2764745475e-05, 0.00036282909146, -2.0147202028e-08, 1.9155453095e-08, 5.712449823000001e-09, 6.2011414962e-12, 5.9620619766e-09, -1.6405392032e-09, 1.1135477313e-09, -2.4018405717e-12, 1.5555143212e-12, 7.7805247767e-10, 2.3380823347e-09, -4.3022720435e-09, -2.9236487511e-13, -1.3487818078e-13, 1.1412528891e-12]",0.03571187472410263,2.982936255855965e-06,0.0568,EXO,REAL,2025-10-07T20:45:26.195Z,system.exo,OPS1,,,,0.0,,,,,,,,,,,,,,,,,,,,,,,,,,,,,,,,,2699.7,71.1712
457b5f28-1410-4cfa-924a-62ff35320d41,U//PR-EXO-SV,2025-10-07 20:20:01.345338,27441,27441,27441,False,4851.73214063213,41768.22347560963,5908.3346798337,-3.020961927373851,0.289895442427297,0.421733091030753,"[0.0018312970456, -0.00017178446999, 2.781505778e-05, -0.00022168274131, -1.5480211489e-05, 0.00029062972368, 8.7012024674e-10, 4.5191630536e-10, 5.057543723e-14, 4.6323288609e-14, 1.670128138e-09, 4.7334894173e-10, -1.4493131567e-10, 5.8311671449e-14, 1.1635516264e-13, 1.6884968041e-10, -1.1779472231e-11, 1.5888908112e-10, 6.9964619022e-15, 5.9317472767e-15, 3.063447687e-14]",0.04636530844349038,4.396736609338794e-07,0.0125,EXO,REAL,2025-10-07T23:21:28.277Z,system.exo,OPS1,,,,0.0,,,,,,,,,,,,,,,,,,,,,,,,,,,,,,,,,2600.0,18.13972231
b774e22f-9804-4bd8-8e59-683aa5b550c5,U//PR-EXO-SV,2025-10-07 20:19:55.459713,25492,25492,25492,False,5521.24298205298,41711.64920179866,6110.68115339112,-3.014529168772658,0.337146943556767,0.416654584730247,"[0.0005904681908, -6.004897092e-05, 5.2155927332e-05, 6.864036827600001e-05, -0.00018610263789, 0.001204252951, 2.5071288297e-09, 1.3715125503e-09, 2.3025474659e-11, 1.4395400491e-13, 3.824098807e-09, 1.4585769852e-09, -3.5223385478e-10, 1.6799234023e-13, 2.6269979344e-13, 4.4372492394e-10, -5.6964752365e-11, 7.5800903187e-10, 1.9635676716e-14, 1.1104062773e-14, 7.4734763183e-14]",0.04297530766768285,6.938217073088734e-07,0.0192,EXO,REAL,2025-10-07T21:09:29.696Z,system.exo,OPS1,,,,0.0,,,,,,,,,,,,,,,,,,,,,,,,,,,,,,,,,807.73,14.97974209
2e5153a8-871e-4bc6-a6f7-24681ec0c619,U//PR-EXO-SV,2025-10-07 20:19:41.074275,28117,28117,28117,False,33745.18088900959,25311.8149068825,167.94488396113,-1.824177205319898,2.428711862074568,0.468301985727626,"[0.0010152128629, -0.00069191548591, 0.00131795545, -9.6669998626e-05, 0.00015857037876, 0.0006867984950400001, 7.8614618686e-08, -2.7367061042e-08, -7.157391093e-09, 8.3365963342e-12, 2.3920898317e-08, -4.3530123067e-08, -9.104320528699999e-09, 2.0703660097e-12, 2.3251676966e-12, -2.7558142818e-09, -1.5511241268e-09, 8.191798306700001e-09, -7.1119192165e-14, -2.8865475847e-13, 2.7045139535e-12]",0.05495422465962012,3.655992065677933e-06,0.0317,EXO,REAL,2025-10-07T21:48:29.942Z,system.exo,OPS1,,,,0.0,,,,,,,,,,,,,,,,,,,,,,,,,,,,,,,,,3205.0,49.32613333
b55618bb-6cb8-4d0e-ada7-419223d7aa6e,U//PR-EXO-SV,2025-10-07 20:19:32.574462,32294,32294,32294,False,40853.68147585588,-9897.02862044704,-3473.23187128928,0.724013619297693,2.987177669709377,-0.001963965638662,"[5.6004192779e-05, 7.5435478295e-05, 0.00042480758553, 2.9953531527e-05, -5.6026037844e-06, 0.00040957230625, -3.3032768076e-09, -5.5070945633e-09, 1.3080348982e-10, 5.5771448403e-13, -1.7469054833e-09, 3.121676346e-09, 2.1897727434e-10, 1.7163084577e-14, 1.7368187023e-13, 1.7993609459e-10, 5.7014344449e-10, -5.754672628099999e-10, -3.0993240705e-14, 2.1557402308e-16, 1.6736413459e-13]",0.02983930435782644,9.480297932290946e-07,0.0459,EXO,REAL,2025-10-07T20:54:26.135Z,system.exo,OPS1,,,,0.0,,,,,,,,,,,,,,,,,,,,,,,,,,,,,,,,,4635.0,41.4248
2ecfc85d-8f21-4bf5-a872-2f54d754849e,U//PR-EXO-SV,2025-10-07 20:19:30.592055,41745,41745,41745,False,18826.10786288342,37700.02388281319,-800.9991420062,-2.744597779299349,1.374686543181705,0.186334366692837,"[0.00085140072892, -0.00020838835566, 0.00016825232105, -1.3237732179e-05, 1.506314423e-05, 0.00042298932437, 2.386227732e-08, 4.839432089e-09, -1.4871274192e-10, 1.72236251e-12, 1.6359698707e-08, 2.6535923471e-10, -4.31490821e-10, 1.0106022532e-12, 8.093827801099999e-13, -1.1199267319e-09, -1.4686408254e-10, 1.4588929455e-09, -5.6613965217e-14, -5.1415648233e-14, 3.3559263633e-13]",0.03798213230375567,1.693321566165151e-06,0.0174,EXO,REAL,2025-10-07T20:51:26.539Z,system.exo,OPS1,,,,0.0,,,,,,,,,,,,,,,,,,,,,,,,,,,,,,,,,500.0,7.620666667
8ba0cc1c-4dab-45fd-a803-0a117c059f14,U//PR-EXO-SV,2025-10-07 20:18:50.417217,28885,28885,28885,False,40213.03705572841,-12352.26855592724,-3008.25226997251,0.901523478620476,2.938659447500404,-0.024496250813225,"[0.00017125290128, 0.00021753975382, 0.001132060692, 2.263341261e-05, -1.445279852e-05, 0.00036620293557, -1.0089911699e-08, -7.8429854818e-09, 1.1343034418e-10, 1.6281001917e-12, -4.388940904300001e-09, 1.1515158052e-08, -1.1542623615e-11, 7.468328876100001e-14, 5.440165946e-13, 4.373478569099999e-10, 1.1651042017e-09, -1.5676097023e-10, -4.2054893815e-14, 1.0843214957e-14, 7.070267344e-13]",0.04085971767951903,1.696803913450225e-06,0.0361,EXO,REAL,2025-10-07T20:54:26.133Z,system.exo,OPS1,,,,0.0,,,,,,,,,,,,,,,,,,,,,,,,,,,,,,,,,3725.0,28.70893333
e06e6195-d8b3-4070-b3ac-7fd39b95951b,U//PR-EXO-SV,2025-10-07 20:18:11.457380,33750,33750,33750,False,38629.29249429379,-17750.51095792455,-1518.1191646904,1.277089560638035,2.781784581655318,-0.03754032589233,"[0.00018715703765, 0.00012592520089, 0.00053303892082, 1.2321403622e-05, -1.1675306567e-05, 0.00029964309855, -1.7628797179e-08, -7.3272799117e-09, -1.5962333278e-10, 2.7908217957e-12, -1.4187745328e-09, 1.1524004709e-08, -3.1210282101e-10, -2.0607280639e-13, 5.6130696006e-13, 7.3592153872e-10, 4.1244273663e-10, 2.7851899662e-09, -5.1482616075e-14, 6.6373578151e-15, 1.2110334099e-12]",0.03193491908585334,2.136155931962833e-06,0.0312,EXO,REAL,2025-10-07T20:48:27.684Z,system.exo,OPS1,,,,0.0,,,,,,,,,,,,,,,,,,,,,,,,,,,,,,,,,4892.0,46.9264
0159a728-d7f8-454f-a978-1d471765005c,U//PR-EXO-SV,2025-10-07 20:18:09.257754,11147,11147,11147,False,37856.68982689713,-20504.04396697497,3475.02070128513,1.358561075904698,2.698507079959435,0.538502146086244,"[0.0001348407747, 0.00021854756607, 0.00046572040705, -1.5608358254e-05, 4.3022800058e-05, 0.00040245965413, -2.4860210214e-09, -3.6697166621e-09, -1.2497459887e-09, 3.3082151042e-13, 3.6207990663e-10, 3.9622680785e-09, 2.3907157993e-10, -1.1698774782e-13, 1.8953602726e-13, -8.1452492985e-10, -3.2457299349e-10, 2.6237446914e-09, -3.0127326627e-14, -4.417357556e-14, 4.3625086727e-13]",0.03167050419364997,9.780635996447265e-07,0.0088,EXO,REAL,2025-10-07T23:09:27.948Z,system.exo,OPS1,,,,0.0,,,,,,,,,,,,,,,,,,,,,,,,,,,,,,,,,1486.62,14.97361599
8ac70243-b137-42c5-a41e-8507b97f5287,U//PR-EXO-SV,2025-10-07 20:18:04.756149,37233,37233,37233,False,30092.76394693454,-28880.40410659833,-5029.54119729453,2.079517148549329,2.207424406887242,-0.300126703293601,"[0.00017753835373, 0.00017736738058, 0.0002108567324, 2.2506779299e-05, -2.9653238481e-05, 0.00030702159757, -2.8476694149e-09, -2.2114521568e-09, 5.842053872599999e-10, 2.2414033475e-13, 2.4840959239e-09, 3.5770318811e-09, -3.9167209199e-10, -1.5088215023e-13, 2.0853229976e-13, 6.2406438246e-10, 3.7885406729e-10, 9.5425473748e-10, -1.2299480872e-14, 2.458285804e-14, 1.520241262e-13]",0.02637075432557818,7.646546676180039e-07,0.0136,EXO,REAL,2025-10-07T22:39:26.799Z,system.exo,OPS1,,,,0.0,,,,,,,,,,,,,,,,,,,,,,,,,,,,,,,,,3450.0,64.94225721
5b51d943-17fe-4403-809b-8a34e7fbf36d,U//PR-EXO-SV,2025-10-07 20:17:20.675439,14948,14948,14948,False,35177.98142235889,-23426.29772236045,2422.85273801998,1.648977073321033,2.53739141817649,0.495304923806059,"[0.00018656018593, 0.0002193507204, 0.00039149851499, -2.6118482108e-05, 1.2700687825e-05, 0.00054636931109, -4.4690801899e-09, -6.904130147e-10, -9.9263149342e-10, 5.6233415412e-13, 2.4192419169e-10, 3.3467113496e-09, 1.9043008393e-10, -7.027063145400001e-14, 1.9600756829e-13, -8.477936532699999e-10, 2.0298773795e-10, 1.1759113384e-09, 1.5685950334e-14, -3.694017042399999e-14, 4.7417293185e-13]",0.03353249188488681,1.11018676548588e-06,0.007700000000000001,EXO,REAL,2025-10-07T23:39:26.918Z,system.exo,OPS1,,,,0.0,,,,,,,,,,,,,,,,,,,,,,,,,,,,,,,,,2120.91,23.59650242
464ee919-ce8b-4f33-b50e-78b6d35d49eb,U//PR-EXO-SV,2025-10-07 20:16:53.786830,25894,25894,25894,False,35732.81007441261,-22159.40421465325,-4217.02367041445,1.611621620503469,2.612681529943564,-0.08648517039504701,"[0.00023793644352, 0.000344915105, 0.00058228016085, 9.8546765466e-06, -2.4982922361e-05, 0.00022755469907, -4.622880490899999e-09, -3.6461234293e-09, 2.4704708622e-10, 5.2675108119e-13, 1.2048347786e-09, 3.2062977263e-09, -5.1636699613e-11, -1.5248018375e-13, 1.5007100162e-13, 4.4587844833e-10, 5.1108797462e-10, -2.6005643255e-10, -4.1477715111e-14, 1.7658347782e-14, 1.1279978136e-13]",0.0323692956895883,8.88606698247318e-07,0.0315,EXO,REAL,2025-10-07T23:27:27.496Z,system.exo,OPS1,,,,0.0,,,,,,,,,,,,,,,,,,,,,,,,,,,,,,,,,2800.0,24.52873333
969d6e9b-53e8-461e-a3a0-97289aa1ba03,U//PR-EXO-SV,2025-10-07 20:16:39.985899,44624,44624,44624,False,30130.21519225861,-29504.49067721656,-90.85122399411,2.151448219408781,2.19590216296223,-0.003723021813527,"[0.00056984062778, 0.00022997483165, 0.0019354147199, 1.4371890461e-05, -7.7739953911e-05, 0.00033384670978, -4.7823494142e-08, 3.3146924034e-08, -3.4348257165e-09, 6.1667442457e-12, 1.9458354518e-08, 7.999434239800001e-08, -2.8469889427e-09, -1.5639513125e-13, 3.9971520316e-12, 2.4258034024e-10, -1.5759118599e-10, 1.0455562489e-09, -1.5650611007e-14, -9.8228900239e-15, 1.6660942189e-12]",0.05328322491610282,3.439475322807244e-06,0.0289,EXO,REAL,2025-10-07T20:51:26.547Z,system.exo,OPS1,,,,0.0,,,,,,,,,,,,,,,,,,,,,,,,,,,,,,,,,2864.0,28.2213
b5981387-7873-475c-bd38-0e2dc431d1ea,U//PR-EXO-SV,2025-10-07 20:16:27.259997,41310,41310,41310,False,36344.43850319178,-21381.87336976752,-112.25192423304,1.559718827403654,2.649432998708843,-0.005306469747980999,"[0.00013131977518, 0.00012176119543, 0.0003739146376, 4.0100682378e-06, -7.326767830599999e-06, 0.00021471098433, -6.1083193374e-09, 6.1058674384e-10, -4.0681517758e-10, 7.4695161035e-13, -7.723651850099999e-10, 6.6403293745e-09, -3.1323361941e-10, 3.5445657565e-14, 3.1274923078e-13, -5.2570249747e-11, 2.1127662031e-10, 2.0559640787e-10, 1.1233082383e-14, 6.9877692332e-15, 3.8798204185e-13]",0.02683179824592455,1.203196942723842e-06,0.0335,EXO,REAL,2025-10-07T21:18:26.101Z,system.exo,OPS1,,,,0.0,,,,,,,,,,,,,,,,,,,,,,,,,,,,,,,,,5162.0,46.48493333
916356a5-82f5-4255-a2c5-16d2d423fcf9,U//PR-EXO-SV,2025-10-07 20:16:13.768057,5709,5709,5709,False,32907.79371358148,-26545.65824806593,2398.52743878105,1.898898216035268,2.38788295930462,0.323184792439556,"[0.00028035952077, 0.00032160111935, 0.00041607292962, -1.5506625633e-05, 2.8068319679e-05, 0.00056610840166, -5.98855623e-09, -4.944256834e-09, -1.0700112863e-09, 5.838382464100001e-13, 3.3887797988e-09, 4.8142023478e-09, 5.5666356853e-10, -3.1603155231e-13, 2.8718120005e-13, -5.9832064555e-10, -2.9407384491e-10, 4.826291991199999e-10, 3.0707085612e-14, -3.3282745467e-14, 2.4099169971e-13]",0.03553225087227096,1.054519391082971e-06,0.0136,EXO,REAL,2025-10-07T21:33:27.077Z,system.exo,OPS1,,,,0.0,,,,,,,,,,,,,,,,,,,,,,,,,,,,,,,,,700.69,7.536562966
17883235-8c27-4700-ba74-e869c8762932,U//PR-EXO-SV,2025-10-07 20:16:10.660771,34811,34811,34811,False,28849.55647841413,-29403.39016717099,-1137.81093198865,1.884610122689383,1.321802146748943,0.081465840845118,"[0.00026411027087, 0.00025211401727, 0.00025484456996, 1.3298942197e-05, 7.288131938900001e-06, 0.00014848095582, -2.3429184369e-09, -1.0463317228e-09, -1.101297868e-10, 2.8584129484e-13, 2.391216123e-09, 2.363611491e-09, 1.4074118611e-10, -2.3726377178e-13, 3.2655108743e-13, 6.0803143862e-11, 8.3404657213e-11, 1.2655938384e-10, -7.6159135217e-15, 4.879511384499999e-15, 1.4886638626e-13]",0.02583477881945189,8.725014432824738e-07,0.0055,EXO,REAL,2025-10-07T22:09:28.326Z,system.exo,OPS1,,,,0.0,,,,,,,,,,,,,,,,,,,,,,,,,,,,,,,,,3070.0,23.68368162
667b848f-a6c1-498c-b1d7-847111f01603,U//PR-EXO-SV,2025-10-07 20:16:07.886938,21046,21046,21046,False,29110.15327940705,-31073.50806191319,-5261.393555463201,2.230638590091875,1.974821112190191,0.635704964011097,"[0.0010031665855, 0.00079836595134, 0.00077305056737, 0.00023151423722, 0.00013334141868, 0.00050712828987, -1.2516033801e-08, 2.1744481096e-09, -3.5068848302e-10, 1.6734348253e-12, 5.8015204745e-09, 9.1826411101e-10, 1.4056367952e-09, -7.6867826936e-13, 5.4932830115e-13, 6.0897908326e-10, 1.2292563137e-09, -2.5818294077e-09, -6.4987452892e-14, -6.9426535406e-14, 4.9761743261e-13]",0.04778436399848804,1.649357620123665e-06,0.0103,EXO,REAL,2025-10-07T21:12:26.169Z,system.exo,OPS1,,,,0.0,,,,,,,,,,,,,,,,,,,,,,,,,,,,,,,,,2120.91,23.59650242
68b7cfa0-3819-4792-8039-add755ee392f,U//PR-EXO-SV,2025-10-07 20:16:07.175254,11708,11708,11708,False,17411.38423409312,38294.81867284502,3139.64503915413,-2.781872549077817,1.284444628266004,-0.240711124482507,"[0.00051925236375, -0.00018177324177, 9.7792218682e-05, 2.6127095883e-06, -3.0994965491e-05, 0.00047607392005, 6.359646149099999e-09, 8.6113457051e-10, 1.0015245588e-09, 4.1236209742e-13, 5.3545343425e-09, -1.194294237e-10, 7.439872289600001e-10, 2.9794064315e-13, 2.8003694028e-13, 8.5730810831e-10, 1.235251641e-10, 1.5634197458e-10, 5.0726947098e-14, 3.9680746581e-14, 6.785402535399999e-14]",0.03306234266475986,8.719249182435378e-07,0.0072,EXO,REAL,2025-10-07T23:06:27.212Z,system.exo,OPS1,,,,0.0,,,,,,,,,,,,,,,,,,,,,,,,,,,,,,,,,1947.47,16.97517964
aa015ec9-4843-454a-bfad-a3ae559d0a29,U//PR-EXO-SV,2025-10-07 20:16:07.175254,39505,39505,39505,False,16617.04159964716,37114.65317534364,3822.83012940334,-1.614158482789782,0.907563276945798,0.886447608260661,"[0.0017112041835, -0.00069053423725, 0.00039446430846, -5.100721637800001e-05, -0.00019463745455, 0.0020359035, 1.4512762957e-08, 1.3526455253e-08, 1.8221276765e-09, 6.650545736e-12, 9.0256794669e-09, 1.1713522865e-08, -1.7203583304e-09, 6.6517487415e-12, 8.2168045087e-12, 3.6259175676e-11, -3.3944640612e-09, 6.937429859e-09, 3.561489156e-13, -1.0063019013e-13, 1.4058703344e-12]",0.06435504635970671,4.03400800434258e-06,0.0,EXO,REAL,2025-10-07T21:12:26.178Z,system.exo,OPS1,,,,0.0,,,,,,,,,,,,,,,,,,,,,,,,,,,,,,,,,2020.0,32.26022956
c88577da-b17a-4d77-a244-0c2402106c10,U//PR-EXO-SV,2025-10-07 20:15:40.516175,63299,63299,63299,False,-1883.64729991145,42484.28819407496,12.66894969794,-3.059323760729133,-0.140783060823004,0.036718828730823,"[0.00046516212081, 2.8512057092e-05, 1.0381420045e-05, -2.3843782003e-06, 2.4380292348e-07, 0.00023295032512, 4.8801316484e-10, 6.1824546213e-10, 2.9848309283e-11, 4.076025082200001e-14, 1.6273638285e-09, 8.298083246e-10, 2.262918194e-11, 4.8524881883e-14, 1.2398052212e-13, -1.0983493643e-11, 1.4388962491e-12, 5.3981560366e-11, 5.157014465999999e-16, -2.7076104286e-16, 3.0135354078e-14]",0.02661754808345427,4.414477625042401e-07,0.0128,EXO,REAL,2025-10-07T21:00:31.412Z,system.exo,OPS1,,,,0.0,,,,,,,,,,,,,,,,,,,,,,,,,,,,,,,,,500.0,1.5
11c03018-a072-429b-9d98-dc2142023362,U//PR-EXO-SV,2025-10-07 20:15:40.516175,29045,29045,29045,False,-1739.45456936754,42134.39934105482,-12.94708885166,-3.07149137413533,-0.127060889320103,0.007211802233488,"[0.00083565557185, 0.0008624235900899999, 0.0020948868522, 2.061977609e-05, 2.801508869e-05, 0.00024489150798, 2.8827785902e-08, 5.7653321371e-08, 1.4075689052e-09, 1.961776342e-12, 9.039818280399999e-08, 2.1619572873e-07, 2.6836982595e-09, 5.828144364599999e-12, 2.2568911881e-11, -2.0234018531e-09, -5.8339217183e-09, -3.6056952759e-10, -1.2248476557e-13, -6.1928228566e-13, 3.3243817957e-13]",0.05635098874048262,4.986293854414318e-06,0.0414,EXO,REAL,2025-10-07T20:57:26.845Z,system.exo,OPS1,,,,0.0,,,,,,,,,,,,,,,,,,,,,,,,,,,,,,,,,4401.0,49.67786667
26bf9ae0-cf00-4c8b-bda0-689cd99460bd,U//PR-EXO-SV,2025-10-07 20:15:40.516175,32767,32767,32767,False,-1648.49621860579,42140.56537952602,-6.9383619053,-3.071677884270389,-0.120602558506141,0.007088586101504001,"[0.00092098057923, 0.00099301582021, 0.0023222116339, 2.3944390903e-05, 3.2719373318e-05, 0.00022284074426, 3.3251299257e-08, 6.4485661333e-08, 1.6100675307e-09, 2.2048321662e-12, 1.0422391008e-07, 2.4081400775e-07, 3.1764970608e-09, 6.5575975479e-12, 2.522968465e-11, -2.3528027258e-09, -6.5256898741e-09, -2.6547396752e-10, -1.3903211282e-13, -6.9480713598e-13, 3.3441544198e-13]",0.05887302402110834,5.269623540460931e-06,0.027,EXO,REAL,2025-10-07T22:21:29.726Z,system.exo,OPS1,,,,0.0,,,,,,,,,,,,,,,,,,,,,,,,,,,,,,,,,2600.0,27.47373333
8df14207-ef35-478e-9f17-0aaeaa3adcc6,U//PR-EXO-SV,2025-10-07 20:14:59.990143,38332,38332,38332,False,-1451.42320830569,42143.8454995945,-4.528123015909999,-3.072482312409786,-0.106354750079928,0.007153167212394,"[0.0010887146919, 0.0010835583116, 0.002421949953, 2.5079556506e-05, 3.5581430044e-05, 0.00022775769231, 3.6990826035e-08, 7.117362356e-08, 1.6964687087e-09, 2.46683919e-12, 1.1348202506e-07, 2.5062464264e-07, 3.4813822577e-09, 7.2465865796e-12, 2.6202226083e-11, -2.5894956167e-09, -6.6428028867e-09, -4.2144558387e-10, -1.5757653943e-13, -7.0481405805e-13, 3.3931656313e-13]",0.06114263927252405,5.385942984856969e-06,0.0352,EXO,REAL,2025-10-07T20:48:27.696Z,system.exo,OPS1,,,,0.0,,,,,,,,,,,,,,,,,,,,,,,,,,,,,,,,,2964.0,18.84513333
994ac5f8-75f2-4676-9f0b-c78e4b59b022,U//PR-EXO-SV,2025-10-07 20:14:59.990143,35755,35755,35755,False,-1604.03168571007,42127.89822762084,13.49530217569,-3.072664482005144,-0.1172284178401,0.031154755740565,"[0.00039549973656, 0.00015066102845, 0.00014400281553, 8.6022407567e-06, 9.9654149797e-06, 0.000163871694, 9.0808393954e-09, 9.559853195899999e-09, 6.7610192281e-10, 6.4021796884e-13, 1.6935588223e-08, 1.3362007029e-08, 8.6370007124e-10, 8.5912563909e-13, 1.4663090519e-12, -4.9650435235e-11, 8.8327640334e-11, -4.3378774858e-11, 8.3741938893e-15, 3.0464865542e-15, 1.7057940368e-13]",0.02652120370741117,1.509008424237585e-06,0.0417,EXO,REAL,2025-10-07T20:45:26.211Z,system.exo,OPS1,,,,0.0,,,,,,,,,,,,,,,,,,,,,,,,,,,,,,,,,4050.0,29.10473333
20f9b969-6801-4748-b4ee-56f794071d62,U//PR-EXO-SV,2025-10-07 20:14:59.771918,44231,44231,44231,False,-10733.99866530053,40792.83676507048,565.54535847231,-2.971174925643704,-0.781275049072396,0.07586116423186699,"[0.00048635581999, 0.00017793745284, 0.00010743379769, -2.7058359489e-06, -7.5446509703e-07, 0.00020345212678, 1.6255539512e-09, 2.4439781135e-09, 1.443641123e-10, 9.5200288689e-14, 7.4606416174e-09, 7.4216236998e-09, 2.6639307151e-10, 1.9993179618e-13, 7.387044898e-13, -2.8938102592e-11, -2.5320120959e-11, 4.3109226017e-10, 2.0485969092e-15, -2.0702267358e-15, 9.2803225961e-14]",0.02823546961642395,9.626567427956863e-07,0.025,EXO,REAL,2025-10-07T21:51:29.829Z,system.exo,OPS1,,,,0.0,,,,,,,,,,,,,,,,,,,,,,,,,,,,,,,,,3060.0,13.99773333
c25f6bdb-dc73-4e98-8441-e870d7340b3c,U//PR-EXO-SV,2025-10-07 20:14:58.431028,19215,19215,19215,False,23891.03898662839,-35200.17025076163,-7013.89555475357,2.522726585763816,1.596314626922618,0.577551809096959,"[0.0006344948812600001, 0.00013279126799, 0.00022290788937, 5.6909264479e-05, -2.6562243608e-05, 0.00035639753969, -3.1561183772e-08, 1.1879041342e-08, 3.6570648216e-10, 3.5935031315e-12, 1.7734953314e-08, -5.0815412685e-09, 1.1847737282e-09, -1.951229904e-12, 1.2208924659e-12, 1.9297772477e-09, 7.602243183900001e-10, -3.1204541075e-09, -1.8431074748e-13, 2.6601659023e-14, 3.7560170639e-13]",0.03483963705781104,2.27815655822641e-06,0.0156,EXO,REAL,2025-10-07T20:42:28.725Z,system.exo,OPS1,,,,0.0,,,,,,,,,,,,,,,,,,,,,,,,,,,,,,,,,317.15,4.68
42d864f7-b33b-49be-aede-423140eb08fe,U//PR-EXO-SV,2025-10-07 20:14:58.317732,16497,16497,16497,False,29952.97542905869,-30627.16133962683,-1225.3766447736,2.153144614503126,2.070171342543033,0.564051822460085,"[0.0006164577709699999, 0.00059471059246, 0.00058193594852, 0.00011547085836, 9.5492223788e-05, 0.00043166693271, -1.1982995556e-09, -7.1899175476e-10, -2.5835359421e-10, 1.018237815e-13, 9.6486915882e-10, 1.0210037393e-09, 2.7455610967e-10, -7.1126036611e-14, 8.163461821399999e-14, 3.4044015199e-11, 1.1409365153e-10, -7.2648698369e-11, -4.5895994328e-15, -5.243239469800001e-15, 5.810781940200001e-14]",0.04037400961262084,4.914938647796125e-07,0.0132,EXO,REAL,2025-10-07T20:33:27.548Z,system.exo,OPS1,,,,0.0,,,,,,,,,,,,,,,,,,,,,,,,,,,,,,,,,1947.47,16.97517964
3a5806d6-832a-44a4-875a-45ad62668f3b,U//PR-EXO-SV,2025-10-07 20:14:56.909250,40424,40424,40424,False,30903.53627358755,-28694.99260511102,-59.00181170112,2.091683696157216,2.252809243338761,-0.005870611585356,"[0.011264538732, -0.011260507702, 0.016830060944, 0.00033654896952, -0.00039621665462, 0.0014134657012, 1.7853738599e-06, -1.9979325981e-06, 6.1049278654e-08, 3.4259478583e-10, -2.1017695409e-06, 2.5196958645e-06, -7.0382467978e-08, -3.7604524923e-10, 4.4414010546e-10, 4.776664579800001e-08, -3.3605858751e-08, 1.9757220471e-07, 1.2188596315e-11, -1.1014319739e-11, 6.102791011700001e-11]",0.1717791179893528,2.911636655571914e-05,0.0258,EXO,REAL,2025-10-07T20:57:26.867Z,system.exo,OPS1,,,,0.0,,,,,,,,,,,,,,,,,,,,,,,,,,,,,,,,,1954.0,33.22653333
667d65f4-7810-4dc8-8824-2407485317d7,U//PR-EXO-SV,2025-10-07 20:14:42.055177,21703,21703,21703,False,27679.58832996976,-31529.15188549827,-5125.929507814421,2.310265195659109,1.928847227776644,0.610751228543181,"[0.0011182693855, 0.00083151374469, 0.0007861557209500001, 0.0002397140834, 0.00013484616439, 0.00050910861747, -1.5333382373e-08, 1.030308185e-10, -1.0540532022e-09, 1.5645442284e-12, 8.396108117899999e-09, 5.8959376889e-09, 2.6908489929e-09, -6.8724475108e-13, 7.540153252600001e-13, 1.0374243269e-09, 2.1377124366e-09, -2.5967404111e-09, -9.033395311600001e-14, -7.5013716844e-14, 7.9608692096e-13]",0.0491277286664059,1.764836104180782e-06,0.007700000000000001,EXO,REAL,2025-10-07T21:00:31.356Z,system.exo,OPS1,,,,0.0,,,,,,,,,,,,,,,,,,,,,,,,,,,,,,,,,2120.91,23.59650242
fb70a2bc-7dc9-4468-b253-dc96eed461a7,U//PR-EXO-SV,2025-10-07 20:14:30.202817,33274,33274,33274,False,-10152.90212392846,40925.92775673666,429.58235998355,-2.982176242891184,-0.7412204704068851,0.093131368692158,"[0.00044457003177, 0.00017546206414, 0.00012021402895, -3.8428243308e-06, 3.877032863e-07, 0.00015257357124, 2.1261345877e-09, 3.2309897548e-09, 1.6742827845e-10, 1.3601504624e-13, 1.0225560801e-08, 9.3822219877e-09, 2.298772993e-10, 2.5268973077e-13, 9.6464429712e-13, -1.1312890445e-10, -1.0272828639e-10, 2.3660163579e-10, 1.2035926625e-15, -8.8243892488e-15, 1.3866217905e-13]",0.02678353285061551,1.113248185451025e-06,0.044,EXO,REAL,2025-10-07T21:51:29.820Z,system.exo,OPS1,,,,0.0,,,,,,,,,,,,,,,,,,,,,,,,,,,,,,,,,4820.0,46.39133333
c5275a13-146b-43e5-b816-187bbbd01262,U//PR-EXO-SV,2025-10-07 20:13:59.460196,18331,18331,18331,False,-883.472612041,-41510.18115241345,-5759.26633977892,3.06303802116916,-0.111978377642431,0.317195434626549,"[0.00063680425234, -5.819068308500001e-05, 4.3607555142e-05, 8.982166379100001e-06, -6.8269908814e-05, 0.00048325012216, -2.9852097446e-09, 2.2736144932e-09, 2.2163399295e-10, 1.6059144051e-13, 9.4333744158e-09, -3.1771378031e-09, 1.0339338868e-09, -1.8934319126e-13, 6.2956115735e-13, 1.2279391487e-09, 2.0570908718e-10, -2.5286884426e-09, -3.2498962054e-14, 3.0900147847e-14, 2.3839799479e-13]",0.03411248934982612,1.014174833374404e-06,0.0094,EXO,REAL,2025-10-07T21:48:29.924Z,system.exo,OPS1,,,,0.0,,,,,,,,,,,,,,,,,,,,,,,,,,,,,,,,,2120.91,23.59650242
acb8d3fd-7f68-4a11-b81e-4f6332fb732e,U//PR-EXO-SV,2025-10-07 20:13:57.720837,28082,28082,28082,False,38575.47701995684,-16382.32791360192,-7152.74837453972,1.217086260084823,2.805668031224678,0.131801946758062,"[9.3872703129e-05, 0.00017648678405, 0.00041492818253, 5.3733801934e-05, -1.6323801035e-05, 0.00032997179443, -2.2244833997e-09, -3.3661678139e-09, -1.2024545593e-10, 2.9324612607e-13, 3.0085068681e-10, 1.1758783935e-09, 9.671098739899999e-11, -6.927027742699999e-14, 4.495005593e-14, 3.3204769049e-10, 6.7320658188e-10, -1.759727148e-10, -3.310135124999999e-14, 3.2351837529e-15, 1.1243634809e-13]",0.02896157247265763,6.712916877855706e-07,0.0178,EXO,REAL,2025-10-07T20:45:26.205Z,system.exo,OPS1,,,,0.0,,,,,,,,,,,,,,,,,,,,,,,,,,,,,,,,,2300.0,18.6334
ce98bee0-009e-4f83-84a2-b9a322f7ab7f,U//PR-EXO-SV,2025-10-07 20:13:29.068045,26107,26107,26107,False,18035.61171082932,38139.35064461089,417.52984406845,-2.748814122623967,1.293754851848041,0.46051502183168,"[0.00089560151904, -0.00022411178872, 0.00022216357469, -7.4774831829e-05, 2.8676788146e-05, 0.00036096614284, 2.016156284e-08, 8.539796331100001e-09, -5.3767271119e-10, 1.6711715884e-12, 1.2521795354e-08, 1.4930875248e-10, -1.3445680922e-09, 7.5270545565e-13, 7.0493212617e-13, -1.4200418036e-09, -1.0717812684e-09, 1.6368062665e-09, -6.113046901800001e-14, -8.9697626959e-14, 6.4716627869e-13]",0.03845427462025516,1.738755299994798e-06,0.0573,EXO,REAL,2025-10-07T21:00:31.359Z,system.exo,OPS1,,,,0.0,,,,,,,,,,,,,,,,,,,,,,,,,,,,,,,,,2777.0,18.5644
c0abccac-fb55-4032-b943-9fc97cd5b682,U//PR-EXO-SV,2025-10-07 20:13:18.137225,61992,61992,61992,False,35612.75451480825,-22102.11748150005,-650.99579372661,1.62222724854665,2.626637795146488,-0.028569304391879,"[0.00086192930185, 0.0005471018081800001, 0.0020685730382, 3.4646791501e-05, -6.0838313369e-05, 0.0008155348991, -4.5287350991e-08, 2.4513325593e-08, -3.2672988709e-09, 6.1118730793e-12, -1.0281917659e-08, 3.6005899001e-08, -2.0666647106e-09, 7.241348130899999e-13, 1.7936691336e-12, -1.9911054653e-09, 3.4437992942e-09, 7.6983999291e-10, 3.4981791239e-13, 1.0466848202e-13, 1.7932591731e-12]",0.06120487921032114,3.114289868653848e-06,0.1011,EXO,REAL,2025-10-07T21:42:27.820Z,system.exo,OPS1,,,,0.0,,,,,,,,,,,,,,,,,,,,,,,,,,,,,,,,,0.0,0.0
97570b4d-c258-4d11-ac79-af155e8681b2,U//PR-EXO-SV,2025-10-07 20:13:12.768797,40100,40100,40100,False,12666.65393205014,40563.26165897831,-374.4125063446,-2.914782776986109,0.9125603252054321,0.22155765338365,"[0.00048880824128, -0.00013769710306, 4.9792920273e-05, -1.3102309463e-05, 6.3336865541e-06, 0.00032938711149, 1.8598554564e-09, 4.7105604514e-10, -8.6053964005e-11, 1.0843231872e-13, 2.4996800793e-09, -4.6049540751e-11, -1.7311650526e-10, 1.0447989554e-13, 1.6661082975e-13, -8.1640690868e-11, -3.9326665866e-11, 3.3448708767e-10, -2.9302179653e-15, -5.9929309379e-15, 5.0657008478e-14]",0.02946164070521192,5.707014604396944e-07,0.0132,EXO,REAL,2025-10-07T20:54:26.142Z,system.exo,OPS1,,,,0.0,,,,,,,,,,,,,,,,,,,,,,,,,,,,,,,,,500.0,7.620666667
b3972754-412d-4e88-afde-cff36364bf7d,U//PR-EXO-SV,2025-10-07 20:13:10.333928,25010,25010,25010,False,38723.1826453297,-15790.6280515893,-7220.77342265619,1.183038921720491,2.823583585814707,0.162702913077945,"[0.00015683317921, 0.00028667028276, 0.0007542221990499999, 0.00020358127607, -0.0001124368568, 0.0013385239322, -5.8313751886e-10, -1.1279274786e-09, -5.869857973500001e-11, 8.506937398200001e-14, 9.591456798700001e-11, 4.4980073403e-10, 3.6955785823e-11, -2.6768957253e-14, 1.7769379962e-14, 9.913729762e-11, 2.3630131616e-10, -1.2295901667e-11, -1.0472546438e-14, 1.9318550635e-15, 3.5542852285e-14]",0.0474297302381112,3.719967825519463e-07,0.0335,EXO,REAL,2025-10-07T20:33:27.551Z,system.exo,OPS1,,,,0.0,,,,,,,,,,,,,,,,,,,,,,,,,,,,,,,,,2264.62,22.96111833
a649e641-4f03-47b9-b189-cc537cb8a0ad,U//PR-EXO-SV,2025-10-07 20:12:51.428861,43241,43241,43241,False,2401.96063279278,37738.25604242846,-51.6887600668,-3.223831836326751,-0.219809100576474,0.158410809114508,"[0.0009308335992, 2.281773042e-05, 6.1023870671e-05, -2.5079996427e-05, 1.7070273256e-07, 0.00037726816133, 6.165302941e-09, 5.0090084917e-09, -1.2425245972e-10, 4.3467135283e-13, 1.2419952427e-08, 5.4525402742e-09, -4.2950478109e-10, 4.655196230099999e-13, 9.7130468295e-13, -1.460219912e-10, -1.2158383413e-10, 2.2565140274e-10, 8.893953860699999e-15, -1.2667012792e-14, 3.9334397859e-13]",0.0370016976799849,1.341387346880087e-06,0.0145,EXO,REAL,2025-10-07T21:45:29.050Z,system.exo,OPS1,,,,0.0,,,,,,,,,,,,,,,,,,,,,,,,,,,,,,,,,2230.0,8.525533333
4d02c73c-805d-408d-b4b4-372e35c2d20d,U//PR-EXO-SV,2025-10-07 20:12:09.493703,21821,21821,21821,False,42067.70633571123,-2437.81054799735,2377.69837576246,0.133576861063323,2.989420699518329,0.695742121120268,"[8.7133277127e-06, 2.1297796092e-05, 0.00045749481844, -1.639971362e-05, 3.3479768204e-05, 0.00032455428593, -3.2632327962e-10, -1.5680343379e-09, -3.9813651697e-10, 1.986198996e-13, -4.4022857837e-10, 3.1577407851e-10, -1.0968809837e-11, 8.065672592200001e-15, 3.7724446909e-14, -1.4667944253e-10, -1.6872862054e-11, 1.1624939326e-10, 1.1568513547e-14, -1.6590731603e-14, 1.1373749909e-13]",0.02812049843233046,5.916771464227768e-07,0.0121,EXO,REAL,2025-10-07T21:48:29.932Z,system.exo,OPS1,,,,0.0,,,,,,,,,,,,,,,,,,,,,,,,,,,,,,,,,1947.47,16.97517964
571f7d01-5d2a-45ba-b472-aacd92038772,U//PR-EXO-SV,2025-10-07 20:12:09.493703,14158,14158,14158,False,42094.49114283897,-2230.66342684448,2357.84225774383,0.11945730144283,2.987074378888708,0.708630690338519,"[5.5683551905e-05, -1.2028916964e-05, 0.00061593962144, -3.9671448585e-05, -6.4048079442e-06, 0.00062780282621, -2.6868052007e-09, -4.5734926463e-09, -1.4006052185e-09, 8.9975751474e-13, -3.5789721845e-09, 3.2862623528e-09, 2.0570782574e-10, 1.3155697052e-13, 2.8286243689e-13, -1.4596707252e-09, 9.453971425799998e-10, 6.4996629924e-10, 9.3767545511e-14, -3.9503674981e-14, 6.1387930262e-13]",0.03604755192180185,1.340335500630346e-06,0.0187,EXO,REAL,2025-10-07T21:33:27.079Z,system.exo,OPS1,,,,0.0,,,,,,,,,,,,,,,,,,,,,,,,,,,,,,,,,1219.0,13.65022008
9b7a67f4-b7b5-4872-a79a-029506f7b15d,U//PR-EXO-SV,2025-10-07 20:12:03.859777,9803,9803,9803,False,39838.39259736424,-14871.72084005305,3123.9182213941,1.068471648390831,2.871771711811598,0.167790315649818,"[0.0001369866796, 0.00034381919407, 0.0009391323936200001, -4.3621896282e-05, 3.5425790988e-05, 0.0007308164013099999, -1.4359750457e-09, -3.0595599465e-09, -2.0680205132e-10, 2.5532568582e-13, 1.6469971746e-10, 1.4220511351e-09, 4.3178518373e-11, -7.275577961599999e-14, 5.3044573868e-14, -1.2051803727e-10, -2.0454570767e-10, 4.0890718625e-12, 1.2343617166e-14, -7.2245130692e-15, 9.9680355187e-14]",0.04250806364126693,6.387883960084122e-07,0.0161,EXO,REAL,2025-10-07T20:33:27.544Z,system.exo,OPS1,,,,0.0,,,,,,,,,,,,,,,,,,,,,,,,,,,,,,,,,980.0,27.52527262
b37ea3fe-dd84-4640-b750-87f969dd0708,U//PR-EXO-SV,2025-10-07 20:10:57.471241,13083,13083,13083,False,37461.322072916,-20099.19313904586,366.90307183141,1.414993313132911,2.642374567492246,0.616072210853123,"[0.00015155812974, 0.00026131615047, 0.00049997563753, -2.3203831693e-05, -3.0271782702e-05, 0.0008149104205500001, -2.583450491e-09, -4.6137927827e-09, -1.1123261765e-09, 4.9806701818e-13, 5.8345290863e-10, 2.9701967512e-09, 4.6917895813e-10, -2.5547690971e-13, 2.1941375114e-13, -1.1635611905e-10, 6.822908329599999e-11, 2.0437123542e-10, -5.6101345079e-15, -3.982993978899999e-14, 2.3137418844e-13]",0.03829417955538413,9.74091863101217e-07,0.023,EXO,REAL,2025-10-07T20:51:26.531Z,system.exo,OPS1,,,,0.0,,,,,,,,,,,,,,,,,,,,,,,,,,,,,,,,,1002.97,18.78383538
a6be96aa-1037-4d7a-a99b-e72dd50c4a58,U//PR-EXO-SV,2025-10-07 20:10:39.152612,52942,52942,52942,False,-1468.05375662066,43040.37292121638,375.9093903075,-3.080164787676398,-0.179686752011882,0.182275781013188,"[0.0006104001492600001, 6.482143351499999e-05, 5.1191915898e-05, -1.5644485549e-05, -5.7170149998e-06, 0.00033836742939, 2.4370342825e-09, 3.1690408577e-09, -1.0270121181e-10, 2.0421596414e-13, 9.103237944e-09, 3.8233873532e-09, -5.0917951859e-10, 1.9689107212e-13, 6.8364056896e-13, -7.7332049751e-11, -1.9308744098e-10, 3.0392367583e-10, 6.4186531477e-15, -1.1198435263e-14, 3.1948778876e-13]",0.03162213614776839,1.098792210502058e-06,0.0179,EXO,REAL,2025-10-07T20:39:26.826Z,system.exo,OPS1,,,,0.0,,,,,,,,,,,,,,,,,,,,,,,,,,,,,,,,,2020.0,32.26022956
9f0e9b05-3ba2-4660-8f7b-a818f92ba7b9,U//PR-EXO-SV,2025-10-07 20:10:36.747636,41308,41308,41308,False,41865.32419605814,855.14144817081,-4179.20260280073,-0.053463430873662,3.075163611110591,0.09644822281460899,"[8.4954619029e-06, -5.521042089299999e-06, 0.00065706024071, 2.9887961883e-05, 1.129208428e-05, 0.00030275925506, -3.6825644045e-10, -4.4733106511e-09, -1.6205454994e-10, 3.3795740213e-13, -3.9968805674e-10, -6.0054657512e-10, 1.8156243577e-11, 3.9789145964e-14, 3.1120094497e-14, -1.8947038955e-11, 5.0834630028e-10, -4.3874527245e-10, -2.1396215411e-14, -6.5493175306e-15, 1.1212495117e-13]",0.03111775952206232,6.936875721800124e-07,0.0178,EXO,REAL,2025-10-07T23:24:27.210Z,system.exo,OPS1,,,,0.0,,,,,,,,,,,,,,,,,,,,,,,,,,,,,,,,,6552.0,59.95266667
8a8179f3-1e01-4ff4-926d-52be1697120c,U//PR-EXO-SV,2025-10-07 20:10:27.800712,25522,25522,25522,False,12588.51187584612,41297.52753071475,761.84120053313,-2.867995203356393,0.948106331419042,0.454952578678004,"[0.0013480084492, -0.00035943514685, 0.00014809120375, -0.00014630362444, 3.2790309954e-05, 0.00046422676628, 5.234253612e-09, 2.7817359888e-09, -2.0385399365e-10, 3.9858242869e-13, 5.4632771336e-09, 1.6709298689e-10, -8.3494722797e-10, 2.5259535636e-13, 4.0048435375e-13, -9.5189208862e-11, -4.7070142131e-10, 1.8776820176e-09, 2.6261931568e-14, -3.9784194724e-14, 4.577476584400001e-13]",0.04427557361830561,1.121077357223845e-06,0.0497,EXO,REAL,2025-10-07T20:57:26.837Z,system.exo,OPS1,,,,0.0,,,,,,,,,,,,,,,,,,,,,,,,,,,,,,,,,2081.27,33.2025
587a1573-e190-4ad8-bda1-a0e2ba0153f4,U//PR-EXO-SV,2025-10-07 20:10:24.243821,25740,25740,25740,False,41842.19660901728,-6780.52226751155,-4489.334221931619,0.493492372875398,3.01849288680755,0.038377625936044,"[1.5433198718e-05, 6.4197931886e-05, 0.00041422331716, 2.0738454381e-05, -5.5030967815e-07, 0.00019584658952, -5.1535430323e-10, -4.4132698067e-09, -7.0524947411e-11, 2.9006816419e-13, -1.1814594015e-10, 9.031465503200001e-10, 2.588346203e-11, -6.0802749178e-14, 2.8701903638e-14, 4.9675022953e-11, 5.344499499e-10, -1.0799998884e-10, -2.6805622421e-14, 5.2865213946e-15, 6.1625294308e-14]",0.02501006008385426,6.167619979668008e-07,0.0423,EXO,REAL,2025-10-07T20:42:28.767Z,system.exo,OPS1,,,,0.0,,,,,,,,,,,,,,,,,,,,,,,,,,,,,,,,,3646.0,17.6998
1a19181d-1fe0-4f2a-ba8a-9eece35d6086,U//PR-EXO-SV,2025-10-07 20:10:20.687212,41937,41937,41937,False,39591.82791310197,-14476.91135007078,-1148.67116449607,1.057192613138461,2.886231751222849,0.05368039682609,"[0.00019758499089, 7.2026601209e-05, 0.00095494285829, 2.0482760615e-05, -1.1075674088e-05, 0.0006507176269899999, -1.3666616161e-08, -8.2103481043e-09, -7.8735724796e-10, 2.7491093778e-12, -7.3103824444e-09, 2.1193350862e-08, -1.5483229536e-10, -1.1969602736e-13, 1.0529575498e-12, -2.4042255688e-10, 1.2857445504e-09, 6.4949269565e-10, 1.1475954473e-15, 2.5668373286e-14, 1.16956393e-12]",0.04246463794935735,2.229715420765619e-06,0.0151,EXO,REAL,2025-10-07T21:06:27.945Z,system.exo,OPS1,,,,0.0,,,,,,,,,,,,,,,,,,,,,,,,,,,,,,,,,4500.0,33.21333333
4201a239-a281-4bb6-8234-74d23c82d515,U//PR-EXO-SV,2025-10-07 20:10:15.290178,23730,23730,23730,False,41922.45731851601,-7121.40227097816,-4885.96420393303,0.5760816894789911,2.927830404695519,0.64430931640749,"[9.185409289599999e-05, 0.00015775637304, 0.0010802403535, 0.00017904299269, -0.00020491927875, 0.0018396369369, -5.6817821487e-09, -2.9777380976e-08, -6.6325291946e-09, 2.4653519299e-12, -2.1547435753e-09, 4.8280479115e-09, 1.4232264282e-09, -4.3407432536e-13, 3.3381234621e-13, 5.4248830876e-11, 4.1878934664e-09, -5.9997699125e-10, -2.0712009283e-13, -1.030619827e-13, 8.385153139800001e-13]",0.05487924364726613,1.907270193257893e-06,0.0347,EXO,REAL,2025-10-07T20:45:26.202Z,system.exo,OPS1,,,,0.0,,,,,,,,,,,,,,,,,,,,,,,,,,,,,,,,,1347.87,23.75807737
9812da38-c5bb-41c6-98a7-714cd4657cc4,U//PR-EXO-SV,2025-10-07 20:08:30.286845,36592,36592,36592,False,40657.15992575319,-11253.56236979684,-110.79124403396,0.820168608103919,2.961689527747531,-0.004792455415283,"[0.007950115090399999, -0.0031706436257, 0.0053488188776, 0.00054381863013, -0.00029556125963, 0.0008082846635, 6.3867020839e-07, -3.3672848118e-07, 4.4135796137e-08, 6.0643516616e-11, -5.0313058711e-07, 2.8171758778e-07, -3.6161804167e-08, -4.0082876561e-11, 3.4924610867e-11, -1.5138168085e-08, 8.6457731677e-09, 1.92629999e-08, -1.1439028337e-12, 1.056058608e-12, 1.3450683112e-11]",0.1187738129029291,1.0441207334164e-05,0.0343,EXO,REAL,2025-10-07T20:48:27.690Z,system.exo,OPS1,,,,0.0,,,,,,,,,,,,,,,,,,,,,,,,,,,,,,,,,5420.0,45.6188
428771f7-44ac-45f8-9fe1-6656c83678a8,U//PR-EXO-SV,2025-10-07 20:07:35.670203,25331,25331,25331,False,42098.99798900127,-3014.82002776833,-5152.32953387177,0.277778273303348,3.012359764022175,0.477136494166416,"[4.3540881682e-05, 0.00013688602693, 0.0014191855441, 0.00011783748094, 7.5224259595e-05, 0.00089225270416, -3.2799702561e-09, -1.7564425339e-08, -2.8151845268e-09, 1.4501528789e-12, -1.1183045059e-09, -6.7918411161e-10, 1.6176715441e-10, 1.2581481848e-14, 8.450382418199999e-14, 4.5204188721e-11, 2.0792506607e-09, -9.4952143371e-10, -1.1805065921e-13, -4.2141979562e-14, 3.2492324927e-13]",0.04852812720414832,1.363664164063865e-06,0.06,EXO,REAL,2025-10-07T21:30:27.524Z,system.exo,OPS1,,,,0.0,,,,,,,,,,,,,,,,,,,,,,,,,,,,,,,,,2011.89,42.89326667
f3f54da7-d65d-4c65-be6c-d9fade6f5b7b,U//PR-EXO-SV,2025-10-07 20:06:54.869942,10159,10159,10159,False,41987.88154012445,-2701.3860836565,3354.80583739051,0.195275782909073,3.065357630254824,0.043824028166279,"[9.1622607428e-06, 2.5493153022e-05, 0.00043549980374, -2.2299425661e-05, 3.2245842953e-06, 0.00029272351902, -4.4027286109e-10, -1.7139028553e-09, -6.7272668872e-11, 1.6720889401e-13, -3.881034742e-10, 2.6855382699e-10, -5.8090640131e-11, 1.3976388617e-14, 2.8796810045e-14, -5.3215351334e-11, -8.6679523154e-11, -1.1732378009e-10, 1.0379867772e-14, 2.5108464063e-15, 6.984023677800001e-14]",0.0271548445678262,5.156025027412105e-07,0.0088,EXO,REAL,2025-10-07T22:21:29.716Z,system.exo,OPS1,,,,0.0,,,,,,,,,,,,,,,,,,,,,,,,,,,,,,,,,1947.47,16.97517964
dde0430a-aa7d-48ca-8ab9-3bbcaa32573c,U//PR-EXO-SV,2025-10-07 20:06:53.310184,10001,10001,10001,False,43124.5918634241,-2952.24995182259,5720.98227142461,0.158793607180765,3.005888154874308,0.277421948776724,"[2.7010423874e-05, 5.6718241452e-05, 0.00091545813197, -5.615926244500001e-05, 4.5446021842e-05, 0.00047047637844, -1.3128987486e-09, -6.7811116739e-09, -9.456910358799998e-10, 5.7088331477e-13, -9.772683923099998e-10, 4.0909992081e-10, -2.3882227665e-10, 3.3865747769e-14, 7.0552896944e-14, -4.223963476e-10, -8.6057435663e-10, 7.4944085752e-10, 5.2389318853e-14, -7.7221045044e-15, 2.5363981705e-13]",0.03758915979752674,9.460845780182657e-07,0.0145,EXO,REAL,2025-10-07T22:45:27.406Z,system.exo,OPS1,,,,0.0,,,,,,,,,,,,,,,,,,,,,,,,,,,,,,,,,559.96,10.69539511
42d21b04-16c4-463a-99af-0802b306048b,U//PR-EXO-SV,2025-10-07 20:06:53.310184,13092,13092,13092,False,42342.08272836047,-3456.01368142508,5185.69915810812,0.215421036531052,3.02604919538093,0.283494862455279,"[8.7396024939e-06, 2.7059674677e-05, 0.00035615876021, -3.5874277303e-05, 7.690755864699999e-06, 0.00030125155501, -6.0988079197e-11, -1.8600024073e-09, -1.6449807299e-10, 1.457591637e-13, -1.4601033969e-10, 2.1741138825e-10, -2.0974815346e-11, -1.604746178e-14, 1.3393323291e-14, -2.2401991566e-11, -1.8247730664e-10, 4.3028584522e-11, 1.2751883309e-14, -5.0589471108e-15, 4.669549491e-14]",0.02580988023439667,4.537047298640383e-07,0.007700000000000001,EXO,REAL,2025-10-07T21:57:28.221Z,system.exo,OPS1,,,,0.0,,,,,,,,,,,,,,,,,,,,,,,,,,,,,,,,,2101.09,23.8702275
94e51173-d13e-4e5f-884a-15dea42ee58d,U//PR-EXO-SV,2025-10-07 20:06:15.134410,38992,38992,38992,False,39515.11630893387,-14736.90073866359,-115.46493182779,1.074593824118808,2.88010334050529,-0.0007429069330969999,"[0.00018160312226, -9.0777691069e-05, 0.0013002149547, 1.5814513408e-05, -3.9250479776e-05, 0.00071248427602, -5.934651958699999e-09, -1.1301110804e-08, -1.4959933202e-10, 1.4200447775e-12, -1.2732379555e-08, 4.2477736301e-08, -1.8728574452e-09, -3.3191210534e-13, 2.0413505496e-12, -2.456320467e-10, 9.0519482025e-10, 3.3172181373e-09, 8.931866049699999e-15, 3.7218257682e-14, 1.3577478e-12]",0.04684338110106912,2.195254683880665e-06,0.0347,EXO,REAL,2025-10-07T20:33:27.572Z,system.exo,OPS1,,,,0.0,,,,,,,,,,,,,,,,,,,,,,,,,,,,,,,,,5012.0,34.18373333
b30c83ec-c311-470c-9dfd-59f325f569d5,U//PR-EXO-SV,2025-10-07 20:05:57.892741,24652,24652,24652,False,-5010.53605908164,41772.67267644879,5365.19537159378,-3.014491881514498,-0.411507882362421,0.374269477514751,"[0.0005820775998200001, 8.9507888343e-05, 5.2465416207e-05, 8.647408751499999e-05, -0.00013412107042, 0.0011085497261, 1.519938554e-09, 1.3552658168e-09, -7.804169226499999e-11, 6.873333319900001e-14, 5.522593062699999e-09, 3.1762818007e-09, -4.9482863584e-10, 1.2132530589e-13, 4.2881073554e-13, 3.8700423813e-10, 1.2154678139e-10, 5.545476552e-11, 8.3219740877e-15, 2.2737959431e-14, 4.444720827e-14]",0.04175036217959073,7.362005684655507e-07,0.0367,EXO,REAL,2025-10-07T20:39:26.806Z,system.exo,OPS1,,,,0.0,,,,,,,,,,,,,,,,,,,,,,,,,,,,,,,,,1595.64,22.98849173
65341a3c-7f93-46d4-b21a-333a3cdbe730,U//PR-EXO-SV,2025-10-07 20:05:57.892741,26638,26638,26638,False,-5463.81257902226,41844.29217968802,5357.2933402908,-3.00647116966467,-0.440639443674412,0.366208578900293,"[0.00063348044297, 0.00012359392624, 6.9955977086e-05, 5.214754974800001e-05, -0.00010942844604, 0.0008918493128899999, 2.2916802672e-09, 2.1418738027e-09, 2.1512687517e-10, 1.1258032926e-13, 8.388655452299999e-09, 4.9502250198e-09, -8.29770352e-10, 1.766138828e-13, 6.516778161999999e-13, 8.8509188069e-10, 5.5023680087e-12, 1.9696123384e-09, 2.9026390632e-14, 2.5581929078e-14, 1.8620491582e-13]",0.03994102819089664,9.74916950965568e-07,0.0168,EXO,REAL,2025-10-07T20:42:28.769Z,system.exo,OPS1,,,,0.0,,,,,,,,,,,,,,,,,,,,,,,,,,,,,,,,,1414.0,15.72367123
cc72e7e3-7238-41ed-b583-38ca758562e8,U//PR-EXO-SV,2025-10-07 20:05:43.452586,33459,33459,33459,False,24391.55571027499,-34371.58721589768,-1204.0573058262,2.505639737132952,1.779400734615654,-0.09577399673576101,"[0.0045638208974, -0.00028127201052, 0.014281591678, -0.00013190330254, 0.00020505644064, 0.0022960813119, 7.2879537045e-08, -2.346203753e-07, -5.4034492099e-09, 1.2229935189e-11, -2.6888664775e-07, 1.1943619999e-06, 3.0047211421e-08, -2.6391839942e-11, 1.1586259553e-10, -5.684028657499999e-09, 3.2232651006e-08, 4.0000316212e-08, -1.7208496316e-13, 3.1058387065e-12, 1.6645311593e-11]",0.1454011481636235,1.203070414863569e-05,0.0502,EXO,REAL,2025-10-07T20:57:26.858Z,system.exo,OPS1,,,,0.0,,,,,,,,,,,,,,,,,,,,,,,,,,,,,,,,,4880.0,47.21573333
a0dd9c8e-320e-4a00-bdc2-95f98758f807,U//PR-EXO-SV,2025-10-07 20:05:03.807820,22044,22044,22044,False,41680.95574418873,-10448.98005055056,-509.86454927507,0.7261991986024711,2.851200419708288,0.771470249480785,"[9.402938207399999e-05, 0.00030205075424, 0.0012341486807, 5.6055182666e-05, 0.00020262644264, 0.00056310752136, -1.1737585965e-09, -2.131335602e-09, -6.0762285107e-10, 4.3295741697e-13, -9.1741203579e-10, 1.2100938955e-09, 2.1394586518e-10, -6.0624030605e-14, 1.2331620242e-13, -2.933189624e-10, 1.6080897275e-10, 2.1359194199e-10, -9.723559457600001e-15, -6.7452266e-14, 3.4960924138e-13]",0.04348891334735785,9.517787877285352e-07,0.0088,EXO,REAL,2025-10-07T20:30:27.930Z,system.exo,OPS1,,,,0.0,,,,,,,,,,,,,,,,,,,,,,,,,,,,,,,,,2120.91,23.59650242
32e6d91b-29d9-43dc-adc5-c312f247a134,U//DS-USNO-SV,2025-10-07 20:04:38.073000,26382,26382,,False,-6601.69061082,40636.17196653,9382.35901278,-3.026069797504,-0.517378415774,0.110881398649,,0.0,0.0003,0.00846356,USNO,REAL,2025-10-09T13:11:22.768Z,system.usno-snrf,OPS1,TEME,TEME,"[2.6326e-14, -1.06074e-13, 1.10889e-12, -7.59865e-16, -9.33448e-15, 5.23701e-16, -3.20572e-15, 2.83773e-14, -1.73713e-16, 8.30248e-16, -1.31477e-11, 1.93601e-10, -2.14926e-12, 3.87697e-12, 6.38494e-08, -1.83139e-15, 3.34034e-14, -4.71201e-16, 6.41408e-16, 1.1415e-11, 2.06906e-15]",0.0,99999.0,"EGM-96  8Z, 8T",NONE,True,True,True,False,0.0,0.0,0.0,0.0,0.0,0.0,10.0,37.0,0.09069,-0.419,0.2217,0.3381,4.0,2049-12-31T23:59:59.999Z,ASW,FAST NUM,AUTO,False,AUTO,0.0,1e-14,"[0.0, 0.0, 0.0]","[0.0, 0.0003, 0.0]",1.0,ARGOS,1390.0,6.67981138
b39c7108-1ac9-4719-90f9-49179637ee54,U//PR-EXO-SV,2025-10-07 20:03:58.236178,25000,25000,25000,False,36323.20766763722,-20002.11676869427,-1002.17581601036,1.506296472011014,2.72923133674359,0.034116179667053,"[0.0005614395586599999, 0.00061427001873, 0.0012038052913, 1.3461138994e-05, 3.9176658959e-06, 0.0005907057327, -3.1818289887e-08, -8.9337139544e-09, 2.9718150259e-10, 3.9443743243e-12, 9.0991818867e-10, 8.3785467863e-09, 2.604595795e-10, -1.6566498675e-13, 3.6092410671e-13, 4.4913939396e-10, 5.2781845946e-10, -4.4471108382e-09, -4.9799749503e-14, -8.301788432899999e-16, 5.6736109062e-13]",0.04853813534387162,2.207410138970554e-06,0.0094,EXO,REAL,2025-10-07T20:33:27.549Z,system.exo,OPS1,,,,0.0,,,,,,,,,,,,,,,,,,,,,,,,,,,,,,,,,0.0,0.0
d31f1cb1-2be6-4128-bade-176734bfcaf9,U//PR-EXO-SV,2025-10-07 20:03:08.784827,23330,23330,23330,False,33627.48941358957,-25141.29897847062,-5150.37216699542,1.856634768262529,2.345497092241663,0.672704354731927,"[0.00063126440534, 0.00058592135636, 0.0008584998610799999, 0.00015911150599, 9.5656375512e-05, 0.0005940380886, -2.091597839e-08, -2.7746405357e-09, -1.9811262362e-09, 2.5456825561e-12, 3.7591494956e-09, 6.6129287648e-09, 3.0345315225e-09, -5.9414186515e-13, 6.518038276800001e-13, 7.837374394e-11, 3.0267420856e-09, -4.2629478901e-09, -6.5254523376e-14, -2.0699769991e-13, 1.3031690783e-12]",0.04564868404477834,2.121474831828085e-06,0.0121,EXO,REAL,2025-10-07T21:09:29.694Z,system.exo,OPS1,,,,0.0,,,,,,,,,,,,,,,,,,,,,,,,,,,,,,,,,2120.91,23.59650242
76d89299-6b3c-453c-b5f3-2f9ad7bcf63c,U//PR-EXO-SV,2025-10-07 20:02:51.012081,64784,64784,64784,False,28795.35206476638,-30799.00281113539,-76.62237791787001,2.245982139695763,2.099866388685479,-0.006988188694016,"[0.0067138530431, -3.646304693599999e-05, 0.011471936068, 0.00013121321588, -0.00026655516762, 0.0015442651944, 2.6167522795e-07, -3.9364191775e-07, 1.5208916231e-08, 4.4079261136e-11, -4.529174906e-07, 8.352674574699999e-07, -2.8671351116e-08, -5.5192145148e-11, 1.0820093244e-10, 9.3145219563e-09, -1.1734493114e-08, 9.1043230813e-08, 1.9109179388e-12, -2.6068553739e-12, 3.318249998299999e-11]",0.1404637117034147,1.361846884047542e-05,0.0238,EXO,REAL,2025-10-07T20:42:28.799Z,system.exo,OPS1,,,,0.0,,,,,,,,,,,,,,,,,,,,,,,,,,,,,,,,,0.0,0.0
284b00cf-c542-42cf-948a-5af976d7583c,U//PR-EXO-SV,2025-10-07 20:02:51.012081,15236,15236,15236,False,29328.12989992409,-31392.39630181731,-161.33419911503,2.192044765852022,2.031571772693664,0.590186973331344,"[0.00026586395851, 0.0002323991359, 0.00024234669865, 2.5225115259e-05, 2.3110486912e-05, 0.00032009678471, -2.8228985899e-09, -1.1060473988e-09, -5.2210252892e-10, 2.6324648505e-13, 1.8384592384e-09, 3.0516680958e-09, 7.131387138900001e-10, -1.5293788476e-13, 2.792938158200001e-13, -1.2704581858e-10, 3.3185903115e-10, -2.1070930848e-10, -3.9796343111e-14, -3.9220457342e-14, 4.0288998041e-13]",0.02878033081585408,9.72332392384415e-07,0.0147,EXO,REAL,2025-10-07T21:09:29.686Z,system.exo,OPS1,,,,0.0,,,,,,,,,,,,,,,,,,,,,,,,,,,,,,,,,1373.64,21.17285443
7dacf41d-d8c3-472c-ad4b-d9eeb54a7898,U//PR-EXO-SV,2025-10-07 20:01:20.670346,16275,16275,16275,False,39653.94692502276,-14586.41222312148,-415.0408815166001,1.038905654704793,2.800263696385757,0.7166120655777749,"[0.00015593544039, 0.00018766843634, 0.00072056667733, 5.2459869851e-06, 8.7442239585e-06, 0.0007283316986999999, -9.162450411799999e-09, 6.6212136155e-10, -9.6606764708e-10, 1.8453023117e-12, -2.6372192736e-09, 5.0789890181e-09, 7.0825917421e-10, -2.5857497532e-14, 3.7400378214e-13, -1.8093519114e-09, 1.7364863299e-09, 2.4484906792e-10, 1.786473822e-13, -1.090451525e-13, 8.8298572507e-13]",0.04006037713776544,1.761332398756691e-06,0.0161,EXO,REAL,2025-10-07T20:48:27.664Z,system.exo,OPS1,,,,0.0,,,,,,,,,,,,,,,,,,,,,,,,,,,,,,,,,644.2,15.89509946
13c2a1d5-ecf2-47fc-a7c4-7dc78548fa13,U//PR-EXO-SV,2025-10-07 19:59:33.800196,19076,19076,19076,False,16204.20341027647,-38718.38435467943,-5117.380105698689,2.818260591621666,1.109215137881194,0.486798711801809,"[0.00092292028041, 0.00030178977718, 0.00018293661214, 0.00011028732825, -1.0246033965e-06, 0.00038220896568, -1.007234012e-08, 3.3453178117e-09, -6.911610131100001e-12, 7.9484416969e-13, 1.1993368422e-08, 1.3614286888e-09, 2.0943944342e-09, -5.8899092978e-13, 8.6565621793e-13, 1.502818285e-09, 1.1335150541e-09, -3.3679669278e-09, -8.580532652400001e-14, 7.4417373631e-15, 5.0302230563e-13]",0.03857545668206665,1.470891802020121e-06,0.0088,EXO,REAL,2025-10-07T22:24:26.506Z,system.exo,OPS1,,,,0.0,,,,,,,,,,,,,,,,,,,,,,,,,,,,,,,,,2120.91,23.59650242
d4f36aa4-86c1-4c9a-9662-311a6d3c1be7,U//PR-EXO-SV,2025-10-07 19:59:06.528567,14248,14248,14248,False,14256.49680171989,-39799.01334244702,-5067.17585656206,2.863549513295238,0.964402519035498,0.481203756793765,"[0.00057582979611, 0.00014451249187, 0.0001189244419, 4.9989911667e-05, -2.8215034945e-05, 0.00036733381272, -6.8892207209e-09, 5.3055373076e-09, 3.2514043953e-11, 7.9202572916e-13, 8.230669150500002e-09, -2.636652042e-09, 1.1646065738e-09, -6.784995844099999e-13, 8.6451079455e-13, 7.737356873100001e-10, 8.2301854313e-10, -2.26492771e-09, -3.0751931957e-14, -2.230770214e-14, 3.3688630711e-13]",0.0325896924000519,1.411886266956372e-06,0.0194,EXO,REAL,2025-10-07T20:12:28.412Z,system.exo,OPS1,,,,0.0,,,,,,,,,,,,,,,,,,,,,,,,,,,,,,,,,343.9,7.345200704
f4389ec8-469b-4492-8022-7a0b2d6abe33,U//PR-EXO-SV,2025-10-07 19:58:45.221099,30793,30793,30793,False,37295.70527857945,-20030.59470188894,-3983.30089695967,1.446357915419479,2.696744020475194,-0.076020104761805,"[0.00025918745088, 0.00046805596632, 0.00087355439817, 1.1972869627e-05, -3.0982136252e-05, 0.00027248823123, -1.6422628714e-09, -2.1054002651e-09, 1.0348134111e-10, 1.8526855322e-13, 4.1154141654e-10, 9.699385767e-10, -2.0172615009e-11, -6.153442472800001e-14, 4.0588080259e-14, 1.7515760208e-10, 2.5018988778e-10, -6.5431026956e-12, -1.1575428347e-14, 5.2532305585e-15, 7.4142008471e-14]",0.03748639860376027,5.477213177793978e-07,0.023,EXO,REAL,2025-10-07T23:09:27.960Z,system.exo,OPS1,,,,0.0,,,,,,,,,,,,,,,,,,,,,,,,,,,,,,,,,3029.0,13.78293333
f62ece7c-731b-4e26-80fb-c7fa7f3b9be4,U//PR-EXO-SV,2025-10-07 19:58:20.374402,29520,29520,29520,False,-13740.04222588016,40292.72148487433,697.1999562473101,-2.89370715551691,-0.9877669397846749,0.112879584865626,"[0.00040913300848, 0.00015901643336, 8.216283998999999e-05, -6.727910803600001e-06, -7.0751540729e-06, 0.00022948621783, 6.234442906e-11, 8.0805343089e-10, 2.0547956854e-11, 4.6105310413e-14, 3.8838546225e-09, 3.4859940132e-09, -1.6075722534e-10, 3.194779152300001e-14, 3.592054583e-13, 4.914523511499999e-11, -2.2772451717e-11, 6.0461780126e-10, 2.1203941483e-15, -7.274294398e-16, 1.0184396881e-13]",0.02684738471993129,7.12147974456854e-07,0.0303,EXO,REAL,2025-10-07T21:21:27.974Z,system.exo,OPS1,,,,0.0,,,,,,,,,,,,,,,,,,,,,,,,,,,,,,,,,5193.0,61.33426667
121d0a97-479e-4d6d-af9c-e4fdbb0590dc,U//PR-EXO-SV,2025-10-07 19:58:14.949688,28786,28786,28786,False,10609.03203731907,40816.57286495923,-48.1187052255,-2.975306235484242,0.772890394924586,0.008434249367896999,"[0.0005112527933, -4.1376129902e-05, 6.5433007413e-05, 6.2199200648e-06, 4.4564807495e-06, 0.00023790367121, 9.087170453500001e-09, 4.7542791416e-09, 5.2191177876e-10, 6.5666822001e-13, 9.8274294741e-09, 2.9203688427e-09, 3.8702799192e-10, 5.456165837e-13, 5.9837317789e-13, 8.4889757402e-12, 9.9646040962e-11, 9.2210586152e-11, 8.521375809100001e-15, 2.5048768759e-15, 1.2482424089e-13]",0.02854101385590568,1.174676823126259e-06,0.013,EXO,REAL,2025-10-07T20:39:26.808Z,system.exo,OPS1,,,,0.0,,,,,,,,,,,,,,,,,,,,,,,,,,,,,,,,,6480.0,60.59026667
04adb5a5-129b-479e-a162-e9dc94912932,U//PR-EXO-SV,2025-10-07 19:58:14.949688,40141,40141,40141,False,10310.05085532284,40888.33111543678,-43.67258561562,-2.981108055981945,0.7516051908285271,0.007560140920577,"[0.00040214250549, -4.3872535005e-05, 4.9251576227e-05, 3.972877143599999e-06, 3.1341523169e-06, 0.00022098339318, 5.7369925683e-09, 3.2883464064e-09, 3.4883871709e-10, 4.3402148124e-13, 6.2664798315e-09, 1.9644286222e-09, 2.542253942e-10, 3.5474648008e-13, 3.9240180255e-13, 1.9613429741e-11, 7.542733329400001e-11, 1.1004736767e-10, 6.8442736382e-15, 2.9907263686e-15, 8.5379887873e-14]",0.02593024247663334,9.54883852446464e-07,0.0364,EXO,REAL,2025-10-07T20:36:30.536Z,system.exo,OPS1,,,,0.0,,,,,,,,,,,,,,,,,,,,,,,,,,,,,,,,,3700.0,26.96373333
083c6e51-9c8c-4a0e-9c35-31afb4a79fa8,U//PR-EXO-SV,2025-10-07 19:57:22.642106,37775,37775,37775,False,38199.93296560697,-17862.28995248783,-127.5469446103,1.302187906472494,2.784854914945539,-0.002598248663457,"[0.00023033460766, 0.00014605363667, 0.0011218120075, 1.1985919114e-05, -3.0763649587e-05, 0.0004271267996, -2.4195478491e-08, -3.2577461113e-08, -4.3686982353e-10, 3.5409207862e-12, -1.5842715691e-09, 3.9633476867e-08, -1.5597367843e-09, -7.81717568e-13, 1.7191765104e-12, 1.0883794536e-09, -1.6694934496e-09, 1.2750258419e-08, -8.6967257501e-14, -9.3144840809e-14, 1.4049225586e-12]",0.04218143447963808,2.581669974105908e-06,0.0437,EXO,REAL,2025-10-07T20:57:26.862Z,system.exo,OPS1,,,,0.0,,,,,,,,,,,,,,,,,,,,,,,,,,,,,,,,,5330.0,49.88493333
670590bb-1fd0-4551-9f02-25f44acb8d2e,U//PR-EXO-SV,2025-10-07 19:56:58.200959,63629,63629,63629,False,21257.70197412662,-36907.63508303022,-219.81922452259,2.651324984328311,1.523822518790114,-0.024695645813748,"[0.00070255053936, 0.00033935032536, 0.00022155325305, -2.2595635665e-06, -3.8378988954e-06, 0.00025877497972, -7.9497911841e-09, 1.0614702744e-09, -7.0626071871e-11, 5.825763127700001e-13, 5.635125103e-09, 1.3831559571e-09, -3.3109377926e-12, -3.0771852388e-13, 2.9976444757e-13, 1.0595464163e-10, 3.9467746044e-12, -1.4802005655e-10, -5.180029893e-15, 3.6528559102e-15, 1.1672895933e-13]",0.03439300469761257,9.995347516069663e-07,0.0168,EXO,REAL,2025-10-07T20:39:26.830Z,system.exo,OPS1,,,,0.0,,,,,,,,,,,,,,,,,,,,,,,,,,,,,,,,,0.0,0.0
cc21fa87-4ed7-490b-8099-36cd8ff5f8e1,U//PR-EXO-SV,2025-10-07 19:55:14.306773,27683,27683,27683,False,38977.85757342567,-16553.75324580149,-3811.89875725097,1.193919952449326,2.817633047457821,-0.042530376947046,"[0.00025957411573, 0.0005784269920199999, 0.001353513674, 1.855643756e-05, -2.8272219227e-05, 0.00032063487033, -2.4955729925e-09, -3.3693158866e-09, 1.4034316579e-10, 2.9889723585e-13, 1.8155241579e-10, 9.6089633289e-10, -1.29051208e-12, -4.8214619934e-14, 3.6478328087e-14, 2.3347700747e-10, 3.6013284505e-10, 4.5039110023e-11, -1.6862461834e-14, 3.2589272626e-15, 1.1237303112e-13]",0.04397411352216211,6.691401908845409e-07,0.0422,EXO,REAL,2025-10-07T20:33:27.558Z,system.exo,OPS1,,,,0.0,,,,,,,,,,,,,,,,,,,,,,,,,,,,,,,,,4685.0,40.76493333
c8018048-22db-48a3-9061-b1b5caa0431d,U//PR-EXO-SV,2025-10-07 19:53:28.718289,21019,21019,21019,False,42137.67716097543,-3296.84189373927,2615.26668493704,0.189672549811751,2.984805929664913,0.6657791937176989,"[0.00010518273718, 1.6332578077e-05, 0.0010664405319, -2.720964569e-05, 0.00011662421057, 0.0005612346536, -1.2029813345e-08, 5.6897463667e-09, 3.7858754138e-10, 9.240346974500001e-12, -6.0963125544e-09, 3.6595497961e-09, -8.5494168765e-10, 8.170398776e-14, 5.342890632699999e-13, -3.2094348063e-09, 1.6751529528e-09, 4.1823011034e-09, 1.1512624747e-12, -2.8171271946e-13, 1.9593281875e-12]",0.04162761010050901,3.425487443455311e-06,0.0106,EXO,REAL,2025-10-07T20:42:28.730Z,system.exo,OPS1,,,,0.0,,,,,,,,,,,,,,,,,,,,,,,,,,,,,,,,,2120.91,23.59650242
33c22d4b-bed5-432c-99d9-94d4a2aeb193,U//PR-EXO-SV,2025-10-07 19:53:02.136740,65486,65486,65486,False,28229.99919129563,29899.11258566502,9488.75491543979,-2.219670118202017,1.681064261748758,1.297849095856976,"[0.00029284773667, -8.7215212171e-06, 0.00013769534146, -7.9420594013e-06, 1.6805785805e-06, 0.00016557222602, 2.45717003e-08, 1.0835725257e-08, 3.7909858961e-09, 3.197066445e-12, 7.4378781476e-09, 2.3681885058e-09, 3.892308834e-11, 8.876848545e-13, 3.2562481369e-13, 2.1941218792e-10, -7.2277553684e-10, 5.1234199398e-10, 1.021969511e-14, -4.1421058985e-14, 1.1851087168e-13]",0.02441547263826773,1.908193420586603e-06,0.0178,EXO,REAL,2025-10-07T20:54:26.156Z,system.exo,OPS1,,,,0.0,,,,,,,,,,,,,,,,,,,,,,,,,,,,,,,,,0.0,0.0
b7e8ef0e-725f-4dd4-a108-6fdfc0e08b7d,U//PR-EXO-SV,2025-10-07 19:52:50.002426,51282,51282,51282,False,3632.138984305,42404.69431883046,317.48479972112,-3.081657441974458,0.260567787802557,0.216486447849208,"[0.00060493193206, -3.7279711392e-05, 2.5872974568e-05, -2.2204759322e-05, -1.2033806675e-06, 0.00029441945612, 1.313432544e-09, 1.6803093832e-09, -6.5185920918e-11, 1.3650325947e-13, 3.786008363e-09, 8.3216258383e-10, -2.6638625801e-10, 1.0444729286e-13, 2.9663654542e-13, -1.6488079371e-11, -1.2415388261e-10, 2.7703825814e-10, 1.1099211251e-15, -6.9136914168e-15, 1.4950068519e-13]",0.03041750092870879,7.63308908686385e-07,0.0103,EXO,REAL,2025-10-07T20:39:26.824Z,system.exo,OPS1,,,,0.0,,,,,,,,,,,,,,,,,,,,,,,,,,,,,,,,,2020.0,32.26022956
db7434d7-867e-4337-89e0-24899bf45706,U//PR-EXO-SV,2025-10-07 19:51:53.746847,36744,36744,36744,False,5516.92886287525,41805.26530210794,193.69443491256,-3.039546356682384,0.399874074469674,0.229926807416631,"[0.0021358486055, 0.0019225758197, 0.0037966033727, -1.9493043387e-05, 9.3893557031e-06, 0.0004940957572500001, 9.583465533799999e-08, 1.4992333745e-07, 6.828114689300001e-10, 7.1353937622e-12, 2.2295581788e-07, 4.0783193295e-07, 3.9475517695e-10, 1.6045510438e-11, 4.444962156399999e-11, -8.9993018606e-09, -1.6531171455e-08, 2.687311816e-10, -6.1931134746e-13, -1.8044000866e-12, 3.971551943e-13]",0.08016575163653117,7.2098661929678e-06,0.3632,EXO,REAL,2025-10-07T21:42:27.798Z,system.exo,OPS1,,,,0.0,,,,,,,,,,,,,,,,,,,,,,,,,,,,,,,,,2461.0,13.6248
66019814-5c33-44a9-815b-838ef51e9c73,U//PR-EXO-SV,2025-10-07 19:51:37.074236,13669,13669,13669,False,42621.99254201156,-2468.42124308073,4976.302287479341,0.143430248043685,3.016930789496886,0.36552232086684,"[8.4334999866e-06, 2.3332507959e-05, 0.00043401268638, -4.0408060879e-05, 1.1616818266e-05, 0.00035466616297, -8.485921859600001e-11, -1.5016131455e-09, -1.8163102958e-10, 1.3676986093e-13, -1.602840849e-10, 1.1628420559e-10, -1.4704296155e-11, -6.058762750700001e-15, 1.2829795498e-14, -2.977670407e-11, -1.6011305021e-10, -5.391665125899999e-12, 1.1286424825e-14, -4.980168126799999e-15, 4.9490120139e-14]",0.02823317816570781,4.461947742488699e-07,0.007700000000000001,EXO,REAL,2025-10-07T22:15:26.635Z,system.exo,OPS1,,,,0.0,,,,,,,,,,,,,,,,,,,,,,,,,,,,,,,,,1947.47,16.97517964
8764424b-f644-4e28-88c2-605c8e9601c1,U//PR-EXO-SV,2025-10-07 19:51:27.118949,25239,25239,25239,False,22459.89367973084,36104.3903491792,-1255.22265049279,-2.577403925351408,1.613826156270593,0.339542944924798,"[0.00047630776091, -0.00026578906984, 0.00019457576933, -1.3492579823e-05, 2.3499199607e-05, 0.00042057200379, 5.4582747003e-09, 4.8257864077e-10, -3.112038756e-10, 4.4597813193e-13, 5.3211428067e-09, -2.5848095051e-09, -6.3848145579e-10, 2.6727153728e-13, 3.5290306266e-13, -3.8854805852e-10, -1.8921399439e-11, 3.3740992994e-10, -4.3288651389e-15, -2.5065061504e-14, 2.3471847899e-13]",0.03303718411169451,1.016661041635805e-06,0.0414,EXO,REAL,2025-10-07T22:45:27.416Z,system.exo,OPS1,,,,0.0,,,,,,,,,,,,,,,,,,,,,,,,,,,,,,,,,2135.78,42.09127332
8a3f3b53-e934-40cf-ba0f-c1e28501e992,U//PR-EXO-SV,2025-10-07 19:51:27.118949,32478,32478,32478,False,22374.76543135711,35828.86937677011,-1115.97598945131,-2.593747315404108,1.626711525969305,0.213706391569012,"[0.001278531937, -0.00051528087331, 0.00039513289041, -2.8023671363e-05, 3.7828323971e-05, 0.00073386597875, 3.1367162336e-08, 4.089463969300001e-09, -5.875880671e-10, 2.3889011527e-12, 1.8314683971e-08, -2.340299899e-09, -7.6634275034e-10, 1.1114417622e-12, 7.817710961099999e-13, -1.9858829121e-09, 6.2144220327e-11, 3.5036646256e-10, -1.0396165818e-13, -7.847052589999999e-14, 3.554444877e-13]",0.04906659562431451,1.87779571213431e-06,0.0358,EXO,REAL,2025-10-07T20:21:26.892Z,system.exo,OPS1,,,,0.0,,,,,,,,,,,,,,,,,,,,,,,,,,,,,,,,,2579.0,24.15457429
735e6d2b-c92b-43c8-b774-3a55db2ba800,U//PR-EXO-SV,2025-10-07 19:51:04.265884,21762,21762,21762,False,28591.37339910827,-30788.19644933008,-5148.37795161348,2.253960944600997,1.988589376797752,0.616207455171873,"[0.00097783204359, 0.0005297858941299999, 0.00062922318404, 0.00017958846495, 7.8293305403e-05, 0.00044662373784, -3.6547509639e-08, 5.4514366515e-09, -2.9719371162e-09, 3.9331799102e-12, 1.3158603765e-08, 5.0004248872e-09, 3.6050860535e-09, -1.3133498025e-12, 9.7350980665e-13, -3.2963709434e-10, 3.2274599872e-09, -4.429012937e-09, 7.150783874100001e-14, -8.845895595100001e-14, 7.5468093553e-13]",0.04531753485649898,2.379363497320239e-06,0.0088,EXO,REAL,2025-10-07T21:21:27.968Z,system.exo,OPS1,,,,0.0,,,,,,,,,,,,,,,,,,,,,,,,,,,,,,,,,2120.91,23.59650242
81dec327-6b6e-4b8f-9a5f-64b661824ce5,U//PR-EXO-SV,2025-10-07 19:50:26.736416,10489,10489,10489,False,36370.16129996927,-21097.42030017635,2960.10952145964,1.52600861513459,2.662850616713362,0.206439417485744,"[0.00019702594735, 0.00031102388116, 0.00057150827712, -6.8253752158e-06, 3.3122167363e-05, 0.00035220585469, -4.11713081e-09, -4.3601973575e-09, -7.3675384796e-10, 4.7504076571e-13, 1.2115144762e-09, 3.793324306e-09, 9.9813068815e-11, -1.5125813376e-13, 1.5832696047e-13, -5.1794763018e-10, -3.5680348321e-10, 1.6582731341e-09, 1.5979164609e-14, -1.7041596995e-14, 2.69392083e-13]",0.03347745628269866,9.501367318338978e-07,0.018,EXO,REAL,2025-10-07T20:24:27.024Z,system.exo,OPS1,,,,0.0,,,,,,,,,,,,,,,,,,,,,,,,,,,,,,,,,292.37,4.68
9978a1dd-3fa4-4418-a2fd-bf05b19ab67b,U//PR-EXO-SV,2025-10-07 19:50:00.331248,57624,57624,57624,False,30743.34214638513,28513.96829506581,-4561.60415705444,-2.086294195604985,2.1328088440461,-0.739005180355647,"[0.00074446281517, -0.00040537626855, 0.00047336145797, 0.00016006767485, -6.700395829e-05, 0.00037968051987, 3.3235528413e-08, -7.0749172743e-10, 4.7207550945e-09, 2.9900062946e-12, 6.799274130100001e-09, -3.4660432833e-09, 2.4920425389e-09, 5.4704031657e-13, 3.3826903784e-13, 1.6096392642e-09, 2.0601332156e-09, 2.9159221181e-09, 1.5807260623e-13, 1.147361329e-13, 5.7293396015e-13]",0.03996879774286437,1.975147916635612e-06,0.035,EXO,REAL,2025-10-07T21:48:29.978Z,system.exo,OPS1,,,,0.0,,,,,,,,,,,,,,,,,,,,,,,,,,,,,,,,,3060.0,13.99773333
5b6cd860-7ac3-4e75-b6ae-d494af88bf03,U//PR-EXO-SV,2025-10-07 19:49:42.635106,13651,13651,13651,False,41661.83549028109,-6795.81199644649,2365.66789832024,0.445216576488957,2.966585052374568,0.652513977538238,"[7.404009255299999e-05, 6.0576610179e-05, 0.0005591945981500001, -5.6149220349e-05, -5.797216142e-05, 0.00084516895129, -4.729735215e-09, -4.7347152521e-09, -1.7898768636e-09, 1.5154871336e-12, -3.4418595498e-09, 3.1893550485e-09, -4.235797186e-10, 4.8340875732e-14, 3.1987404703e-13, -1.6829202285e-09, 3.4971912516e-11, 2.6818930286e-09, 1.2225735625e-13, -1.4581353482e-13, 1.0975288953e-12]",0.03845001485036124,1.712568268983751e-06,0.0195,EXO,REAL,2025-10-07T20:45:26.189Z,system.exo,OPS1,,,,0.0,,,,,,,,,,,,,,,,,,,,,,,,,,,,,,,,,566.9,15.59560845
d7022df3-7f06-4755-bd92-84a291f5d729,U//PR-EXO-SV,2025-10-07 19:49:42.635106,11568,11568,11568,False,41479.16494858814,-7089.36828040748,2235.26127815295,0.5134377903898459,3.030910790229298,0.021273966534274,"[2.4500148124e-05, 0.00010642198094, 0.00062670941279, -1.0394376131e-05, 4.7898176174e-06, 0.00022043674182, -1.1826309582e-09, -4.543035344e-09, -9.8274342274e-11, 3.6868515652e-13, -2.215326081e-10, 7.9011024257e-10, -3.4338132524e-11, -3.1545724441e-14, 3.1388652276e-14, -8.0303533556e-11, -1.9923179663e-10, 3.1494276548e-10, 1.4871880227e-14, -1.0666378633e-15, 1.0521658879e-13]",0.02952365666264936,7.108378138408226e-07,0.0088,EXO,REAL,2025-10-07T23:27:27.487Z,system.exo,OPS1,,,,0.0,,,,,,,,,,,,,,,,,,,,,,,,,,,,,,,,,2120.91,23.59650242
d24532f7-466a-4641-835f-eee954f508a2,U//PR-EXO-SV,2025-10-07 19:49:38.557719,22963,22963,22963,False,41999.19363175609,-4271.40650265156,-338.80631359338,0.309179506811101,2.957005287585643,0.770477375256914,"[7.894586797399999e-05, 8.756170591100001e-05, 0.0011750717437, 1.6654684109e-05, 0.00014087642172, 0.00066625047793, -5.2094092377e-09, -4.6533096264e-09, -1.5339892469e-09, 1.4387761154e-12, -4.3114461167e-09, 2.6116625358e-09, 7.9414132438e-10, 1.7282457973e-13, 3.4051335729e-13, -1.5235822963e-09, 1.3068418184e-09, -1.5731177457e-09, 1.2762308465e-13, -5.5506500741e-14, 6.3571858023e-13]",0.04382086363370763,1.554029617774384e-06,0.018,EXO,REAL,2025-10-07T20:24:27.026Z,system.exo,OPS1,,,,0.0,,,,,,,,,,,,,,,,,,,,,,,,,,,,,,,,,2477.7,34.34634586
6da1717c-bf30-41fe-88c6-b1ca611303a4,U//PR-EXO-SV,2025-10-07 19:49:00.343322,14114,14114,14114,False,32276.36213188565,-27158.50507629255,2294.68903007091,1.938330558755171,2.340597021059645,0.429434435774622,"[0.0005177543953, 0.0005374085825099999, 0.00072481520173, 5.2914981785e-05, 8.767813825899999e-05, 0.00046074171844, -1.085455872e-08, -3.5066878798e-09, -2.5488148007e-09, 1.2868466058e-12, 4.165937264100001e-09, 7.7037658348e-09, 7.822140193e-10, -4.7167637544e-13, 5.730726941399999e-13, -1.5027997104e-09, -4.1993073522e-11, 2.462067079e-09, -6.404188869399999e-16, -1.1090107434e-13, 1.1231589499e-12]",0.04127119231946177,1.727159011162551e-06,0.007700000000000001,EXO,REAL,2025-10-07T21:48:29.922Z,system.exo,OPS1,,,,0.0,,,,,,,,,,,,,,,,,,,,,,,,,,,,,,,,,2120.91,23.59650242
9e89459b-1c99-4d62-a7b7-ef892faf9d50,U//PR-EXO-SV,2025-10-07 19:48:51.887282,23108,23108,23108,False,15024.91606878556,-38374.08949876075,-8879.20304919396,2.871167693697182,1.035013050778558,0.378950331034047,"[0.00081737784477, 0.00028380278254, 0.00013106835048, 9.141163740499999e-05, -3.0393148861e-05, 0.00030164342711, -1.9399669193e-09, 9.3102292659e-10, 2.5425085334e-10, 1.7155584961e-13, 2.217681376e-09, -6.298647522e-11, 1.0425914801e-10, -1.2025255912e-13, 1.4664526602e-13, 4.8522728701e-10, 6.1998551231e-11, -2.7052148433e-10, -2.8259795973e-14, 1.9670179924e-14, 5.721205557e-14]",0.03535660648817983,6.12709695696094e-07,0.007700000000000001,EXO,REAL,2025-10-07T20:45:26.197Z,system.exo,OPS1,,,,0.0,,,,,,,,,,,,,,,,,,,,,,,,,,,,,,,,,2101.09,23.8702275
4ed9a948-c69c-4e14-958c-a2ee6aceaf02,U//PR-EXO-SV,2025-10-07 19:47:49.531073,14943,14943,14943,False,39295.9267700584,-16492.56385082003,2611.64988642359,1.139341607956148,2.789329535874835,0.493265148474096,"[0.00010911052437, 0.00024476904314, 0.00062808886329, 4.6181989183e-07, 6.1492304057e-05, 0.00037683079445, -1.1675979886e-09, -4.1761303594e-09, -6.7420088514e-10, 3.8579453788e-13, 3.560695497999999e-11, 2.7786997789e-09, 2.3303987517e-10, -1.9653476146e-13, 1.6598993314e-13, -1.4482550441e-10, -1.3784445015e-10, 3.4913592798e-10, 5.6879927039e-15, -3.3043488026e-14, 2.0002194576e-13]",0.03337709067773883,8.6706771176189e-07,0.0098,EXO,REAL,2025-10-07T22:06:27.392Z,system.exo,OPS1,,,,0.0,,,,,,,,,,,,,,,,,,,,,,,,,,,,,,,,,2120.91,23.59650242
bad88598-a969-4907-bc7d-8ee8c6c69911,U//PR-EXO-SV,2025-10-07 19:47:47.715754,32708,32708,32708,False,39446.95069464085,-9701.521479751491,-10838.44101556807,0.938501882121513,2.777335602140944,0.95617484417943,"[0.0055377857529, 0.00060431804272, 0.0016155844786, -0.00048577134494, 0.00012021112999, 0.0012055229446, -8.4354163828e-07, -9.476684435799999e-08, 9.278629635200001e-08, 1.42177634e-10, -1.6099937014e-07, 1.7845484666e-09, 5.5423217477e-08, 2.1721462237e-11, 7.7313108851e-12, 7.352924626e-08, 4.5610904095e-08, -6.617062067100001e-08, -1.5252268021e-11, -4.8241789357e-12, 1.1066917938e-11]",0.09142698275728015,1.268762636678351e-05,0.0578,EXO,REAL,2025-10-07T20:24:27.041Z,system.exo,OPS1,,,,0.0,,,,,,,,,,,,,,,,,,,,,,,,,,,,,,,,,4140.0,28.57373333
77d9b5a4-48dc-4987-a29f-f061f092ecf6,U//PR-EXO-SV,2025-10-07 19:47:43.597168,10778,10778,10778,False,18554.04443372692,37346.5202875559,6302.30578116134,-2.736649185585526,1.387965765040043,-0.165655015520251,"[0.00079310131631, -0.00030432464647, 0.00017131704177, -1.2871403597e-05, -9.1185440061e-05, 0.00066549792938, 1.0504737299e-08, -1.1821233322e-10, 1.6951574178e-09, 6.0779716406e-13, 8.4598463993e-09, -9.162156652e-10, 1.2223233927e-09, 4.420176042e-13, 3.8292865548e-13, 2.1095847378e-09, -1.4743840215e-11, -1.3023787067e-10, 1.120569814e-13, 8.4634671902e-14, 6.8315021867e-14]",0.04037222173054141,1.02909710008677e-06,0.0134,EXO,REAL,2025-10-07T23:27:27.486Z,system.exo,OPS1,,,,0.0,,,,,,,,,,,,,,,,,,,,,,,,,,,,,,,,,787.91,7.536562966
dadb291d-12cc-4e6d-80e1-cf52a5d08035,U//PR-EXO-SV,2025-10-07 19:46:16.615061,36581,36581,36581,False,38660.80207008283,-16847.81892011859,-640.8876797767799,1.227932086536716,2.817802603881411,-0.019020994978458,"[0.0065115702641, -0.004524478273699999, 0.0041093747888, 0.0004690432461, -0.00034345523909, 0.00098059300982, 7.2272579933e-07, -4.6962840057e-07, 5.2568033177e-08, 1.1368456787e-10, -5.6891468464e-07, 4.4170784533e-07, -4.1561920548e-08, -6.9010036975e-11, 6.100959535e-11, 3.37206571e-08, -1.7909860615e-08, 1.7010140938e-07, 6.4266155835e-12, -3.5220057884e-12, 5.3754249032e-11]",0.1077104361829438,1.511450999046942e-05,0.0409,EXO,REAL,2025-10-07T20:36:30.530Z,system.exo,OPS1,,,,0.0,,,,,,,,,,,,,,,,,,,,,,,,,,,,,,,,,5471.0,44.28493333
a3ae5cb7-eaa1-4973-aefc-99cfaec312e5,U//PR-EXO-SV,2025-10-07 19:45:43.359961,33154,33154,33154,False,42299.97602872289,-4765.65841829081,-1731.41597710646,0.340998292219575,3.039649550887859,0.001174078239837,"[2.231678941e-05, 8.233965895400001e-05, 0.00056962195259, 1.2704950513e-05, -7.9543760856e-07, 0.00030365471858, -3.8235281347e-09, -2.3662562755e-08, -6.6338989281e-11, 1.5822973755e-12, -5.096667765400001e-10, 1.1358015062e-09, -1.9783284879e-11, -7.8705764266e-14, 5.4090162663e-14, 2.1135093983e-10, 1.3237409285e-09, -1.2909369893e-10, -6.9755878596e-14, 2.2970456675e-15, 1.3894706164e-13]",0.02992646755933617,1.332416826598569e-06,0.0392,EXO,REAL,2025-10-07T21:57:28.234Z,system.exo,OPS1,,,,0.0,,,,,,,,,,,,,,,,,,,,,,,,,,,,,,,,,3346.0,21.44626667
dca31398-8c9a-4be3-96e5-f07d62f65582,U//PR-EXO-SV,2025-10-07 19:44:59.810971,27403,27403,27403,False,22407.61137093869,-35879.14410580437,-4221.86051053025,2.578889002502064,1.63478458127134,-0.233379112170168,"[0.0010263463014, 0.0006345804870299999, 0.00041454822577, -6.0931280255e-05, -6.932779121800001e-05, 0.00027545986087, -5.2238035951e-09, -1.7651220148e-09, 5.077841167699999e-10, 2.9063923264e-13, 6.8057020659e-09, 3.975244022999999e-09, -6.3269147294e-10, -2.8376828169e-13, 4.125578012e-13, 1.0329153834e-09, 4.4770024907e-10, 2.4776142244e-10, -2.9221537248e-14, 4.852443238e-14, 1.5328911103e-13]",0.04142890763754217,9.254653666507462e-07,0.0406,EXO,REAL,2025-10-07T20:09:27.249Z,system.exo,OPS1,,,,0.0,,,,,,,,,,,,,,,,,,,,,,,,,,,,,,,,,4726.0,40.76493333
7e41e124-1458-447e-930a-276ca54467d8,U//PR-EXO-SV,2025-10-07 19:44:56.090211,5589,5589,5589,False,41089.92717389379,-13533.79195858168,2634.74846863113,0.8968017532985171,2.885246540586787,0.079332839315385,"[5.0781063499e-05, 0.00014154977988, 0.00043690830309, -1.5492264298e-05, 1.0287250157e-05, 0.00029817716962, -1.0077371764e-09, -2.6202218736e-09, -8.6121447803e-11, 1.9775757928e-13, 9.135384617900001e-11, 9.2777262414e-10, 9.7707494459e-12, -5.0576336776e-14, 3.0499984144e-14, -6.6358678234e-11, -1.6067876568e-10, 2.7150744918e-12, 8.9891894319e-15, -3.4207339102e-15, 5.7960713844e-14]",0.02803331118881607,5.34993717036004e-07,0.006599999999999999,EXO,REAL,2025-10-07T20:03:26.790Z,system.exo,OPS1,,,,0.0,,,,,,,,,,,,,,,,,,,,,,,,,,,,,,,,,1486.62,14.97361599
d7a4700e-d88f-4402-8f14-6196179f008a,U//PR-EXO-SV,2025-10-07 19:44:35.022210,11581,11581,11581,False,36182.56192826141,-21606.16995491479,2708.18669860767,1.566036838810887,2.63617544923434,0.152724621853771,"[0.00041596747287, 0.00067144202104, 0.0011352176557, -3.4944375431e-05, 5.5768022305e-05, 0.0009323613312, -4.998316938300001e-09, -6.517780182e-09, -5.811985601e-10, 5.812933702700001e-13, 2.0740060473e-09, 4.0344252923e-09, 1.8351253576e-10, -2.6161043713e-13, 1.7902126802e-13, -4.1367833274e-10, -3.8498249349e-10, 8.3032827534e-10, 3.1235073634e-14, -2.0734699444e-14, 1.9276693268e-13]",0.04983519298417535,9.762589671649628e-07,0.0558,EXO,REAL,2025-10-07T20:06:27.639Z,system.exo,OPS1,,,,0.0,,,,,,,,,,,,,,,,,,,,,,,,,,,,,,,,,0.0,0.0
fb994f16-a383-4f22-821b-1400347d602d,U//PR-EXO-SV,2025-10-07 19:44:06.725763,3692,3692,3692,False,10614.4398066942,41014.83997020074,-29.32912565794,-2.99659810618979,0.7450209893584709,0.041182496031802,"[0.00049551974413, -0.0001012023651, 4.6917456255e-05, -1.0563044107e-06, 2.0032237152e-06, 0.00030190360524, 2.7802022195e-09, 1.7073160262e-09, 1.3006184463e-10, 2.1905278539e-13, 3.4927057827e-09, 8.690007659e-10, 7.0260515845e-11, 1.8330203191e-13, 2.3331235386e-13, -2.1115205252e-11, 2.331089174e-11, 2.7583078001e-10, 2.5303218731e-15, 1.069967871e-17, 9.0969495065e-14]",0.0290575430073673,7.371123620690403e-07,0.006599999999999999,EXO,REAL,2025-10-07T21:51:29.796Z,system.exo,OPS1,,,,0.0,,,,,,,,,,,,,,,,,,,,,,,,,,,,,,,,,1486.62,14.97361599
713b41f2-d51a-4fe3-b680-ff28966ae1e4,U//DS-USNO-SV,2025-10-07 19:43:48.761000,23010,23010,,False,22608.73534467,34294.56536678,9553.10238478,-2.592330212014,1.626367674048,0.293040630569,,0.0,0.0003,0.00634217,USNO,REAL,2025-10-09T13:11:22.719Z,system.usno-snrf,OPS1,TEME,TEME,"[2.73431e-14, -1.39796e-13, 9.1936e-13, -2.17284e-15, 1.08488e-14, 1.10622e-15, -9.75824e-16, 1.62187e-15, 1.26582e-16, 1.29543e-16, -2.65992e-11, 1.1835e-10, 3.02495e-12, 2.12026e-12, 6.33788e-08, -7.41217e-15, 2.89405e-14, 3.02803e-16, 5.6637e-16, 1.5581e-11, 4.47177e-15]",0.0,99999.0,"EGM-96  8Z, 8T",NONE,True,True,True,False,0.0,0.0,0.0,0.0,0.0,0.0,10.0,37.0,0.09069,-0.419,0.2217,0.3382,4.0,2049-12-31T23:59:59.999Z,ASW,FAST NUM,AUTO,False,AUTO,0.0,1e-14,"[0.0, 0.0, 0.0]","[0.0, 0.0003, 0.0]",1.0,ARGOS,1947.47,16.97517964
b951924b-72df-4b3e-ac8e-c6ab0bf55af1,U//PR-EXO-SV,2025-10-07 19:43:40.521440,26452,26452,26452,False,-10221.40956662563,39671.46006259786,-324.16208018715,-1.608776337018487,-1.032408846739717,0.029099422865793,"[0.0034320667743, 0.00094380734135, 0.00041772989792, -3.8849150061e-05, 4.4770713003e-06, 0.00055262167327, 1.9195223449e-09, 6.725137955e-09, 4.8026189141e-10, 4.0848331065e-13, 9.8858120919e-09, 2.7827970399e-08, 1.5859892377e-09, 7.9288587071e-13, 4.2547508903e-12, 7.6198798081e-11, 1.2365554793e-09, 4.000362663699999e-09, 4.6807652414e-14, 1.981804972e-13, 3.1521544611e-13]",0.06635072226803562,2.231243968520699e-06,0.0,EXO,REAL,2025-10-07T20:36:30.524Z,system.exo,OPS1,,,,0.0,,,,,,,,,,,,,,,,,,,,,,,,,,,,,,,,,2440.0,23.68368162
8dd10b5e-761c-44e6-b8a1-8a015c2a155d,U//DS-USNO-SV,2025-10-07 19:43:39.488000,19928,19928,,False,23597.81104777,33868.30282988,8743.12958138,-2.533515196465,1.734657686787,0.091617982971,,0.0,0.0007,0.0127908,USNO,REAL,2025-10-09T13:11:22.712Z,system.usno-snrf,OPS1,TEME,TEME,"[7.12614e-15, -2.55227e-14, 5.10263e-13, 1.55316e-15, -1.8796e-14, 3.4648e-15, -4.70691e-16, -3.43455e-14, 4.15594e-15, 1.03813e-14, 1.19872e-11, -2.17227e-10, 6.26508e-12, 2.13415e-12, 4.24042e-07, 2.57248e-15, -5.70415e-14, -1.20257e-15, -2.31477e-16, 9.90489e-11, 2.75864e-14]",0.0,99999.0,"EGM-96  8Z, 8T",NONE,True,True,True,False,0.0,0.0,0.0,0.0,0.0,0.0,10.0,37.0,0.09069,-0.419,0.2217,0.3382,4.0,2049-12-31T23:59:59.999Z,ASW,FAST NUM,AUTO,False,AUTO,0.0,1e-14,"[0.0, 0.0, 0.0]","[0.0, 0.0007, 0.0]",1.0,ARGOS,1947.47,16.97517964
dd59ddf2-32af-44e7-8352-328674d1cd1c,U//PR-EXO-SV,2025-10-07 19:43:06.002053,38529,38529,38529,False,-5293.90367480058,-40283.69795810869,-1581.24454624828,3.111240487853454,-0.424281139106378,-0.335961114164407,"[0.00047190287149, -6.8732154764e-05, 1.8410984822e-05, -1.459336831e-05, -1.1266029339e-05, 0.00036289171366, -1.2490781669e-10, 5.2194681446e-10, 5.3728033805e-11, 3.5811628938e-14, 3.069374358e-09, -1.1096568541e-09, -3.6866883273e-10, -2.4068474365e-14, 2.2339209645e-13, 1.9486706385e-10, -1.234738655e-10, 2.0423795891e-10, 1.6180817353e-15, 1.0666922541e-14, 6.551008101299999e-14]",0.02920968281190331,5.698366488749211e-07,0.0114,EXO,REAL,2025-10-07T21:12:26.175Z,system.exo,OPS1,,,,0.0,,,,,,,,,,,,,,,,,,,,,,,,,,,,,,,,,3450.0,64.94225721
988cc89e-3d99-45ba-b4c4-39d5d718f6f9,U//PR-EXO-SV,2025-10-07 19:43:00.697073,42942,42942,42942,False,11469.87695413283,40580.91981298874,-46.84128308288999,-2.958399581903821,0.83584092502972,0.006430584187811,"[0.0027130637299, 0.0027958046152, 0.0045736575493, 9.769778136799999e-05, 0.00012226876328, 0.00050143263505, 1.9606588206e-07, 2.721863285e-07, 8.7062657084e-09, 1.7636278783e-11, 3.1543966555e-07, 4.6713797424e-07, 1.2489410844e-08, 2.8351653121e-11, 4.927477154e-11, -8.122360782e-09, -1.3096090033e-08, -1.0121660917e-09, -7.175548414999999e-13, -1.4036095694e-12, 5.610135352499999e-13]",0.08825051792624222,8.2141380471873e-06,0.0298,EXO,REAL,2025-10-07T20:18:27.311Z,system.exo,OPS1,,,,0.0,,,,,,,,,,,,,,,,,,,,,,,,,,,,,,,,,6141.0,44.796
a5f222bd-4682-438f-8e6f-96047026f1e5,U//PR-EXO-SV,2025-10-07 19:41:44.891409,32794,32794,32794,False,25802.742256307,-33353.21734264462,-45.8432102758,2.432226851535393,1.880320033002881,-0.007148231676169,"[0.0012666835863, 8.4519854889e-05, 0.0025230049013, -3.5203795197e-06, -4.8032237891e-06, 0.000805574516, -8.822911015e-08, 6.509119294100001e-08, 7.6567839301e-10, 8.8528384654e-12, 2.9684357112e-08, 1.2436121377e-07, -8.6588055759e-10, 6.236037773500001e-13, 7.4713881913e-12, 7.2498288834e-11, -2.2562832772e-10, 8.074638629099999e-09, 3.3833537797e-14, -5.1159947502e-14, 1.128002855e-12]",0.06778836923543743,4.17758656543464e-06,0.0235,EXO,REAL,2025-10-07T20:15:26.848Z,system.exo,OPS1,,,,0.0,,,,,,,,,,,,,,,,,,,,,,,,,,,,,,,,,1360.0,12.24066667
dffb6d23-5690-46e7-904f-14ed21aae496,U//DS-USNO-SV,2025-10-07 19:41:38.668000,25642,25642,,False,26429.66711546,31781.26294456,8358.47836747,-2.39394624002,1.845652803218,0.556172232291,,0.0,0.0,0.00892746,USNO,REAL,2025-10-09T13:11:22.707Z,system.usno-snrf,OPS1,TEME,TEME,"[0.0, 0.0, 0.0, 0.0, 0.0, 0.0, 0.0, 0.0, 0.0, 0.0, 0.0, 0.0, 0.0, 0.0, 0.0, 0.0, 0.0, 0.0, 0.0, 0.0, 0.0]",0.0,99999.0,"EGM-96  8Z, 8T",NONE,True,True,True,False,0.0,0.0,0.0,0.0,0.0,0.0,10.0,37.0,0.09069,-0.419,0.2217,0.3382,4.0,2049-12-31T23:59:59.999Z,ASW,FAST NUM,AUTO,False,AUTO,0.0,1e-14,"[0.0, 0.0, 0.0]","[0.0, 0.0, 0.0]",1.0,ARGOS,2500.0,15.762
a3371111-cf06-448d-83ce-bf440a0a477a,U//PR-EXO-SV,2025-10-07 19:41:27.750162,33465,33465,33465,False,39648.21815839098,-10820.31025630019,-6015.40247850438,0.844968814389089,2.975759295778397,0.237597638416841,"[0.00031686159055, 0.0004957720661100001, 0.0014191343862, 0.0001117544533, 2.3762673827e-05, 0.00072056035709, -2.9966331608e-08, -4.342589276e-08, -2.8614702206e-09, 4.6496392174e-12, -3.916133663799999e-09, 3.8298825784e-09, 1.7624325295e-09, 4.1140116597e-14, 3.7697689406e-13, 1.948274372e-09, 6.5331501552e-09, -8.3271711688e-09, -4.3632544542e-13, -5.7736435269e-14, 9.1953739086e-13]",0.04956365940727137,2.438473600906928e-06,0.0,EXO,REAL,2025-10-07T20:24:27.044Z,system.exo,OPS1,,,,0.0,,,,,,,,,,,,,,,,,,,,,,,,,,,,,,,,,729.0,1.570796327
baac50d2-7bc6-4ded-b091-95ba29369203,U//PR-EXO-SV,2025-10-07 19:40:45.307745,27825,27825,27825,False,41879.39917577149,-3021.19082924383,-3820.25002664929,0.252650483678005,3.043440781128999,0.358874976930792,"[0.0087432325354, 0.0050272544518, 0.016147870794, 0.0005877599082, 0.0015810772996, 0.0021708414134, -9.377625068999999e-07, -5.6109419747e-07, -5.1812048041e-08, 1.1028273975e-10, -5.268210972700001e-07, -2.3099848715e-07, -1.1571126321e-08, 5.6018268703e-11, 3.237737402899999e-11, -2.9968909932e-08, 9.1246365008e-09, -4.1180146257e-08, 2.5341711212e-12, 1.012913199e-12, 5.9958930878e-12]",0.1645051511132706,1.219245696596055e-05,0.0335,EXO,REAL,2025-10-07T20:06:27.648Z,system.exo,OPS1,,,,0.0,,,,,,,,,,,,,,,,,,,,,,,,,,,,,,,,,3200.0,458.1486667
c47358fa-b605-4c79-8666-f44f27629743,U//PR-EXO-SV,2025-10-07 19:40:22.978677,27298,27298,27298,False,42104.31861704036,2404.38044370065,-5243.70517693815,-0.148620634763466,3.051129569122341,0.188873036491184,"[1.0844889597e-05, -2.7524276903e-05, 0.00056987754632, 3.1247348119e-05, 2.0543274305e-05, 0.00026198762509, 4.813682565100001e-10, -6.4961310343e-09, -4.6641180301e-10, 4.4051574328e-13, -3.5280057402e-10, -5.7196571271e-10, 1.5953040423e-11, 1.3574386209e-14, 2.892224692e-14, -1.257713099e-10, 9.4552861581e-10, -4.0543201914e-10, -4.5088496619e-14, -7.3326379435e-15, 1.0465862167e-13]",0.02902946883783787,7.576916337600673e-07,0.0252,EXO,REAL,2025-10-07T21:51:29.808Z,system.exo,OPS1,,,,0.0,,,,,,,,,,,,,,,,,,,,,,,,,,,,,,,,,2750.0,12.4704
cda07d6d-4bc8-4253-aedd-27925590429d,U//DS-USNO-SV,2025-10-07 19:40:10.999000,21038,21038,,False,27770.07861348,30442.10082215,8883.3121616,-2.30186162411,2.023286124661,0.255272025008,,0.0,0.0003,0.00730895,USNO,REAL,2025-10-09T13:11:22.822Z,system.usno-snrf,OPS1,TEME,TEME,"[5.55236e-14, -4.00381e-13, 3.44511e-12, 5.0169e-15, -4.2354e-14, 1.25825e-15, 4.54707e-15, -5.51891e-14, 4.2353e-16, 1.6683e-15, -4.10259e-11, 3.4153e-10, -5.25744e-12, -6.24884e-12, 6.95795e-08, -1.55341e-14, 1.17213e-13, -1.63514e-15, -1.67195e-15, 1.9805e-11, 6.34414e-15]",0.0,99999.0,"EGM-96  8Z, 8T",NONE,True,True,True,False,0.0,0.0,0.0,0.0,0.0,0.0,10.0,37.0,0.09069,-0.419,0.2218,0.3382,4.0,2049-12-31T23:59:59.999Z,ASW,FAST NUM,AUTO,False,AUTO,0.0,1e-14,"[0.0, 0.0, 0.0]","[0.0, 0.0003, 0.0]",1.0,ARGOS,1947.47,19.09544463
2d0010e2-e20d-4875-9ca0-17b88d9adaed,U//PR-EXO-SV,2025-10-07 19:40:02.045859,27785,27785,27785,False,37605.98452781809,-25708.92802883025,3248.46801684741,1.67305805720223,2.255969265974874,0.140723591983123,"[0.00022867935553, 0.00029893759357, 0.00045759648407, -1.3954686374e-05, 2.5118005579e-05, 0.00039137040375, -3.7203197521e-09, -3.123097734e-09, -3.3766845105e-10, 3.3735168171e-13, 1.1439580132e-09, 3.0934444772e-09, 6.695227799200001e-11, -1.3588418027e-13, 1.6558709271e-13, -3.2117596941e-10, -2.0228756965e-10, -8.112536477100001e-11, 2.2854608372e-14, -1.043193308e-14, 1.1254775963e-13]",0.03282752265020922,7.845294985212475e-07,0.0114,EXO,REAL,2025-10-07T20:27:26.107Z,system.exo,OPS1,,,,0.0,,,,,,,,,,,,,,,,,,,,,,,,,,,,,,,,,600.0,8.305585578
242071ef-c1a3-41cb-9e2b-801d69531727,U//PR-EXO-SV,2025-10-07 19:39:36.375832,22117,22117,22117,False,42078.20714132335,-7229.102272209179,-5489.27529777583,0.5774225352907569,2.927017034442463,0.609824333794402,"[0.00012388985762, 0.00013718960898, 0.00084572115307, 0.00017913404724, -0.00021248581704, 0.001665260404, -1.1059206747e-08, -5.2943687925e-09, -6.676962814099999e-10, 2.1045123372e-12, -3.3140272668e-09, -6.3631774564e-10, 9.5805243382e-10, 3.1795663917e-13, 1.9969360925e-13, -1.7489935625e-10, 1.2209003599e-09, -3.4314677396e-09, -4.2769537146e-14, -1.1231016504e-13, 5.570606788e-13]",0.0513309985748378,1.691527896680986e-06,0.019,EXO,REAL,2025-10-07T20:30:27.935Z,system.exo,OPS1,,,,0.0,,,,,,,,,,,,,,,,,,,,,,,,,,,,,,,,,777.01,5.413650662
090e1bca-db21-4bd8-bff7-7522a651a9f7,U//PR-EXO-SV,2025-10-07 19:39:28.804921,44479,44479,44479,False,35870.46758678014,-22179.57927514199,-75.49331432291,1.617157578441015,2.614257135909737,-0.004485393205032,"[0.0065717892114, -0.0059228014444, 0.0097799348267, 0.00051946491234, -0.00062676225488, 0.0010116423804, 5.132864192299999e-07, -5.852935581899999e-07, 4.3282427491e-08, 5.2838108642e-11, -6.9560293518e-07, 8.479315859499999e-07, -6.280170852100001e-08, -6.045672313e-11, 8.5711299339e-11, -1.4057731141e-08, 1.8092047683e-08, 2.5915418153e-08, -1.088290447e-12, 1.7675766176e-12, 1.3198123001e-11]",0.1317701271855651,1.231858477999807e-05,0.0275,EXO,REAL,2025-10-07T20:36:30.545Z,system.exo,OPS1,,,,0.0,,,,,,,,,,,,,,,,,,,,,,,,,,,,,,,,,5500.0,56.56426667
7f9f981d-ed92-4e25-8ffd-3abf675e9b5a,U//PR-EXO-SV,2025-10-07 19:39:12.235951,29270,29270,29270,False,40590.72635384105,-11435.83273288772,-813.9765643972,0.833668186380619,2.958426787535921,-0.012957350797202,"[0.00017598736037, -4.0104504899e-05, 0.00085189132235, 1.7755051733e-05, -1.7256920734e-05, 0.00043507320473, -1.1051508704e-08, -2.0128089242e-08, -9.203793400499999e-11, 2.4936545685e-12, -1.0270284629e-08, 2.4514785205e-08, -9.3725581879e-10, -2.2712496713e-13, 1.2489149694e-12, -4.6462738816e-10, 2.063812921e-09, 1.4369249426e-09, 4.2253135329e-14, 6.950134042e-14, 1.005095228e-12]",0.03824855405698364,2.178913666463176e-06,0.0474,EXO,REAL,2025-10-07T20:18:27.294Z,system.exo,OPS1,,,,0.0,,,,,,,,,,,,,,,,,,,,,,,,,,,,,,,,,4875.0,42.09333333
0a5d0876-289b-4598-9ddb-3eec6f82e703,U//PR-EXO-SV,2025-10-07 19:38:55.759677,18328,18328,18328,False,40495.56245992485,-15160.37999975758,1643.63267108277,1.017973476274734,2.784591029524017,0.647616801105785,"[9.5641150272e-05, 0.00015745655531, 0.00054002927472, 1.093027409e-05, 6.2478470551e-05, 0.00030367651916, -5.2633699132e-09, -1.1917834675e-08, -3.0999758955e-09, 1.5046245637e-12, -5.6611091434e-10, 7.2704716803e-09, 7.4297333629e-10, -4.8110878914e-13, 4.4146173624e-13, -8.7904203003e-10, -7.4508038566e-11, 1.6037092233e-09, 2.4321662895e-14, -1.5468062858e-13, 8.697890817900001e-13]",0.03064876741652101,1.678057025768195e-06,0.0156,EXO,REAL,2025-10-07T21:36:28.253Z,system.exo,OPS1,,,,0.0,,,,,,,,,,,,,,,,,,,,,,,,,,,,,,,,,1952.43,17.62192734
fe10ebd8-cd23-463a-84ce-9664a2e94e1b,U//PR-EXO-SV,2025-10-07 19:38:27.591976,19330,19330,19330,False,30192.32134720672,28294.69662511391,8125.12252902096,-2.125205483484169,2.214760928477347,0.171621758958839,"[0.00033389551844, -0.0002991389254, 0.00034401599488, -4.9762771779e-05, -2.8231952103e-05, 0.00032559056645, 3.4878310151e-09, 5.4268148699e-10, 7.3940931116e-10, 3.5757267472e-13, 3.9715723084e-10, -6.1502298085e-10, -1.5725888487e-10, 3.4969276113e-14, 4.9740196595e-14, 4.7955067899e-10, -4.4128099594e-11, 5.0527307304e-10, 5.1431895813e-14, 2.6586960173e-15, 6.6187395289e-14]",0.03167810094955188,6.88113556474511e-07,0.0328,EXO,REAL,2025-10-07T23:24:27.202Z,system.exo,OPS1,,,,0.0,,,,,,,,,,,,,,,,,,,,,,,,,,,,,,,,,693.76,2.689637038
a6288cfe-d9c5-4c69-b396-9c83e2ab320e,U//PR-EXO-SV,2025-10-07 19:38:13.370689,43463,43463,43463,False,14423.23846975675,39631.02898848306,-53.90602908904999,-2.888743214475098,1.05098556872929,0.006197047480753,"[0.00045805143511, -0.00011993145156, 6.7268230637e-05, 2.9960758001e-06, 2.1095777762e-06, 0.00023586265334, 5.129495795600001e-09, 1.9366635077e-09, 2.6740469493e-10, 3.7199572496e-13, 4.825527468000001e-09, 5.5943216307e-10, 1.5805610253e-10, 2.6291991269e-13, 2.6521660716e-13, -1.8576370179e-12, 5.7471707047e-11, -4.3550015746e-12, 4.5164030242e-15, 5.5270457964e-16, 6.8599079897e-14]",0.02758953278123789,8.401258310616333e-07,0.0312,EXO,REAL,2025-10-07T20:36:30.542Z,system.exo,OPS1,,,,0.0,,,,,,,,,,,,,,,,,,,,,,,,,,,,,,,,,3700.0,39.42333333
8a66f5e8-10de-4ccc-ae13-5d9785accacf,U//PR-EXO-SV,2025-10-07 19:36:46.426562,26095,26095,26095,False,15702.77399987407,39644.01062733229,74.96673812999,-2.815583060611228,1.110939225610265,0.4127172157010019,"[0.00044673412285, -0.00016738684737, 7.358087717399999e-05, -2.9405959927e-05, 1.0215109442e-05, 0.00028713909838, 1.2419152672e-09, 3.9907015633e-10, -1.1611631752e-10, 8.7909658155e-14, 1.4319013907e-09, -3.0240693913e-10, -2.0903055436e-10, 5.8668750567e-14, 1.0345934765e-13, -5.3719615163e-11, -7.8373162523e-11, 2.0634433021e-10, 2.5991938955e-15, -6.8108633268e-15, 8.5089860236e-14]",0.02841573680909928,5.257935583867494e-07,0.0296,EXO,REAL,2025-10-07T20:03:26.798Z,system.exo,OPS1,,,,0.0,,,,,,,,,,,,,,,,,,,,,,,,,,,,,,,,,4057.0,23.71226667
607a58f0-97ba-491c-9220-9186acc5deef,U//PR-EXO-SV,2025-10-07 19:36:37.343530,23943,23943,23943,False,36881.81079199714,-19704.71553949077,-7055.86672762533,1.491561808663822,2.64841794005768,0.418008240632732,"[0.00016341667264, 0.00025417983508, 0.00052249692426, 0.00012470734816, -0.00012785260432, 0.0010099924118, -1.2055427095e-09, -1.5785651783e-09, -2.5498546975e-10, 1.4152828145e-13, 3.745394393e-10, 8.6028149459e-10, 1.7977391596e-10, -5.3633858626e-14, 3.8370096364e-14, 1.7374011141e-10, 3.8164509083e-10, -1.3950476228e-10, -1.8173489382e-14, 2.0765152484e-15, 5.2804670073e-14]",0.0411813793928761,4.823930429504554e-07,0.018,EXO,REAL,2025-10-07T20:00:28.204Z,system.exo,OPS1,,,,0.0,,,,,,,,,,,,,,,,,,,,,,,,,,,,,,,,,731.42,17.98118783
4749d0b7-79d2-470b-81af-1554943febbc,U//PR-EXO-SV,2025-10-07 19:36:10.398916,23319,23319,23319,False,21294.77693878995,-35276.23940190838,-9456.67812421797,2.653572674828949,1.508191722998011,0.338663819193278,"[0.0011682852256, 0.0005969806991, 0.00040057480429, 0.0001382746964, -1.0320728935e-06, 0.00036090879875, -8.971508519699999e-09, 1.7121110229e-09, 6.485665183500001e-10, 7.2877166491e-13, 6.5293888884e-09, 1.7654755597e-09, 4.751009948199999e-10, -3.5500798575e-13, 3.5523071762e-13, 1.8647806473e-09, 4.813287574899999e-10, -5.1008281324e-10, -1.1083701206e-13, 5.784609772e-14, 1.7753186482e-13]",0.04392913416674633,1.123180416206586e-06,0.0228,EXO,REAL,2025-10-07T20:15:26.845Z,system.exo,OPS1,,,,0.0,,,,,,,,,,,,,,,,,,,,,,,,,,,,,,,,,2477.7,18.13972231
1335fb09-36ba-4b4b-8e46-e6d401d7c051,U//PR-EXO-SV,2025-10-07 19:36:00.497703,44065,44065,44065,False,8299.6859699732,-41544.37571484459,-2049.5976449016,2.991083781262881,0.609857174067244,-0.286146461636502,"[0.0033111404074, 3.336926842e-06, 0.00071734216918, -0.00023860056336, -2.0300027761e-06, 0.0009871439139, -8.5709856746e-08, 5.2467274959e-08, 1.0307093552e-08, 6.2189172869e-12, 1.8564797844e-07, -6.7350814255e-09, -1.9159972721e-08, -5.8914018245e-12, 1.3203083206e-11, 1.4755099789e-08, -7.1796189166e-09, -5.2790296855e-09, -7.648697575600001e-13, 1.0316359396e-12, 2.1018049521e-12]",0.0708210878939317,4.63937554472582e-06,0.015,EXO,REAL,2025-10-07T21:36:28.296Z,system.exo,OPS1,,,,0.0,,,,,,,,,,,,,,,,,,,,,,,,,,,,,,,,,61.0,0.375
19caa955-07e3-45f9-99d3-e96947a51da7,U//PR-EXO-SV,2025-10-07 19:34:23.074292,42763,42763,42763,False,33772.76551121664,-25293.82526078937,-2965.10543734347,1.833600985926822,2.459969677163921,-0.102285423757319,"[0.00032869341687, 0.0003858503397, 0.0005287880196700001, -5.3250862081e-07, -2.5122707182e-05, 0.00022355322701, -5.122633408799999e-09, -1.8839099332e-09, 1.8642207666e-10, 4.9040097092e-13, 9.5044363192e-10, 1.9782605146e-09, -5.8262793081e-11, -9.628657093700001e-14, 1.0946808068e-13, 3.3498268437e-10, 2.1356566947e-10, -4.0695383693e-10, -2.511894041e-14, 7.9449244125e-15, 1.0884162791e-13]",0.03287909158644746,8.418495587158077e-07,0.0284,EXO,REAL,2025-10-07T20:15:26.851Z,system.exo,OPS1,,,,0.0,,,,,,,,,,,,,,,,,,,,,,,,,,,,,,,,,5250.0,34.06333333
30e24ca6-9b8d-4f9c-ab8f-bfd33b6fa680,U//PR-EXO-SV,2025-10-07 19:34:08.435225,15826,15826,15826,False,41553.76488873779,-7876.29152905884,170.86110511967,0.552095037107933,2.922829156211248,0.757214956147395,"[9.1931424975e-05, 0.00015023118843, 0.0007333782669700001, -7.5297054309e-06, -6.6527579049e-05, 0.0010179913991, -7.7818698306e-09, -1.2069272807e-08, -3.7674735477e-09, 1.6371490626e-12, -2.9457277773e-09, 1.4908543852e-09, -8.4934210243e-11, 8.3130889263e-14, 2.6540260091e-13, -1.3501567487e-09, -2.629888414e-10, 3.5543913369e-10, 9.1022812128e-14, -1.5184033186e-13, 8.9591481874e-13]",0.04293368247710648,1.672861764238157e-06,0.0184,EXO,REAL,2025-10-07T20:12:28.414Z,system.exo,OPS1,,,,0.0,,,,,,,,,,,,,,,,,,,,,,,,,,,,,,,,,653.12,13.40203426
0d85c4d0-7612-4b6e-b690-a053e3935d09,U//PR-EXO-SV,2025-10-07 19:33:54.643950,15643,15643,15643,False,2170.18624576233,-42439.89888541462,-5180.80583097835,3.020953963744421,0.083802236847679,0.49421959352182,"[0.00050765509257, -5.579255542200001e-06, 2.8662634334e-05, 2.9439941535e-05, -3.8532148416e-05, 0.0003174276182, -2.4443592203e-09, 1.6997246159e-09, 2.1520127412e-10, 1.4133146233e-13, 8.846466470299999e-09, -1.3855391891e-09, 1.5391832806e-09, -1.3941249372e-13, 5.9600034804e-13, 1.1444739516e-09, 4.114886587e-10, -2.1564652758e-09, -3.289367085e-14, 2.4148829531e-14, 2.3515064183e-13]",0.02921892101197442,9.86145249037889e-07,0.0151,EXO,REAL,2025-10-07T21:30:27.517Z,system.exo,OPS1,,,,0.0,,,,,,,,,,,,,,,,,,,,,,,,,,,,,,,,,1373.64,21.17285443
dce997a5-f531-492f-b139-c337a09c1754,U//PR-EXO-SV,2025-10-07 19:33:40.469655,6976,6976,6976,False,33329.81339675283,-28201.16255416774,2966.33328054679,1.860999353624955,2.354634829552786,0.301387014991294,"[0.00018669246484, 0.00021212726532, 0.00026437939137, -1.9660815133e-07, 2.512209123e-05, 0.00025377030913, -1.9066048225e-09, -1.2590333774e-09, -3.1659971289e-10, 1.7990934405e-13, 1.0411059551e-09, 1.6221090296e-09, 1.6396152738e-10, -8.4226994127e-14, 8.866219556900001e-14, -1.9827443499e-10, -5.5157675124e-11, 6.9312375397e-11, 9.1790517636e-15, -9.667959454e-15, 9.5779874195e-14]",0.02654886372973428,6.036152862660123e-07,0.007700000000000001,EXO,REAL,2025-10-07T21:42:27.771Z,system.exo,OPS1,,,,0.0,,,,,,,,,,,,,,,,,,,,,,,,,,,,,,,,,1486.62,14.97361599
ed21abd8-1e4e-4c45-97b1-a49eddf87edd,U//PR-EXO-SV,2025-10-07 19:31:27.680353,40346,40346,40346,False,40475.02933108439,2163.69383018877,-4617.21635697106,0.03331838908464,3.05645874510174,0.250096022159575,"[7.7149327059e-06, -1.7064573553e-05, 0.00046966490927, 2.3755420705e-05, 2.2630214321e-05, 0.00022012147248, -1.7012001332e-10, -2.3152011235e-09, -2.3778224326e-10, 2.2806495307e-13, -3.1112748493e-10, -4.311025216e-10, 5.9157723519e-11, 1.9970442476e-14, 2.7076681762e-14, -6.5434142384e-11, 3.0467025863e-10, -5.5993025522e-10, -1.3112961752e-14, -9.2109870869e-15, 9.9452404743e-14]",0.02641025017783626,5.95477992519455e-07,0.007700000000000001,EXO,REAL,2025-10-07T20:09:27.264Z,system.exo,OPS1,,,,0.0,,,,,,,,,,,,,,,,,,,,,,,,,,,,,,,,,1600.0,15.13462261
689e1149-ecf9-47c7-836c-e9fd6552141d,U//PR-EXO-SV,2025-10-07 19:31:14.931277,26071,26071,26071,False,42106.91584864111,2172.70010714316,-5223.32359769524,-0.132829466810891,3.054015777393272,0.184684081853797,"[1.591492169e-05, -4.8535311556e-05, 0.0010514473738, 4.6748137148e-05, 4.134141108e-05, 0.00039911999763, 7.6988474483e-10, -1.4723991892e-08, -9.342428708e-10, 9.760446380799998e-13, -4.971335232599999e-10, -8.737684245300001e-10, 1.7555684554e-11, 4.4713529147e-14, 4.1937469656e-14, -1.7487052208e-10, 1.9371300038e-09, -2.9103024975e-10, -1.0455610567e-13, -1.27216306e-14, 1.7071125266e-13]",0.03829467708598677,1.09027214969291e-06,0.0348,EXO,REAL,2025-10-07T21:33:27.090Z,system.exo,OPS1,,,,0.0,,,,,,,,,,,,,,,,,,,,,,,,,,,,,,,,,3112.0,29.38333333
5a58875a-3ea9-4e5c-b1b5-b2ae5ccdec4b,U//PR-EXO-SV,2025-10-07 19:29:57.603835,23185,23185,23185,False,40376.65107931,-11677.0970633039,-5753.92764519538,0.909874438905119,2.873542569735505,0.556518764532698,"[6.1562083153e-05, 0.00014079544339, 0.00055667525265, 0.00012078961747, -0.00015050169631, 0.0011516520484, -7.9209052158e-10, -1.8775398632e-09, -3.7247435811e-10, 1.5396298899e-13, -2.9133957554e-11, 4.3507113458e-10, 1.2328840103e-10, -3.1255951104e-14, 2.3627043854e-14, 5.945064492e-11, 3.1902734471e-10, -1.0842027937e-10, -1.3989696019e-14, -6.0528610216e-15, 6.0409433504e-14]",0.04207005329451105,4.878518897657362e-07,0.0187,EXO,REAL,2025-10-07T19:45:28.063Z,system.exo,OPS1,,,,0.0,,,,,,,,,,,,,,,,,,,,,,,,,,,,,,,,,719.52,17.98118783
c7f51b77-3987-46d6-a6ef-098dd3b4bf5e,U//PR-EXO-SV,2025-10-07 19:29:57.437109,6691,6691,6691,False,42173.89761413245,3099.44522811661,827.97603174041,-0.221912886551936,3.061591912843594,-0.040781179742709,"[9.1954466126e-06, -3.7682072965e-05, 0.00059840572397, -6.3218369464e-06, -3.1029521159e-06, 0.00036251677649, 1.9532204005e-10, -3.2560760732e-09, 3.9129952253e-11, 2.2809721929e-13, -4.4331433822e-10, -7.001881193400001e-10, -4.0136455954e-11, 2.0494895475e-14, 3.7599241431e-14, 3.4499947308e-11, 1.4609139156e-11, -1.3525137518e-10, 1.9983666555e-15, -1.3191968227e-15, 6.8698242991e-14]",0.03114671647337163,5.782687123751379e-07,0.0182,EXO,REAL,2025-10-07T21:45:29.022Z,system.exo,OPS1,,,,0.0,,,,,,,,,,,,,,,,,,,,,,,,,,,,,,,,,930.0,25.18251998
78fe1a5e-387d-465d-a76e-f760468ad81e,U//PR-EXO-SV,2025-10-07 19:29:57.437109,64467,64467,64467,False,36806.37648430109,2906.90252371804,329.94978356365,-1.452077681437475,3.167324802693684,-0.00582943683876,"[4.0381588697e-05, -5.8694078304e-05, 0.0007397318427, 1.8153835611e-06, 1.1209344425e-06, 0.00020782387116, 3.3510879225e-09, -1.4354569471e-09, 3.134529319e-10, 4.1331306252e-13, -1.7266838785e-09, -6.6256017385e-10, -2.0198390508e-10, -1.0396493772e-13, 1.1615076529e-13, 8.3432976049e-11, 2.7871409564e-11, -3.79201262e-10, 7.2845267751e-15, -3.8940107824e-15, 1.3562512467e-13]",0.03143146993948899,8.155298599560901e-07,0.0156,EXO,REAL,2025-10-07T19:54:27.285Z,system.exo,OPS1,,,,0.0,,,,,,,,,,,,,,,,,,,,,,,,,,,,,,,,,0.0,0.0
40e14cff-a180-4672-bcc3-9773e55702cf,U//PR-EXO-SV,2025-10-07 19:29:56.654333,12851,12851,12851,False,21389.67743910863,35894.86321098394,3816.87897460523,-2.631952466155121,1.590957722574472,-0.204555275981598,"[0.00069592126374, -0.00039291612158, 0.00024521192792, 1.3540687723e-05, -4.798566765799999e-05, 0.00040881743338, 3.0132853935e-09, 2.4068333319e-11, 3.8384131385e-10, 2.0507291377e-13, 2.2183769771e-09, -6.921039792799999e-10, 2.2342615253e-10, 1.1607130401e-13, 1.1486022549e-13, 4.0131669766e-10, 1.5482382775e-12, 1.5930976761e-10, 2.2964175085e-14, 1.4204074539e-14, 5.8504250303e-14]",0.03674167422750357,6.151726502072405e-07,0.0088,EXO,REAL,2025-10-07T22:12:28.364Z,system.exo,OPS1,,,,0.0,,,,,,,,,,,,,,,,,,,,,,,,,,,,,,,,,2120.91,23.59650242
1f356fd4-c416-4289-920d-d45fe9dd6939,U//PR-EXO-SV,2025-10-07 19:26:57.803885,24653,24653,24653,False,41900.58070085762,-3462.59128077913,-5198.35559892128,0.31317006133661,3.007612407319481,0.5101970703543369,"[3.3985775837e-05, 5.2969997852e-05, 0.00063733037411, 8.127728464300001e-05, -1.3368624042e-05, 0.00066851204724, 6.374658872699999e-11, -8.2558186434e-09, -1.5542828642e-09, 6.9735330858e-13, -1.3893957097e-09, 4.6329216031e-10, 3.4200378714e-10, -1.2881427792e-13, 1.2443235683e-13, -2.5940223996e-10, 1.3384632063e-09, -8.492344774200001e-10, -6.216689657199999e-14, -2.3184638716e-14, 2.8727713373e-13]",0.03660366371262581,1.053120505516819e-06,0.0147,EXO,REAL,2025-10-07T21:18:26.083Z,system.exo,OPS1,,,,0.0,,,,,,,,,,,,,,,,,,,,,,,,,,,,,,,,,891.97,15.37809604
bc321d8f-1649-470a-b4a5-e16b9d8b6f74,U//PR-EXO-SV,2025-10-07 19:26:27.157823,23717,23717,23717,False,23366.92401971461,-33974.91480659049,-9187.111191911301,2.559116151945063,1.659488637584892,0.371085548708413,"[0.0019100427202, 0.00033709288713, 0.00093556980347, 9.448365738699999e-05, 9.3739644724e-06, 0.0007565384709400001, -9.8125268512e-08, 5.5461073177e-08, 1.1314738628e-08, 1.2034435137e-11, 4.578804089e-08, -9.7592822217e-09, 1.1017428668e-09, -4.694078633600001e-12, 2.708690223e-12, 1.1292480382e-08, 1.778755305e-09, -1.1126243995e-08, -1.0503946887e-12, 3.8549569207e-13, 1.150689728e-12]",0.06001792227834949,3.98670479067613e-06,0.0246,EXO,REAL,2025-10-07T19:54:27.233Z,system.exo,OPS1,,,,0.0,,,,,,,,,,,,,,,,,,,,,,,,,,,,,,,,,2477.7,34.34634586
6362133d-4f8f-4fa5-bdc0-13c75e699e45,U//PR-EXO-SV,2025-10-07 19:26:27.157823,22912,22912,22912,False,23895.44333870623,-33984.35566085136,-9076.64541991354,2.533991694110626,1.673228070608016,0.391842332590988,"[0.0005706691327700001, 0.00030047587371, 0.00024665131956, 7.8010378213e-05, -3.7887685628e-05, 0.00036033151682, -1.6247322781e-08, -2.780822094e-09, -9.5238420613e-10, 1.2678224005e-12, 1.5146295146e-08, 6.1344372602e-09, 2.5593713244e-09, -9.7862198119e-13, 1.0341223434e-12, 4.1505078999e-09, 2.9633778519e-09, -3.2395374057e-09, -2.3310168923e-13, 1.7008644641e-13, 4.0706223784e-13]",0.03431693414554977,1.645906127863919e-06,0.0168,EXO,REAL,2025-10-07T21:09:29.693Z,system.exo,OPS1,,,,0.0,,,,,,,,,,,,,,,,,,,,,,,,,,,,,,,,,313.18,4.68
4772130d-635b-4f76-8057-a07f7cd86170,U//PR-EXO-SV,2025-10-07 19:25:56.843604,17873,17873,17873,False,19059.2003042065,37587.82585250862,2791.26795863152,-2.727754959529074,1.391298350461096,-0.229558688078513,"[0.00048368845681, -0.00021496516969, 0.00011931762001, 1.3552913721e-05, -2.5081985704e-05, 0.0003145228578, 3.7578467697e-09, 4.0891289887e-10, 5.590896483999999e-10, 2.5188946494e-13, 2.9795152746e-09, -4.0211277181e-10, 3.6740180838e-10, 1.6177657138e-13, 1.5874747484e-13, 4.4316801278e-10, 5.5120447557e-11, 3.4090697208e-11, 2.4672063762e-14, 1.8520907779e-14, 6.3166769053e-14]",0.03029074008042722,6.883340096443005e-07,0.0088,EXO,REAL,2025-10-07T22:48:26.885Z,system.exo,OPS1,,,,0.0,,,,,,,,,,,,,,,,,,,,,,,,,,,,,,,,,2120.91,23.59650242
7f6ea86a-3381-4b4b-b84b-3af3694faab3,U//PR-EXO-SV,2025-10-07 19:25:40.238906,20203,20203,20203,False,-5917.0281357846,-40783.10066716646,-10416.00286773673,3.031029162245322,-0.390383331777517,-0.185807497713337,"[0.0014484298474, -0.00043478303542, 0.00027606601703, -0.00013209135762, -0.00011650085733, 0.00074996179426, -1.0490109589e-08, 9.0882639804e-09, 2.7488255355e-09, 4.5081680851e-13, 5.2328576126e-08, -2.5396291773e-08, -8.452170063700001e-09, -8.6845031492e-13, 3.6696924127e-12, 1.396925818e-08, -7.1875000155e-09, -1.089421632e-09, -2.3188729003e-13, 9.1308016146e-13, 5.073285501100001e-13]",0.0497439208214431,2.151240984018294e-06,0.0163,EXO,REAL,2025-10-07T21:48:29.926Z,system.exo,OPS1,,,,0.0,,,,,,,,,,,,,,,,,,,,,,,,,,,,,,,,,1148.0,8.43866569
12ba4e91-9399-4d69-88ad-44113f7af10d,U//PR-EXO-SV,2025-10-07 19:25:05.830885,22314,22314,22314,False,-6039.68168433414,-40440.71672396205,-10226.79044454866,3.043478089904547,-0.433336035972287,-0.097677132512447,"[0.0010303866038, -0.00029324755305, 0.00016168129315, -6.0250713666e-05, -3.1200282689e-05, 0.00024141369764, -3.7586018662e-09, 5.2671300121e-09, 9.7485685846e-10, 3.0316544038e-13, 4.8991575341e-08, -1.6529302059e-08, -3.4832548297e-09, -2.7902874676e-13, 3.0022509243e-12, 1.2863474487e-08, -4.4840979916e-09, -3.8023207853e-11, -7.026513969100001e-14, 6.6584621062e-13, 6.3709260095e-13]",0.03786134697273724,1.985575222858605e-06,0.0357,EXO,REAL,2025-10-07T19:48:26.633Z,system.exo,OPS1,,,,0.0,,,,,,,,,,,,,,,,,,,,,,,,,,,,,,,,,2511.4,13.87341487
e321f938-27b0-48df-8195-a9e4450084f5,U//PR-EXO-SV,2025-10-07 19:24:53.305184,60233,60233,60233,False,41487.32646144693,-7608.368879764859,-76.50379185476,0.555355126906921,3.023070850989664,-0.004198659098503,"[7.2736631873e-05, 5.8658361641e-05, 0.0006093768220199999, 4.9213227182e-06, -3.6562096611e-06, 0.00038774943845, -5.8641602922e-09, -8.633565114600001e-09, -2.7687012902e-10, 1.1205648957e-12, -3.4485637317e-09, 5.169729014499999e-09, -3.0217978276e-10, 1.1920752884e-13, 2.9337172282e-13, -3.2191578548e-10, 7.6301344142e-10, -6.878748753800001e-10, 2.7933001214e-14, 2.8621543663e-14, 4.9034527543e-13]",0.03270875864876256,1.379957207289414e-06,0.027,EXO,REAL,2025-10-07T19:48:26.648Z,system.exo,OPS1,,,,0.0,,,,,,,,,,,,,,,,,,,,,,,,,,,,,,,,,4250.0,39.706
f525d51d-63b4-4bab-b052-cd838a5d56ca,U//PR-EXO-SV,2025-10-07 19:24:40.868317,24435,24435,24435,False,42101.04615095713,-1529.57195729561,276.48768838175,0.103282272390829,2.976262331941284,0.773895569345565,"[2.9665596974e-05, 4.7596056287e-05, 0.0016177499754, 7.1030734512e-06, 0.00031408182849, 0.00049148469254, -1.9384223913e-09, -6.0329305811e-09, -1.6357580405e-09, 7.6286928775e-13, -1.8803236112e-09, 7.8505710746e-10, 1.8911379582e-10, 9.4117304369e-14, 1.4986940434e-13, -6.2030945525e-10, 2.9900965098e-10, -2.2926823533e-10, 4.7064164656e-14, -3.665398973299999e-14, 3.1803936183e-13]",0.04624824607392155,1.109404368983645e-06,0.0117,EXO,REAL,2025-10-07T22:12:28.372Z,system.exo,OPS1,,,,0.0,,,,,,,,,,,,,,,,,,,,,,,,,,,,,,,,,2477.7,18.13972231
3d7c35fa-b2ca-4a23-aeb1-32417b1427dd,U//PR-EXO-SV,2025-10-07 19:24:16.391121,38014,38014,38014,False,41513.7947847004,-7363.69629357917,-119.52713657972,0.537357954982335,3.027571519220237,-0.001928937555739,"[0.00017438093299, 4.687991444e-05, 0.00066154558701, 1.320632897e-05, -5.1085683044e-06, 0.00026109813266, -1.4493525508e-08, -1.3914075967e-08, -9.011810793600001e-10, 2.2481133722e-12, -9.4971704255e-09, 7.2888076691e-09, -8.089174995699999e-10, 4.905019616e-13, 6.908647792800001e-13, -8.6267572833e-10, 8.891033772599999e-10, -2.7708508884e-09, 7.3994719569e-14, 6.0501760868e-14, 7.559290788e-13]",0.03312136248193905,1.922214147872187e-06,0.0299,EXO,REAL,2025-10-07T19:45:28.085Z,system.exo,OPS1,,,,0.0,,,,,,,,,,,,,,,,,,,,,,,,,,,,,,,,,5086.0,34.06333333
b9b398c4-bf72-484d-ba1b-57d75925fb0b,U//PR-EXO-SV,2025-10-07 19:23:52.353272,25050,25050,25050,False,42038.31558052751,-85.40123906913,-3584.57150183291,0.05998301310596699,3.009054216454194,0.62352940993536,"[0.00026842183703, 1.363441857e-05, 0.0012152798135, 0.00025754064749, -0.00040431410981, 0.0030481675889, -2.9026705205e-08, -2.0058005061e-08, -3.2228692635e-09, 5.519395309799999e-12, -1.7097015651e-08, -3.3598324986e-09, 8.4387258683e-10, 1.9658291322e-12, 1.2429006657e-12, -2.8872275464e-09, 1.5670927345e-09, -3.2576353087e-09, 2.8027280074e-13, -4.6027136135e-14, 1.1284057844e-12]",0.06731915952706183,2.809039294830174e-06,0.0204,EXO,REAL,2025-10-07T20:27:26.103Z,system.exo,OPS1,,,,0.0,,,,,,,,,,,,,,,,,,,,,,,,,,,,,,,,,1385.0,17.17766667
176e436f-39cd-4a3c-b370-501f97303fe5,U//PR-EXO-SV,2025-10-07 19:23:09.335038,26736,26736,26736,False,27176.7853755322,-31157.77846097404,-9594.31153472545,2.339191344099241,1.947931804114059,0.325088638273136,"[0.0017622712729, 0.00017303204944, 0.00055898664479, 5.5110303367e-06, -9.4910118336e-05, 0.00083051336512, -1.300326541e-07, 3.1571308697e-08, 1.3238569112e-08, 1.414024408e-11, 3.9882482843e-08, -6.2414800444e-09, -1.430000301e-09, -4.2689926088e-12, 1.5935404635e-12, 1.5733901278e-08, -7.6809559563e-10, -8.7932139004e-09, -1.6654457301e-12, 4.1882418689e-13, 8.7228193224e-13]",0.05614063842538665,4.075054168442426e-06,0.0182,EXO,REAL,2025-10-07T21:48:29.938Z,system.exo,OPS1,,,,0.0,,,,,,,,,,,,,,,,,,,,,,,,,,,,,,,,,2100.0,17.62192734
5bdcffe9-e7a3-4ba4-9348-12f4e2d16fbb,U//PR-EXO-SV,2025-10-07 19:22:47.283095,25546,25546,25546,False,27357.01629466172,32542.94010618448,154.32281905771,-2.306501044235014,1.936053386461923,0.554888523710787,"[0.00032698597424, -0.00026130439697, 0.00022633652931, 1.5323603562e-05, -1.7006812438e-05, 0.00066128753934, 1.6251180177e-09, -9.589018871399999e-11, -1.8855488893e-10, 1.4060781367e-13, 7.7801347036e-10, -6.621252683500001e-10, -2.2457212434e-10, 5.6475986842e-14, 7.217162902199999e-14, -9.583725698299999e-11, -1.0633501766e-10, 2.9709240355e-10, 2.3211180022e-15, -1.3012227926e-14, 1.1147837742e-13]",0.03485125597292012,5.694364056784567e-07,0.0194,EXO,REAL,2025-10-07T23:33:28.460Z,system.exo,OPS1,,,,0.0,,,,,,,,,,,,,,,,,,,,,,,,,,,,,,,,,614.47,15.41552026
08d98bea-edfc-486f-a789-cb0c55678fc4,U//PR-EXO-SV,2025-10-07 19:22:26.017469,45987,45987,45987,False,44922.45371746863,-37205.60929413122,-6038.72516088099,1.432179752379007,1.36345951448285,-0.154924360865627,"[0.00099564017604, 0.0011876500182, 0.0014514321602, -3.655595862e-05, -0.00013190789465, 0.0005566223376200001, -2.0588506463e-09, -1.2007561573e-09, 2.214677016e-10, 1.2425153712e-13, 1.0597825309e-09, 1.044789747e-09, -1.0694555299e-10, -5.8712080962e-14, 4.7746627307e-14, 2.6140332248e-10, 1.7713663837e-10, -1.4435069986e-10, -1.230206927e-14, 7.8413302518e-15, 3.4494704207e-14]",0.05480597297612733,4.544148640108508e-07,0.007700000000000001,EXO,REAL,2025-10-07T21:15:27.468Z,system.exo,OPS1,,,,0.0,,,,,,,,,,,,,,,,,,,,,,,,,,,,,,,,,2370.0,15.13462261
a9bc6a63-4472-4793-a470-f6a8cca556f8,U//PR-EXO-SV,2025-10-07 19:22:02.922041,7544,7544,7544,False,-4008.44774539296,-41908.42639558888,-4139.48151197418,3.034279001627552,-0.324493746438608,0.33144336276875,"[0.0005701388229599999, -5.8729978992e-05, 3.3050519792e-05, -2.0192871805e-05, -6.676708418699999e-05, 0.0006958773970800001, 3.4353777824e-10, 1.3422087923e-09, 2.6236311069e-10, 1.0498628295e-13, 8.623211180500001e-09, -1.4345888491e-09, 1.0739339008e-09, 1.5732574391e-14, 5.279768650099999e-13, 9.7979500164e-10, 1.7348790982e-10, -1.349163249e-09, -1.6134654088e-14, 2.582296705e-14, 2.6072918252e-13]",0.03604256844110863,9.453530189722779e-07,0.013,EXO,REAL,2025-10-07T20:57:26.832Z,system.exo,OPS1,,,,0.0,,,,,,,,,,,,,,,,,,,,,,,,,,,,,,,,,713.58,7.536562966
d2487366-8032-4d8d-819a-66a31332b267,U//PR-EXO-SV,2025-10-07 19:21:51.868228,23764,23764,23764,False,42157.29228310647,960.52185086599,-5183.44838981652,-0.007272990090480999,3.026762447475353,0.473786907509338,"[1.4959856982e-05, -8.029856118399999e-06, 0.0010831406204, 3.2515152307e-05, 0.00012733000925, 0.0002915964395, 5.7412802822e-10, -5.7631013206e-09, -1.0356946944e-09, 4.9489398873e-13, -7.3521411985e-10, -2.5642544374e-10, 1.4096055906e-10, -3.2251834824e-14, 5.7748036118e-14, -2.6507554621e-10, 9.388703373699999e-10, -7.3885730109e-10, -3.9654373319e-14, -1.938507334e-14, 1.9246908317e-13]",0.03727863888183151,8.631981858287238e-07,0.0322,EXO,REAL,2025-10-07T20:06:27.642Z,system.exo,OPS1,,,,0.0,,,,,,,,,,,,,,,,,,,,,,,,,,,,,,,,,1737.36,73.69468176
091ca859-2a32-40bd-930a-f91b18929cd0,U//PR-EXO-SV,2025-10-07 19:21:51.662878,25558,25558,25558,False,36002.52261539796,-21630.40790501365,-7275.60428042793,1.580742079331071,2.616512785026128,0.04039643705008,"[0.00010644374492, 0.00015853505219, 0.00027855451881, 2.2238244103e-05, -9.65224763e-06, 0.00014468342521, -2.3739623934e-09, -2.7952753767e-09, 5.3020468003e-12, 3.1205744769e-13, 9.4584866945e-10, 2.1514350553e-09, 8.400790456399999e-11, -1.3760825133e-13, 1.0791757569e-13, 3.9915123357e-10, 6.7001015653e-10, -1.5571850925e-10, -4.037019272900001e-14, 2.0680125147e-14, 9.8257545007e-14]",0.0230148145536739,7.198837186567008e-07,0.0276,EXO,REAL,2025-10-07T19:45:28.077Z,system.exo,OPS1,,,,0.0,,,,,,,,,,,,,,,,,,,,,,,,,,,,,,,,,2229.93,55.80486667
465252d3-8b25-4bf7-b0b7-b6342a243d25,U//PR-EXO-SV,2025-10-07 19:21:37.671081,43632,43632,43632,False,41747.11466099315,-5954.25864835003,-89.7167614589,0.434168473888115,3.043539453822992,-0.002287630901889,"[0.0019906997018, -0.001112868903, 0.0016599035398, 0.00015490536954, -9.5981609449e-05, 0.00051412939648, 1.466302197e-08, -2.9731132415e-08, 1.4460702173e-09, 3.143292803e-12, -1.4207476883e-07, 9.1179638476e-08, -1.1094478286e-08, -1.4558527744e-12, 1.0287354293e-11, 9.1516065348e-11, 2.2327554651e-10, -5.766535684899999e-10, 1.6469237354e-13, -1.0586445041e-14, 1.0521086526e-12]",0.06453473977696043,3.805621598188658e-06,0.038,EXO,REAL,2025-10-07T20:27:26.121Z,system.exo,OPS1,,,,0.0,,,,,,,,,,,,,,,,,,,,,,,,,,,,,,,,,3500.0,36.08493333
1e66d691-1675-475c-8753-bb7a5f0d1609,U//PR-EXO-SV,2025-10-07 19:21:37.671081,42907,42907,42907,False,41727.90615035058,-6029.22938899444,-108.77875287404,0.439704836481172,3.043336094528629,-0.002554853828221,"[0.0045953927581, -0.002129272423, 0.0017381451492, 0.00033465407658, -0.00016045830987, 0.00058645394293, -1.747194319e-08, -2.6219998369e-08, -8.2047212733e-10, 4.7604603359e-12, -3.2000194126e-07, 1.5863925804e-07, -2.3295809323e-08, 5.4391536408e-13, 2.2443372916e-11, -3.2617299584e-10, 4.0101430484e-10, -3.9464281317e-09, 2.378764462e-13, 1.2889076246e-14, 1.48263547e-12]",0.08318648838741782,5.355975048662942e-06,0.0,EXO,REAL,2025-10-07T20:39:26.820Z,system.exo,OPS1,,,,0.0,,,,,,,,,,,,,,,,,,,,,,,,,,,,,,,,,3162.0,24.42290762
fb94998a-bc39-4c0e-9ce1-7587b3e2ede5,U//PR-EXO-SV,2025-10-07 19:21:12.049011,25349,25349,25349,False,24669.48207567734,-33650.06903791705,-3496.01216126309,2.426213726249576,1.91466773874915,0.279200312787576,"[0.00063911163144, 0.00040251459768, 0.0003069960779, 5.9526787634e-05, 1.7329177491e-05, 0.00023231482693, -9.2127098404e-09, -1.4142584971e-09, -5.8415090038e-10, 7.0168617226e-13, 5.8596806412e-09, 3.0094880118e-09, 6.784193804599999e-10, -3.791321565e-13, 3.6279912535e-13, 5.170730837899999e-10, 5.0432489391e-10, -1.019095338e-09, -3.0832490782e-14, -1.8976532849e-15, 2.9244065503e-13]",0.03432815952348742,1.164871646422901e-06,0.0114,EXO,REAL,2025-10-07T20:06:27.647Z,system.exo,OPS1,,,,0.0,,,,,,,,,,,,,,,,,,,,,,,,,,,,,,,,,2775.0,37.96964224
232ee6d4-592a-4dba-add4-32f0a15f54c5,U//PR-EXO-SV,2025-10-07 19:20:55.225123,20932,20932,20932,False,40961.20199278308,-11102.39148110064,123.70376691974,0.775031597446349,2.871746275592935,0.7402169750608351,"[6.8161472414e-05, 0.0001506220641, 0.00061110324653, 3.725266204e-06, 1.6853629426e-05, 0.00058221280417, -4.1316511629e-09, -6.055628408e-09, -1.8928199172e-09, 1.9357693186e-12, -7.6535626015e-10, 2.6572852701e-09, 3.9272476414e-10, -3.690536745e-13, 2.4047728338e-13, -6.1880788688e-10, 2.6385278583e-10, 1.7221111157e-10, 1.3362012344e-13, -1.2052668794e-13, 5.2695120532e-13]",0.03551728484997129,1.644140446342708e-06,0.006599999999999999,EXO,REAL,2025-10-07T20:42:28.729Z,system.exo,OPS1,,,,0.0,,,,,,,,,,,,,,,,,,,,,,,,,,,,,,,,,1139.74,8.085674092
8a4b2b6e-ab68-4137-97c2-e1321fb6577f,U//PR-EXO-SV,2025-10-07 19:20:42.421652,62454,62454,62454,False,43367.8846157185,-12109.24000327173,743.13337602278,2.579249274134543,1.221276478075091,0.320882803781157,"[0.00062030650353, 0.00050684281777, 0.0019999651583, 0.00010300060473, 0.00022486082384, 0.0005748181307999999, -3.3712049634e-08, -4.301141793100001e-09, -4.6481706294e-09, 2.3629018336e-12, -4.7023954417e-09, 1.522322981e-08, -4.5447515961e-10, 1.975683043e-13, 9.2063357288e-13, -1.6262500548e-09, -7.343498316800001e-11, 8.592547957000001e-09, 3.2104777158e-14, -1.0717808923e-14, 6.4839532293e-13]",0.05652512532166559,1.982909662443047e-06,0.0,EXO,REAL,2025-10-07T19:45:28.105Z,system.exo,OPS1,,,,0.0,,,,,,,,,,,,,,,,,,,,,,,,,,,,,,,,,400.0,41.17466667
170ea7c5-b5ec-4535-8d37-249ec8770290,U//PR-EXO-SV,2025-10-07 19:19:45.756983,10143,10143,10143,False,-1542.44755974641,-42361.33886339892,-2328.59076960175,3.043078616436279,-0.134844084360344,0.332472608733737,"[0.0008869247221900001, -0.00010276794435, 9.6092907072e-05, 4.6877196233e-05, -3.1950619051e-05, 0.00044770201195, -4.1756932346e-09, 6.2327204875e-09, -2.2572432984e-10, 4.241028982e-13, 1.9392190462e-08, -6.509083598300001e-09, 2.0740041054e-09, -3.5709029432e-13, 1.3463867561e-12, 7.3007475021e-10, 3.5593653221e-10, -8.6585528151e-10, -6.649187067e-15, 1.9861571523e-14, 2.8942462831e-13]",0.03782485480754685,1.435240148062337e-06,0.0163,EXO,REAL,2025-10-07T22:15:26.631Z,system.exo,OPS1,,,,0.0,,,,,,,,,,,,,,,,,,,,,,,,,,,,,,,,,312.19,6.412618925
31818689-f5b5-45bb-b16c-2ee537685390,U//PR-EXO-SV,2025-10-07 19:19:31.827306,29163,29163,29163,False,16322.30270450217,39229.31400515454,-609.63924981918,-2.812985248525396,1.173798296194136,0.289128830149138,"[0.00035186911051, -0.00014173893017, 6.4771997279e-05, -1.2838646928e-05, 9.1231305266e-06, 0.00024926630579, 7.711119574200001e-10, 2.7128736155e-10, -3.5297807097e-11, 6.0961446922e-14, 1.0203709379e-09, -3.2722715304e-10, -1.040511367e-10, 4.320055167e-14, 8.807207382500001e-14, -3.6911787335e-11, -3.6940350871e-11, 1.4057978108e-10, 9.8526869702e-16, -3.7000990944e-15, 6.297836058e-14]",0.02580518191330958,4.604474794447245e-07,0.0265,EXO,REAL,2025-10-07T21:21:27.973Z,system.exo,OPS1,,,,0.0,,,,,,,,,,,,,,,,,,,,,,,,,,,,,,,,,2766.0,24.73173333
ca9bf2a0-24ce-4bcd-a89b-6ba4de417201,U//PR-EXO-SV,2025-10-07 19:18:58.167943,24901,24901,24901,False,22070.63891724407,-35425.72076063767,-7730.32647481506,2.587104886620894,1.63729760571869,-0.128789079974326,"[0.0012494375899, 0.00076529212679, 0.00050816227187, -1.4606119571e-05, -8.5396769167e-05, 0.00036382460806, -3.9176318106e-09, -6.481846234800001e-10, 4.4006548719e-10, 2.5408674761e-13, 4.4283101971e-09, 2.4822900286e-09, -3.1404847631e-10, -1.9108928392e-13, 2.6554644707e-13, 1.2360569738e-09, 4.2027945683e-10, 3.9841543604e-10, -4.4373415693e-14, 4.9384024383e-14, 1.1718619459e-13]",0.04605892388918786,7.980096423414945e-07,0.0315,EXO,REAL,2025-10-07T20:06:27.643Z,system.exo,OPS1,,,,0.0,,,,,,,,,,,,,,,,,,,,,,,,,,,,,,,,,2537.17,51.48860953
be849738-92ec-4aec-8408-c24481f59f41,U//PR-EXO-SV,2025-10-07 19:18:54.300090,44458,44458,44458,False,18813.18817962856,-41132.88107457432,-3122.77545943967,2.758695976031931,1.0426391690131,-0.265965806081149,"[0.0006056279894299999, 0.0002719566716, 0.00013346588321, -3.1718604342e-05, -3.2008299853e-05, 0.00024170429231, -1.2537995784e-09, 1.3796946095e-10, 1.515335829e-10, 6.9191498739e-14, 2.0923774506e-09, 7.51874827e-10, -2.0957371785e-10, -6.0697273374e-14, 1.2399092914e-13, 2.1310417284e-10, 1.2671914462e-11, 1.8018429367e-10, -9.8326115005e-16, 8.0750256194e-15, 6.8914522611e-14]",0.03131769731238234,5.119540511510774e-07,0.0088,EXO,REAL,2025-10-07T20:09:27.267Z,system.exo,OPS1,,,,0.0,,,,,,,,,,,,,,,,,,,,,,,,,,,,,,,,,2370.0,15.13462261
94a8ce9b-bf8b-418b-92c0-86852fd5da54,U//PR-EXO-SV,2025-10-07 19:18:48.886963,8357,8357,8357,False,29791.58830431216,29792.35466439348,1372.11722607145,-2.172336085595884,2.174733259907648,-0.118063972613019,"[0.00043626359239, -0.00040761272297, 0.00040942445311, 1.3193823063e-05, -2.1134236289e-05, 0.00024393838493, 3.3834223019e-09, -8.382213509499999e-10, 3.3359071062e-10, 2.8279122289e-13, 1.266011505e-09, -9.0549145198e-10, 9.006964749499999e-11, 9.7324428022e-14, 7.137505009000001e-14, 2.0824322619e-10, -2.1547874649e-11, -6.4709582267e-11, 1.6714535521e-14, 5.264680323099999e-15, 3.5430103266e-14]",0.03300949000560294,6.241765585521456e-07,0.0146,EXO,REAL,2025-10-07T20:21:26.889Z,system.exo,OPS1,,,,0.0,,,,,,,,,,,,,,,,,,,,,,,,,,,,,,,,,1783.94,6.333055647
3c62037d-1033-420d-94d6-b6c1cd2252fe,U//PR-EXO-SV,2025-10-07 19:18:22.381052,39079,39079,39079,False,41754.53577479714,-5901.77749913334,-104.03846090408,0.430549531162363,3.044073028420044,-0.002253256049076,"[0.00032066659423, 0.0001559799128, 0.0013999020376, 2.123973463e-05, -2.5813898673e-06, 0.00040551345709, -2.3804073889e-08, -1.9637649802e-08, -1.4485197707e-09, 2.9639200366e-12, -1.8326961024e-08, 5.2951648991e-09, -1.288221559e-09, 1.135769319e-12, 1.216979499e-12, -1.2380302419e-09, 9.921838508700002e-10, -2.3404382095e-09, 8.5212825811e-14, 8.783745975500001e-14, 1.1678845231e-12]",0.04610945769492415,2.312743837674203e-06,0.0359,EXO,REAL,2025-10-07T19:45:28.088Z,system.exo,OPS1,,,,0.0,,,,,,,,,,,,,,,,,,,,,,,,,,,,,,,,,3238.0,31.27533333
7402e9ed-406d-4dc3-b9fc-df3b4d3d970c,U//PR-EXO-SV,2025-10-07 19:18:01.134738,26469,26469,26469,False,21323.39895809194,36774.72660883691,-210.13418883724,-2.615797836363557,1.519937824012415,0.465995489592151,"[0.00036330907272, -0.00019909049309, 0.00012758294875, 1.8677433894e-05, -7.765646893499999e-06, 0.00060370096994, 1.4378089859e-09, 4.1142535913e-10, -1.0973692019e-10, 1.2046571434e-13, 1.0683145276e-09, -7.850346349399999e-10, -2.2668408987e-10, 4.9462761413e-14, 1.0944122423e-13, -8.797300577100001e-11, -1.3953390886e-10, 2.769656225e-10, 5.5672931877e-15, -9.688407106599999e-15, 1.4157350623e-13]",0.0330846337656925,6.094919563045931e-07,0.025,EXO,REAL,2025-10-07T20:51:26.534Z,system.exo,OPS1,,,,0.0,,,,,,,,,,,,,,,,,,,,,,,,,,,,,,,,,1750.0,26.70353756
90191e59-dda6-464e-96c8-cc8cbc74d70c,U//PR-EXO-SV,2025-10-07 19:16:32.692973,64409,64409,64409,False,19216.47581642131,37792.7199898914,-231.94708340245,-2.739978615578024,1.374766161371933,0.050459558103962,"[0.00045133898083, -0.00022014036314, 0.00011770994795, -2.7268381704e-06, 3.7202757946e-06, 0.00028890576646, 1.4139269434e-09, 2.5679569389e-10, 4.4581547246e-11, 1.1121937402e-13, 1.4850940697e-09, -3.220002055e-10, 2.1948130073e-12, 8.1918305258e-14, 1.0200190756e-13, -4.4591962655e-12, 1.8304757859e-11, 1.597212884e-10, 2.0118778973e-15, 3.1129662466e-16, 4.1696002905e-14]",0.02929086368204256,5.048933397114681e-07,0.013,EXO,REAL,2025-10-07T19:54:27.283Z,system.exo,OPS1,,,,0.0,,,,,,,,,,,,,,,,,,,,,,,,,,,,,,,,,0.0,0.0
5135356d-bb32-4888-81d1-65d6b14d8805,U//PR-EXO-SV,2025-10-07 19:16:27.030078,27813,27813,27813,False,17755.8094074997,-37573.05066350479,-7645.82421870757,2.758301928364024,1.342896491976344,-0.17969667683491,"[0.00091507761451, 0.00025469534135, 0.00019650231606, 7.9378826369e-05, -0.0001776698314, 0.0011791154854, -1.8827222895e-08, 2.4214117805e-09, 2.6142486214e-09, 1.2481199774e-12, 1.5381797899e-08, 8.987548872900001e-10, -1.785168148e-09, -8.471270256499999e-13, 7.702156409899999e-13, 4.6982900069e-09, -1.6781514339e-10, -5.787463630700001e-10, -2.711436217e-13, 2.0797040398e-13, 1.6377485606e-13]",0.04786120993006758,1.477196829962074e-06,0.015,EXO,REAL,2025-10-07T19:54:27.245Z,system.exo,OPS1,,,,0.0,,,,,,,,,,,,,,,,,,,,,,,,,,,,,,,,,2500.0,15.918
ac6faadc-0fcf-4c66-925c-842820e6a7d2,U//PR-EXO-SV,2025-10-07 19:16:27.030078,23124,23124,23124,False,18172.76298400202,-37804.82561819049,-7313.80926796349,2.734243687478797,1.354930888641808,-0.203155762506918,"[0.0023222127434, 0.0011053645541, 0.00056998107149, -9.7761953029e-05, -0.00015295116466, 0.00057073610136, -8.4292398614e-09, -1.8827769215e-09, 9.664414356000001e-10, 4.0202032118e-13, 1.3066376587e-08, 5.1872124157e-09, -1.1991011404e-09, -4.834378520800001e-13, 8.0164458486e-13, 3.0112785883e-09, 8.3678501286e-10, 6.7344599326e-10, -1.0194055377e-13, 1.5687607102e-13, 1.4476953877e-13]",0.05884666444455455,1.161221100742662e-06,0.0247,EXO,REAL,2025-10-07T20:24:27.032Z,system.exo,OPS1,,,,0.0,,,,,,,,,,,,,,,,,,,,,,,,,,,,,,,,,2229.93,23.3641927
398389a2-93d2-4031-b024-83bea94cb167,U//PR-EXO-SV,2025-10-07 19:16:11.483029,28912,28912,28912,False,41275.85442059604,-6271.12536038866,-5930.80733747494,0.488918676108229,3.029003626922754,0.195277758265312,"[0.0019977543702, 0.0006806276519199999, 0.002219280265, 6.783570254599999e-05, 1.7235341069e-05, 0.0012193489429, -1.9907995294e-07, -9.741338240899999e-08, 4.501693654299999e-09, 2.3158424723e-11, -1.0459786035e-07, -1.0629026208e-08, 8.3059661927e-09, 9.7548884948e-12, 5.9754347566e-12, 7.375780796700001e-09, 1.3442850864e-08, -1.7752566511e-08, -1.1816239851e-12, -5.2605721053e-13, 2.1516018627e-12]",0.07373183558070422,5.593340803339271e-06,0.006,EXO,REAL,2025-10-07T20:12:28.430Z,system.exo,OPS1,,,,0.0,,,,,,,,,,,,,,,,,,,,,,,,,,,,,,,,,2054.0,10.05309649
7b00dc78-4e3c-4a26-a3a0-482ce149b902,U//PR-EXO-SV,2025-10-07 19:16:11.483029,24880,24880,24880,False,41516.52485317348,-6632.110277353851,-6166.159998336159,0.540773556498816,2.983696912444866,0.434340898851093,"[7.7503762683e-05, 0.0002601816992, 0.0014689424875, 0.00012377917248, 9.3586373158e-05, 0.00072718909447, -2.1603381514e-09, -7.6980165108e-09, -1.3274961697e-09, 8.0027998998e-13, -8.6963358499e-10, 2.9827951218e-10, 4.7494477727e-10, -8.108260757e-14, 9.0434717633e-14, -8.8773739024e-11, 1.5621413191e-09, -2.048490349e-09, -5.9613946782e-14, -3.2352462403e-14, 3.1113260075e-13]",0.04768265244984805,1.096287967809097e-06,0.0259,EXO,REAL,2025-10-07T21:24:27.777Z,system.exo,OPS1,,,,0.0,,,,,,,,,,,,,,,,,,,,,,,,,,,,,,,,,3102.08,80.98173496
296cc56f-bc03-44f9-a215-3701fae8dcc4,U//PR-EXO-SV,2025-10-07 19:15:42.771055,24916,24916,24916,False,-8317.97611621788,-41527.36139682749,-3371.90369664387,2.975711684662128,-0.55925290026923,-0.469605336578663,"[0.00056020101535, -0.00012310220005, 4.8070876088e-05, -5.644198319e-05, -5.230503526699999e-06, 0.00025364371123, 1.0045644939e-09, 8.5589319854e-10, 1.507599052e-10, 8.2313126208e-14, 1.0368410188e-08, -3.7492987141e-09, -1.9829524583e-09, 8.010115168299999e-15, 7.126016805700001e-13, 1.2302906568e-09, -7.0733006906e-10, 1.4344835362e-09, 2.1180449299e-14, 5.2036052265e-14, 2.3124665259e-13]",0.02935839918435609,1.012996278062264e-06,0.0299,EXO,REAL,2025-10-07T21:54:30.471Z,system.exo,OPS1,,,,0.0,,,,,,,,,,,,,,,,,,,,,,,,,,,,,,,,,2496.53,73.69468176
cedf1da2-718d-4068-a348-2dbac51d2e11,U//PR-EXO-SV,2025-10-07 19:14:40.091049,38101,38101,38101,False,15822.54315202425,-38739.8275970952,-4926.31964889447,2.825547861754419,1.187040068822363,-0.26635674362667,"[0.0010228683999, 0.00018240808842, 0.00014652027785, -9.9347831977e-05, -2.5713474351e-05, 0.00024596808598, -3.1176685584e-08, 3.3905782048e-09, 5.3797343521e-09, 1.7921026143e-12, 3.2342114007e-08, 3.6379515159e-09, -4.5230916569e-09, -1.4082996267e-12, 1.634700361e-12, 6.3386764105e-09, -5.973661694e-10, 1.1071630251e-09, -3.0033749112e-13, 2.6385537911e-13, 3.5449678034e-13]",0.0376212275680898,1.944556441875627e-06,0.0166,EXO,REAL,2025-10-07T20:42:28.781Z,system.exo,OPS1,,,,0.0,,,,,,,,,,,,,,,,,,,,,,,,,,,,,,,,,2200.0,12.91143026
cd450e9b-8f56-45b7-88d6-0ecff59fd598,U//PR-EXO-SV,2025-10-07 19:14:34.562372,43823,43823,43823,False,12156.75123703184,40383.80647531421,-24.49649160729,-2.94350995955131,0.8861109061339061,0.005856818211441001,"[0.0021916114088, 0.0021782234459, 0.0035020947266, 8.111528299299999e-05, 0.00010798457876, 0.00036963702445, 1.4313892312e-07, 1.9857453727e-07, 6.9041480001e-09, 1.2122952726e-11, 2.5635647932e-07, 3.7508372706e-07, 1.1696620238e-08, 2.1646042081e-11, 4.1032181056e-11, -6.684617313000001e-09, -1.0449697917e-08, 2.9496723124e-10, -5.536630429099999e-13, -1.1515281127e-12, 2.0068552355e-13]",0.07786747176998879,7.304506780443837e-06,0.0263,EXO,REAL,2025-10-07T20:30:27.967Z,system.exo,OPS1,,,,0.0,,,,,,,,,,,,,,,,,,,,,,,,,,,,,,,,,3507.0,16.304
24f42c60-7b0b-4035-9031-5c8ad5bb0c71,U//PR-EXO-SV,2025-10-07 19:12:50.940162,26451,26451,26451,False,41673.08010521239,-4938.03369861374,-6249.26305199645,0.400823729888831,3.025960633440473,0.273013573964196,"[0.0010523948871, 0.00066072777488, 0.0014844595507, 9.7886814742e-05, -4.8261994897e-06, 0.00089832357055, -1.0551600222e-07, -9.908195591299999e-08, -2.364782034e-09, 1.4225397479e-11, -5.5459131034e-08, -2.3471704768e-08, 3.8301345592e-09, 4.9715492776e-12, 3.1979624985e-12, 4.2229348416e-09, 1.0972137683e-08, -1.0819504927e-08, -8.358664956199999e-13, -3.9491784132e-13, 1.8870817219e-12]",0.05861039164132927,4.394364766311508e-06,0.0292,EXO,REAL,2025-10-07T19:36:27.593Z,system.exo,OPS1,,,,0.0,,,,,,,,,,,,,,,,,,,,,,,,,,,,,,,,,3650.0,31.07226667
479c48d8-2f6d-4fa6-82b5-cc47832ab61c,U//PR-EXO-SV,2025-10-07 19:12:29.691917,40278,40278,40278,False,17921.32913645199,-36797.09789102178,-4873.35016272096,2.869271093612058,1.369903771412578,-0.313235476877338,"[0.00044849545472, 0.00021426890055, 0.00012398870322, -1.3055632915e-05, -3.8962005043e-05, 0.00025661204212, -2.760220801e-09, -1.0939736619e-10, 5.085076469299999e-10, 1.7017916491e-13, 5.048288698599999e-09, 2.4506505916e-09, -6.277350171300001e-10, -1.604171593e-13, 3.282427752e-13, 8.6248399755e-10, 9.6679221861e-11, 9.744227365300001e-10, -1.8035691304e-14, 3.5878079022e-14, 1.2284445695e-13]",0.02879403063240713,7.88204540116333e-07,0.0088,EXO,REAL,2025-10-07T19:30:28.387Z,system.exo,OPS1,,,,0.0,,,,,,,,,,,,,,,,,,,,,,,,,,,,,,,,,1600.0,15.13462261
ad972931-505f-476f-89aa-406d6a0a8cbd,U//PR-EXO-SV,2025-10-07 19:11:56.612877,12850,12850,12850,False,21343.01867586831,-37321.25958483,-221.95714726282,2.61231887619559,1.490153755416981,0.454105215081067,"[0.00036024947421, 0.00019049703784, 0.00012424904705, 2.9295798521e-05, 1.3046617872e-05, 0.00026144683326, -4.6540631721e-09, -8.608798257300001e-10, -7.4652275647e-10, 2.8240420172e-13, 6.20507587e-09, 3.3494519355e-09, 1.0832100456e-09, -2.6648061715e-13, 4.4317450893e-13, -8.9357414419e-11, 2.0301952686e-10, -1.7744715441e-10, -2.5117717634e-15, -1.3259161287e-14, 1.6221748336e-13]",0.02731200019258934,9.422293744147441e-07,0.0088,EXO,REAL,2025-10-07T20:03:26.795Z,system.exo,OPS1,,,,0.0,,,,,,,,,,,,,,,,,,,,,,,,,,,,,,,,,2120.91,23.59650242
5b8c6971-d098-4ef7-963e-2391a44df6aa,U//PR-EXO-SV,2025-10-07 19:11:39.429144,10975,10975,10975,False,40374.70960549265,-12707.32620011814,3178.37135483261,0.8817811048105471,2.897391795855127,0.472812264477683,"[5.919906953e-05, 0.00014155911756, 0.00048339635609, -4.0295105307e-05, 6.2371617091e-06, 0.0005547662444400001, -6.4856373169e-10, -4.5937466266e-09, -6.9306846482e-10, 4.2331094379e-13, -6.1337500172e-10, 2.1637600446e-09, -3.0325249026e-11, -1.8369143932e-13, 1.5597874602e-13, -1.6544718012e-10, -2.9385114255e-10, 8.341464030000001e-10, 1.1573454979e-14, -3.8006150899e-14, 2.1495550419e-13]",0.03312644970503178,8.912043503035654e-07,0.0143,EXO,REAL,2025-10-07T19:27:27.440Z,system.exo,OPS1,,,,0.0,,,,,,,,,,,,,,,,,,,,,,,,,,,,,,,,,1490.0,8.859291283
aa80e109-bc0f-41fb-9397-fd9c6bca6961,U//PR-EXO-SV,2025-10-07 19:10:46.612050,27948,27948,27948,False,-6323.228943612669,-41972.21334545632,-2714.64612199965,2.998921787017046,-0.423720355648412,-0.4518410812085411,"[0.00082771137132, -0.00014751156646, 5.5456258809e-05, 1.95485781e-05, -6.581343274399999e-05, 0.0010477701386, -6.6222766483e-11, 1.5112777709e-09, 2.6721165299e-10, 1.0416222443e-13, 9.612893989300001e-09, -3.5479716899e-09, -1.6849572526e-09, -5.960486211499999e-14, 6.7165800509e-13, 1.0237509296e-09, -6.1360786894e-10, 9.795562942200001e-10, 1.6743487998e-14, 4.5124489269e-14, 2.6001872503e-13]",0.04394243699123889,1.017761737613475e-06,0.0166,EXO,REAL,2025-10-07T21:09:29.713Z,system.exo,OPS1,,,,0.0,,,,,,,,,,,,,,,,,,,,,,,,,,,,,,,,,1552.0,15.37809604
c5d5c510-6f40-423f-b481-f521e22a8420,U//PR-EXO-SV,2025-10-07 19:10:45.780994,43433,43433,43433,False,2323.2909969315,-48105.8982928331,-2047.48912390556,2.751325181041969,0.136970503987309,-0.345070904577811,"[0.00090357038829, 3.3708320883e-05, 1.5508638698e-05, -6.9780982448e-05, -1.6676100553e-05, 0.00034981881959, -9.6703526094e-10, 8.3125742354e-10, 1.7356744416e-10, 5.854970764799999e-14, 3.948760198e-09, -5.8008673749e-10, -5.0880253766e-10, -5.931586942e-14, 2.2001542627e-13, 3.338269932e-10, -1.4085273185e-10, 3.8701123916e-10, 3.3158581613e-15, 1.2265301868e-14, 1.01276746e-13]",0.03562159242058109,6.163131346304409e-07,0.0088,EXO,REAL,2025-10-07T20:09:27.266Z,system.exo,OPS1,,,,0.0,,,,,,,,,,,,,,,,,,,,,,,,,,,,,,,,,2370.0,15.13462261
58cdb794-f375-4583-adf3-6998aff4295c,U//PR-EXO-SV,2025-10-07 19:10:17.135324,44035,44035,44035,False,41747.72765291394,-5975.32451191574,-92.73632510544,0.436911695714233,3.04287289794566,-0.002532834573719,"[0.00028887146458, 0.00011774599063, 0.00091356342053, 2.1062620936e-05, -3.3886779634e-07, 0.0004460296228, -2.685313886e-08, -1.7554438909e-08, -1.8037211135e-09, 3.9648608459e-12, -1.5963098244e-08, 3.2459311486e-09, -1.2082992916e-09, 1.2252562548e-12, 1.016032868e-12, -1.4112123721e-09, 5.2452735426e-10, -4.5756491251e-09, 1.6439204933e-13, 8.502963218400001e-14, 7.7516421244e-13]",0.04060128702282724,2.399178594090069e-06,0.0213,EXO,REAL,2025-10-07T20:24:27.054Z,system.exo,OPS1,,,,0.0,,,,,,,,,,,,,,,,,,,,,,,,,,,,,,,,,2536.0,12.304
cb08e8fa-9778-4ebe-8c2a-80aefb6c76ac,U//PR-EXO-SV,2025-10-07 19:10:17.135324,38245,38245,38245,False,41713.31577522671,-6208.72409391669,-129.81849366133,0.452895535664511,3.040553427982853,-0.002855912195943,"[0.0017227932337, 0.00045325944997, 0.0059454804861, 0.00013587200246, -3.7710862868e-05, 0.0026826084035, -6.9493820542e-08, -1.7956061084e-08, -5.4636296009e-09, 5.8358287569e-12, -1.0617995877e-07, 3.2367762532e-08, -8.5750762133e-09, 3.9784559387e-12, 7.2048963729e-12, -3.842148268e-09, 2.0449077938e-09, 5.4600519309e-09, 2.177112519e-13, 2.6968167336e-13, 1.9496595816e-12]",0.1017392850540046,3.871741818794223e-06,0.0,EXO,REAL,2025-10-07T19:45:28.087Z,system.exo,OPS1,,,,0.0,,,,,,,,,,,,,,,,,,,,,,,,,,,,,,,,,6050.0,29.70853333
8e73245c-62cc-4084-912f-b588c3363cca,U//PR-EXO-SV,2025-10-07 19:10:17.135324,42747,42747,42747,False,41751.16169822299,-6018.14154858632,-112.52292102074,0.438262004530305,3.041998509573018,-0.002700531218131,"[0.0022628472585, -0.00024991007795, 0.0028445805509, 0.00017845325232, -4.986364599400001e-05, 0.0007905852972400001, -1.2152347483e-07, -6.3640260828e-09, -9.370263489200001e-09, 1.0288997465e-11, -1.4405444983e-07, 4.572898096e-08, -1.1542792476e-08, 7.1665556598e-12, 9.526103135200001e-12, -7.6749875375e-09, 3.0508435053e-09, -9.6479720091e-09, 5.082951210899999e-13, 5.030569757e-13, 3.0370763049e-12]",0.07679852281548129,4.780395057429878e-06,0.03,EXO,REAL,2025-10-07T19:36:27.611Z,system.exo,OPS1,,,,0.0,,,,,,,,,,,,,,,,,,,,,,,,,,,,,,,,,3136.0,16.00626667
02c3f747-006e-4c38-b818-81b990a0c121,U//PR-EXO-SV,2025-10-07 19:10:17.135324,49056,49056,49056,False,41722.60584889522,-6130.936753528291,-89.9806636818,0.447488482841389,3.041529412091394,-0.001750013323555,"[0.00047238433879, 8.7741047604e-05, 0.0007109435885100001, 3.5504547873e-05, -5.816831305e-07, 0.00043261014145, -3.7447420407e-08, -2.17348253e-08, -2.6064581617e-09, 4.3868013432e-12, -2.7846208576e-08, 4.1547774463e-09, -2.1323122702e-09, 1.8612476014e-12, 1.7865905964e-12, -1.8757232871e-09, 5.4381522452e-10, -4.0823953097e-09, 1.5730510567e-13, 1.1879158791e-13, 7.304175453000001e-13]",0.04019873217839091,2.627510130313487e-06,0.0255,EXO,REAL,2025-10-07T19:33:26.676Z,system.exo,OPS1,,,,0.0,,,,,,,,,,,,,,,,,,,,,,,,,,,,,,,,,3461.0,19.10333333
2919a375-1d4c-490c-a114-4db475a72f67,U//PR-EXO-SV,2025-10-07 19:10:15.356053,41238,41238,41238,False,42033.76322917877,-3378.91094639872,-105.52082784207,0.246532860310043,3.064485062861087,-0.000667650965998,"[0.00040001629879, -3.723289215e-06, 0.0014188512223, 2.8444518029e-05, -7.3297251591e-06, 0.0006106337237400001, -3.2360064689e-08, -1.9507487006e-08, -2.1007387423e-09, 4.8078762371e-12, -2.643034723e-08, 9.6713480727e-09, -1.8247648542e-09, 1.8772954362e-12, 1.8178340841e-12, -2.3037929235e-09, 1.313248262e-09, -5.5223996042e-09, 2.0762779028e-13, 1.5725201575e-13, 1.2577433077e-12]",0.04928997103701726,2.807748854313719e-06,0.0282,EXO,REAL,2025-10-07T19:33:26.671Z,system.exo,OPS1,,,,0.0,,,,,,,,,,,,,,,,,,,,,,,,,,,,,,,,,5200.0,34.06333333
9861688b-4843-43ab-8303-b1b506b5dd5c,U//PR-EXO-SV,2025-10-07 19:10:15.356053,40617,40617,40617,False,42069.16285600526,-2990.49491565112,-105.50052862539,0.218181956567517,3.066195670101059,-0.00191979422183,"[0.00019937187688, 8.1976301031e-05, 0.00097186548834, 1.4479778357e-05, 1.5326972683e-06, 0.00037082059816, -1.8174116453e-08, -1.9728823229e-08, -1.1815489878e-09, 3.1713092828e-12, -1.2814859106e-08, 2.088168024e-10, -8.968618091e-10, 1.0172902046e-12, 8.604326089e-13, -9.5639870994e-10, 3.5968573812e-10, -3.983435613600001e-09, 1.0861640915e-13, 6.387807150700001e-14, 9.971765235499999e-13]",0.03926904586796068,2.242525008834907e-06,0.0428,EXO,REAL,2025-10-07T19:33:26.669Z,system.exo,OPS1,,,,0.0,,,,,,,,,,,,,,,,,,,,,,,,,,,,,,,,,4700.0,26.03733333
772ae501-fcc0-4cca-8b93-0a24a45cb979,U//PR-EXO-SV,2025-10-07 19:09:48.437189,39034,39034,39034,False,42105.18342109579,-2513.31942144998,-104.01004907012,0.183710443460491,3.068121376278037,0.002365109486338,"[0.00028605023367, -3.676557768e-06, 0.0010817821254, 2.1753991696e-05, -2.8378861623e-06, 0.0005366082795500001, -1.5174250193e-08, -1.2052581281e-08, -1.0767816412e-09, 2.023043034e-12, -1.9689144223e-08, 5.3439450996e-09, -1.4136524155e-09, 9.3897595401e-13, 1.3816217915e-12, -1.1370311855e-09, 9.1714537762e-10, -4.3791657529e-09, 7.259246355000001e-14, 7.955593961099999e-14, 1.4056292194e-12]",0.04363989732595621,2.193238255388593e-06,0.0412,EXO,REAL,2025-10-07T19:30:28.383Z,system.exo,OPS1,,,,0.0,,,,,,,,,,,,,,,,,,,,,,,,,,,,,,,,,4844.0,41.4248
898646af-58eb-4f36-b688-ccff7881d7bc,U//DS-USNO-SV,2025-10-07 19:09:41.778000,49336,49336,,False,1765.14535969,42095.73009675,2367.2023561,-2.446270815786,0.229114125683,1.844147391172,,0.0,0.0002,0.0227882,USNO,REAL,2025-10-09T13:11:22.754Z,system.usno-snrf,OPS1,TEME,TEME,"[2.58309e-14, -1.3272e-13, 1.47952e-12, -1.58873e-15, 5.55369e-14, 3.178e-15, -1.57625e-15, -1.21889e-14, -1.13746e-15, 1.09526e-15, -8.97202e-12, 1.88979e-10, 8.7572e-12, -3.30647e-12, 2.9835e-08, -1.79463e-15, 2.89283e-14, 1.2723e-15, -4.20214e-16, 4.3191e-12, 6.46763e-16]",0.0,99999.0,"EGM-96  8Z, 8T",NONE,True,True,False,False,0.0,0.0,0.0,0.0,0.0,0.0,10.0,37.0,0.0907,-0.419,0.2218,0.3382,4.0,2049-12-31T23:59:59.999Z,ASW,FAST NUM,AUTO,False,AUTO,0.0,1e-14,"[0.0, 0.0, 0.0]","[0.0, 0.0002, 0.0]",1.0,ARGOS,4020.0,39.5978
3ce29626-16ee-4430-8cb4-49a47ef9ea97,U//PR-EXO-SV,2025-10-07 19:07:49.153990,22981,22981,22981,False,41767.18060082681,-5868.315485034889,317.37668200249,0.409203937097069,2.95120982623048,0.7554434507087721,"[2.1780687883e-05, 6.4740040877e-05, 0.00047269614328, -2.6488436682e-05, -0.00013590683017, 0.0009923465988699999, -1.2353427373e-09, -2.8297154214e-09, -7.6778239315e-10, 3.1779433698e-13, -7.0581460773e-10, 5.571374973e-10, 1.4644236019e-10, 1.5979314656e-14, 6.0905840709e-14, -2.4271677173e-10, 1.153812463e-10, -2.0846270761e-10, 1.5678590087e-14, -1.7118908848e-14, 1.3487334005e-13]",0.03855934945033435,7.166404382526847e-07,0.0123,EXO,REAL,2025-10-07T19:54:27.230Z,system.exo,OPS1,,,,0.0,,,,,,,,,,,,,,,,,,,,,,,,,,,,,,,,,1947.47,19.09544463
aeef4ce4-fcab-4132-931f-42e2f66a06cf,U//PR-EXO-SV,2025-10-07 19:07:49.153990,44307,44307,44307,False,41794.17998221239,-5641.77190572457,-95.86937153648,0.41138809269171,3.046426282499287,-0.002490196768183,"[0.00013780995295, 5.7337457274e-05, 0.0007487970112000001, 8.5132732921e-06, -1.5301560856e-06, 0.00036975264573, -9.7627121581e-09, -1.4749829696e-08, -4.2944436611e-10, 1.9034957798e-12, -8.149421859700002e-09, 4.8657803667e-09, -5.126754035900001e-10, 3.3059014255e-13, 5.9099847643e-13, -3.2841938941e-10, 5.166276286e-10, -1.2988306731e-09, 3.3323146495e-14, 2.5152800043e-14, 1.080793276e-12]",0.03544516342013392,1.890843074459116e-06,0.0316,EXO,REAL,2025-10-07T19:45:28.102Z,system.exo,OPS1,,,,0.0,,,,,,,,,,,,,,,,,,,,,,,,,,,,,,,,,3162.0,24.42290762
ba98f30d-5b7b-4bf8-88ca-74be1183b188,U//PR-EXO-SV,2025-10-07 19:07:24.673897,21940,21940,21940,False,41089.12451748606,-11222.25770301373,-4855.527798508821,0.849946974586242,2.87895752656318,0.528076582447515,"[8.0702112484e-05, 0.00015418239298, 0.0005893908889099999, 5.375264443199999e-05, 2.1452765221e-05, 0.00043557620451, -4.6270781358e-09, -1.9216048958e-09, -2.1338455411e-10, 9.6377616616e-13, -9.6088680576e-10, 1.1129129594e-09, 5.344555208500001e-10, 1.7071284685e-14, 9.6210364496e-14, -1.4459451275e-11, 6.311735570899999e-10, -1.1740650414e-09, -3.4937027246e-14, -3.1136840753e-14, 2.4425189889e-13]",0.0332516045613441,1.142032586901968e-06,0.0221,EXO,REAL,2025-10-07T20:30:27.928Z,system.exo,OPS1,,,,0.0,,,,,,,,,,,,,,,,,,,,,,,,,,,,,,,,,816.65,9.027780657
d1cba2ab-7be3-4f57-83a1-27110f42b58a,U//PR-EXO-SV,2025-10-07 19:07:00.916070,39376,39376,39376,False,24414.09632018138,33418.90802521898,-90.00688717914001,-2.505774586387222,1.746876123817136,0.482412472916068,"[0.00035508900947, -0.00023161066225, 0.00018751185523, -3.6438008489e-05, 2.4651896797e-05, 0.00024721664274, 5.250988299199999e-09, -1.0489588038e-09, -7.3988862669e-10, 3.9121759275e-13, 4.6139156311e-09, -3.4266677713e-09, -9.5665896712e-10, 2.5756087535e-13, 3.8683458852e-13, -1.7143992987e-10, -2.3608285475e-10, 6.2231491754e-10, 2.0025161394e-14, -3.232649927e-14, 3.6244953541e-13]",0.02810369206065282,1.067942749720227e-06,0.0088,EXO,REAL,2025-10-07T21:00:31.381Z,system.exo,OPS1,,,,0.0,,,,,,,,,,,,,,,,,,,,,,,,,,,,,,,,,1600.0,15.13462261
507a8950-3dd2-4fa0-8100-d4b8aa232e01,U//PR-EXO-SV,2025-10-07 19:06:57.064954,27875,27875,27875,False,34974.74742345561,-22393.9801523191,-7305.72277174967,1.6670429867856,2.582423855746577,0.063427729211781,"[0.00064532400916, 0.00041008392937, 0.00053501362924, 5.2000680009e-05, -6.0536570323e-05, 0.00058324938047, -4.7498337242e-08, -2.0641950409e-08, 2.5942251452e-09, 4.6967941241e-12, 3.3270682043e-09, 6.956670220699999e-09, 6.3081145741e-10, -4.5418538344e-13, 3.5567994847e-13, 5.924075898300001e-09, 4.0475586881e-09, -2.9463700418e-09, -5.4582791565e-13, 4.5747254933e-14, 5.3342718701e-13]",0.04199508327018771,2.363451133317548e-06,0.0,EXO,REAL,2025-10-07T19:54:27.252Z,system.exo,OPS1,,,,0.0,,,,,,,,,,,,,,,,,,,,,,,,,,,,,,,,,1244.0,8.43866569
bf98fbb8-1043-4c18-aca4-2dc1446fd7dc,U//PR-EXO-SV,2025-10-07 19:06:19.679038,22269,22269,22269,False,13795.41104093431,-38852.65796309572,-8747.98483351524,2.904440769020865,0.94991215174766,0.351367443795245,"[0.0012377435739, 0.00032482703031, 0.00018942739844, 0.00010795397419, -4.7499685464e-05, 0.00044992635187, -1.0188692825e-08, 5.7296300486e-09, 1.4319359583e-09, 9.8373704454e-13, 1.0578626887e-08, -3.5922918726e-09, -2.2995457926e-10, -8.293494029900001e-13, 8.6357740667e-13, 2.3333843248e-09, -3.4968529089e-10, -2.1140942213e-09, -1.9316994764e-13, 1.5610006302e-13, 1.9901120943e-13]",0.04332548123460373,1.43049839588865e-06,0.0154,EXO,REAL,2025-10-07T19:36:27.584Z,system.exo,OPS1,,,,0.0,,,,,,,,,,,,,,,,,,,,,,,,,,,,,,,,,2973.24,4.570796327
73b3eb25-8e40-4317-9dcd-fcb5975aeaff,U//PR-EXO-SV,2025-10-07 19:06:10.101298,32050,32050,32050,False,2314.74096305129,42395.60020189812,1130.13080913083,-3.041338913067399,0.156611650972971,0.328000512873367,"[0.00055548104104, 1.3231083378e-05, 5.7533403942e-05, -2.4767122998e-05, -5.0114072884e-06, 0.00029346693593, 3.4595814693e-09, 4.403622137600001e-09, 2.302406434e-10, 3.5297115887e-13, 7.4054848856e-09, 4.1057320261e-09, -3.9814333636e-10, 3.5764307968e-13, 7.0130366311e-13, 5.0301492754e-11, -2.866988623e-10, 1.2990637163e-09, 6.955106806299999e-15, -1.3729942611e-14, 2.4010309483e-13]",0.0301078292294878,1.137707307179663e-06,0.0141,EXO,REAL,2025-10-07T21:18:26.095Z,system.exo,OPS1,,,,0.0,,,,,,,,,,,,,,,,,,,,,,,,,,,,,,,,,2130.0,8.525533333
6681b472-3750-4e7a-a7f0-c6f6465b1e9f,U//PR-EXO-SV,2025-10-07 19:04:38.687109,24315,24315,24315,False,39151.97468324313,-14937.96559363047,-6301.578428810611,1.103827939062524,2.861117666992227,0.056368235675364,"[0.00014159851915, 0.00033357246816, 0.00085997623322, 4.3099817173e-05, -3.2536961869e-06, 0.00027748032444, -2.5618198055e-09, -5.2888099844e-09, -7.608257867500001e-11, 3.6457152291e-13, 4.4096109457e-10, 1.57302074e-09, 5.4103768859e-11, -1.0023093868e-13, 5.0091981672e-14, 4.1152591119e-10, 9.3813611224e-10, -1.0636689543e-10, -4.8244726749e-14, 1.154933262e-14, 9.000568379000001e-14]",0.03576387949887428,7.104007237974916e-07,0.0335,EXO,REAL,2025-10-07T19:45:28.069Z,system.exo,OPS1,,,,0.0,,,,,,,,,,,,,,,,,,,,,,,,,,,,,,,,,1585.73,17.33293333
529039ac-035e-47bb-9ad2-554df3ab01bd,U//PR-EXO-SV,2025-10-07 19:03:45.231756,47851,47851,47851,False,-393.52737761576,41572.27007979001,7274.283945623381,-2.983970300316198,0.101563078396898,-0.721458840192154,"[0.00081363617012, 8.5004035601e-05, 0.00013786112753, 0.00010186868395, -3.0523387598e-05, 0.00052647723919, 6.1762294304e-09, 8.8909113701e-09, 4.9618515573e-09, 6.938421516e-13, 1.8162055317e-08, 8.606202945899999e-09, 7.6209905204e-09, 6.7711333374e-13, 1.4530322957e-12, 5.4857886011e-09, 4.581702478300001e-09, -1.0977888745e-09, 1.8229490891e-13, 3.379873617e-13, 6.078694784799999e-13]",0.03844443440655617,1.659742126289503e-06,0.013,EXO,REAL,2025-10-07T20:33:27.576Z,system.exo,OPS1,,,,0.0,,,,,,,,,,,,,,,,,,,,,,,,,,,,,,,,,5000.0,24.336
126cebac-b553-4e9f-beee-248af4e59a11,U//PR-EXO-SV,2025-10-07 19:03:06.625971,24798,24798,24798,False,29740.16435367492,29485.08345586202,4788.12756020753,-2.17212209583051,2.087311377151054,0.6160427534495739,"[0.00040158218648, -0.00035178216838, 0.00034322837826, -8.9668528099e-05, 5.0964987501e-05, 0.00023573445439, 4.4010473403e-09, -1.1211877773e-09, -3.3210852019e-10, 3.6249195747e-13, 1.6353460378e-09, -8.670792645800001e-10, -3.2740889954e-10, 1.2874346374e-13, 7.9306373962e-14, 1.3662917704e-10, -1.8440525983e-10, 2.3902977039e-10, 1.2137848518e-14, 7.3949232391e-16, 4.2465268757e-14]",0.03131365547377055,6.958905087648487e-07,0.0236,EXO,REAL,2025-10-07T21:51:29.802Z,system.exo,OPS1,,,,0.0,,,,,,,,,,,,,,,,,,,,,,,,,,,,,,,,,2210.11,16.15263607
c115ce6f-569b-4c2a-8cb1-ddedb1836171,U//PR-EXO-SV,2025-10-07 19:03:06.625971,26939,26939,26939,False,29788.06239398367,29258.21929230253,5143.15772170302,-2.168140651083879,2.098696002965026,0.62629434486462,"[0.00084043651929, -0.00056911552151, 0.0005841044097400001, -0.00014836165859, 9.4661631967e-05, 0.00036418099098, 2.4735003466e-08, 5.1922295036e-12, 2.9521657715e-10, 2.3820641446e-12, 5.9155394932e-09, -1.3233466376e-09, -1.1375436479e-09, 5.5430251939e-13, 2.5164692711e-13, 7.0578466197e-10, -9.2537261446e-10, 2.911989752e-09, 7.8979188844e-14, -4.664654506e-14, 3.5393648563e-13]",0.04229328457344026,1.72848128637252e-06,0.0119,EXO,REAL,2025-10-07T20:30:27.948Z,system.exo,OPS1,,,,0.0,,,,,,,,,,,,,,,,,,,,,,,,,,,,,,,,,2440.0,23.68368162
9089a022-bee6-4048-b120-ffd0639348f6,U//PR-EXO-SV,2025-10-07 19:02:46.565408,20953,20953,20953,False,29792.3377288744,28552.08021258157,8531.59331458393,-2.16059010603056,2.169751068270043,0.289053585220512,"[0.00024416086121, -0.00021943335712, 0.00024671075956, -5.8734459889e-05, -5.1325347552e-05, 0.00038819334097, 1.5827050303e-09, -7.654098902899999e-11, 2.1102677456e-10, 1.4071767699e-13, 3.0263665861e-10, -2.3801067257e-10, -4.2749631134e-11, 2.3025320299e-14, 1.8293918679e-14, 2.0358570525e-10, -6.4618945122e-11, 1.1460116478e-10, 1.7244484505e-14, 1.4023232137e-15, 2.276226285e-14]",0.02964902969306078,4.263494558680707e-07,0.006599999999999999,EXO,REAL,2025-10-07T19:48:26.626Z,system.exo,OPS1,,,,0.0,,,,,,,,,,,,,,,,,,,,,,,,,,,,,,,,,2101.09,23.8702275
9e910b3c-7758-41b4-8814-88fc1fbf509b,U//PR-EXO-SV,2025-10-07 19:02:27.047187,40277,40277,40277,False,42005.71040175863,-3707.73784230964,-88.58432023179,0.270325569294692,3.06248300028382,-0.002027565465772,"[0.0034474279297, -0.0020459083827, 0.0027474753233, 0.00030621823477, -0.000184301067, 0.0015688761613, 1.6213143368e-07, -1.2366416123e-07, 1.6230569986e-08, 1.3579785536e-11, -2.3415432029e-07, 1.5014468049e-07, -2.0409418344e-08, -1.0916119263e-11, 1.6030142829e-11, 1.4044615635e-08, -7.0914318053e-09, 3.4569171742e-08, 1.1598360499e-12, -8.9035714447e-13, 5.1138324892e-12]",0.08811231136623304,5.892687065694224e-06,0.0,EXO,REAL,2025-10-07T19:33:26.668Z,system.exo,OPS1,,,,0.0,,,,,,,,,,,,,,,,,,,,,,,,,,,,,,,,,3200.0,24.42290762
cfce9a0d-2302-48ae-8007-90fce8bdaf89,U//PR-EXO-SV,2025-10-07 19:02:18.263167,24931,24931,24931,False,29937.78108797594,28693.26566611649,1310.96658763771,-2.124190283632928,2.183868708610839,0.585054665647714,"[0.00042943600035, -0.00039800690825, 0.00042508546408, -7.284599395700001e-05, 5.5102486005e-05, 0.000371193108, 6.1780823735e-09, -2.1654233106e-09, -9.421127129e-10, 5.5621449534e-13, 2.6276689831e-09, -2.9079382387e-09, -9.5372700381e-10, 2.2595075284e-13, 2.5018104978e-13, -1.1289435684e-10, -4.3536689253e-10, 1.2045005463e-09, 2.031925272e-14, -5.2317943821e-14, 4.0555066042e-13]",0.03501020668933561,1.100884283446721e-06,0.0389,EXO,REAL,2025-10-07T20:48:27.675Z,system.exo,OPS1,,,,0.0,,,,,,,,,,,,,,,,,,,,,,,,,,,,,,,,,1699.7,38.66675305
a16ce4e4-2c58-49f7-9302-d8ca8524fdcc,U//PR-EXO-SV,2025-10-07 19:02:01.248735,15181,15181,15181,False,41549.52797144803,-6474.40987359688,4021.81644107158,0.429260656604618,3.011397963412784,0.402258000774386,"[3.8875003097e-05, 9.5876303449e-05, 0.0006229024926900001, -3.4153787334e-05, 3.1933446197e-05, 0.00044673551256, -1.9771350612e-09, -3.4372953485e-09, -7.2636004134e-10, 4.5356620533e-13, -1.1719318367e-09, 3.725497575e-10, -1.6845112753e-10, 4.2027458544e-14, 8.749979706800001e-14, -4.0385328512e-10, -2.4301103702e-10, -2.2240857659e-10, 3.276499516e-14, -1.9461490174e-14, 3.2295674345e-13]",0.03329433898348187,9.295282383273787e-07,0.007700000000000001,EXO,REAL,2025-10-07T19:39:26.858Z,system.exo,OPS1,,,,0.0,,,,,,,,,,,,,,,,,,,,,,,,,,,,,,,,,2120.91,23.59650242
bf525180-c982-4d39-90c7-67e6f399d9da,U//PR-EXO-SV,2025-10-07 19:01:59.114126,23438,23438,23438,False,36896.5429767438,-19467.73357232569,-4153.13843555103,1.462490201330897,2.624833162522617,0.690331414627846,"[0.0005419418098800001, 9.087439216e-05, 0.00055834271145, 2.8224533063e-05, 3.6340803104e-05, 0.00042637293879, -8.1940715094e-08, 2.2110298925e-08, 3.6750563862e-09, 1.7320596136e-11, 8.3428218548e-09, 2.64079708e-09, 2.3596857273e-09, -2.4655971525e-12, 9.273013256e-13, -1.1231791407e-10, 3.0289497358e-09, -5.5427524362e-09, -1.2010326519e-13, -2.4443369348e-13, 1.4960501699e-12]",0.03907246421867963,4.443416211823961e-06,0.0055,EXO,REAL,2025-10-07T21:48:29.936Z,system.exo,OPS1,,,,0.0,,,,,,,,,,,,,,,,,,,,,,,,,,,,,,,,,1139.74,8.085674092
fddf8a5d-5811-4847-8120-b4505a91ce95,U//PR-EXO-SV,2025-10-07 19:01:56.447152,40613,40613,40613,False,21848.26950764374,-36064.88591085395,-29.34168630786,2.629977196394202,1.592316906940806,-0.006849626410236,"[0.00098550174979, 0.0005702495258200001, 0.0007613755265700001, -2.9456243951e-06, -1.6012685643e-05, 0.0006215071060200001, -3.1232536242e-08, -4.012672506e-10, -3.4064298703e-10, 2.2065688508e-12, 4.3096808854e-08, 4.3471241234e-08, -9.0058757962e-10, -1.3175316427e-12, 3.7111994337e-12, 7.8457879002e-11, -5.4774682751e-10, 1.3697689138e-09, -2.3752613272e-14, -2.441001317e-14, 4.0936776847e-13]",0.0486660495867499,2.515379902314957e-06,0.0353,EXO,REAL,2025-10-07T19:48:26.642Z,system.exo,OPS1,,,,0.0,,,,,,,,,,,,,,,,,,,,,,,,,,,,,,,,,4590.0,33.94993333
f3501445-3589-4a0e-b666-85716c595484,U//PR-EXO-SV,2025-10-07 19:01:12.098328,6973,6973,6973,False,13239.17774740948,-40919.688145983,683.11264525686,2.88001920743278,0.9297371521136251,0.293724069724932,"[0.0005619254664500001, 0.00017616362004, 6.7294738706e-05, 1.5503881726e-05, 1.1680049822e-05, 0.00043111874104, -1.4527486591e-09, 4.7762974177e-10, -1.3456875519e-10, 9.847946467e-14, 3.1986808599e-09, 7.193936590900001e-10, 3.2252552599e-10, -9.5040218702e-14, 2.2405799659e-13, -8.3857741579e-11, 6.007152564e-11, -8.214672114799999e-11, -1.0616262144e-16, -7.322867285400001e-15, 8.6117494992e-14]",0.03256284610097834,6.392612582129469e-07,0.0145,EXO,REAL,2025-10-07T19:27:27.433Z,system.exo,OPS1,,,,0.0,,,,,,,,,,,,,,,,,,,,,,,,,,,,,,,,,559.96,10.69539511
34905b3b-b96a-4f78-a0ea-11d2a9b037ca,U//PR-EXO-SV,2025-10-07 19:01:09.948913,41744,41744,41744,False,10961.61431992772,40682.29325206419,-275.75491041401,-2.963232099590221,0.800230685240119,0.195741472592433,"[0.00056121626932, -0.00010090543306, 5.6383627742e-05, -9.9943064032e-06, 5.3094923381e-06, 0.00036437087238, 5.3682740927e-09, 2.5101161831e-09, -3.7355997755e-12, 3.7940439302e-13, 6.5346292891e-09, 1.4134319314e-09, -1.8154218154e-10, 3.4332208359e-13, 4.3242788213e-13, -2.1554282403e-10, -7.375608766500001e-11, 4.766782992199999e-10, -3.5903213016e-15, -1.4051958906e-14, 1.5138157141e-13]",0.03133641283621979,9.814345859811545e-07,0.0178,EXO,REAL,2025-10-07T19:54:27.272Z,system.exo,OPS1,,,,0.0,,,,,,,,,,,,,,,,,,,,,,,,,,,,,,,,,500.0,7.620666667
3125daa2-e6f2-48a5-8242-5408eb7ad0c2,U//PR-EXO-SV,2025-10-07 19:00:33.132376,15422,15422,15422,False,-656.60178806308,37374.93244004665,3704.33810232765,-3.378761452565614,-0.413129821973799,-0.23091348547542,"[0.00061171848079, 5.1705064915e-05, 2.8432708041e-05, 2.9234376148e-05, -1.5069273408e-05, 0.00022096084339, 2.2053023073e-09, 1.6319115987e-09, 4.0716930575e-10, 1.0885233174e-13, 1.0974574879e-08, 4.0058235239e-09, 1.2706092714e-09, 2.0787132653e-13, 9.1563963588e-13, 1.155645714e-09, 5.4797241845e-10, -5.7171490474e-10, 2.0145141643e-14, 8.5900444248e-14, 1.2174232594e-13]",0.02934471046408535,1.070623320108431e-06,0.0132,EXO,REAL,2025-10-07T22:42:28.211Z,system.exo,OPS1,,,,0.0,,,,,,,,,,,,,,,,,,,,,,,,,,,,,,,,,100.0,0.490873852
a372aa8a-09b4-4299-852d-a226190b0104,U//PR-EXO-SV,2025-10-07 19:00:31.006135,10792,10792,10792,False,29753.10107181109,29768.98766859258,3861.0397277981,-2.15640617215591,2.176712601858604,-0.15202271247647,"[0.00031368828324, -0.00026650611549, 0.00026813986927, -7.1344003439e-06, -2.8898823451e-05, 0.00033475607388, 4.966776287e-09, -1.3867806796e-09, 6.8499736663e-10, 3.8364186926e-13, 1.6360786072e-09, -1.2478870751e-09, 1.532750801e-10, 1.1851025808e-13, 8.9349795997e-14, 5.5611956861e-10, -1.5372288254e-10, 1.1341099422e-10, 4.0142596436e-14, 1.3037869962e-14, 4.7448007547e-14]",0.03027514205400199,7.214150489170571e-07,0.0364,EXO,REAL,2025-10-07T19:54:27.221Z,system.exo,OPS1,,,,0.0,,,,,,,,,,,,,,,,,,,,,,,,,,,,,,,,,351.83,2.496771322
d82460c7-5ee5-4102-a1fc-9acd045c603b,U//PR-EXO-SV,2025-10-07 19:00:00.381920,40982,40982,40982,False,4915.59036180199,41886.34166054929,-27.23745326821,-3.053122534738988,0.357510817269197,0.008168881645626,"[0.00048931968068, -2.3963489925e-05, 3.2981901053e-05, 1.9479470693e-06, 2.6441529261e-06, 0.00019245299325, 2.9192217852e-09, 2.4374033968e-09, 2.2328293188e-10, 2.2798540857e-13, 4.3336390121e-09, 2.0137958e-09, 1.9448186923e-10, 2.1858209338e-13, 3.151854982e-13, -1.2248158651e-12, 4.285976325e-11, 5.2833447076e-11, 3.5898403048e-15, 2.0916788332e-15, 8.8537335991e-14]",0.02673489433274424,7.948007566434496e-07,0.0241,EXO,REAL,2025-10-07T20:12:28.440Z,system.exo,OPS1,,,,0.0,,,,,,,,,,,,,,,,,,,,,,,,,,,,,,,,,5000.0,34.06333333
23deb479-c20d-4904-b625-5fa5a6d8178f,U//PR-EXO-SV,2025-10-07 18:59:58.512889,41591,41591,41591,False,-1331.27637751146,42147.38910682744,-14.32057835214,-3.072806265549235,-0.09762637328392501,0.006553136601443,"[0.00033620927557, 7.8532896775e-05, 8.348692536699999e-05, 5.337843956500001e-06, 6.7464588156e-06, 0.00021916907121, 4.513221594799999e-09, 5.618346590299999e-09, 4.5492934753e-10, 3.8142736592e-13, 9.6961879826e-09, 7.777491863800001e-09, 5.9928139434e-10, 5.025408767099999e-13, 9.6130567392e-13, 3.9724531016e-11, 1.485910839e-10, 1.0493128263e-09, 1.0734001876e-14, 1.4014934191e-14, 2.5460849047e-13]",0.02527578430330105,1.263859774781206e-06,0.03,EXO,REAL,2025-10-07T19:30:28.390Z,system.exo,OPS1,,,,0.0,,,,,,,,,,,,,,,,,,,,,,,,,,,,,,,,,3540.0,33.48493333
ae6c1b4c-a4cc-422e-b0b4-101827a28c7e,U//PR-EXO-SV,2025-10-07 18:59:56.404995,3292,3292,3292,False,16357.89846784052,-37444.97614325818,-4375.96483592593,2.807578061551702,1.300573621320427,-0.198897644161508,"[0.0007271403867999999, 0.00031315290638, 0.00014569147754, -2.289438899e-05, -4.3004235503e-05, 0.00029157039817, -1.4731830594e-09, 3.4029344109e-11, 1.7610809638e-10, 9.2087832253e-14, 2.0292804736e-09, 5.6507685531e-10, -1.8455031921e-10, -8.4597398417e-14, 1.2735338887e-13, 3.1106865645e-10, 2.1669639071e-11, 1.1428520806e-10, -1.1428801944e-14, 1.4796901843e-14, 4.521308659e-14]",0.03412333897071036,5.144456314451509e-07,0.006599999999999999,EXO,REAL,2025-10-07T20:12:28.408Z,system.exo,OPS1,,,,0.0,,,,,,,,,,,,,,,,,,,,,,,,,,,,,,,,,1486.62,14.97361599
bb2340b9-3759-49eb-93ec-732f4816dfcc,U//PR-EXO-SV,2025-10-07 18:59:55.013894,37384,37384,37384,False,29757.60658119051,29822.19129371724,3929.64500133423,-1.195431417254514,0.835750061764088,2.694362414054637,"[0.004361110414, 0.0018229464333, 0.0032040966829, -0.00011834750805, 0.0006419898621800001, 0.0027873599271, 1.4826567933e-06, 1.2670354638e-06, 3.5817652727e-07, 8.714406075600001e-10, 1.0782680109e-06, 9.9776031539e-07, 2.5842370296e-07, 6.6392196851e-10, 5.460760876100001e-10, -3.4362064923e-08, -4.4443080774e-08, 2.6289401346e-08, 1.8323106199e-11, 2.6805920975e-12, 1.1675675726e-11]",0.1017475651993698,3.780466070335773e-05,0.0,EXO,REAL,2025-10-07T19:15:27.511Z,system.exo,OPS1,,,,0.0,,,,,,,,,,,,,,,,,,,,,,,,,,,,,,,,,2300.0,13.99773333
c9112d2e-3221-4be2-8039-3aad7c45ef08,U//PR-EXO-SV,2025-10-07 18:59:54.980098,32500,32500,32500,False,17070.62579419501,-38300.40392870153,-4453.55499566004,2.784559537905989,1.272436113903299,-0.280735313518707,"[0.00060943973708, 0.00026332274946, 0.00014903016584, -3.8589288505e-05, -3.5967519093e-05, 0.00019059833285, -5.0208571205e-09, 3.3017535249e-10, 7.7567843253e-10, 3.2669172141e-13, 9.1495131287e-09, 3.6473386439e-09, -1.0122658352e-09, -2.9725099851e-13, 5.7192936527e-13, 1.201899152e-09, -1.8971901433e-11, 6.1754208784e-10, -4.2679901214e-14, 5.7801966956e-14, 1.9072614384e-13]",0.03080695109500452,1.043717984189216e-06,0.017,EXO,REAL,2025-10-07T19:33:26.665Z,system.exo,OPS1,,,,0.0,,,,,,,,,,,,,,,,,,,,,,,,,,,,,,,,,4850.0,29.358
322e1bcb-206f-4916-b2c5-bc6fe06350d3,U//PR-EXO-SV,2025-10-07 18:59:54.980098,27399,27399,27399,False,16760.66534577843,-38868.56755681148,-4174.06384027272,2.78784390283347,1.23030955566624,-0.285946967835313,"[0.00065991702822, 0.00027352683541, 0.00013472322561, -2.1105858549e-05, -4.7637357004e-05, 0.00037166120186, -4.778856233500001e-09, -6.1065607045e-10, 5.7910922917e-10, 2.3355452724e-13, 8.8795294473e-09, 3.3346771768e-09, -9.4849643468e-10, -2.8479643413e-13, 5.5776298156e-13, 1.2453338027e-09, 2.7670315332e-10, 5.6915931329e-10, -2.2061969497e-14, 5.9541255631e-14, 1.8342200178e-13]",0.03415115599346528,9.872889701500772e-07,0.0317,EXO,REAL,2025-10-07T19:54:27.240Z,system.exo,OPS1,,,,0.0,,,,,,,,,,,,,,,,,,,,,,,,,,,,,,,,,2600.0,26.6164
c623fff2-f956-47bd-acdd-5a2953662ac4,U//PR-EXO-SV,2025-10-07 18:59:52.560960,41879,41879,41879,False,-818.44336963916,42159.74269434166,-17.32609056559,-3.073844895314956,-0.059600036155534,0.007141101833601999,"[0.0011330544038, 0.0013932759766, 0.0050225549803, 5.1491582849e-05, 0.00011720868951, 0.00029812828881, 3.7313077658e-08, 7.4271796138e-08, 3.830636044800001e-09, 2.8719620075e-12, 1.4616676581e-07, 5.3486228128e-07, 1.1889866927e-08, 7.4221709337e-12, 5.732051489600001e-11, -3.661043848e-09, -1.9275674931e-08, 2.2277537207e-09, -8.441467181500001e-14, -2.1076270738e-12, 6.392574485300001e-13]",0.08033515838603918,7.799470132773765e-06,0.0,EXO,REAL,2025-10-07T22:21:29.744Z,system.exo,OPS1,,,,0.0,,,,,,,,,,,,,,,,,,,,,,,,,,,,,,,,,5987.0,52.96233333
8a7bd918-3cfb-4d78-a5f7-efea2ed0ec3f,U//PR-EXO-SV,2025-10-07 18:59:50.026876,44475,44475,44475,False,4563.728750696831,41921.28299898782,-38.82555386574001,-3.056294820144116,0.33258731723238,0.007580670680593,"[0.0011665116805, 0.0013334648974, 0.0029574758601, 5.8163772041e-05, 0.00010683168568, 0.00022767804761, 6.1740270964e-08, 1.1554440441e-07, 5.077907784e-09, 5.2628416887e-12, 1.4481932015e-07, 3.0667636133e-07, 1.0755729146e-08, 1.179004095e-11, 3.2256346931e-11, -3.5522480388e-09, -8.7971725349e-09, 1.2204793749e-09, -2.6182513797e-13, -9.4967655125e-13, 5.0468756796e-13]",0.06596715537454985,6.166350313407438e-06,0.0283,EXO,REAL,2025-10-07T20:15:26.856Z,system.exo,OPS1,,,,0.0,,,,,,,,,,,,,,,,,,,,,,,,,,,,,,,,,3186.0,22.89933333
2636a995-5d45-4848-8f30-38ed3c32f8c3,U//PR-EXO-SV,2025-10-07 18:59:36.937951,31395,31395,31395,False,30288.85510461228,29304.96902087453,1343.73257565346,-2.110836108218406,2.151307831616313,0.605815608278726,"[0.00027855294565, -0.00025855323377, 0.00027163689239, -4.5426363657e-05, 3.4632395803e-05, 0.00025802453443, 3.1239288741e-09, -9.041421068600001e-10, -3.7965571697e-10, 2.513944625e-13, 1.1359469446e-09, -1.2947989221e-09, -3.8563489227e-10, 8.274305457099999e-14, 9.198292473299999e-14, -1.444691895e-10, -1.2583116733e-10, 1.6375986312e-10, -1.0014034472e-14, -4.780865828299999e-16, 3.5857945099e-14]",0.02842911135561575,6.158208605852843e-07,0.0245,EXO,REAL,2025-10-07T20:57:26.852Z,system.exo,OPS1,,,,0.0,,,,,,,,,,,,,,,,,,,,,,,,,,,,,,,,,5086.0,34.06333333
c958d925-4394-47c2-bf9d-612939166042,U//PR-EXO-SV,2025-10-07 18:59:31.894325,27780,27780,27780,False,30045.751861258,29293.63209542801,3460.5053290446,-2.141926453038993,2.122983178708272,0.616517480436841,"[0.00051527390336, -0.00044724257897, 0.00044886616567, -0.0001122106063, 8.396016374e-05, 0.00024970589482, 6.9467051771e-09, -9.8037511598e-10, -3.829751123e-10, 6.0599295257e-13, 2.0194885101e-09, -9.3913807173e-10, -4.129713988599999e-10, 1.6335079408e-13, 8.832673678899999e-14, -4.95250089e-11, -2.0654616812e-10, 5.0008608805e-10, -2.6532762822e-15, -9.8506102243e-15, 7.519568423399999e-14]",0.03484029224690861,8.772202537521577e-07,0.0103,EXO,REAL,2025-10-07T20:30:27.949Z,system.exo,OPS1,,,,0.0,,,,,,,,,,,,,,,,,,,,,,,,,,,,,,,,,2440.0,23.68368162
49d32e51-1736-4e9a-9a78-bdeadb881d41,U//PR-EXO-SV,2025-10-07 18:58:54.231886,39487,39487,39487,False,6526.22488721958,41656.73521984564,-33.51655472568,-3.037560501457658,0.475966074751662,0.006501188415467,"[0.002701831968, 0.0012679599242, 0.0026272328954, 4.770555917099999e-05, 7.517676528299999e-05, 0.00030973708921, 8.22866118e-08, 1.2993290266e-07, 4.2690500293e-09, 6.8969877072e-12, 1.6158090658e-07, 2.6765989155e-07, 7.5688318075e-09, 1.3418497071e-11, 2.8015479245e-11, -4.2880569887e-09, -7.6423728542e-09, -2.5200199265e-11, -3.4911305446e-13, -8.1041911781e-13, 2.7835942273e-13]",0.07509195664390428,5.932185632204205e-06,0.0365,EXO,REAL,2025-10-07T20:30:27.958Z,system.exo,OPS1,,,,0.0,,,,,,,,,,,,,,,,,,,,,,,,,,,,,,,,,3200.0,24.42290762
0dcd8b68-9c6c-4825-b0d8-bbe41a5fa6d6,U//PR-EXO-SV,2025-10-07 18:58:38.859006,14821,14821,14821,False,19369.09366355859,-38774.09930813202,-2515.94454805686,2.681301282920898,1.304229157689827,0.533335992206142,"[0.00055416810025, 0.00025810518575, 0.00014361209296, -9.8193695468e-08, -5.3587987566e-05, 0.00080344570981, -2.7807091789e-09, 2.5671547093e-10, -3.0491812327e-10, 1.7591158124e-13, 2.952002574e-09, 9.8438079069e-10, 5.9841115121e-10, -1.2113919863e-13, 1.8678374678e-13, 7.4524983839e-11, 2.4338088572e-10, -4.3882706712e-10, -1.0497056511e-14, -1.1164137781e-14, 1.4276911309e-13]",0.03874565656973695,7.109602247031827e-07,0.0156,EXO,REAL,2025-10-07T19:18:27.329Z,system.exo,OPS1,,,,0.0,,,,,,,,,,,,,,,,,,,,,,,,,,,,,,,,,1952.43,17.62192734
bfc1758e-457e-474b-9567-fbbe217619b3,U//PR-EXO-SV,2025-10-07 18:57:42.244830,62456,62456,62456,False,-2138.89161283715,42113.83951858736,-24.46364981243,-3.070370097519208,-0.156313026345936,0.008799349435621,"[0.00056854445191, 0.00021880616456, 0.00027965883295, 1.590026667e-05, 2.4099482503e-05, 0.00026806996067, 1.2387497923e-08, 1.8369170705e-08, 1.6065137853e-09, 1.2214989443e-12, 2.2520125447e-08, 2.4731295827e-08, 2.0694608704e-09, 1.572336272e-12, 2.5756361412e-12, 1.3424824464e-10, 6.6812938702e-10, 5.3840060582e-09, 4.8347381065e-14, 6.096457526e-14, 8.4314484482e-13]",0.03341067562217202,2.154130899068114e-06,0.0106,EXO,REAL,2025-10-07T19:27:27.454Z,system.exo,OPS1,,,,0.0,,,,,,,,,,,,,,,,,,,,,,,,,,,,,,,,,400.0,41.17466667
7b570168-ff05-41ce-ab83-5234cc468339,U//PR-EXO-SV,2025-10-07 18:57:05.178565,37605,37605,37605,False,42044.52456961719,-3112.02841762108,-1177.94536229032,0.228895821780236,3.065372960636412,-0.000407094894085,"[0.00018768116664, 7.6153662014e-05, 0.00074217212979, 2.5060802238e-05, 5.1786481879e-07, 0.00059547040803, -1.4391661296e-08, -1.5135828387e-08, -7.180325145600001e-10, 2.0678358964e-12, -1.2089177522e-08, -5.7899900568e-10, -5.5173541314e-10, 8.2225656723e-13, 8.1023036916e-13, -4.2367919522e-10, 6.2507186489e-10, -2.4998275225e-09, 2.1407624378e-14, 2.7307552724e-14, 5.0395811071e-13]",0.0390553927705253,1.839028106438289e-06,0.0312,EXO,REAL,2025-10-07T19:15:27.512Z,system.exo,OPS1,,,,0.0,,,,,,,,,,,,,,,,,,,,,,,,,,,,,,,,,3090.0,33.73226667
d6bd5732-04ef-4823-8bee-40be29561589,U//PR-EXO-SV,2025-10-07 18:55:55.111112,43339,43339,43339,False,11316.45148177955,40621.23066397804,-41.33900296543,-2.961567433436047,0.825308896916129,0.006409748417009,"[0.0012176114744, 0.0012393325467, 0.0019410741161, 6.2311065921e-05, 8.354875172299999e-05, 0.0002533968635, 8.615906637699999e-08, 1.1816674052e-07, 5.6437803222e-09, 7.733066449e-12, 1.3807376814e-07, 1.9913875095e-07, 8.5344089471e-09, 1.2245443796e-11, 2.0945532618e-11, -3.4708595816e-09, -5.4573800463e-09, 8.338515809899999e-11, -2.952361858e-13, -5.8793481852e-13, 2.0818539156e-13]",0.05841303325457428,5.374642728457399e-06,0.0305,EXO,REAL,2025-10-07T19:51:26.249Z,system.exo,OPS1,,,,0.0,,,,,,,,,,,,,,,,,,,,,,,,,,,,,,,,,0.0,0.0
2c8d46b3-d13f-41a1-83ef-f78749f95d15,U//PR-EXO-SV,2025-10-07 18:55:26.116861,41585,41585,41585,False,8924.04747926029,-39179.98672073248,-3759.93187294462,3.102410711961094,0.6564153493604561,0.074984635582989,"[0.00038301874647, 7.1454073321e-05, 2.5292753081e-05, 7.7250029543e-06, -2.3233134744e-05, 0.00026390588048, -1.853358933e-09, 5.5789508272e-10, 2.1773716445e-11, 1.0018797114e-13, 3.2511182708e-09, -1.8257027189e-10, 2.2135196364e-11, -1.1618649757e-13, 2.1214715463e-13, 3.164376493e-10, -4.837449110999999e-12, -4.3090031703e-11, -1.0761133336e-14, 1.5373964945e-14, 5.2255979486e-14]",0.02592715526298633,6.038138001536567e-07,0.0121,EXO,REAL,2025-10-07T19:15:27.520Z,system.exo,OPS1,,,,0.0,,,,,,,,,,,,,,,,,,,,,,,,,,,,,,,,,3450.0,64.94225721
8c4b2ec2-59ca-4540-8d2a-cdca149bfe04,U//PR-EXO-SV,2025-10-07 18:55:07.215013,13753,13753,13753,False,21217.16048703433,36000.33981660342,2687.86875278294,-2.644696059600863,1.575129186931329,-0.205978798433282,"[0.00058942598283, -0.0003205140329, 0.00019777740963, 2.518042144e-05, -2.9861295784e-05, 0.00025892955011, 3.4617819298e-09, 1.5762093618e-10, 4.6456298865e-10, 2.3809420404e-13, 2.3042292899e-09, -5.6114804931e-10, 2.5104017759e-10, 1.2589792449e-13, 1.1245713092e-13, 3.6493272191e-10, 3.4171598576e-11, 3.7778190581e-11, 1.9926094488e-14, 1.1865229399e-14, 7.3594895921e-14]",0.03234397845921246,6.512651003093902e-07,0.007700000000000001,EXO,REAL,2025-10-07T22:51:25.880Z,system.exo,OPS1,,,,0.0,,,,,,,,,,,,,,,,,,,,,,,,,,,,,,,,,0.0,0.0
68fa850e-778e-4f6b-b7bd-991695c111e0,U//PR-EXO-SV,2025-10-07 18:54:43.522162,13954,13954,13954,False,-602.0468311866,42748.62501646482,4835.25370083899,-3.017002605085408,-0.004110000850825,-0.378372012495696,"[0.00089206863213, 4.1059681751e-05, 3.3082530715e-05, 6.9821697198e-05, -3.4013324335e-05, 0.0003814133213, 2.3738409568e-09, 1.9498992376e-09, 7.0055571691e-10, 1.400247039e-13, 9.2350101088e-09, 2.4500383058e-09, 1.6164722634e-09, 1.6807500464e-13, 5.8055973886e-13, 1.4848543855e-09, 6.313577758599999e-10, -1.0061352472e-09, 1.036718658e-14, 6.3365503454e-14, 1.968881024e-13]",0.03614643113980964,9.578478716163648e-07,0.0096,EXO,REAL,2025-10-07T22:27:26.959Z,system.exo,OPS1,,,,0.0,,,,,,,,,,,,,,,,,,,,,,,,,,,,,,,,,2120.91,23.59650242
5b33fa93-7ee5-42a4-bfac-d413d1f6b028,U//PR-EXO-SV,2025-10-07 18:54:26.291799,29495,29495,29495,False,-1390.28775156298,42147.07593256119,271.98528498437,-3.069565339303288,-0.103175492905375,0.132829243704606,"[0.00040884034281, 8.4112951611e-05, 8.1141341068e-05, -5.713427398000001e-06, 2.5767477455e-06, 0.00013595781881, 4.776559163e-09, 5.464227156599999e-09, 2.8715002177e-10, 3.714697033e-13, 9.595683304300001e-09, 7.3164138436e-09, 1.8776735704e-10, 4.7549556617e-13, 8.9843549576e-13, -8.7285829406e-11, -9.5044484521e-11, 5.939750707099999e-10, 1.6932075002e-15, -5.739280821799999e-15, 1.8622523076e-13]",0.02501878299773991,1.206702295439932e-06,0.0348,EXO,REAL,2025-10-07T19:21:27.885Z,system.exo,OPS1,,,,0.0,,,,,,,,,,,,,,,,,,,,,,,,,,,,,,,,,2299.0,20.92226667
99b36925-5359-48d2-84c0-3be1499c709b,U//PR-EXO-SV,2025-10-07 18:54:02.242965,41729,41729,41729,False,4555.951660759661,41915.37748685192,-29.56692329878,-3.056808436972574,0.332328246196723,0.006983683714594,"[0.00075597526899, 0.00082151164766, 0.0020285829118, 3.8962960463e-05, 7.0412825692e-05, 0.00060475407865, 3.778746334900001e-08, 7.1519531178e-08, 3.3862981065e-09, 3.2768318961e-12, 9.075949725099999e-08, 2.1416967969e-07, 7.0324762946e-09, 7.290199719e-12, 2.3082790724e-11, -2.2212177032e-09, -6.638631339e-09, 2.3382713281e-09, -1.4969800694e-13, -7.407680615399999e-13, 6.579872167699999e-13]",0.05821780019409871,5.1978466538433e-06,0.03,EXO,REAL,2025-10-07T20:27:26.115Z,system.exo,OPS1,,,,0.0,,,,,,,,,,,,,,,,,,,,,,,,,,,,,,,,,4600.0,26.96373333
c640bbd9-3567-4c11-b672-1e58c7f85aff,U//PR-EXO-SV,2025-10-07 18:54:01.479863,24846,24846,24846,False,31557.47673787039,28859.60791042101,-402.78295490025,-2.014188891648727,2.220670061318054,0.579965828929967,"[0.0004578613033, -0.00048431504916, 0.00053744086369, -2.0353164028e-05, 3.2179179475e-05, 0.00079727921079, 1.7885126867e-09, -3.9511557394e-10, -2.6728431431e-10, 1.8156029982e-13, 5.603292428e-10, -8.3242653138e-10, -2.1788416882e-10, 5.9304559073e-14, 7.4074560508e-14, -1.3255345806e-10, -7.8493780857e-11, 2.0640405613e-10, 8.3889612322e-15, -2.1538251654e-14, 1.6893852148e-13]",0.04233888729973899,6.515929571503977e-07,0.026,EXO,REAL,2025-10-07T19:18:27.341Z,system.exo,OPS1,,,,0.0,,,,,,,,,,,,,,,,,,,,,,,,,,,,,,,,,2040.63,42.09127332
6efbf557-4a03-4082-821c-4e76c99830ff,U//PR-EXO-SV,2025-10-07 18:53:59.620127,36032,36032,36032,False,42112.39418827128,-2312.19983778428,-151.91239676566,0.168769681735354,3.06924879706035,-0.00074419470357,"[0.00010932908236, -5.1225100589e-06, 0.00057144662579, 9.7264239613e-06, -2.3307398344e-06, 0.0005337331307, -5.5450850322e-09, -4.3351283141e-09, -3.9875098582e-10, 8.2032431188e-13, -7.610047209499999e-09, 2.7454531335e-09, -5.5029540213e-10, 3.5036768086e-13, 5.4049350762e-13, -5.5392057631e-10, 4.2483636461e-10, -2.3951466628e-10, 3.5645529609e-14, 4.0052073429e-14, 5.0375338182e-13]",0.03484980400016619,1.365493024998663e-06,0.035,EXO,REAL,2025-10-07T19:36:27.608Z,system.exo,OPS1,,,,0.0,,,,,,,,,,,,,,,,,,,,,,,,,,,,,,,,,5622.0,49.2498
fc2c25f0-e01c-42fa-a2f9-43fbe07a0955,U//PR-EXO-SV,2025-10-07 18:53:59.620127,42698,42698,42698,False,42078.3423611686,-2695.416415656,-97.58551173471,0.196519346117341,3.068440533950926,-0.001707084908876,"[0.0008664093125900001, -0.00019434644804, 0.0013451379721, 8.6162733261e-05, -1.9233897576e-05, 0.0054238382099, -1.8088513201e-08, -1.5202931521e-08, -1.4907140813e-09, 2.9254579882e-12, -5.9447991648e-08, 1.9805597271e-08, -5.0580552987e-09, 1.1434884015e-12, 4.1157896548e-12, -1.8945990914e-09, 1.3836163067e-09, 2.3356072268e-09, 1.5104147613e-13, 1.401687189e-13, 1.6395841979e-12]",0.08738069291662776,2.946325141748615e-06,0.0,EXO,REAL,2025-10-07T19:18:27.360Z,system.exo,OPS1,,,,0.0,,,,,,,,,,,,,,,,,,,,,,,,,,,,,,,,,6070.0,53.75106667
1a4343e5-f2c1-4a8d-9ac7-cf0af1f1ba90,U//PR-EXO-SV,2025-10-07 18:53:41.890149,61733,61733,61733,False,4558.95124439235,41920.81637166523,-29.22087688041,-3.05641960760847,0.332064322717901,0.006599184680838001,"[0.00043741129115, -1.0523925948e-05, 3.8419979011e-05, 2.4736104489e-06, 3.1868304435e-06, 0.0001933862435, 3.168563647e-09, 3.0081841949e-09, 2.6972672879e-10, 2.7322578113e-13, 4.6616203653e-09, 2.6313489842e-09, 2.4422553865e-10, 2.6684190883e-13, 3.8112516898e-13, 3.1464398813e-11, 7.8411103956e-11, 3.8042228074e-10, 6.8427242057e-15, 6.189071352100001e-15, 1.122911275e-13]",0.0258692387530248,8.755809943174874e-07,0.0178,EXO,REAL,2025-10-07T19:39:26.900Z,system.exo,OPS1,,,,0.0,,,,,,,,,,,,,,,,,,,,,,,,,,,,,,,,,5000.0,67.84133333
52f3e0b3-d717-4e0a-b54e-a1f427858d26,U//PR-EXO-SV,2025-10-07 18:53:13.276021,5588,5588,5588,False,1558.83040601307,42145.36677333857,-173.22127995941,-3.069700543338938,0.113520882918723,-0.110456421480375,"[0.00041340761857, -1.3579827358e-06, 1.3544929731e-05, 1.0967533391e-05, 1.7738496226e-06, 0.00013970858596, 1.099105057e-09, 1.0231600185e-09, 1.1459328292e-10, 8.0969302138e-14, 2.5114529834e-09, 1.1141758366e-09, 1.8591820436e-10, 9.4918921301e-14, 2.0440209288e-13, 2.5290072306e-11, 5.3373243718e-11, 2.5450083268e-10, 2.1873851951e-15, 4.8034461479e-15, 5.209863451e-14]",0.02380464522443046,5.80921706883122e-07,0.0161,EXO,REAL,2025-10-07T23:21:28.266Z,system.exo,OPS1,,,,0.0,,,,,,,,,,,,,,,,,,,,,,,,,,,,,,,,,517.34,10.69539511
05c548dd-c66b-46de-a959-9ca1dc9dba64,U//PR-EXO-SV,2025-10-07 18:53:13.276021,37234,37234,37234,False,1981.68922483481,42673.1514418953,145.42541918997,-3.029086717220381,0.145561496741447,0.357928239643148,"[0.0009689774629, 2.211707574e-05, 6.9953733042e-05, -6.3158623434e-05, 5.095061129e-08, 0.00039559154609, 5.040855209e-09, 5.30177164e-09, 1.7487762764e-10, 4.2070084918e-13, 9.1487976909e-09, 6.130835778699999e-09, -5.4365606137e-10, 4.9440668939e-13, 8.602347245e-13, -2.0523455634e-10, -4.2513731555e-10, 2.4884747187e-09, 2.3540263338e-14, -3.716066124e-14, 4.707867309e-13]",0.03787509395410129,1.323526465387073e-06,0.0121,EXO,REAL,2025-10-07T23:00:26.046Z,system.exo,OPS1,,,,0.0,,,,,,,,,,,,,,,,,,,,,,,,,,,,,,,,,2325.0,18.6334
a2c3d7ee-b6f7-4575-b591-6b0338950af3,U//PR-EXO-SV,2025-10-07 18:53:13.276021,27718,27718,27718,False,2107.94481163327,42120.98307306965,423.42150434795,-3.062145268099134,0.150118966217611,0.221703419091966,"[0.0010384527047, 0.00018045479949, 0.00029962103084, -2.985974921e-05, 1.3542115357e-05, 0.00031988535884, 1.773820123e-08, 2.3884646761e-08, 1.5830201209e-09, 1.9242186667e-12, 2.7634624306e-08, 2.5940313876e-08, 6.299595411499999e-10, 2.1092080327e-12, 2.9093998739e-12, -2.5190188923e-10, -3.504135502e-10, 5.3669327602e-09, 4.627360703200001e-14, -3.5745711665e-14, 9.6258883589e-13]",0.04071804384274864,2.407531386397693e-06,0.0364,EXO,REAL,2025-10-07T21:54:30.475Z,system.exo,OPS1,,,,0.0,,,,,,,,,,,,,,,,,,,,,,,,,,,,,,,,,4137.0,46.26613333
17bc0a88-3e66-4c88-9175-a5d0f917b4fa,U//PR-EXO-SV,2025-10-07 18:52:53.212883,55912,55912,55912,False,1606.17992917869,42139.41095428976,736.34235757843,-3.071452492401846,0.118141460548706,-0.021269821002249,"[0.0010111402761, 2.8235196827e-05, 6.2121642015e-05, 1.2067672512e-05, 2.6020867168e-06, 0.00024714155452, 5.165998728100001e-09, 4.8219572551e-09, 5.607183897599999e-10, 3.8369361747e-13, 8.2171700642e-09, 5.5436093777e-09, 6.6001131663e-10, 4.5122291976e-13, 6.8784590524e-13, 2.3632990017e-10, 2.3629591069e-10, 3.5926574128e-10, 1.8328569079e-14, 2.293714846e-14, 1.1696928606e-13]",0.03633735643432252,1.090187510830132e-06,0.0156,EXO,REAL,2025-10-07T19:42:26.648Z,system.exo,OPS1,,,,0.0,,,,,,,,,,,,,,,,,,,,,,,,,,,,,,,,,4600.0,34.06333333
042d0c26-6c23-4539-a174-1c35a583feaa,U//PR-EXO-SV,2025-10-07 18:52:01.844544,28899,28899,28899,False,5338.56395981997,41777.74590959543,2202.26276157981,-3.043799117977776,0.377598993600784,0.203673806754681,"[0.0010276235904, 0.00022119477013, 0.00031582154519, 1.4340634333e-05, 5.0135492498e-06, 0.00052801292837, 2.9658178449e-08, 2.8526460815e-08, 3.2002765111e-09, 2.7056177831e-12, 3.6813577479e-08, 2.750383227e-08, 1.9717071929e-09, 2.7170503542e-12, 3.2194923606e-12, 1.3148261671e-09, 7.785692755599999e-10, 5.8843026234e-09, 1.6768690631e-13, 6.741725171799999e-14, 1.0167433674e-12]",0.04326035210166464,2.634739742574207e-06,0.0,EXO,REAL,2025-10-07T19:30:28.369Z,system.exo,OPS1,,,,0.0,,,,,,,,,,,,,,,,,,,,,,,,,,,,,,,,,5958.0,57.21813333
fa09e0fa-6c51-4bee-a0b0-2224ae414968,U//PR-EXO-SV,2025-10-07 18:51:58.132152,26495,26495,26495,False,3603.52206149753,-42293.68580597982,-1733.62787619221,3.034943802034393,0.26861432583647,-0.316944094544361,"[0.0011060824529, 7.12945664e-05, 2.3127037901e-05, -6.8791186678e-05, -2.1297436814e-05, 0.0004406024574, -2.8907896049e-09, 1.2371387158e-09, 3.95743963e-10, 1.2773483118e-13, 1.2275801949e-08, -9.1227094247e-10, -1.298065633e-09, -2.1468443088e-13, 8.1337338082e-13, 8.614210016599999e-10, -1.6839675361e-10, 8.4174343985e-10, -3.643849178000001e-15, 4.678965317e-14, 1.4965255603e-13]",0.03962085244162473,1.044394929147973e-06,0.0185,EXO,REAL,2025-10-07T20:33:27.556Z,system.exo,OPS1,,,,0.0,,,,,,,,,,,,,,,,,,,,,,,,,,,,,,,,,1935.0,31.75953333
08c4e483-ad37-43ac-96ec-e2e9d8ba1900,U//PR-EXO-SV,2025-10-07 18:50:42.871043,12940,12940,12940,False,1650.63327852948,43769.25114045105,3398.73001630432,-0.735141829204679,-0.210493278276397,-1.621079553550625,"[0.001928348829, -0.00062456535823, 0.007147829929700001, 0.00027080424233, -0.00064235225835, 0.0019194472813, -5.121233627600001e-07, 2.8160618635e-07, -8.5454471512e-08, 2.5681781078e-10, 1.0048529557e-06, -3.7207938279e-07, 1.3453146098e-06, -6.367385774799999e-10, 3.6509056215e-09, 3.2226362792e-08, 8.1416392178e-07, -2.0103493511e-07, -7.1601229571e-13, -2.1895833906e-10, 1.2998885843e-10]",0.1048600307076056,6.354299560699039e-05,0.0,EXO,REAL,2025-10-07T20:57:26.836Z,system.exo,OPS1,,,,0.0,,,,,,,,,,,,,,,,,,,,,,,,,,,,,,,,,891.97,7.755806864
80acbbeb-e26c-4474-aaca-bd9ec90256fb,U//PR-EXO-SV,2025-10-07 18:50:40.549149,19874,19874,19874,False,40190.26389407809,-13243.16359172647,-2612.63101172853,0.974340165851267,2.804627247601241,0.762613660567725,"[0.00011304356027, 0.00025222369381, 0.0007944626049900001, 5.279282868100001e-05, -1.0074729074e-06, 0.00081765280854, -3.9020283794e-09, -7.2737087594e-09, -2.0897587999e-09, 1.3114957201e-12, -5.7634628807e-10, 2.9884332993e-09, 7.5042445478e-10, -3.4534741087e-13, 2.6747681501e-13, -2.3501603165e-10, 8.1974554097e-10, -1.0947357748e-10, -1.948933236e-14, -1.0151716569e-13, 5.3504725338e-13]",0.04153503309015174,1.453966914510093e-06,0.0214,EXO,REAL,2025-10-07T21:24:27.774Z,system.exo,OPS1,,,,0.0,,,,,,,,,,,,,,,,,,,,,,,,,,,,,,,,,1363.73,33.36371398
d172f680-4588-4923-8bed-283b8062b875,U//PR-EXO-SV,2025-10-07 18:50:22.580065,11273,11273,11273,False,41149.15404336871,-8040.11791102412,3732.61777953483,0.590014664835275,3.020173871671132,0.128929071061461,"[0.00024495945154, 0.00028386176757, 0.0014408908227, -2.4002219782e-05, 4.5604910267e-05, 0.00069092127468, -1.7430272111e-08, -1.0181066959e-08, -2.6214543296e-09, 2.0285295786e-12, -1.0123143321e-08, 1.4819839481e-09, -1.5134200669e-09, 7.3834633751e-13, 6.1711003577e-13, -2.3584327185e-09, -5.9752229118e-10, -3.291697627e-09, 2.1294043292e-13, 1.1279828149e-13, 7.1651279412e-13]",0.04875214404433922,1.83361730153541e-06,0.0211,EXO,REAL,2025-10-07T22:24:26.503Z,system.exo,OPS1,,,,0.0,,,,,,,,,,,,,,,,,,,,,,,,,,,,,,,,,1952.43,17.62192734
76fab743-30f9-4d46-9040-43b34b82d230,U//PR-EXO-SV,2025-10-07 18:49:55.545007,29398,29398,29398,False,8747.84162775038,-40657.91295760706,-7244.43950910447,2.982563501712463,0.6879921953063279,-0.269310249060738,"[0.0011681617332, 0.00025680939295, 7.352940459e-05, -7.0446639319e-05, -6.5652350447e-05, 0.00029475922933, -1.0481173093e-09, 4.4153743849e-10, 2.2608757091e-10, 6.5812023962e-14, 2.5071137028e-09, 1.1180480665e-10, -3.2386805587e-10, -6.935701344599999e-14, 1.5777485466e-13, 5.179686301199999e-10, -7.461864575200001e-11, 5.1214508863e-11, -1.509271939e-14, 2.6840962521e-14, 4.3621727297e-14]",0.0391975811386366,5.169222435908518e-07,0.0175,EXO,REAL,2025-10-07T19:39:26.879Z,system.exo,OPS1,,,,0.0,,,,,,,,,,,,,,,,,,,,,,,,,,,,,,,,,2300.0,18.6334
80793cb4-0de3-4a97-abbd-2c58e4e3526c,U//PR-EXO-SV,2025-10-07 18:49:49.706053,64062,64062,64062,False,-11615.49995634182,40549.31293508901,20.62875114443,-2.954074086790823,-0.848371798319495,0.007086695915741,"[0.00048427877677, 0.00016027828477, 8.6281751481e-05, 9.3916017534e-07, 2.019977461e-06, 0.0003831974742500001, 2.0899664837e-10, 1.6221450522e-09, 9.2962284166e-11, 8.872907089700001e-14, 4.6111863064e-09, 4.5684484652e-09, 1.7357518996e-10, 9.160567732400001e-14, 4.9450702772e-13, -3.420612927300001e-11, -1.7256725026e-11, 2.6365681767e-10, -3.6451133335e-17, -7.0712967199e-16, 1.3150429482e-13]",0.03088297269533812,8.454232037488681e-07,0.0226,EXO,REAL,2025-10-07T20:03:26.830Z,system.exo,OPS1,,,,0.0,,,,,,,,,,,,,,,,,,,,,,,,,,,,,,,,,0.0,0.0
f82bf4c6-8d14-4d23-a279-ad57f60d70bd,U//PR-EXO-SV,2025-10-07 18:49:26.471900,23686,23686,23686,False,41901.08092858719,5919.16610364266,-4721.166592391311,-0.370122041914407,2.998921140822225,0.482316371327071,"[2.2151570036e-05, -7.7525263649e-05, 0.00066934018451, 1.3340379935e-05, 7.7680667821e-05, 0.00021390278098, 1.0240682013e-10, -2.6690016242e-09, -5.1595193745e-10, 3.1340172993e-13, -6.5189912329e-10, -9.9859360336e-10, 5.6077509431e-11, 5.4944410677e-14, 6.947998254e-14, -2.1217285444e-10, 3.9143598578e-10, -8.4884701623e-10, 5.06936702e-16, -3.0556400241e-14, 2.1736961571e-13]",0.03008977460078423,7.747588838987263e-07,0.0294,EXO,REAL,2025-10-07T21:03:27.571Z,system.exo,OPS1,,,,0.0,,,,,,,,,,,,,,,,,,,,,,,,,,,,,,,,,1786.92,30.20538019
83113cf7-1fcf-4201-b771-7a89b882ddab,U//PR-EXO-SV,2025-10-07 18:47:51.242966,52943,52943,52943,False,42323.29876499412,4668.843259089181,-2327.27741030167,-0.334378367986741,3.037962357766119,0.041059755178543,"[9.8307372874e-06, -5.3379753686e-05, 0.00050247169081, 1.5924757503e-05, 4.5087386676e-06, 0.00029980545524, 1.6459682115e-10, -1.6726305107e-09, -1.8565563767e-11, 1.5618911028e-13, -2.0104497932e-10, -3.1961434202e-10, 2.9833817437e-12, 1.9040047733e-14, 1.9119474532e-14, -1.1652822851e-11, 9.7237687872e-11, -3.8390657103e-11, -4.517403642800001e-15, -1.4692398291e-15, 6.3929568051e-14]",0.02849750661614802,4.891197735350719e-07,0.019,EXO,REAL,2025-10-07T19:18:27.373Z,system.exo,OPS1,,,,0.0,,,,,,,,,,,,,,,,,,,,,,,,,,,,,,,,,100.0,1.472621556
6b8878d3-b4e0-4bc8-8d5b-f384ed7066e1,U//PR-EXO-SV,2025-10-07 18:47:45.518273,39022,39022,39022,False,41877.8934556073,-4995.58298225875,-542.2882748356001,0.364502487210997,3.052029558277179,-0.004570208237147,"[0.00019684641588, 7.0014202427e-05, 0.0008495225681499999, 1.7051959904e-05, -2.3970655157e-06, 0.00043336422479, -1.2764793733e-08, -1.1583136143e-08, -7.186512349400001e-10, 1.7275776607e-12, -1.2148451484e-08, 3.3970243798e-09, -7.6478096363e-10, 6.3671279404e-13, 8.3123565502e-13, -7.0196821357e-10, 6.6954751364e-10, -7.5585783912e-10, 5.230505994800001e-14, 5.1183857109e-14, 1.0795010005e-12]",0.03846730051381302,1.907436582489704e-06,0.0416,EXO,REAL,2025-10-07T19:39:26.892Z,system.exo,OPS1,,,,0.0,,,,,,,,,,,,,,,,,,,,,,,,,,,,,,,,,4463.0,40.67333333
38cb9d75-d170-441b-ad41-92cba66c83b4,U//PR-EXO-SV,2025-10-07 18:47:43.214363,50001,50001,50001,False,4944.93961985017,41873.61183460113,-30.19295529801,-3.053413630516895,0.360593143077985,0.00655975248669,"[0.0033308772884, 0.00020570282348, 0.00074199604473, 3.6969545474e-05, 5.3187338493e-05, 0.00066883107434, 3.8587378424e-08, 4.780826541399999e-08, 3.6630972749e-09, 3.3538978841e-12, 5.5933630099e-08, 6.8337735333e-08, 5.0574141746e-09, 4.6679927043e-12, 6.947244849599999e-12, 1.4830078806e-10, 3.8157176369e-10, 2.9455922441e-09, 3.3350470785e-14, 3.251395206e-14, 5.651358615e-13]",0.06886003490755722,3.296403888360769e-06,0.0396,EXO,REAL,2025-10-07T20:06:27.656Z,system.exo,OPS1,,,,0.0,,,,,,,,,,,,,,,,,,,,,,,,,,,,,,,,,1980.0,16.98733333
245cea9a-b610-4cd1-af30-d9a2ca540b24,U//PR-EXO-SV,2025-10-07 18:47:10.207099,13129,13129,13129,False,38688.41532815912,-16320.32825464019,3338.30132067696,1.164669483911162,2.829786860822653,0.323945518002724,"[0.0012171447603, 0.0022871877621, 0.0059300404216, 0.00022211483034, 0.0005950040272899999, 0.00087110802734, -2.9903286147e-08, 1.9848866019e-09, -5.6655358973e-09, 4.140065542500001e-12, -6.8445841265e-09, 1.0731034685e-08, -9.1179456583e-10, 5.0431560424e-13, 6.1472528705e-13, -5.8052013594e-09, 2.3633708236e-09, -1.2024749957e-09, 6.379774633e-13, 9.0906033326e-14, 1.3134982599e-12]",0.0895449228557376,2.463389755895319e-06,0.039,EXO,REAL,2025-10-07T19:21:27.881Z,system.exo,OPS1,,,,0.0,,,,,,,,,,,,,,,,,,,,,,,,,,,,,,,,,644.2,4.397125898
28b5f221-1ef4-4d68-aa97-9aaf9b2ce9a6,U//PR-EXO-SV,2025-10-07 18:47:07.506007,26985,26985,26985,False,10166.28698772583,-41163.71302542451,-2057.64198078733,2.960737053651921,0.742808918658426,-0.267534917346285,"[0.0008016903879499999, 0.00018088011105, 5.6450846944e-05, -4.2636646208e-05, -2.4303108515e-05, 0.00030995598891, -3.3623215546e-09, 5.5411034203e-10, 3.8690344406e-10, 1.5512824018e-13, 7.999456169499999e-09, 8.1437720651e-10, -7.3874742745e-10, -2.1380895089e-13, 5.124652857e-13, 6.519126072e-10, -5.4771976684e-11, 8.3139475435e-10, -8.5662385806e-15, 3.2183757894e-14, 1.3524670075e-13]",0.03417743734986577,8.96013519222785e-07,0.0228,EXO,REAL,2025-10-07T19:39:26.874Z,system.exo,OPS1,,,,0.0,,,,,,,,,,,,,,,,,,,,,,,,,,,,,,,,,4300.0,37.99053333
e72895a8-dd79-47f1-9d17-e0c7d406432d,U//PR-EXO-SV,2025-10-07 18:47:02.190043,36287,36287,36287,False,8396.73028162475,41321.66624369023,810.3877105244501,-3.006973321604718,0.607873524160255,0.195062072264254,"[0.00059501230188, -3.5891203954e-05, 9.259207288199999e-05, -1.3770943284e-05, 3.7255731474e-06, 0.00026308198778, 7.809686928e-09, 7.2803956252e-09, 5.5558082801e-10, 7.7549858078e-13, 8.182694488899999e-09, 5.0964774656e-09, 1.9304041075e-10, 6.2332339112e-13, 6.5541942089e-13, 1.9264803191e-11, -6.0422818653e-11, 1.0531091194e-09, 1.0565893425e-14, -4.056787906e-15, 2.1725846785e-13]",0.03083320227517733,1.283813253366704e-06,0.0288,EXO,REAL,2025-10-07T20:00:28.213Z,system.exo,OPS1,,,,0.0,,,,,,,,,,,,,,,,,,,,,,,,,,,,,,,,,3060.0,13.99773333
80a2dd50-cb66-4296-93dd-b5fd63325329,U//PR-EXO-SV,2025-10-07 18:45:59.436049,25354,25354,25354,False,42121.18513727696,2792.3051610601,-5430.315276422871,-0.171721740627643,3.046210453063231,0.2226093300285,"[1.7534660823e-05, -3.1221403155e-05, 0.00076680674514, 4.8513790273e-05, 2.9901612932e-05, 0.00038744025482, -1.2525253679e-10, -7.233596263100001e-09, -5.181252681800001e-10, 3.9708312657e-13, -6.7061835107e-10, -1.7283923541e-09, -7.079681544499999e-11, 6.9175843487e-14, 6.2228033231e-14, -2.8592435524e-11, 1.1466111514e-09, -6.691760524e-11, -3.6075484803e-14, -1.8985720192e-14, 1.6600768556e-13]",0.03423129651040113,7.907710448423109e-07,0.0353,EXO,REAL,2025-10-07T19:57:26.855Z,system.exo,OPS1,,,,0.0,,,,,,,,,,,,,,,,,,,,,,,,,,,,,,,,,2957.38,41.254
691dbf65-4bcc-4056-ba95-2013e01d4d4f,U//PR-EXO-SV,2025-10-07 18:45:56.137897,18384,18384,18384,False,8694.40195279293,40568.34061504121,7623.013761619171,-2.991347502530723,0.677450675481895,-0.198526823677038,"[0.00050062496114, -4.5964136932e-05, 4.4602261349e-05, 2.4853668315e-05, -3.5574652084e-05, 0.00024294229881, 6.603507975200001e-09, 2.3612243253e-09, 1.5027429964e-09, 3.7344245441e-13, 8.811769602000001e-09, 1.6983045983e-09, 1.6583634975e-09, 3.8766315245e-13, 5.0659884894e-13, 2.1390628245e-09, 6.8866865722e-10, -2.7241017569e-10, 9.9937490688e-14, 1.1429661324e-13, 7.2786825698e-14]",0.02807435700597611,9.761291559255875e-07,0.0145,EXO,REAL,2025-10-07T19:54:27.228Z,system.exo,OPS1,,,,0.0,,,,,,,,,,,,,,,,,,,,,,,,,,,,,,,,,1982.16,27.8527053
7af626c3-7544-4aa8-b7dc-82ead3c3e578,U//PR-EXO-SV,2025-10-07 18:44:47.263919,32293,32293,32293,False,23820.86729278683,-35084.59691079933,-2210.87976308859,2.529673827026271,1.723611406308657,-0.159651905638827,"[0.0006401759296699999, 0.00042557947548, 0.00029568132122, -2.3800394037e-05, -3.020552872e-05, 0.0002252341731, -3.6565885914e-09, -1.4628075493e-09, 2.343179785e-10, 2.0218965393e-13, 4.2545054254e-09, 2.6597774041e-09, -2.705755646e-10, -1.8646978337e-13, 2.4758656543e-13, 4.3406832121e-10, 1.9769890434e-10, 6.0349615767e-10, -9.7259513151e-15, 1.8547135232e-14, 1.1527359626e-13]",0.03407479162063944,7.516979550457751e-07,0.0252,EXO,REAL,2025-10-07T20:03:26.808Z,system.exo,OPS1,,,,0.0,,,,,,,,,,,,,,,,,,,,,,,,,,,,,,,,,4100.0,25.35946667
b8c97ec9-38c5-4e4c-94e5-e84598a0ad55,U//PR-EXO-SV,2025-10-07 18:44:42.027979,26624,26624,26624,False,-2721.63557218225,42483.29402628839,927.86724799931,-3.041919599190872,-0.201821787879983,0.239256692189709,"[0.0047998341997, 0.00034787298002, 9.7943286543e-05, -0.00032890288781, -3.0157108888e-05, 0.00059922870172, 1.956075021e-09, 4.9461705071e-09, 4.7075536127e-10, 3.2703064472e-13, 4.9665934912e-09, 6.1589979905e-09, 9.370980517e-11, 3.5762358698e-13, 7.7229380537e-13, 1.2194412673e-10, -1.6424321429e-10, 2.3164094198e-09, 4.0489626874e-14, -4.5728832077e-15, 6.2591198195e-13]",0.07414179784684885,1.313482558711763e-06,0.0457,EXO,REAL,2025-10-07T20:18:27.284Z,system.exo,OPS1,,,,0.0,,,,,,,,,,,,,,,,,,,,,,,,,,,,,,,,,4852.0,67.27733333
9817a640-e3ab-4d5f-892b-b0703ad93012,U//PR-EXO-SV,2025-10-07 18:44:35.925900,43633,43633,43633,False,-11963.16304921156,40440.36327775715,10.70967575271,-2.947750870678505,-0.872007275369469,0.006802669123871,"[0.0009620836537100001, 0.00053802143801, 0.006920162187300001, 2.2732643923e-05, 0.00046013277431, 0.0013327466503, 3.9389743846e-08, 1.1181457957e-07, 8.8801150905e-09, 9.3138360922e-12, 4.789352092500001e-08, 8.8372724939e-07, 6.0846854393e-08, 1.8133399686e-11, 1.2140422349e-10, 8.783725161399999e-10, 3.8007390502e-08, 6.445549427100001e-08, 1.3707076987e-12, 5.9962538477e-12, 7.7199349753e-12]",0.09599475241548364,1.176596764220861e-05,0.0,EXO,REAL,2025-10-07T20:03:26.819Z,system.exo,OPS1,,,,0.0,,,,,,,,,,,,,,,,,,,,,,,,,,,,,,,,,6441.0,56.56426667
ddd7ff72-07ab-4deb-9eac-56b8c9a7311e,U//PR-EXO-SV,2025-10-07 18:44:33.799820,39206,39206,39206,False,-20883.49370794534,36546.77582623019,3234.82352623472,-2.654500744291279,-1.542499380295854,0.06617424057698901,"[0.00039943101594, 0.00025887316839, 0.000229079061, 2.1273045123e-05, -2.7752161958e-05, 0.00049392323, -1.7050872388e-09, -4.2972535771e-10, 1.1553727382e-10, 8.4412029745e-14, 6.9518213441e-09, 1.0613688698e-08, 3.0937451191e-10, -7.0211998633e-14, 9.5369202715e-13, 5.4058055923e-10, 5.7604114992e-10, 5.9570592002e-10, -2.6852695835e-15, 4.9278911534e-14, 1.2023624064e-13]",0.0335027358127661,1.076262188100558e-06,0.0358,EXO,REAL,2025-10-07T21:15:27.463Z,system.exo,OPS1,,,,0.0,,,,,,,,,,,,,,,,,,,,,,,,,,,,,,,,,6740.0,71.29793333
907f5f78-7e0f-403a-8fd3-3a523a8efd60,U//PR-EXO-SV,2025-10-07 18:44:33.799820,28364,28364,28364,False,-21019.3139828288,36797.28688231001,3488.88079023663,-2.640855883812385,-1.531350637449216,0.234235034389235,"[0.00023310469049, 0.00014126112129, 9.6060506062e-05, 2.9752904291e-06, -2.006403314e-05, 0.00021986611058, -1.1839631818e-09, -6.2797968949e-10, 1.1349215989e-10, 4.8248336526e-14, 3.0950286225e-09, 2.7685478565e-09, -2.9286541781e-10, -7.4432126223e-14, 2.4926264842e-13, 2.941665245e-10, 1.9524784258e-10, 9.142780713999999e-11, -1.5895938894e-15, 1.6921382251e-14, 6.5218230096e-14]",0.02343141709611265,6.022700515898163e-07,0.0353,EXO,REAL,2025-10-07T19:27:27.442Z,system.exo,OPS1,,,,0.0,,,,,,,,,,,,,,,,,,,,,,,,,,,,,,,,,4845.0,40.76493333
9489e1ad-ba6d-47d0-b87b-dacaa8fd9820,U//PR-EXO-SV,2025-10-07 18:44:32.659452,23413,23413,23413,False,30524.9238762586,29357.8361791952,4354.6771205035,-2.123512146791106,2.109041812985946,0.648937885235065,"[0.0008849400583399999, -0.00078555125203, 0.0008276081548800001, -0.0001903521086, 9.205142344399999e-05, 0.0007345518162099999, 1.2369330846e-08, -4.0948695544e-10, -1.472114902e-10, 1.6503296259e-12, 4.646314392e-09, -1.844316657e-09, -1.6418522962e-09, 7.2265862472e-13, 5.5601393705e-13, 6.7763763304e-10, -1.1869795688e-09, 4.0947898311e-09, 1.5946453341e-13, -7.342049856900001e-14, 7.326568377800001e-13]",0.04946817188283796,1.714351306100941e-06,0.05499999999999999,EXO,REAL,2025-10-07T19:09:27.000Z,system.exo,OPS1,,,,0.0,,,,,,,,,,,,,,,,,,,,,,,,,,,,,,,,,1129.83,21.80179194
1ffd8361-1aea-463b-bc54-81cb68940918,U//PR-EXO-SV,2025-10-07 18:44:29.879021,5204,5204,5204,False,-12455.79250952642,41013.56492954173,84.69217438317,-2.914291152576934,-0.8858550041059969,-0.01642856345566,"[0.00068846493725, 0.0002196199, 7.871055473600001e-05, 2.2141225731e-06, -1.8799162883e-07, 0.00028780980563, -2.0416156134e-10, 2.7712243192e-10, -1.4427099604e-11, 2.6004205166e-14, 3.1137513221e-09, 1.8982620878e-09, -1.5771415758e-11, -5.199468069e-15, 2.3829334102e-13, 2.0102087986e-11, 1.2335402657e-11, 3.096105553e-11, -8.6706816001e-17, 1.1604337028e-15, 3.2238761647e-14]",0.03248053721255238,5.445514739976378e-07,0.0185,EXO,REAL,2025-10-07T19:54:27.219Z,system.exo,OPS1,,,,0.0,,,,,,,,,,,,,,,,,,,,,,,,,,,,,,,,,860.0,25.18251998
1389ab93-3a68-44c1-aa4f-1208ea698c59,U//PR-EXO-SV,2025-10-07 18:44:27.175998,54221,54221,54221,False,-31345.83094110883,29109.8934297153,3883.2203131789,-2.053111189167691,-2.240402058932523,0.08934389882477499,"[0.00022278198479, 0.00025931379533, 0.00033002248277, 1.3338510262e-05, -2.1604553482e-05, 0.00026287011574, -4.2214364961e-09, -5.696363543e-09, 1.7288359282e-10, 2.5809103671e-13, 5.2515296617e-09, 8.359176325900002e-09, -2.1687652485e-10, -3.0939968569e-13, 4.5848367174e-13, 7.017325730400001e-10, 1.015904225e-09, -1.8157805562e-11, -3.4824293153e-14, 5.173792074e-14, 8.1782460653e-14]",0.02856001721463066,8.935083486476218e-07,0.0106,EXO,REAL,2025-10-07T22:15:26.656Z,system.exo,OPS1,,,,0.0,,,,,,,,,,,,,,,,,,,,,,,,,,,,,,,,,3230.0,49.81607763
d979d072-fba9-4504-a5f5-e5bd79ff7c6d,U//PR-EXO-SV,2025-10-07 18:44:24.343907,23842,23842,23842,False,42305.93509340983,2367.82622543141,-3481.34692317139,-0.164178271694114,3.055963882805662,0.07174294711908201,"[9.6097857897e-06, -2.5769071212e-05, 0.00056036786122, 1.4499603982e-05, 9.5341603181e-06, 0.00018186674328, 3.4639570037e-10, -8.912081788899999e-09, -1.8686135841e-10, 5.460706225e-13, -4.8073372391e-10, -9.0613165584e-10, -2.0362952637e-11, 4.3639025786e-14, 4.093900358e-14, -2.3399251934e-11, 9.5047548197e-10, 1.7578410231e-10, -4.1024221383e-14, -7.0204581883e-15, 1.4349982836e-13]",0.02741978100367871,8.546984581944675e-07,0.0343,EXO,REAL,2025-10-07T19:30:28.358Z,system.exo,OPS1,,,,0.0,,,,,,,,,,,,,,,,,,,,,,,,,,,,,,,,,1883.05,76.24775771
39ea299f-2a19-4b30-89e1-06c026dc6f8f,U//PR-EXO-SV,2025-10-07 18:44:20.590477,28628,28628,28628,False,-18041.52715920729,37960.0287855571,3431.74374846936,-2.77234829637344,-1.326215055245669,0.080908695396836,"[0.00037739170717, 0.00028625150682, 0.00051810885878, 4.0134146331e-05, -1.2508473923e-05, 0.0006539691916199999, -1.6330216386e-09, 8.3712978567e-09, 1.3336977706e-09, 4.451709136e-13, 1.9273106108e-08, 4.0766299147e-08, 1.9551420647e-09, 5.5599584868e-13, 3.664705778e-12, 1.7260279442e-09, 1.2937190086e-09, 7.6626824873e-09, 5.7234868225e-14, 1.1196729405e-13, 9.9534061244e-13]",0.03936330470844642,2.259472793383448e-06,0.0348,EXO,REAL,2025-10-07T19:36:27.599Z,system.exo,OPS1,,,,0.0,,,,,,,,,,,,,,,,,,,,,,,,,,,,,,,,,5940.0,57.21813333
692510bb-74fa-43d7-95e7-7aa4503e9367,U//PR-EXO-SV,2025-10-07 18:44:18.466007,11158,11158,11158,False,51120.37457377573,1685.61507536865,-3907.55276466044,-0.6729957623901409,2.334803486810485,-0.427199414083342,"[0.00013768263107, -0.00024701497875, 0.0038153177404, 0.00010223611258, -0.00059568027011, 0.00092235577855, 1.2926653622e-08, -1.0811464803e-08, 2.070641431e-09, 1.8337997935e-12, -4.0296520834e-09, 1.9396094564e-09, 5.0139006512e-10, -2.6810066668e-13, 1.939820373e-13, 5.214199799900001e-10, 1.1824317744e-09, 3.6976923419e-09, 9.8490423886e-15, 6.7287777636e-14, 4.5184375593e-13]",0.06982375061553196,1.57468269398314e-06,0.001,EXO,REAL,2025-10-07T19:54:27.222Z,system.exo,OPS1,,,,0.0,,,,,,,,,,,,,,,,,,,,,,,,,,,,,,,,,2101.09,23.8702275
4708b2ca-2e4d-4d7e-9454-19741d734c26,U//PR-EXO-SV,2025-10-07 18:44:10.126000,20499,20499,20499,False,-2482.77769041736,-41197.90521021997,-8613.44896398144,3.058087967244424,-0.232722950908624,0.221690104446655,"[0.00069212962515, -5.6124840377e-05, 2.1500174683e-05, 2.6702262794e-05, -5.3061730879e-05, 0.00024945585246, -4.615465285e-10, 4.4588554371e-10, 7.874719512500001e-11, 2.9206811959e-14, 2.8408201165e-09, -8.167507791299999e-10, 1.3695824741e-10, -3.2159143739e-14, 1.868088496e-13, 5.6407082659e-10, -6.5725659296e-11, -2.5317941987e-10, -7.6959257631e-15, 2.6136811793e-14, 4.9085741785e-14]",0.03103362132096414,5.148799892635175e-07,0.0123,EXO,REAL,2025-10-07T19:00:28.730Z,system.exo,OPS1,,,,0.0,,,,,,,,,,,,,,,,,,,,,,,,,,,,,,,,,1947.47,16.97517964
c40384b0-9896-4530-a494-db23885bd4b9,U//PR-EXO-SV,2025-10-07 18:43:19.146916,21052,21052,21052,False,38454.98986169943,-19223.9043740771,747.66014753878,1.388787323563123,2.699846721205496,0.027738109874118,"[0.00014356464619, 0.0002744618075, 0.00054691460355, -3.3281688501e-06, 5.4331238337e-06, 0.00032403918316, -2.1108054885e-09, -2.9567464266e-09, -5.216468371e-11, 2.7288379761e-13, 6.299609215399999e-10, 1.4273320209e-09, 8.9095147447e-12, -9.4263912086e-14, 5.408532637e-14, -4.0545623978e-11, -4.2432184475e-11, -4.8284307113e-11, 5.19982908e-15, -1.8060063155e-15, 5.8255754126e-14]",0.03185150597538521,6.206648677877619e-07,0.018,EXO,REAL,2025-10-07T19:45:28.061Z,system.exo,OPS1,,,,0.0,,,,,,,,,,,,,,,,,,,,,,,,,,,,,,,,,38.65,0.309
7b847e54-fa3c-435b-b8e1-323e8df6841c,U//PR-EXO-SV,2025-10-07 18:43:17.290076,40146,40146,40146,False,-2310.01867820481,42106.17158801708,-13.14848932844,-3.069599563935031,-0.169263113238021,0.007093102823195,"[0.00085175742644, 0.00052773293109, 0.0017688595639, 3.0748314324e-05, 6.8196647768e-05, 0.00065506078971, 2.2102921423e-08, 3.1852010133e-08, 2.6491407066e-09, 2.2005417963e-12, 5.0789311382e-08, 1.8275606863e-07, 6.667311630599999e-09, 2.8806569301e-12, 1.9232027839e-11, -1.289111273e-11, -3.7110287395e-09, 4.2886395219e-09, 8.8170384013e-14, -4.1443772651e-13, 8.004456315100001e-13]",0.05723353719673457,4.715189844196096e-06,0.0453,EXO,REAL,2025-10-07T19:21:27.890Z,system.exo,OPS1,,,,0.0,,,,,,,,,,,,,,,,,,,,,,,,,,,,,,,,,3270.0,38.55953333
29be30b6-c91e-4de9-b0ec-e481f3ec3b82,U//PR-EXO-SV,2025-10-07 18:43:17.290076,32253,32253,32253,False,-2105.32863858107,42475.44370754815,413.13936542517,-3.05262783222051,-0.155085874723105,0.158815266614406,"[0.00035708168291, 3.0025791614e-05, 1.5999994937e-05, -5.4860597425e-06, -3.4300986835e-06, 0.00025122824323, 7.6858609547e-10, 9.8241764586e-10, -3.4516290573e-11, 6.4766517538e-14, 2.1795877386e-09, 1.1574039204e-09, -1.2477470256e-10, 6.5754045354e-14, 1.8017216676e-13, -2.6555000297e-11, -6.797554222500001e-11, 2.0010177797e-10, -1.0922164234e-15, -4.656014512099999e-15, 6.4228879546e-14]",0.02498619460976401,5.560283840272904e-07,0.0415,EXO,REAL,2025-10-07T22:03:26.223Z,system.exo,OPS1,,,,0.0,,,,,,,,,,,,,,,,,,,,,,,,,,,,,,,,,2450.0,24.48226667
1b09208b-242c-470a-a2d3-d2cc446347fb,U//PR-EXO-SV,2025-10-07 18:43:17.290076,28542,28542,28542,False,-2035.03957483024,42481.56561585134,613.33766945302,-3.050753132453505,-0.150031287907384,0.198141651130047,"[0.00039451402246, 6.6685021653e-05, 9.8118920235e-05, -5.8365366024e-06, 8.0501576714e-07, 0.00024359902056, 3.081325444e-09, 6.4364131107e-09, 4.1265813833e-10, 4.2963280925e-13, 6.4789251675e-09, 8.325303770499999e-09, 2.2103201717e-10, 5.2882611194e-13, 9.254543930900001e-13, 3.5413231081e-11, -1.110662709e-10, 1.3558713415e-09, 1.1510309189e-14, -4.5020635141e-15, 2.7902372542e-13]",0.02713359473521708,1.278323483223241e-06,0.0405,EXO,REAL,2025-10-07T19:54:27.254Z,system.exo,OPS1,,,,0.0,,,,,,,,,,,,,,,,,,,,,,,,,,,,,,,,,3631.0,40.50493333
c0a2954a-589f-4488-ab82-7fc026506948,U//PR-EXO-SV,2025-10-07 18:42:59.283012,25924,25924,25924,False,-4443.726433565511,41937.60788979997,-2.98961658014,-3.056896354521006,-0.324214616412962,0.009297652446874,"[0.0004348801509, 0.0001882761341, 0.00024173862707, 1.117220655e-05, 1.8413969104e-05, 0.00035645068649, 7.9224057225e-09, 1.3905381688e-08, 1.1100245872e-09, 8.4235296755e-13, 1.9747637166e-08, 2.0887689826e-08, 1.4998209598e-09, 1.0928163619e-12, 2.3046239986e-12, 4.378847633e-11, 3.7119387544e-10, 3.7887333141e-09, 2.4948266037e-14, 3.7660423556e-14, 7.6755130092e-13]",0.03214139798546416,1.978516683546035e-06,0.0504,EXO,REAL,2025-10-07T20:00:28.205Z,system.exo,OPS1,,,,0.0,,,,,,,,,,,,,,,,,,,,,,,,,,,,,,,,,2600.0,18.2896
8dac1f4d-af84-4481-8ede-799bb8176643,U//PR-EXO-SV,2025-10-07 18:42:51.449098,20923,20923,20923,False,4212.499284495109,40981.26250501027,9105.781684768339,-3.04727440574343,0.351521329598118,-0.177994652044625,"[0.0005464813735599999, -3.8798947364e-05, 3.4404111425e-05, -3.7848045297e-07, -9.5296958512e-05, 0.00044890316324, 1.5072469647e-09, 7.3187868347e-10, 3.7122998433e-10, 7.9104102502e-14, 2.7361951723e-09, 7.5126027578e-10, 5.070438342500001e-10, 9.946181356600001e-14, 1.7558991246e-13, 6.9370667396e-10, 2.5022387304e-10, 2.9785536617e-11, 2.6326053636e-14, 4.0816698423e-14, 3.0319378396e-14]",0.03209032016395287,5.33866456483267e-07,0.006,EXO,REAL,2025-10-07T20:12:28.416Z,system.exo,OPS1,,,,0.0,,,,,,,,,,,,,,,,,,,,,,,,,,,,,,,,,2101.09,23.8702275
a56dc4e0-db01-47e1-a525-552cc4f819ed,U//PR-EXO-SV,2025-10-07 18:42:41.415920,13637,13637,13637,False,4392.04375722536,41697.7531842605,8906.32022748073,-3.021517556466069,0.356038224555802,-0.206783160316306,"[0.00066254289838, 2.1515181111e-05, 5.8209824549e-05, 2.7814128119e-05, -6.8644828687e-05, 0.0003914065963, 8.3775595463e-09, 3.5448631754e-09, 1.5701540768e-09, 3.8342539043e-13, 1.5895854409e-08, 3.6600075811e-09, 2.4146814075e-09, 5.038204664899999e-13, 9.3723790517e-13, 4.130884836200001e-09, 1.2964664524e-09, -5.302782837400001e-10, 1.2674135879e-13, 2.14552518e-13, 1.6761415253e-13]",0.03334905274860142,1.219949772789847e-06,0.017,EXO,REAL,2025-10-07T23:03:26.650Z,system.exo,OPS1,,,,0.0,,,,,,,,,,,,,,,,,,,,,,,,,,,,,,,,,1112.98,8.43866569
fa39758d-2f58-4861-82f1-54203e35d85c,U//PR-EXO-SV,2025-10-07 18:42:37.752331,17874,17874,17874,False,41801.23999454685,-5090.16299902681,4294.79917314264,0.331370935301489,3.023733629646598,0.360888539744292,"[7.0626910508e-05, 0.00013353140028, 0.00099215527885, -1.9427086745e-05, 8.123047739499999e-05, 0.00039844534457, -7.7941753652e-09, -1.8322447417e-08, -3.2971689922e-09, 1.875485494e-12, -2.7884881169e-09, 6.613371656800001e-10, -4.8790500339e-10, 2.0136044303e-13, 1.8817059536e-13, -1.4963346125e-09, -2.0187001291e-09, -3.0171647718e-11, 2.2437204294e-13, 1.6744291729e-14, 4.2198168165e-13]",0.03822600598974473,1.576590552746654e-06,0.007700000000000001,EXO,REAL,2025-10-07T19:18:27.339Z,system.exo,OPS1,,,,0.0,,,,,,,,,,,,,,,,,,,,,,,,,,,,,,,,,2120.91,23.59650242
965a108f-e800-4723-81d0-83eb47f5ccd9,U//PR-EXO-SV,2025-10-07 18:42:37.752331,12471,12471,12471,False,41428.9390903495,-5325.21863666623,3906.52510147432,0.3713041253958,3.053563351761043,0.142515815006136,"[1.9552951701e-05, 7.6371497097e-05, 0.00062047122366, -2.8174393553e-05, 1.7421609953e-05, 0.00033235515003, -1.0523231254e-09, -7.495371302800001e-09, -4.0514520242e-10, 5.671413209e-13, -3.8591391198e-10, 1.0509329886e-09, -3.6562492237e-11, -6.0110445164e-14, 4.6014408199e-14, -1.5766109085e-10, -6.5465769023e-10, 3.6704243207e-10, 3.9034504689e-14, -9.2439490773e-15, 1.6020605691e-13]",0.03118299737663139,8.794099078410478e-07,0.0088,EXO,REAL,2025-10-07T19:42:26.609Z,system.exo,OPS1,,,,0.0,,,,,,,,,,,,,,,,,,,,,,,,,,,,,,,,,2120.91,23.59650242
1d195f27-9d66-408e-a41d-84738b81b4a5,U//PR-EXO-SV,2025-10-07 18:42:18.530387,63524,63524,63524,False,-8306.9109004932,41347.37013858941,94.14368992565001,-3.013546546794471,-0.605768193602526,0.0278721456211,"[0.00030770665413, 8.8557280095e-05, 5.9674853485e-05, 9.792829283999999e-07, 2.0983985951e-06, 0.00021501584596, 8.4344001833e-10, 2.1349198742e-09, 1.4581302494e-10, 1.1680299257e-13, 5.0145330682e-09, 4.4329555038e-09, 1.9313823307e-10, 1.3950691411e-13, 5.085073473e-13, -3.058264979e-11, -3.824710183e-12, 1.0370244353e-09, 2.2799813143e-15, 5.362700221099999e-16, 2.2133638342e-13]",0.02413291017625102,9.201340789743633e-07,0.0233,EXO,REAL,2025-10-07T19:21:27.902Z,system.exo,OPS1,,,,0.0,,,,,,,,,,,,,,,,,,,,,,,,,,,,,,,,,0.0,0.0
82839bbe-4a07-4358-b5b7-18ab998662af,U//PR-EXO-SV,2025-10-07 18:42:16.436011,47613,47613,47613,False,-18047.51310773806,38113.27447426307,-10.87606817386,-2.778453684878183,-1.315678166729611,0.004705208810311,"[0.00035987115429, 0.000197567114, 0.00014250714051, 5.944232087e-07, 1.3720976431e-06, 0.00033294222262, -8.3674922172e-10, 2.7634381758e-10, 2.1897988217e-11, 5.8673750822e-14, 5.8482615028e-09, 6.9011142249e-09, 1.0842676087e-10, -1.6469103005e-14, 6.624595706600001e-13, -1.454053573e-11, -2.1842659831e-11, 3.4061262523e-10, -1.9312111909e-16, -1.5542463945e-15, 9.9515473664e-14]",0.02890191200284161,9.058966801716408e-07,0.0125,EXO,REAL,2025-10-07T20:09:27.269Z,system.exo,OPS1,,,,0.0,,,,,,,,,,,,,,,,,,,,,,,,,,,,,,,,,4000.0,34.06333333
b673024e-7032-4d92-9c5b-6b0018ee6b04,U//PR-EXO-SV,2025-10-07 18:41:49.020831,50005,50005,50005,False,-12839.01641712947,40177.11799750496,34.45017489411,-2.927406579112994,-0.936602546920095,0.014628429769462,"[0.00093983659947, 0.0003819357023, 0.0030581828272, -9.622660814400001e-07, 0.00012835149156, 0.00029846485547, 4.1882740045e-09, -1.0880561738e-08, -7.4278610083e-10, 5.736738993099999e-13, 1.0910140433e-08, 3.0349613184e-07, 1.3305235261e-08, -1.3849680156e-12, 3.1144363048e-11, -2.8527093163e-10, 1.4294020512e-09, 2.403825652e-09, -3.6165531854e-14, 1.6247712716e-13, 5.6463537927e-13]",0.06554757266398199,5.681784255546843e-06,0.0202,EXO,REAL,2025-10-07T19:42:26.644Z,system.exo,OPS1,,,,0.0,,,,,,,,,,,,,,,,,,,,,,,,,,,,,,,,,5000.0,40.60366667
bf3a85a5-b468-4e3c-aaef-d713b0b2f11b,U//PR-EXO-SV,2025-10-07 18:41:31.465987,55507,55507,55507,False,18459.63871809879,-36613.44409961866,-826.57273817901,2.787797284592009,1.420930228557604,-0.09773528013142299,"[0.00031900486738, 0.00015348500513, 8.6330471178e-05, -2.8904642527e-06, -6.4141196279e-06, 0.00022281396529, -2.735304274e-09, -4.1071896445e-10, 1.0220376324e-10, 1.5306827358e-13, 4.2224161245e-09, 2.0922248323e-09, -1.5196939001e-10, -1.541338214e-13, 2.9322205447e-13, 1.40198346e-10, 2.9209698199e-11, 5.2172695608e-10, -2.4946187157e-15, 6.8505426741e-15, 9.397981636799999e-14]",0.02506290693131984,7.350307098468743e-07,0.007700000000000001,EXO,REAL,2025-10-07T20:15:26.859Z,system.exo,OPS1,,,,0.0,,,,,,,,,,,,,,,,,,,,,,,,,,,,,,,,,2140.0,26.00846018
4a84761f-51eb-417e-bf58-3c59ec34b143,U//PR-EXO-SV,2025-10-07 18:41:19.799022,23426,23426,23426,False,-2577.72047817101,-40691.28282427189,-10733.515559272,3.068956068200799,-0.195759687120299,-0.00553943177037,"[0.00038538889317, -3.2842516292e-05, 9.009915784499999e-05, -1.987551084e-05, -0.00025658964176, 0.0010026127339, -7.8523593595e-10, 1.3154148197e-09, 4.3228659729e-10, 9.0162224346e-14, 2.8490682429e-09, -1.8482327701e-09, -5.324758937e-10, -1.1046781966e-13, 2.7017144204e-13, 7.3514843566e-10, -4.2533708726e-10, -2.6914964741e-10, -2.798241934e-14, 5.8175460731e-14, 5.6129140617e-14]",0.03844607632665524,6.4533929603194e-07,0.0178,EXO,REAL,2025-10-07T19:24:27.221Z,system.exo,OPS1,,,,0.0,,,,,,,,,,,,,,,,,,,,,,,,,,,,,,,,,2279.48,40.92634586
614c7ba4-22f2-482a-8aea-fedfce5b9d9c,U//PR-EXO-SV,2025-10-07 18:40:54.867996,16732,16732,16732,False,-19108.76076926801,37091.38045723365,2087.18248070849,-2.727292673853262,-1.381246254795682,-0.46281843981045,"[0.00056122074865, 0.00034119641756, 0.00024992469185, 7.2851002908e-05, 3.8674830203e-05, 0.00030717664806, -4.1300242165e-09, -1.7276670318e-09, -5.4079969096e-10, 1.658235145e-13, 1.5942385033e-08, 1.4155243539e-08, 3.9235885573e-09, -2.5904924172e-13, 1.3832866239e-12, 1.1856465531e-09, 1.281718512e-09, -4.7935909957e-10, -3.4512115978e-14, 8.3569731891e-14, 2.3511876929e-13]",0.03344132306832372,1.335750316372787e-06,0.0103,EXO,REAL,2025-10-07T19:39:26.859Z,system.exo,OPS1,,,,0.0,,,,,,,,,,,,,,,,,,,,,,,,,,,,,,,,,2120.91,23.59650242
704b5420-46b0-4298-a19e-94d96badb711,U//PR-EXO-SV,2025-10-07 18:40:18.906976,43917,43917,43917,False,42621.83533618657,833.18623729141,-3043.93447324837,-0.056650568125194,3.052330558275638,0.034236939797457,"[3.9901470045e-06, -9.1271645239e-06, 0.00030332396101, 1.1983989637e-05, 1.6883071174e-06, 0.00016847944422, 3.338667492e-10, -2.545715991e-09, -2.8001215041e-11, 1.9578750993e-13, -2.0207153687e-10, 1.6905170827e-10, 9.133495999e-13, -1.5481040347e-14, 1.3782890967e-14, -2.6197307264e-11, 2.3393998346e-10, -4.599696076e-11, -9.7300731619e-15, 4.6661529429e-16, 5.0641332421e-14]",0.02181269245724837,5.101095307068865e-07,0.0098,EXO,REAL,2025-10-07T19:48:26.645Z,system.exo,OPS1,,,,0.0,,,,,,,,,,,,,,,,,,,,,,,,,,,,,,,,,500.0,1.5
925b4659-a837-4510-b58c-5b4c127aa683,U//PR-EXO-SV,2025-10-07 18:40:15.083380,32405,32405,32405,False,7801.801214447431,31996.877511061,151.50189088133,-2.481898738802816,-1.337948468498065,0.206279123277749,"[0.0010741470763, -0.00018134898422, 0.00012409321247, -8.9071216113e-05, 1.9252995669e-05, 0.00020632261763, 5.2356188319e-09, 6.0597677746e-09, 1.1031471405e-11, 5.9191522847e-13, 1.1449083247e-08, 9.9366441259e-09, -3.7181896476e-10, 8.4977375229e-13, 1.7847541142e-12, -7.2774321665e-12, -9.8958590873e-11, 2.0651683552e-10, -9.2145950845e-16, -5.1075224985e-15, 1.3053963658e-13]",0.03747749866786736,1.583416868436736e-06,0.007700000000000001,EXO,REAL,2025-10-07T21:39:36.537Z,system.exo,OPS1,,,,0.0,,,,,,,,,,,,,,,,,,,,,,,,,,,,,,,,,3210.0,23.68368162
c0a05a5f-0691-4d07-9641-edfd250c564c,U//PR-EXO-SV,2025-10-07 18:40:13.537945,26378,26378,26378,False,-13339.0376459755,39569.7040347675,8504.7574590041,-2.880779585883633,-1.010544023286662,0.167454795820629,"[0.0018275611423, 0.00064090999538, 0.00024889730192, -6.2830127206e-05, -9.7843091227e-05, 0.00035803924994, -2.9083070628e-10, 9.781181020600001e-11, 5.1504520911e-11, 1.859461564e-14, 3.1962346693e-09, 2.1541288988e-09, -7.3493399035e-11, -1.0876551153e-14, 2.4994167156e-13, 6.4333108728e-10, 3.6306951672e-10, 8.114646097999999e-11, -7.287744368e-16, 4.1110892399e-14, 3.8698597125e-14]",0.04934062924365679,5.542877270200018e-07,0.0238,EXO,REAL,2025-10-07T21:00:31.361Z,system.exo,OPS1,,,,0.0,,,,,,,,,,,,,,,,,,,,,,,,,,,,,,,,,2600.0,18.13972231
8d4548c9-debf-4796-afd0-7424923e4a8c,U//PR-EXO-SV,2025-10-07 18:40:08.789469,28184,28184,28184,False,41956.24208725422,-1899.33639282985,-3965.12339688807,0.145562065926025,3.069099198299193,0.061595835847191,"[0.00077934211121, 0.00037301158521, 0.0011316730269, 3.4245105443e-05, -5.5411093546e-07, 0.0005616601028, -6.6169374621e-08, -6.4818570531e-08, 1.1889378592e-10, 7.932818150899999e-12, -5.187155436e-08, -2.083350965e-08, 1.4863515475e-09, 4.2427731478e-12, 3.497552701e-12, 1.8852562873e-09, 5.488110026e-09, -7.0378886859e-09, -3.2379688167e-13, -1.8146602256e-13, 1.3407360631e-12]",0.04972600165818684,3.573668551362871e-06,0.0564,EXO,REAL,2025-10-07T19:30:28.366Z,system.exo,OPS1,,,,0.0,,,,,,,,,,,,,,,,,,,,,,,,,,,,,,,,,4143.0,40.76493333
f5fac327-c211-4f09-a022-33759bfa7220,U//PR-EXO-SV,2025-10-07 18:40:04.788043,41471,41471,41471,False,-249.42065547396,42167.76887326574,-18.58535313462,-3.074306756628143,-0.018283675427149,0.007301724249995,"[0.00074478694488, 0.0006378359134, 0.0019424579669, 2.1718740826e-05, 4.7881688544e-05, 0.00029659119277, 1.9168342508e-08, 4.2130194229e-08, 1.7208069637e-09, 1.462367324e-12, 6.6104376372e-08, 2.0119706436e-07, 4.7916149692e-09, 4.2454671519e-12, 2.0952372527e-11, -1.6155207572e-09, -6.5866294405e-09, 4.3867664447e-10, -7.7184920925e-14, -6.9743838901e-13, 1.8280230298e-13]",0.0546245009546998,4.753687216675073e-06,0.0318,EXO,REAL,2025-10-07T19:30:28.388Z,system.exo,OPS1,,,,0.0,,,,,,,,,,,,,,,,,,,,,,,,,,,,,,,,,4696.0,26.96373333
ccd07be4-ab69-4fe0-a4d8-5f4cbf935ba9,U//PR-EXO-SV,2025-10-07 18:40:03.479500,58204,58204,58204,False,-13910.6556277414,39810.26467967626,624.68116290437,-2.899395266485945,-1.016102747283502,0.097941596946815,"[0.00018345712116, 7.802072299e-05, 5.3829085588e-05, -2.3484229492e-06, -1.3101267752e-06, 8.815218430699999e-05, -1.3826868543e-10, 7.943320989299999e-10, 8.0024915779e-11, 5.459953429e-14, 3.2036371378e-09, 3.2385029821e-09, 1.849412737e-11, 2.3913924029e-14, 3.6483270385e-13, 3.1939728364e-11, -7.0429489991e-12, 5.9383025944e-10, 2.1777045288e-15, 2.2929212994e-15, 1.1009780664e-13]",0.01803991106006346,7.276881507761412e-07,0.0187,EXO,REAL,2025-10-07T19:18:27.381Z,system.exo,OPS1,,,,0.0,,,,,,,,,,,,,,,,,,,,,,,,,,,,,,,,,5000.0,34.06333333
15a049f9-75a6-4507-92a3-8b1f3898e2ad,U//PR-EXO-SV,2025-10-07 18:40:00.169922,26554,26554,26554,False,-15987.04677277033,39014.214440957,529.75554961992,-2.843285835161745,-1.167277932394011,0.076380447467834,"[0.00052775545929, 0.00033728023397, 0.00046356590237, 4.8497194065e-06, 7.0511323449e-06, 0.00043156304037, 7.9597568415e-11, 7.6207126985e-09, 6.357240584e-10, 3.4455890248e-13, 2.0573369223e-08, 3.8885799367e-08, 9.3766119523e-10, 5.3928396341e-13, 4.0315526181e-12, 3.3824955818e-10, 9.333930661e-11, 8.028786926e-09, 2.3148989648e-14, 1.7074588617e-14, 9.6520661985e-13]",0.03772113998847331,2.311129191635552e-06,0.0468,EXO,REAL,2025-10-07T19:42:26.621Z,system.exo,OPS1,,,,0.0,,,,,,,,,,,,,,,,,,,,,,,,,,,,,,,,,3593.0,34.80333333
18402b42-467a-496d-88e0-bbb9f0f85d63,U//PR-EXO-SV,2025-10-07 18:38:47.823181,20193,20193,20193,False,42323.71985887186,-3298.01992565974,-1343.23609270948,0.253877367625471,2.952924502448755,0.775181807332889,"[2.9131110627e-05, 5.517220601e-05, 0.00090945891236, 3.4056659338e-05, -0.00018459274993, 0.0015558088983, 4.8353229648e-10, -6.5647306856e-09, -1.6022854668e-09, 1.3003761716e-12, -1.7180442283e-09, 1.1120632268e-09, 2.2646494782e-10, -1.8947338772e-13, 1.7590278865e-13, -3.5849321516e-10, 6.098263858e-10, -9.701702702500001e-11, 6.0565957373e-15, -9.4611024619e-14, 4.7248687574e-13]",0.04994395780559446,1.395982032832085e-06,0.025,EXO,REAL,2025-10-07T19:06:26.022Z,system.exo,OPS1,,,,0.0,,,,,,,,,,,,,,,,,,,,,,,,,,,,,,,,,1233.0,14.34137046
8f80e447-0377-435a-9a43-db2087f7d1ba,U//PR-EXO-SV,2025-10-07 18:38:37.028953,33059,33059,33059,False,29815.25375678168,29068.22227315607,1677.39958433635,-2.241934733231427,2.107755117091123,0.71261432471197,"[0.00030328602205, -0.00025290086023, 0.00028604439325, -4.6241039549e-05, 2.6322785104e-05, 0.00033684370584, 5.2427783494e-09, 6.893797368600001e-10, -3.3576401258e-10, 6.2651510938e-13, 1.4385842398e-09, -1.1959692764e-09, -7.436296431199999e-10, 2.0269654642e-13, 2.218850089e-13, -2.131686185e-10, -6.4414863748e-10, 1.5109914018e-09, 1.4459298938e-14, -6.980808893799999e-14, 4.2638668311e-13]",0.03043310896277276,1.129064569185483e-06,0.0088,EXO,REAL,2025-10-07T20:33:27.564Z,system.exo,OPS1,,,,0.0,,,,,,,,,,,,,,,,,,,,,,,,,,,,,,,,,2540.0,22.52129234
ddb97f72-401e-475f-84c3-fa64e3482038,U//PR-EXO-SV,2025-10-07 18:38:34.401086,43874,43874,43874,False,41982.77505765086,-3705.23605142645,-1482.23158780239,0.270270702642493,3.062275022010134,0.001128229867428,"[9.863111777400001e-05, 1.8950483621e-05, 0.00050923153579, 1.641252827e-05, -1.4866101261e-06, 0.00037994626765, -8.3515714343e-09, -5.3330319463e-09, -3.2718117855e-10, 1.4262498149e-12, -6.2571548665e-09, 2.217326866e-09, -1.9713345777e-10, 4.5616633473e-13, 4.2594701682e-13, -3.8330062902e-10, 5.881909111300001e-10, -1.9688285209e-09, 3.7529872489e-14, 2.2768273389e-14, 5.1315489897e-13]",0.03142942763102758,1.537970003182767e-06,0.0223,EXO,REAL,2025-10-07T18:57:27.255Z,system.exo,OPS1,,,,0.0,,,,,,,,,,,,,,,,,,,,,,,,,,,,,,,,,2700.0,27.36333333
b5f59052-f0ba-4b55-95c1-3ee52d3f545b,U//PR-EXO-SV,2025-10-07 18:38:29.042032,38691,38691,38691,False,40988.61903402422,-6242.8388690013,-1146.72137480128,0.514595263997825,3.077378476915535,0.06378782863775799,"[7.4713616804e-05, 0.00030984535175, 0.0019819146503, 1.4883694384e-05, 3.4501373719e-05, 0.00029681299413, -4.7214599219e-09, -9.255905715e-09, -3.786011271e-10, 1.097351031e-12, -1.2339645706e-09, 9.7560287205e-10, -9.4401639478e-12, 6.4464394492e-14, 9.1805038521e-14, -6.1868314927e-11, 5.941444526800001e-10, -1.2881726548e-09, 5.864235290500001e-15, 1.4998431723e-15, 2.9344998954e-13]",0.04851227948915614,1.217623118645913e-06,0.031,EXO,REAL,2025-10-07T20:45:26.218Z,system.exo,OPS1,,,,0.0,,,,,,,,,,,,,,,,,,,,,,,,,,,,,,,,,0.0,0.0
92606dee-4f71-4e0d-b3ac-39023fd2a874,U//PR-EXO-SV,2025-10-07 18:38:21.216044,12046,12046,12046,False,14975.21384630803,-39786.65032458405,-1694.47559275073,2.842087651208834,1.050909931598311,0.43042903124866,"[0.0005472727734899999, 0.00018857413834, 8.5428774333e-05, 5.3548835338e-05, 7.5061417255e-06, 0.00025231914634, -3.3921833477e-09, 4.1201763502e-10, -3.7133125192e-10, 1.9664626979e-13, 6.0351217291e-09, 1.6328085816e-09, 9.814598056499999e-10, -1.9580611777e-13, 4.1166473384e-13, 3.1915788513e-10, 3.1875884013e-10, -8.707501487500001e-10, -1.7540034363e-14, -4.6551395581e-15, 2.0408935498e-13]",0.02974929737259352,9.013325460727578e-07,0.0201,EXO,REAL,2025-10-07T20:15:26.838Z,system.exo,OPS1,,,,0.0,,,,,,,,,,,,,,,,,,,,,,,,,,,,,,,,,1020.81,11.30764165
1f5a854a-616d-4616-b08a-a69da4065f47,U//PR-EXO-SV,2025-10-07 18:38:08.269021,54230,54230,54230,False,-6722.55684304615,41646.35810173253,-7.28158597863,-3.033545618109728,-0.491442761243796,0.006577312750301,"[0.0014559428762, 0.00030935452902, 0.00020439727549, 3.9893379793e-06, 1.158901541e-05, 0.00077397830794, 3.3178167472e-09, 8.7684354576e-09, 6.3517062354e-10, 4.9188573023e-13, 1.1300521231e-08, 1.5187507243e-08, 9.9096856613e-10, 7.0241910894e-13, 1.5748993205e-12, -1.2942411554e-11, 2.7323217055e-10, 2.3523697708e-09, 1.741752267e-14, 2.4976487448e-14, 4.713925267599999e-13]",0.04933881291265529,1.593165897667283e-06,0.024,EXO,REAL,2025-10-07T20:18:27.318Z,system.exo,OPS1,,,,0.0,,,,,,,,,,,,,,,,,,,,,,,,,,,,,,,,,5250.0,34.06333333
7dfaf9d1-5ff9-4b12-9b01-8892be9469fe,U//PR-EXO-SV,2025-10-07 18:38:06.059417,40746,40746,40746,False,-15016.18014112454,39402.86345350685,14.74172242849,-2.87283201322855,-1.094955416055607,0.006912484199648,"[0.0008860551525, 0.00045930996053, 0.0022779054503, 7.8035001861e-06, 9.7241828279e-05, 0.0011813688318, 1.166661844e-08, 2.8057845007e-08, 6.154869804700001e-10, 2.6068054992e-12, 2.7306938407e-08, 2.1790742013e-07, 9.375520867900001e-09, 2.3716939304e-12, 2.1970275003e-11, -4.7015500643e-10, 4.4183550747e-11, 1.4348374239e-08, -3.6086805694e-14, 2.350182098e-14, 2.5050339579e-12]",0.06591911281714888,5.204047891795386e-06,0.0,EXO,REAL,2025-10-07T21:15:27.464Z,system.exo,OPS1,,,,0.0,,,,,,,,,,,,,,,,,,,,,,,,,,,,,,,,,5768.0,52.96233333
394e9520-43cd-45a3-abad-9e595031a682,U//PR-EXO-SV,2025-10-07 18:38:02.164045,13983,13983,13983,False,-15416.32444325636,39199.09535686512,1842.27755513168,-2.838459780009625,-1.102468343892673,-0.4417903663121679,"[0.0011987665568, 0.00048483372139, 0.00022104781069, 0.00012789958472, 3.0740082036e-05, 0.00052453550487, -1.5610718877e-09, 1.7914628773e-10, -1.5997091582e-10, 9.1379818668e-14, 7.4443798052e-09, 5.344824411600001e-09, 1.3780350147e-09, -7.4352695519e-14, 6.4777458962e-13, 5.120851899499999e-10, 4.7600651211e-10, -2.3454318592e-11, -2.8394750019e-14, 2.3698966452e-14, 2.5189149402e-13]",0.04409478282472883,9.955128840492221e-07,0.0088,EXO,REAL,2025-10-07T20:30:27.926Z,system.exo,OPS1,,,,0.0,,,,,,,,,,,,,,,,,,,,,,,,,,,,,,,,,2120.91,23.59650242
c9431e90-cd0b-4bee-9ff0-7a900bf22102,U//PR-EXO-SV,2025-10-07 18:37:48.216987,43611,43611,43611,False,11790.40613525831,40488.69757697926,-40.0603020577,-2.951714803317364,0.859262709619797,0.005289987480417001,"[0.0015940687817, 0.0019514477695, 0.0034358133804, 0.00010577205023, 0.00016582066743, 0.00024141669177, 1.2873795947e-07, 2.0110868953e-07, 1.0546120344e-08, 1.2675158748e-11, 2.0691217637e-07, 3.4060758794e-07, 1.6335166492e-08, 2.0037484375e-11, 3.461071592200001e-11, -4.547717388699999e-09, -8.195362638500001e-09, 5.7792065286e-10, -4.0882466847e-13, -8.6384208615e-13, 4.5978553004e-13]",0.07260371101996095,6.909823456503068e-06,0.0376,EXO,REAL,2025-10-07T20:00:28.221Z,system.exo,OPS1,,,,0.0,,,,,,,,,,,,,,,,,,,,,,,,,,,,,,,,,7060.0,120.6438
4f00ccd8-cb2d-435b-b177-ad739db9ff05,U//PR-EXO-SV,2025-10-07 18:37:03.232962,23199,23199,23199,False,30789.18126860021,29184.36870557931,2370.21849607214,-2.086512362396175,2.148878502528742,0.6347379536450589,"[0.00039384156427, -0.0003511978974, 0.00039509313329, -4.274904194900001e-06, -7.4440783317e-05, 0.00096268991735, 5.537289856799999e-09, 9.5325990031e-11, -2.0312299453e-10, 5.687135714199999e-13, 9.2152500089e-10, -1.0577620839e-09, -6.750609975899999e-10, 1.286658836e-13, 1.5689032912e-13, -1.7222933426e-10, -5.597060265900001e-10, 1.7931276841e-09, 2.1512476615e-14, -7.2625089833e-14, 4.5909386272e-13]",0.04185241468434049,1.088438222068667e-06,0.0242,EXO,REAL,2025-10-07T20:48:27.670Z,system.exo,OPS1,,,,0.0,,,,,,,,,,,,,,,,,,,,,,,,,,,,,,,,,1042.62,28.83982056
aacdc46b-9d5e-4bad-a84e-1cc7c3c38efd,U//PR-EXO-SV,2025-10-07 18:36:59.949938,13782,13782,13782,False,39441.24548092266,-15377.92633970073,2241.97223474736,1.072891893973409,2.821976156507751,0.54045249586312,"[8.6542515425e-05, 0.00018355300192, 0.00051239955885, -5.3610964585e-07, 4.530316889e-05, 0.00034655441616, -9.9252732519e-10, -6.4729141853e-09, -1.0041364091e-09, 6.338356676800001e-13, -7.0292851956e-10, 3.4822978765e-09, 1.5891693132e-10, -3.5041412153e-13, 2.9241244983e-13, -1.0263160325e-10, -2.2899632516e-10, 5.710510946500001e-10, 1.5367677164e-14, -5.0810965489e-14, 2.2776574559e-13]",0.030748926655007,1.074250372632004e-06,0.0204,EXO,REAL,2025-10-07T19:54:27.225Z,system.exo,OPS1,,,,0.0,,,,,,,,,,,,,,,,,,,,,,,,,,,,,,,,,343.9,7.516417503
663fa741-90d4-4490-95fb-2faf43ecdd92,U//PR-EXO-SV,2025-10-07 18:36:59.427390,53355,53355,53355,False,11177.02292780646,40597.68135229139,2296.79312058002,-2.961191228463572,0.820355487691769,-0.09557635285464,"[0.0006177400999699999, 8.9755782867e-06, 0.00014155696957, 3.2400632978e-05, 8.3679814765e-06, 0.00024877796969, 1.7638999444e-08, 1.2532471028e-08, 2.8136014214e-09, 1.5949943329e-12, 1.7422245305e-08, 7.4252045987e-09, 2.1167007123e-09, 1.203311623e-12, 1.1911440998e-12, 1.8019459501e-09, 1.349632517e-09, 1.1291728649e-09, 1.5690601855e-13, 1.1904880052e-13, 4.2367423847e-13]",0.0317501974675749,1.791595007575652e-06,0.0184,EXO,REAL,2025-10-07T19:00:28.758Z,system.exo,OPS1,,,,0.0,,,,,,,,,,,,,,,,,,,,,,,,,,,,,,,,,4500.0,33.21333333
bd8b9600-502a-423a-acdb-60363d98c1b8,U//PR-EXO-SV,2025-10-07 18:36:42.517042,42738,42738,42738,False,16488.33728294992,38575.66812205321,-284.81272498812,-2.276055733591313,0.7080485289116379,-1.966845014001089,"[0.0032850225902, 0.0053649377028, 0.014539743173, 0.00045498019551, 0.0006124181067700001, 0.0010998700107, 8.857706895000001e-07, 2.1781697042e-06, 6.935913456499999e-08, 3.4855552841e-10, 1.5525519185e-06, 3.9922241408e-06, 1.634678631e-07, 6.281983041499999e-10, 1.1926873466e-09, 2.4901949088e-07, 6.982210137e-07, 6.224675668299999e-08, 9.3305296799e-11, 1.9488489316e-10, 4.7312329425e-11]",0.1375668411133294,3.985668330951535e-05,0.0367,EXO,REAL,2025-10-07T19:00:28.749Z,system.exo,OPS1,,,,0.0,,,,,,,,,,,,,,,,,,,,,,,,,,,,,,,,,4020.0,39.5978
f14b0a08-d06f-4dd9-a35a-70d4096edf80,U//PR-EXO-SV,2025-10-07 18:36:36.904077,27461,27461,27461,False,25148.17214595101,34358.17159638117,1016.11300126009,-2.433663226872515,1.764426332463721,0.5585395483557549,"[0.00045438501144, -0.00031314856278, 0.00023490642376, -5.1142022078e-05, 2.4108504806e-05, 0.00038744083539, 2.0469089471e-09, 4.9942770197e-11, -2.1601194715e-10, 1.6404648146e-13, 1.0482468588e-09, -5.3194289615e-10, -2.8485505254e-10, 6.9688936951e-14, 7.9379153147e-14, -6.2763229117e-11, -1.4797289773e-10, 5.4711937947e-10, 6.3828377129e-15, -1.7877038827e-14, 1.4070715257e-13]",0.03281359886678083,6.197844683250783e-07,0.025,EXO,REAL,2025-10-07T20:42:28.771Z,system.exo,OPS1,,,,0.0,,,,,,,,,,,,,,,,,,,,,,,,,,,,,,,,,1645.0,10.56
ec3953ce-d3a0-4ba5-a32d-fa0f36fac66d,U//PR-EXO-SV,2025-10-07 18:36:34.689001,11941,11941,11941,False,24016.53598718573,-35642.75296208223,1298.38218942544,2.498983235911348,1.698674969924073,0.355883041013783,"[0.00039237190342, 0.00025826764081, 0.00018323401842, 2.2316344892e-05, 2.5204167672e-05, 0.00029340114237, -2.0034631872e-09, -4.395938597e-10, -2.4355137504e-10, 1.4232033305e-13, 2.233467459e-09, 1.5084118235e-09, 3.1826202667e-10, -1.1281626125e-13, 1.6601167113e-13, -1.2964734969e-10, 8.7878385218e-12, -7.8603435331e-11, 3.5070165562e-15, -8.721768971900001e-15, 6.6856150937e-14]",0.0294789257641794,6.125260444397446e-07,0.0088,EXO,REAL,2025-10-07T19:39:26.856Z,system.exo,OPS1,,,,0.0,,,,,,,,,,,,,,,,,,,,,,,,,,,,,,,,,2120.91,23.59650242
5b2a4c86-0e6c-40c1-aa3b-2d9c25bd3265,U//PR-EXO-SV,2025-10-07 18:36:30.891476,10942,10942,10942,False,30372.30290739378,29884.83595146352,2949.35263891573,-2.416186786584164,1.792137531862789,0.45000442785024,"[0.00059255527922, -0.00052410965015, 0.00053468936058, -0.00010349088552, 7.7124972919e-05, 0.00029353770629, 6.1821364884e-09, 1.5045609928e-10, -2.307643076e-11, 5.770211206600001e-13, 2.5177328995e-09, -5.7828822585e-10, -3.2756834586e-10, 2.2490980288e-13, 1.4048455591e-13, 1.6180867708e-10, -1.9757691876e-10, 8.612026825100001e-10, 2.1863790074e-14, -1.0561108992e-14, 1.4209516705e-13]",0.03769326658821175,9.271466138750656e-07,0.0088,EXO,REAL,2025-10-07T21:03:27.557Z,system.exo,OPS1,,,,0.0,,,,,,,,,,,,,,,,,,,,,,,,,,,,,,,,,1486.62,14.97361599
18e5110c-9d0e-4d2a-bfaa-2014a0f66c01,U//PR-EXO-SV,2025-10-07 18:36:22.070924,21824,21824,21824,False,40901.48614215671,-12596.24961078616,-638.13465679107,0.876596844650589,2.822404109507223,0.761602368728024,"[0.00017563729411, 0.00049365266248, 0.0016096132555, 0.00010500172548, 0.00031279518139, 0.00056840599361, -2.6287702556e-09, -2.8896501091e-10, -2.004208651e-10, 9.849873135600001e-13, -7.184612262700001e-10, 5.2117021599e-10, 1.2040200513e-10, -1.2690306366e-13, 1.243119623e-13, -3.234061767e-10, 2.5499300153e-10, -1.7245800227e-10, 3.1287259193e-14, -7.4658341503e-14, 3.4963693364e-13]",0.04851449827855586,1.207864317504247e-06,0.0106,EXO,REAL,2025-10-07T21:12:26.170Z,system.exo,OPS1,,,,0.0,,,,,,,,,,,,,,,,,,,,,,,,,,,,,,,,,2120.91,23.59650242
a4c72947-aba1-4e4e-a3ba-f39a9ad9acd3,U//PR-EXO-SV,2025-10-07 18:36:09.364978,37950,37950,37950,False,18238.04670762327,38018.52960199038,76.74956251306,-2.743443948999617,1.314524992403217,0.444789995422989,"[0.00036163323087, -0.00015925610282, 8.5406600356e-05, -9.3891880127e-06, 3.5382816481e-06, 0.00036312056848, 1.9051371792e-09, 5.4898792972e-10, -9.0519704529e-11, 1.5856321949e-13, 1.8393043732e-09, -2.230538128e-10, -2.2580331021e-10, 1.0686107332e-13, 1.2614721656e-13, -8.093310608e-11, -7.141088368399999e-11, 2.0633012279e-10, 1.2540773437e-16, -8.9019004808e-15, 7.693441726700001e-14]",0.02846331673761861,6.013691489567785e-07,0.0214,EXO,REAL,2025-10-07T21:09:29.737Z,system.exo,OPS1,,,,0.0,,,,,,,,,,,,,,,,,,,,,,,,,,,,,,,,,1600.0,14.304
22430a69-7e26-4fc8-8ee5-78b716ab22c7,U//PR-EXO-SV,2025-10-07 18:35:54.468097,52940,52940,52940,False,24421.86745342268,34356.81784984404,-1086.28932392749,-2.500891299950369,1.78208068066065,0.151117876722706,"[0.00051372988092, -0.0002376067831, 0.00025486914395, 2.7452821795e-06, 1.6938011034e-05, 0.00045146778395, 1.4195285849e-08, 5.780763664499999e-09, 3.2918793436e-10, 1.5639961293e-12, 7.0617508116e-09, -7.6765648238e-10, -1.408153773e-10, 5.7762422423e-13, 3.8667199222e-13, -3.7037332571e-10, 1.2479039881e-10, 1.4133423008e-09, -3.7045699623e-15, -1.7884375631e-14, 3.6469205326e-13]",0.0349294547455296,1.521630761643573e-06,0.0236,EXO,REAL,2025-10-07T20:09:27.271Z,system.exo,OPS1,,,,0.0,,,,,,,,,,,,,,,,,,,,,,,,,,,,,,,,,3000.0,14.304
4b1af831-8873-4aaf-ae8e-efddf2298267,U//PR-EXO-SV,2025-10-07 18:35:50.002219,36358,36358,36358,False,41765.0059541501,-7643.450313937749,-2282.3860193455,0.551961269541516,3.012223368822899,-0.008251766032939001,"[1.3020440174e-05, 6.1663933096e-05, 0.00034875918522, 1.0299128809e-05, -2.4099600016e-06, 0.00019581289861, -2.0050716087e-10, -1.617097817e-09, 1.0684399529e-11, 1.1377388133e-13, -4.8212118217e-11, 4.3639957076e-10, -4.6332289365e-12, -2.7257851019e-14, 1.4081416482e-14, 1.7373277672e-11, 1.1827127789e-10, 4.3760830915e-11, -4.8028900691e-15, 1.4153885232e-15, 2.9553946421e-14]",0.02361339712968043,3.967483386644487e-07,0.0205,EXO,REAL,2025-10-07T19:39:26.887Z,system.exo,OPS1,,,,0.0,,,,,,,,,,,,,,,,,,,,,,,,,,,,,,,,,2500.0,18.27809693
19d393c2-652d-4c24-868a-20ed96f9d91e,U//PR-EXO-SV,2025-10-07 18:35:35.676004,38730,38730,38730,False,-26535.78958401874,33038.18417518765,3511.24598746707,-2.375162910490732,-1.929194890706924,0.129566349077942,"[0.0004285130428, 0.00036129725113, 0.00033012466166, 6.1971156461e-06, -3.2746027394e-05, 0.000345776064, -2.3998451194e-09, -2.3487533403e-09, 1.6571625391e-10, 1.1411921776e-13, 4.513672520600001e-09, 6.1145088234e-09, -2.5732676902e-10, -1.7333303218e-13, 4.2943133848e-13, 5.232734343000001e-10, 5.279423631000001e-10, 4.5449481912e-10, -9.8438921095e-15, 3.2922622979e-14, 1.1049596376e-13]",0.03323272135200486,8.087314263709554e-07,0.0289,EXO,REAL,2025-10-07T22:12:28.386Z,system.exo,OPS1,,,,0.0,,,,,,,,,,,,,,,,,,,,,,,,,,,,,,,,,2462.0,19.1434
1d09a3ca-62d2-4401-80c4-edd4657f4c94,U//PR-EXO-SV,2025-10-07 18:35:05.314793,23175,23175,23175,False,-17530.39201316407,37717.9783057377,8542.68042129853,-2.764858110135255,-1.314759944035682,0.126511095818014,"[0.00041456463399, 0.00022201143192, 0.00016609882532, 2.7540829746e-05, -6.0491726829e-05, 0.00033336661577, -1.3710241045e-09, -2.2690344833e-10, 1.2716425676e-10, 5.5630247992e-14, 8.347144458e-09, 7.9590492938e-09, 7.961750689399999e-11, -5.1839115353e-14, 7.3233010572e-13, 1.7313448884e-09, 1.4122418818e-09, 1.6313684575e-10, -1.1017047208e-14, 1.2667007688e-13, 7.7653480577e-14]",0.03023293030918438,9.303837027210871e-07,0.0299,EXO,REAL,2025-10-07T19:03:28.295Z,system.exo,OPS1,,,,0.0,,,,,,,,,,,,,,,,,,,,,,,,,,,,,,,,,1785.93,73.69468176
20c82562-7bae-4cdc-a3e5-078cd6bbecac,U//PR-EXO-SV,2025-10-07 18:34:52.964950,64094,64094,64094,False,18371.07665280583,38350.21835311293,2530.1123651769,-2.757454399283815,1.320476560564595,-0.06442022446566299,"[0.00056115929226, -0.00021001983541, 0.00015039504963, 9.2190580093e-06, -9.9951450744e-06, 0.00024910140447, 6.9114836328e-09, 3.5337769984e-09, 1.0069501486e-09, 6.5545329853e-13, 5.7223495293e-09, -1.1998330772e-11, 4.7769198507e-10, 3.4255380221e-13, 3.1292942594e-13, 6.2717211089e-10, 3.8799045146e-10, -1.1681035159e-10, 5.9246769368e-14, 2.8090254995e-14, 1.1683058706e-13]",0.03099444702458813,1.041735720578881e-06,0.007700000000000001,EXO,REAL,2025-10-07T19:15:27.528Z,system.exo,OPS1,,,,0.0,,,,,,,,,,,,,,,,,,,,,,,,,,,,,,,,,0.0,0.0
725d1c7a-b75b-4449-adcc-830199b8055e,U//PR-EXO-SV,2025-10-07 18:34:20.099025,55506,55506,55506,False,-7791.32885992782,41447.24802966254,46.75023080039001,-3.020945756749458,-0.568533152217166,0.008895920430765002,"[0.00042434502364, 0.00011612167423, 9.195266764e-05, 2.0832833041e-06, 4.487640512299999e-06, 0.00027850914297, 1.2948939356e-09, 3.8181514571e-09, 2.5501442701e-10, 2.1446626029e-13, 6.967668408300001e-09, 6.9338851884e-09, 3.6893774819e-10, 2.5680964557e-13, 7.9554300393e-13, -7.5437904263e-12, 4.7372725628e-11, 4.137874627e-10, 2.8982363226e-15, 5.6818052282e-15, 1.4367944326e-13]",0.02819231871006711,1.074099021263869e-06,0.0088,EXO,REAL,2025-10-07T19:30:28.405Z,system.exo,OPS1,,,,0.0,,,,,,,,,,,,,,,,,,,,,,,,,,,,,,,,,2283.0,11.10533333
a227d7fa-571c-4df9-83d0-cfe1d0e7af3c,U//PR-EXO-SV,2025-10-07 18:34:20.099025,38356,38356,38356,False,-7960.41464558627,41410.0203440388,3.14166281155,-3.01888953947372,-0.581283790197807,0.006744039577008001,"[0.00054767988995, 0.00029606865376, 0.0003882235744, 1.3739629792e-05, 2.481810363e-05, 0.00030852959608, 8.476638361899999e-09, 1.7264617732e-08, 1.2028802584e-09, 8.675048773700001e-13, 2.6252341709e-08, 3.5207081272e-08, 2.22111239e-09, 1.4537519707e-12, 3.6807891567e-12, 9.0876821862e-11, 4.8428397309e-10, 5.031154940199999e-09, 2.5543224554e-14, 5.2919873616e-14, 8.1804455596e-13]",0.03527652279392061,2.316535903030644e-06,0.044,EXO,REAL,2025-10-07T21:42:27.799Z,system.exo,OPS1,,,,0.0,,,,,,,,,,,,,,,,,,,,,,,,,,,,,,,,,5540.0,48.60873333
b1d14500-c8f0-4ca5-a3ff-00f8b670f333,U//PR-EXO-SV,2025-10-07 18:33:58.034047,23568,23568,23568,False,41947.08961557172,2924.81456735743,-1151.07610077035,-0.176791472879403,2.921164897235059,0.957168118498363,"[0.00030850268215, -0.00019716372015, 0.0011332792049, -3.7615598459e-05, 0.00020096190318, 0.00058870232618, -3.620475971e-08, 8.8997649637e-10, 1.984032606e-10, 1.2378761901e-11, -2.2156213844e-08, 8.100112881599999e-09, 2.9515398848e-09, 3.1197344364e-12, 1.8662267378e-12, -8.3839497745e-09, 4.2762123948e-09, 2.9829948797e-10, 1.2580393153e-12, -3.8566738759e-14, 2.2469866713e-12]",0.0450608945009972,4.06103131114499e-06,0.019,EXO,REAL,2025-10-07T19:54:27.231Z,system.exo,OPS1,,,,0.0,,,,,,,,,,,,,,,,,,,,,,,,,,,,,,,,,2775.0,37.96964224
aba21786-53bb-48d0-bc8e-9f037faced06,U//PR-EXO-SV,2025-10-07 18:33:20.362958,17083,17083,17083,False,-26145.61417580302,34246.32581729382,3761.91098796931,-2.395415796823857,-1.761577869366367,-0.6015427643239919,"[0.00025932620875, 0.00020559304244, 0.00017512162198, 2.640152424e-05, -1.7427966102e-05, 0.00038267037722, -1.5706839907e-09, -1.3935018357e-09, -4.2571701577e-10, 6.0411888193e-14, 3.0068722863e-09, 3.2853149343e-09, 1.0170559882e-09, -9.9496248032e-14, 2.3284633109e-13, 3.9031551986e-10, 4.8027265922e-10, -3.6167403491e-11, -1.6436535277e-14, 2.2762120324e-14, 4.875209148399999e-14]",0.02858527956746269,5.848164761418748e-07,0.0112,EXO,REAL,2025-10-07T21:03:27.562Z,system.exo,OPS1,,,,0.0,,,,,,,,,,,,,,,,,,,,,,,,,,,,,,,,,2101.09,23.8702275
a793b5aa-6405-4f76-8d85-ac602a1f5d3e,U//PR-EXO-SV,2025-10-07 18:32:04.095739,28629,28629,28629,False,-13470.33502635537,39918.85970164658,5292.89160822959,-2.875475356099539,-1.017482954872025,0.30790703806838,"[0.00026139604289, 9.309034251100001e-05, 4.2314146224e-05, 6.4288570124e-06, -3.1209349683e-05, 0.00024819724485, -1.8475522425e-10, 7.994108718399999e-11, 3.181511508e-11, 1.3336752445e-14, 1.742535376e-09, 1.1791085651e-09, -1.724929414e-10, -7.1284086688e-15, 1.386826062e-13, 2.0451839151e-10, 9.4440162913e-11, 3.970483837899999e-11, 1.0409977619e-15, 1.1504922235e-14, 2.7451290583e-14]",0.02349271023028207,4.23639763511406e-07,0.0283,EXO,REAL,2025-10-07T19:51:26.239Z,system.exo,OPS1,,,,0.0,,,,,,,,,,,,,,,,,,,,,,,,,,,,,,,,,2542.0,18.13972231
9f371533-77b3-491b-b997-8f95ce8dd05c,U//PR-EXO-SV,2025-10-07 18:31:46.002094,21807,21807,21807,False,38985.57379341906,-15052.77032093755,-1042.83360319955,1.100447257172979,2.796545114034564,0.722478874027359,"[9.8739231601e-05, 0.00013035864675, 0.00042625572074, 1.9881095474e-05, 4.4205565611e-05, 0.00028543523062, -6.509530402e-09, 8.0593047157e-10, -1.8664961183e-10, 1.8318944224e-12, -9.344034276e-10, 2.0990689152e-09, 4.573274643000001e-10, -2.1685873753e-13, 2.5793963904e-13, -5.9972712093e-10, 9.6667220972e-10, -9.311789034000001e-11, 5.9047255539e-14, -1.5231529257e-13, 7.8505306596e-13]",0.02846805548261068,1.695549211140744e-06,0.006599999999999999,EXO,REAL,2025-10-07T20:12:28.418Z,system.exo,OPS1,,,,0.0,,,,,,,,,,,,,,,,,,,,,,,,,,,,,,,,,1139.74,8.085674092
4fe51c1b-9e39-47e5-8279-b866522cbb4b,U//PR-EXO-SV,2025-10-07 18:31:41.168485,18575,18575,18575,False,40937.1006905843,-9862.783164297742,2555.05137434903,0.671867266474619,2.943723798994664,0.5716228354239641,"[0.00012809963866, 0.00031523327095, 0.0014503588596, 1.6320440372e-05, 0.00019177043408, 0.0005477142135, -5.6082625336e-09, -7.866419931200001e-09, -2.150218345e-09, 1.023712921e-12, -2.4037630237e-09, 3.4281054244e-09, 9.6202185183e-11, 3.5992201584e-14, 2.3478960597e-13, -1.279286649e-09, -1.037600149e-10, 3.6724766431e-10, 8.462354386800001e-14, -2.818331671e-14, 5.1448881752e-13]",0.04611044037699055,1.331537211079736e-06,0.0224,EXO,REAL,2025-10-07T21:12:26.166Z,system.exo,OPS1,,,,0.0,,,,,,,,,,,,,,,,,,,,,,,,,,,,,,,,,1982.16,9.424777961
ef4d5b72-3db0-47d5-b15f-44e8668e3970,U//PR-EXO-SV,2025-10-07 18:31:39.527295,37481,37481,37481,False,40847.94477354915,-10108.72313421026,-2770.51276891829,0.74377305308,2.981740462899631,0.082721326438983,"[0.001665992182, 0.0010087553388, 0.0031407873133, 0.00012021930078, 4.064399890300001e-05, 0.0012883376403, -1.1397188565e-07, -8.8834888383e-08, -4.4864576606e-09, 1.1608898018e-11, -7.1514954995e-08, 3.1555909713e-09, -3.1824179343e-10, 3.7983509951e-12, 4.1021264472e-12, 9.3523716097e-10, 6.127994853799999e-09, -9.3940177262e-09, -2.3309942525e-13, -2.6639252459e-15, 1.6656240709e-12]",0.07807123116487917,4.168530740692697e-06,0.0,EXO,REAL,2025-10-07T19:03:28.306Z,system.exo,OPS1,,,,0.0,,,,,,,,,,,,,,,,,,,,,,,,,,,,,,,,,4500.0,33.21333333
e34c1f2b-e1b2-49a5-bbeb-fafd69320e19,U//PR-EXO-SV,2025-10-07 18:31:34.893081,16199,16199,16199,False,41294.47210241034,-7899.955970479889,3552.75889129884,0.532407716954016,2.989693981198391,0.468516897507528,"[8.6456196604e-05, 0.00013334916082, 0.0008577243142900001, -6.905515456300001e-05, 1.009992553e-05, 0.00088211468627, -5.830592254900001e-09, -1.7616478785e-08, -3.1836597425e-09, 1.6201695805e-12, -2.8287489866e-09, 5.4239401292e-09, 2.4605871101e-10, -9.9139317829e-14, 3.0930049897e-13, -1.0904379169e-09, -9.8020209691e-10, -2.9941188104e-10, 9.2724895003e-14, -6.8450776344e-14, 7.6733421597e-13]",0.04273517517413495,1.642194962676478e-06,0.0141,EXO,REAL,2025-10-07T21:09:29.688Z,system.exo,OPS1,,,,0.0,,,,,,,,,,,,,,,,,,,,,,,,,,,,,,,,,1982.16,9.8693
99ab3f3a-703e-47ad-b0e4-91a3146b68cd,U//PR-EXO-SV,2025-10-07 18:31:33.909945,43271,43271,43271,False,-4556.942752610559,41921.44157144284,-9.22861023255,-3.056315859430011,-0.332457091956547,0.007284469496433,"[0.000481551592, 0.00011568139194, 0.00012145120154, 4.4629933567e-06, 8.5118345611e-06, 0.00039144468772, 3.4221352965e-09, 6.885033854e-09, 5.1427759638e-10, 4.2348032849e-13, 1.0196582586e-08, 9.8243480007e-09, 6.467177453800001e-10, 5.0102834198e-13, 1.1600188053e-12, 3.4748701764e-11, 1.7200810951e-10, 1.2624288668e-09, 1.092442079e-14, 1.8015064115e-14, 3.1543309676e-13]",0.03153486136421088,1.378017500088442e-06,0.03,EXO,REAL,2025-10-07T19:45:28.096Z,system.exo,OPS1,,,,0.0,,,,,,,,,,,,,,,,,,,,,,,,,,,,,,,,,5000.0,67.84133333
3df9691f-8752-4a22-b1a5-4d72d61f77fc,U//PR-EXO-SV,2025-10-07 18:31:32.213233,7392,7392,7392,False,41540.93358837548,-7222.87564991665,1393.42216425702,0.526414816190196,3.02703703773109,-0.004093801250162,"[0.00012600432095, 0.00025066000279, 0.0013312963024, -3.5549773567e-06, 2.8915592391e-06, 0.00032880612398, -9.7268373412e-09, -1.0490007552e-08, -6.830902832000001e-10, 1.3598561407e-12, -4.3108251342e-09, 3.948843413e-10, -3.9019510681e-10, 3.4278543924e-13, 2.6024114349e-13, -3.8943574263e-10, -3.0173466971e-10, -7.0656050304e-10, 4.739775889e-14, 1.8326438343e-14, 1.7445159466e-13]",0.04226235614976997,1.339607733200283e-06,0.007700000000000001,EXO,REAL,2025-10-07T19:03:28.288Z,system.exo,OPS1,,,,0.0,,,,,,,,,,,,,,,,,,,,,,,,,,,,,,,,,1650.0,12.23188088
760eefc8-55e5-4cc0-b2c4-5962206e7b43,U//PR-EXO-SV,2025-10-07 18:31:05.185095,47242,47242,47242,False,-30466.14550039205,31479.94100384219,2974.29079918296,-2.158482286378983,-2.082423347585234,0.148120090531086,"[0.00022133359971, 0.00021779662007, 0.00022319023558, 1.0494566337e-05, -1.9198855573e-05, 0.00030839532127, -1.144963079e-09, -1.2835172357e-09, 8.4969548917e-11, 6.2131628201e-14, 1.5183554736e-09, 2.089865588e-09, -9.4732641168e-11, -7.6291748567e-14, 1.2284431089e-13, 1.2531022303e-10, 1.302054947e-10, 1.20826442e-10, -3.0026639677e-15, 7.2993674268e-15, 3.8836409809e-14]",0.02743937237911975,4.730880984552454e-07,0.004,EXO,REAL,2025-10-07T21:57:28.251Z,system.exo,OPS1,,,,0.0,,,,,,,,,,,,,,,,,,,,,,,,,,,,,,,,,6370.0,0.0
317efd9e-add0-4e94-977d-f8f9d2688bbd,U//PR-EXO-SV,2025-10-07 18:30:35.372020,38091,38091,38091,False,41755.12681964445,-5292.81590337225,-2204.31168287477,0.390483238084013,3.050951012593631,0.031001327391381,"[0.00011125476557, 5.2293518382e-05, 0.00058896847061, 2.0229162686e-05, 7.0821408746e-08, 0.00036135958019, -9.0448491385e-09, -5.6892663424e-09, -2.9832383025e-10, 1.438508696e-12, -6.333878032500001e-09, 2.1975198496e-09, -2.1023248218e-11, 4.2874875077e-13, 4.2094405858e-13, -2.792718998e-10, 6.1633204219e-10, -2.4454452547e-09, 1.4137166483e-14, 1.0099083756e-14, 4.0576473861e-13]",0.03258194003385925,1.505063949867247e-06,0.0228,EXO,REAL,2025-10-07T19:03:28.309Z,system.exo,OPS1,,,,0.0,,,,,,,,,,,,,,,,,,,,,,,,,,,,,,,,,3060.0,13.99773333
e33d1b24-a581-458c-b104-d87c4d61c1c5,U//PR-EXO-SV,2025-10-07 18:29:59.337776,23775,23775,23775,False,21051.45978657846,35535.87404753166,9427.074745958149,-2.658901519195829,1.483870133117894,0.340838116491021,"[0.00029357353156, -0.00014181643577, 0.00012027947988, -3.8277703631e-05, -0.00010619776507, 0.0005007700816700001, 2.4681123665e-09, 5.084772237e-10, 3.1005125129e-10, 2.0655729461e-13, 1.5668474556e-09, -9.9382054778e-11, 7.3081455886e-12, 1.0483252689e-13, 8.013113584599999e-14, 4.6094501141e-10, -3.7726533453e-11, 2.1272453367e-10, 3.3764503906e-14, 1.6363027253e-14, 3.307385784e-14]",0.03024273620408709,5.654752764675039e-07,0.0055,EXO,REAL,2025-10-07T21:48:29.937Z,system.exo,OPS1,,,,0.0,,,,,,,,,,,,,,,,,,,,,,,,,,,,,,,,,2101.09,23.8702275
9e062a83-2b82-48d8-b7d0-54301005514e,U//PR-EXO-SV,2025-10-07 18:29:59.209955,27831,27831,27831,False,439.28928213524,42151.24692206633,1356.1965384617,-3.056438581296965,0.019704834140016,0.326197719505911,"[0.00065306787261, 6.4310484578e-05, 9.382834914699999e-05, -3.5264933585e-05, -4.9729823453e-06, 0.00025660794896, 5.122453838999999e-09, 6.9320649823e-09, 3.3577386911e-10, 5.1727900408e-13, 9.3302026468e-09, 7.9044170174e-09, -1.6860756528e-10, 5.8470272172e-13, 9.4620119484e-13, -3.995711905e-11, -3.2081169847e-10, 1.0896562137e-09, 5.581645104600001e-15, -2.2230599866e-14, 2.5200716215e-13]",0.0316781339525705,1.309766147474426e-06,0.05530000000000001,EXO,REAL,2025-10-07T20:09:27.255Z,system.exo,OPS1,,,,0.0,,,,,,,,,,,,,,,,,,,,,,,,,,,,,,,,,4725.0,130.0466
1d2fbce0-882d-4510-8c20-2b5ad5954721,U//PR-EXO-SV,2025-10-07 18:29:58.990001,25937,25937,25937,False,13708.26717824871,40206.4467310767,2641.10725999633,-2.865614584991124,0.94361514202348,0.507692383177949,"[0.00048001070689, -0.00013895328542, 5.9601935257e-05, -3.685066724e-05, -1.2071095346e-05, 0.00033823432718, 2.590194533e-09, 7.9132691521e-10, -1.710016575e-10, 1.6614170713e-13, 2.8827986772e-09, 9.8837883328e-13, -5.5825045627e-10, 1.3016341697e-13, 1.9513786888e-13, 1.682328024e-10, -2.2573986264e-10, 1.0567152738e-09, 1.5679019354e-14, -1.3541302935e-14, 1.5432856649e-13]",0.02962848239999814,7.18058592664972e-07,0.0265,EXO,REAL,2025-10-07T20:12:28.420Z,system.exo,OPS1,,,,0.0,,,,,,,,,,,,,,,,,,,,,,,,,,,,,,,,,3447.0,30.36553333
c3654475-87c6-4759-926a-fb85661faa55,U//PR-EXO-SV,2025-10-07 18:29:53.418999,22213,22213,22213,False,38490.45869560197,-16758.1835901232,-1460.11709609976,1.21580821744496,2.737973651513019,0.704122968300101,"[0.00029037844301, 0.00055233431871, 0.0012911107596, 0.00011492986706, 0.0002164199886, 0.00055278263355, -4.6843335077e-09, -3.8413389227e-09, -1.2332320698e-09, 1.2823929458e-12, -1.2233973151e-09, 2.933829112e-09, 5.4463571417e-10, -3.2887792872e-13, 3.7590154745e-13, -5.905382818700001e-10, 4.2245185303e-10, 6.479655415e-11, -5.7086089953e-14, -1.5506137577e-13, 9.2978055023e-13]",0.04619818000917352,1.608749527888043e-06,0.0108,EXO,REAL,2025-10-07T20:42:28.732Z,system.exo,OPS1,,,,0.0,,,,,,,,,,,,,,,,,,,,,,,,,,,,,,,,,2120.91,23.59650242
26afb4d2-5f28-4606-8347-00a0a904dfac,U//PR-EXO-SV,2025-10-07 18:29:25.909351,37219,37219,37219,False,41524.21624129515,-3276.36861163596,140.94911653167,0.414893184190929,1.949498709778726,0.677190756836624,"[1.301196753e-05, 3.5370619831e-05, 0.0004650952024, 4.6616724765e-06, 6.9611822183e-05, 0.00028824703315, -1.0487307605e-09, -2.3017457348e-09, -6.9830513836e-10, 1.8068386127e-12, -8.6635348754e-10, 5.5638180022e-10, 4.9618821935e-11, -2.8622621168e-13, 1.8709218964e-13, -3.3631128398e-10, 1.0849555116e-10, 2.1159168663e-10, 2.3395589153e-14, -5.7339773534e-14, 2.6705628024e-13]",0.02768310320538505,1.503657900780626e-06,0.0088,EXO,REAL,2025-10-07T20:33:27.569Z,system.exo,OPS1,,,,0.0,,,,,,,,,,,,,,,,,,,,,,,,,,,,,,,,,1600.0,15.13462261
5bb32666-1b21-436d-9c3d-24654a156682,U//PR-EXO-SV,2025-10-07 18:29:25.909351,19772,19772,19772,False,42411.0926352789,-3459.40202941571,-183.38412727681,0.238382592328171,2.946118955232686,0.786800647096736,"[4.080250321900001e-05, 4.5346080567e-05, 0.00071282028972, 8.4201739688e-06, 7.8557037296e-05, 0.00043697528181, 2.8116294732e-09, -5.495465830300001e-09, -1.134517086e-09, 1.6989963009e-12, -2.8589103217e-09, 1.3889697973e-09, -1.6057506656e-10, -3.8186960801e-13, 2.8668467188e-13, -4.8238521877e-10, 5.6950195889e-11, 8.9265143083e-10, 1.1169466533e-14, -1.3013996081e-13, 6.20752582e-13]",0.03450504419282781,1.614445277728545e-06,0.0273,EXO,REAL,2025-10-07T19:12:27.958Z,system.exo,OPS1,,,,0.0,,,,,,,,,,,,,,,,,,,,,,,,,,,,,,,,,1177.4,18.96093538
3082e9fc-e7a2-4bdd-8a0d-1b2a5dd0d3d0,U//PR-EXO-SV,2025-10-07 18:29:25.909351,55841,55841,55841,False,42039.53686679489,-3172.63257033308,-110.55862836042,0.231330028920269,3.066397562476217,-0.00170374857172,"[0.0016001253829, -0.00068116770448, 0.0010392719625, 5.7292217865e-05, -2.4916570662e-05, 0.0008044035588000001, 1.388919179e-07, -7.5107802458e-08, 4.6841199329e-09, 1.2970590271e-11, -9.4676806588e-08, 4.5121596754e-08, -3.3068813826e-09, -8.308684665500001e-12, 5.652263680700001e-12, 5.8550944847e-09, -1.8233187561e-09, 6.121652867e-09, 4.938249318799999e-13, -3.3601217837e-13, 1.0183981269e-12]",0.05868390668829061,4.43184522277121e-06,0.0263,EXO,REAL,2025-10-07T19:27:27.452Z,system.exo,OPS1,,,,0.0,,,,,,,,,,,,,,,,,,,,,,,,,,,,,,,,,1930.0,40.92634586
a380cce1-d961-4840-8806-2ac6a1012baa,U//PR-EXO-SV,2025-10-07 18:29:09.403949,44868,44868,44868,False,4693.572611429699,41906.34377257183,-11.68389377438,-3.055260554872154,0.342333359906268,0.006481674890829,"[0.0010952527046, 0.001599888245, 0.0048962891284, 7.2766471462e-05, 0.00017343479704, 0.0006375019335900001, 5.3060747299e-08, 1.1150711288e-07, 5.8576710061e-09, 4.600281518799999e-12, 1.7519825115e-07, 5.2456220381e-07, 1.8012634207e-08, 1.1374817464e-11, 5.6748254435e-11, -5.2399433295e-09, -2.0049899434e-08, 1.9637378602e-09, -2.1679015283e-13, -2.2255738836e-12, 6.8720242196e-13]",0.0814189398517937,7.87627693620279e-06,0.0244,EXO,REAL,2025-10-07T19:30:28.398Z,system.exo,OPS1,,,,0.0,,,,,,,,,,,,,,,,,,,,,,,,,,,,,,,,,6800.0,56.5643
04e1c859-a988-4435-8305-fae9c4e14668,U//PR-EXO-SV,2025-10-07 18:29:05.890953,37951,37951,37951,False,-7493.37408781261,41437.73499357286,2348.68085487251,-2.994071232168992,-0.565895857974485,0.404971179950139,"[0.00051198998251, 0.00012512452834, 7.888551160500001e-05, -1.7018290994e-05, -2.2858386746e-05, 0.00035290008321, 1.0452061328e-09, 2.8902127479e-09, 2.0149023029e-10, 1.635855446e-13, 6.578195071100001e-09, 5.9163532328e-09, -4.8979300776e-10, 2.0256688643e-13, 7.2802467149e-13, 1.5105685985e-10, -1.96284786e-10, 6.2800178072e-10, 8.8695763124e-15, -5.7544383006e-15, 1.6221881434e-13]",0.03072093060642858,1.026561751883441e-06,0.0335,EXO,REAL,2025-10-07T19:51:26.245Z,system.exo,OPS1,,,,0.0,,,,,,,,,,,,,,,,,,,,,,,,,,,,,,,,,1148.0,3.585333333
25c3b098-fe5f-4793-8c4e-7c7fabc00770,U//PR-EXO-SV,2025-10-07 18:29:02.418350,44476,44476,44476,False,42034.27040141078,-3290.7943191337,-87.0464970535,0.239891303944202,3.065493787924396,-0.001869097221628,"[0.0054782311922, -0.0016679054098, 0.0012882818904, 0.00027059261196, -8.1769629478e-05, 0.00078487037285, 4.9402351048e-07, -1.7530934635e-07, 2.4442129468e-08, 4.6173282249e-11, -2.5577797346e-07, 9.0727254024e-08, -1.2112908328e-08, -2.2997026798e-11, 1.2833657785e-11, 9.7674188103e-10, 4.7674955171e-10, 1.9659415608e-09, 1.2686192342e-14, -1.0756709134e-13, 1.4500633907e-12]",0.08689869651180045,7.775410177263961e-06,0.0,EXO,REAL,2025-10-07T19:36:27.613Z,system.exo,OPS1,,,,0.0,,,,,,,,,,,,,,,,,,,,,,,,,,,,,,,,,6600.0,98.259
69cca246-b865-4112-9780-2b25ef5d7c78,U//PR-EXO-SV,2025-10-07 18:28:39.830020,16769,16769,16769,False,40111.51498751628,-12697.7912013802,2565.94408225564,0.885703005430328,2.898563101516131,0.519995982630173,"[4.9596521015e-05, 0.00011766230821, 0.00037902963781, -2.2860276342e-05, 7.4021267722e-06, 0.00041591010027, -1.5748475874e-09, -2.1115878961e-09, -5.0872680191e-10, 2.4549345592e-13, -2.8388888957e-10, 7.869403393799999e-10, 7.778841242e-11, -8.669904072800001e-15, 4.2501227428e-14, -2.1645129101e-10, -6.828351996999999e-11, -1.4973390853e-10, 1.8305158427e-14, -6.1761924616e-15, 8.7330541549e-14]",0.02906090602673977,6.126379231626133e-07,0.0107,EXO,REAL,2025-10-07T19:12:27.955Z,system.exo,OPS1,,,,0.0,,,,,,,,,,,,,,,,,,,,,,,,,,,,,,,,,2101.09,23.8702275
bfc68440-c26e-4256-91e0-88a99928d90c,U//PR-EXO-SV,2025-10-07 18:28:37.431803,62483,62483,62483,False,39032.20692547769,-15948.25478802057,-87.75783145637,1.162839213415267,2.846308934376284,-0.003905329627399,"[0.00066598768125, 0.00033024920736, 0.0011997012335, 3.8716018438e-05, -7.315776407200001e-06, 0.0010967441176, -5.9708267278e-08, -6.0431473934e-08, -2.4090016222e-09, 8.142795511500001e-12, -1.4581395286e-08, 3.2768489246e-08, -1.7945550044e-09, -4.918972483e-13, 2.0660258488e-12, -9.9535823782e-10, 5.514724353099999e-10, 3.2261581777e-09, 1.9435657494e-13, 2.3234888613e-14, 1.8581973598e-12]",0.05442823745400911,3.473761465630592e-06,0.0,EXO,REAL,2025-10-07T19:15:27.527Z,system.exo,OPS1,,,,0.0,,,,,,,,,,,,,,,,,,,,,,,,,,,,,,,,,5000.0,58.23933333
314af351-4863-479d-9a79-62235abb7ae8,U//PR-EXO-SV,2025-10-07 18:28:37.034943,62028,62028,62028,False,42141.41408822213,1125.00070961999,-123.15352109562,-0.081907935005731,3.074258227934056,-0.0013308205711,"[7.4510022557e-05, -0.00015103767032, 0.0011418026073, 7.2248250953e-06, -1.4031186509e-05, 0.00054431602146, 9.7431212679e-09, -4.6478064668e-08, 9.0983787559e-10, 2.9393637214e-12, -4.4332269561e-09, 5.4353650961e-09, -3.1149907065e-10, -3.9639777905e-13, 2.8797037227e-13, -1.4265992666e-10, 2.8308100887e-09, 8.438659178600001e-09, -5.718527610799999e-14, 4.0274715899e-15, 1.0946646355e-12]",0.04195984570177778,2.07894173299061e-06,0.0228,EXO,REAL,2025-10-07T18:54:27.229Z,system.exo,OPS1,,,,0.0,,,,,,,,,,,,,,,,,,,,,,,,,,,,,,,,,4700.0,28.21333333
dc66913a-d532-409c-94c2-eb2113460890,U//PR-EXO-SV,2025-10-07 18:28:36.901048,38978,38978,38978,False,-18763.54046005895,37762.89565590907,28.29988934824,-2.753134862487742,-1.368258976130709,0.007251799144239001,"[0.00042418261768, 0.00030257751128, 0.00034176246368, 4.805036579400001e-06, 9.2437110959e-06, 0.0005116365631499999, -1.63804633e-09, 1.0676800826e-09, 1.2039883288e-10, 1.4085423967e-13, 1.6355620649e-08, 2.5647093509e-08, 8.333348433099999e-10, 1.0638171623e-14, 2.5049207814e-12, 7.411548175200001e-11, 1.2551336123e-10, 2.5533201443e-09, 1.59311771e-15, 1.1505351996e-14, 2.7051770895e-13]",0.03574327411569903,1.707715646710541e-06,0.0335,EXO,REAL,2025-10-07T21:09:29.757Z,system.exo,OPS1,,,,0.0,,,,,,,,,,,,,,,,,,,,,,,,,,,,,,,,,1640.0,14.304
fd230356-768b-48cb-9217-0662836d0058,U//PR-EXO-SV,2025-10-07 18:28:36.901048,33749,33749,33749,False,-18829.53673426795,37724.07086428695,262.47541280403,-2.750476604268246,-1.373906943876287,0.03430955229468401,"[0.00030773835032, 0.00020396243416, 0.00018991307802, 7.8236512489e-07, -4.0713098407e-07, 0.00026112918451, -9.968388546399998e-10, 3.0754596928e-10, 4.2539098743e-11, 7.2473337057e-14, 9.254657283299998e-09, 1.2207085983e-08, 7.677726296499999e-11, -2.230939727e-14, 1.1437856578e-12, 3.5063757265e-11, 5.5853438488e-12, 4.5364648057e-10, 4.563130266e-17, 8.6761272233e-16, 9.1482854461e-14]",0.02754597271562578,1.143565411036028e-06,0.0278,EXO,REAL,2025-10-07T21:09:29.716Z,system.exo,OPS1,,,,0.0,,,,,,,,,,,,,,,,,,,,,,,,,,,,,,,,,2290.0,21.4606
b133385a-2c9c-4873-a227-7b2545b7e840,U//PR-EXO-SV,2025-10-07 18:27:53.107924,42741,42741,42741,False,-11116.60200113188,40673.92526995949,-3.46083484448,-2.965742110849384,-0.810588036606346,0.007682711182215,"[0.00091839898581, 0.00061884869919, 0.0036219431137, 2.5082426496e-05, 0.00022742451549, 0.0011949906833, 1.0799968691e-08, 6.996144665999999e-08, 4.6708311811e-09, 5.5986548239e-12, 4.4821590588e-08, 4.0569663201e-07, 2.600476767e-08, 8.6289646009e-12, 4.791764405e-11, 5.9430315035e-10, 1.3261957836e-08, 2.5037747109e-08, 2.0510019976e-13, 1.6446350274e-12, 3.6681717529e-12]",0.0757319799213648,7.562041432496915e-06,0.0309,EXO,REAL,2025-10-07T19:21:27.895Z,system.exo,OPS1,,,,0.0,,,,,,,,,,,,,,,,,,,,,,,,,,,,,,,,,3551.0,49.877
bc914f9b-1394-4454-b5cf-775cfac53454,U//PR-EXO-SV,2025-10-07 18:27:47.595501,41434,41434,41434,False,34353.30485651855,23546.89301633252,-7327.32684641863,-0.491054204453742,1.551125337067833,2.598452160316125,"[0.013061896118, 0.007005150381600001, 0.0056940780167, -0.0025110724839, -0.00077624441274, 0.0025966363413, -6.099202166699999e-06, -3.426729387e-06, 1.4855658268e-06, 3.6768220337e-09, -4.2154241963e-06, -2.4896375714e-06, 1.031212107e-06, 2.424867297e-09, 1.694831978e-09, 8.2093365128e-08, 6.4534978313e-08, -8.7918321478e-08, -1.4166849907e-10, -1.2529601453e-10, 3.7890360773e-11]",0.1461253245539595,7.354960484239871e-05,0.0206,EXO,REAL,2025-10-07T19:54:27.270Z,system.exo,OPS1,,,,0.0,,,,,,,,,,,,,,,,,,,,,,,,,,,,,,,,,2300.0,13.99773333
e0b49ff0-12d6-4975-a764-6b2742529c44,U//PR-EXO-SV,2025-10-07 18:27:46.785528,23671,23671,23671,False,32815.29689074378,25587.95140512753,-4081.6310427211,-1.098236008196102,1.201691965493367,-0.11020456603999,"[0.001027913515, -0.00105409181, 0.0018406699725, 0.00011426953038, -0.00015886930359, 0.0013214011391, 3.2101205933e-08, 6.8281383485e-08, -3.155786165599999e-08, 1.6212097204e-11, 8.562872821e-09, 9.8158216185e-09, -6.9914224374e-09, 4.031675415999999e-12, 1.9670027525e-12, -1.8372772301e-09, 9.5743809761e-10, -1.0570656887e-09, -1.4081925917e-13, 1.1960867726e-13, 1.9188998627e-12]",0.06473009058081103,4.483079278710115e-06,0.0986,EXO,REAL,2025-10-07T22:21:29.719Z,system.exo,OPS1,,,,0.0,,,,,,,,,,,,,,,,,,,,,,,,,,,,,,,,,1764.12,25.19871467
602b7b0e-c9e2-48d5-b3dc-1fa33882a0b6,U//PR-EXO-SV,2025-10-07 18:27:08.000946,26575,26575,26575,False,16444.82829035311,38614.13006086236,4083.80240376777,-2.807217853319094,1.140088169318781,0.520951162820008,"[0.0011871848391, -0.0003103236372, 0.00023510019707, -0.00013065680256, 2.1397988633e-05, 0.0004135175196, 1.8826232054e-08, 9.7208355152e-09, 1.1174501867e-09, 1.7848850153e-12, 1.3638432392e-08, 5.0547145452e-09, -5.3546518011e-10, 1.1464341533e-12, 9.083895199399999e-13, 7.6566498083e-10, -4.5901571991e-10, 3.3161487386e-09, 8.4941393959e-14, -2.3274993538e-14, 4.2744586789e-13]",0.04284626653245298,1.766556085475352e-06,0.035,EXO,REAL,2025-10-07T21:00:31.363Z,system.exo,OPS1,,,,0.0,,,,,,,,,,,,,,,,,,,,,,,,,,,,,,,,,2733.0,8.43866569
b50829b0-e567-428b-ad6d-aec5135b8d22,U//PR-EXO-SV,2025-10-07 18:27:07.191938,26038,26038,26038,False,-5978.78517935598,42042.99949270517,1900.32887908183,-3.015472581099235,-0.441091267534954,0.301964358301378,"[0.0005267852331300001, 0.00012342994156, 8.3484957478e-05, -2.9728378454e-05, -1.4458790147e-05, 0.00019604750572, 1.8741647197e-09, 3.6213507787e-09, 1.2696063612e-10, 2.0669416941e-13, 1.012491513e-08, 7.2077159152e-09, -7.337916595999999e-10, 2.591175821e-13, 1.0092108434e-12, 1.9090462837e-10, -2.7423802101e-10, 1.1113496585e-09, 9.5968341443e-15, -1.1565647591e-14, 2.6283580734e-13]",0.02839573376984648,1.216034876206271e-06,0.03,EXO,REAL,2025-10-07T19:39:26.868Z,system.exo,OPS1,,,,0.0,,,,,,,,,,,,,,,,,,,,,,,,,,,,,,,,,4484.0,53.04093333
000a0e00-5793-424e-ac67-426f3ecbb87b,U//PR-EXO-SV,2025-10-07 18:26:49.847917,20263,20263,20263,False,28885.27134003954,29556.21082677788,8466.33891639999,-2.222789286758522,2.110909127500956,0.216432515489292,"[0.0002412671552, -0.00019145474575, 0.00020676298165, -5.9534775605e-05, -7.558517562599999e-05, 0.00048001157849, 2.8441178452e-09, -5.735407945900001e-10, 2.7977295224e-10, 2.2878725081e-13, 9.2337936187e-10, -4.4183637767e-10, -2.6989725491e-13, 6.756247713e-14, 3.6106523589e-14, 4.4606565853e-10, -1.5250380231e-10, 1.6977648635e-10, 3.4800382639e-14, 9.322463982199999e-15, 2.6163763681e-14]",0.03046377710232268,5.394974866299193e-07,0.007700000000000001,EXO,REAL,2025-10-07T21:48:29.928Z,system.exo,OPS1,,,,0.0,,,,,,,,,,,,,,,,,,,,,,,,,,,,,,,,,2101.09,23.8702275
31156725-47fa-4ae1-b94f-e102934725a7,U//PR-EXO-SV,2025-10-07 18:26:49.847917,23111,23111,23111,False,28151.99405469948,29154.44907125159,7968.83910514208,-2.271589603725894,2.087850231491375,0.325221867229991,"[0.00073140618079, -0.00056718812896, 0.00055014988441, -0.00010589936299, -1.5144981291e-05, 0.00046127466629, 1.4500944569e-08, -3.8583821661e-09, 1.4861680295e-10, 1.2223227142e-12, 6.7501242321e-09, -3.8613133982e-09, -7.712825297599999e-10, 4.9981542557e-13, 3.4164950881e-13, 2.2634767262e-09, -1.4337041015e-09, 1.5716845269e-09, 1.7517190663e-13, 6.7041096563e-14, 1.9670402679e-13]",0.04174722423694778,1.326904762897473e-06,0.0088,EXO,REAL,2025-10-07T23:21:28.272Z,system.exo,OPS1,,,,0.0,,,,,,,,,,,,,,,,,,,,,,,,,,,,,,,,,2120.91,23.59650242
b65a088e-34ef-4887-be60-ed795e72b60b,U//PR-EXO-SV,2025-10-07 18:26:43.928979,20659,20659,20659,False,41043.78006570076,-9670.517967211039,1455.65821405788,0.665977506405938,2.922686288084825,0.67567091031351,"[5.0029364191e-05, 0.00011638783257, 0.00049180298252, -2.7159224741e-05, -2.6223657453e-05, 0.0006558964491799999, -3.1103401663e-09, -3.4298506198e-09, -1.0235959516e-09, 5.8237138206e-13, -8.000369996799999e-10, 8.0209304776e-10, 1.1754427958e-10, 3.1004018065e-14, 7.162158376500001e-14, -4.6937833728e-10, -7.3627712917e-12, -2.4808899581e-10, 5.0165232562e-14, -2.3451795266e-14, 2.0584850859e-13]",0.03460821861770698,9.27276374343162e-07,0.006599999999999999,EXO,REAL,2025-10-07T18:54:27.194Z,system.exo,OPS1,,,,0.0,,,,,,,,,,,,,,,,,,,,,,,,,,,,,,,,,2101.09,23.8702275
0dfdd495-a473-4bfb-b2c5-bfde60634d59,U//PR-EXO-SV,2025-10-07 18:26:38.505069,27378,27378,27378,False,25708.16804346462,-33522.611904711,-1865.23424767156,2.431217639102991,1.870407520694521,-0.128131553106645,"[0.0005691732433099999, 0.0003048717602, 0.00029636183713, -1.7637861288e-05, -1.7889448907e-05, 0.00017909965018, -1.6728900263e-08, -6.1632503847e-10, 8.9837281169e-10, 1.2523661421e-12, 9.184256768e-09, 6.5325435936e-09, -4.7865280695e-10, -4.667636925e-13, 5.5026917351e-13, 1.6120786946e-09, -7.9813217957e-11, 2.2284410102e-09, -8.3766145335e-14, 3.0530469217e-14, 5.0998715335e-13]",0.03232080956009611,1.520730899587432e-06,0.032,EXO,REAL,2025-10-07T20:00:28.208Z,system.exo,OPS1,,,,0.0,,,,,,,,,,,,,,,,,,,,,,,,,,,,,,,,,4026.0,47.7512
d9400ef9-154c-4716-bb0b-09ba91e0c2d1,U//PR-EXO-SV,2025-10-07 18:26:27.346973,38104,38104,38104,False,-16110.77380057903,38679.21716762167,4936.21863394313,-2.814837873477153,-1.203477189009794,0.264719832920034,"[0.00044985137512, 0.00021918553336, 0.00013829991676, -1.0608163649e-06, -4.0139389123e-05, 0.00030552271575, -5.5462808763e-10, 3.279509072e-10, 1.7671368608e-10, 4.9189866299e-14, 6.8252464625e-09, 6.4524259579e-09, -4.0697848655e-10, -1.371507867e-14, 6.458383932e-13, 6.6240993291e-10, 3.8288922247e-10, 5.6709781034e-10, 5.6207513317e-15, 4.0944878286e-14, 1.0802427835e-13]",0.02989438087049136,8.961319868462458e-07,0.0108,EXO,REAL,2025-10-07T19:48:26.640Z,system.exo,OPS1,,,,0.0,,,,,,,,,,,,,,,,,,,,,,,,,,,,,,,,,2440.0,26.00846018
98ab1a37-5151-4bb0-86e8-42c89dca49c7,U//PR-EXO-SV,2025-10-07 18:26:21.574000,19686,19686,19686,False,-16078.01436446567,38238.98969536139,5042.24568865364,-2.833601976356484,-1.132246061177666,-0.484783799795123,"[0.0009676072831699999, 0.0004629979855, 0.00026422497766, 0.00013002832038, 4.2895142384e-06, 0.00055492988115, -3.0893785919e-09, -9.623290351900001e-10, -3.200970335e-10, 9.333902109e-14, 1.9994292005e-08, 1.4312225848e-08, 5.2844689793e-09, -1.644258204e-13, 1.544578766e-12, 2.8784367396e-09, 2.3809792744e-09, -6.6270200027e-10, -3.2537314437e-14, 1.928588142e-13, 2.057276114e-13]",0.04227010932065352,1.357809043455669e-06,0.0114,EXO,REAL,2025-10-07T19:33:26.657Z,system.exo,OPS1,,,,0.0,,,,,,,,,,,,,,,,,,,,,,,,,,,,,,,,,2120.91,23.59650242
84417ed4-0554-41d8-974e-cc486ae30cbc,U//PR-EXO-SV,2025-10-07 18:24:54.562925,65588,65588,65588,False,5189.3683441243,28438.02844376025,-28.37318018883,-3.766758632053442,1.985365190131263,-0.014763091215914,"[0.0019448982023, 0.0041288255509, 0.018765010957, 0.00038556186206, 0.0016090863095, 0.0011005768001, 4.3874964562e-08, -2.9231366238e-09, 8.2444812951e-09, 2.0656420969e-11, 9.678802552e-07, 4.2613768059e-06, 3.6382312662e-07, -4.6980417627e-12, 9.714868580099999e-10, -4.6366921537e-08, -2.3629020449e-07, -8.7213159287e-09, 4.0994753195e-12, -5.4559764742e-11, 7.610925303000001e-12]",0.147683736272482,3.161888999130109e-05,0.0417,EXO,REAL,2025-10-07T18:57:27.270Z,system.exo,OPS1,,,,0.0,,,,,,,,,,,,,,,,,,,,,,,,,,,,,,,,,0.0,0.0
9c554a70-2252-475e-b660-0ecc9a82c0e7,U//PR-EXO-SV,2025-10-07 18:23:01.403531,37737,37737,37737,False,-11278.21960995369,40972.17060100834,2162.02686631765,-2.939500882141313,-0.8206017005634041,0.218318689869326,"[0.00071020211711, 0.00022007096717, 9.155510401e-05, -2.5894650688e-05, -2.7290917267e-05, 0.00033502955494, -2.0889203327e-11, 9.771193235900002e-10, -1.9293958852e-13, 6.1850584041e-14, 6.0827295324e-09, 4.1333408729e-09, -5.3968026201e-10, 3.4459406592e-14, 5.033780799299999e-13, 2.726123337e-10, 4.8164279796e-11, 3.6506506072e-10, 1.4973195669e-15, 1.1855612055e-14, 7.3123150852e-14]",0.03371626871496904,7.989692201974992e-07,0.0159,EXO,REAL,2025-10-07T18:54:27.204Z,system.exo,OPS1,,,,0.0,,,,,,,,,,,,,,,,,,,,,,,,,,,,,,,,,2500.0,19.1434
682eee62-5e7b-408c-82b9-29a3cfc5f9fd,U//PR-EXO-SV,2025-10-07 18:21:59.098981,11570,11570,11570,False,37919.38964240739,-19770.63732761302,3401.98508623706,1.387248165907253,2.704944327442172,0.220826030931754,"[0.00017325700347, 0.00032417041764, 0.00064357201716, 4.7445274481e-07, 4.4368785624e-05, 0.00025842513446, -1.7472024138e-09, -2.8733865133e-09, -2.8121443628e-10, 2.306382814e-13, 5.993025843e-10, 1.996574193e-09, 9.6982177504e-11, -9.8788790106e-14, 8.1492663983e-14, -1.7105382102e-10, -1.9486513363e-10, 1.0772597443e-10, 1.2076447749e-14, -9.713027536499999e-15, 9.6066963855e-14]",0.03279106822123976,6.389036775899791e-07,0.0103,EXO,REAL,2025-10-07T19:30:28.337Z,system.exo,OPS1,,,,0.0,,,,,,,,,,,,,,,,,,,,,,,,,,,,,,,,,2120.91,23.59650242
5150d27b-7947-48ec-87e5-547451a26e16,U//PR-EXO-SV,2025-10-07 18:21:40.906040,64405,64405,64405,False,-2223.63068698254,42028.1658257706,-130.23366295478,-3.082536358882733,-0.173054927077339,0.064448131720326,"[0.0015202855582, -0.0001044167035, 0.00065575315521, -3.176219599e-05, 5.3042219188e-05, 0.00067477836427, -1.5492555366e-08, 4.7664936179e-08, 3.500181274e-09, 3.5253362572e-12, 2.629330861e-08, 7.5521285111e-09, -1.9030139526e-10, 2.220739713e-13, 3.1002971265e-12, 9.6326115736e-10, -4.618603803700001e-09, -1.7245050973e-08, -8.8423011922e-14, 4.1324058538e-14, 1.2006172041e-11]",0.05339304334536476,4.31645750873329e-06,0.0734,EXO,REAL,2025-10-07T19:00:28.761Z,system.exo,OPS1,,,,0.0,,,,,,,,,,,,,,,,,,,,,,,,,,,,,,,,,0.0,0.0
0169320f-7ea7-48c0-a0eb-9339aa46f154,U//PR-EXO-SV,2025-10-07 18:21:12.137095,44071,44071,44071,False,41747.3128394097,-5909.02226292827,-90.16932067885999,0.430821457237457,3.044461728509446,-0.002253900057189,"[0.002347259584, 0.0011286884094, 0.0028818802884, 0.0001724385748, 6.1444758276e-05, 0.0069962627581, -1.4838199051e-07, -1.2757690052e-07, -9.7347993301e-09, 1.4554705633e-11, -1.3386208006e-07, -3.5682720321e-08, -9.128214551e-09, 7.4645008019e-12, 8.0194155307e-12, -1.7570489699e-09, 4.4734245495e-10, 1.0590278159e-08, 1.8808893307e-13, 1.1882115958e-13, 2.1923104569e-12]",0.1105685426805472,4.976588351531599e-06,0.0,EXO,REAL,2025-10-07T18:57:27.257Z,system.exo,OPS1,,,,0.0,,,,,,,,,,,,,,,,,,,,,,,,,,,,,,,,,6000.0,52.96233333
429c84a7-d353-400d-859b-28b92cf10cb1,U//PR-EXO-SV,2025-10-07 18:21:12.137095,26824,26824,26824,False,42122.57859575481,-6311.23361466698,-528.39751681442,0.452684995085424,3.02475637554479,-0.006144402042850001,"[5.2676759904e-05, 8.608039785399999e-05, 0.0012681725171, 6.895134560599999e-06, -1.0297135093e-05, 0.00037088828067, 1.4878737498e-09, -4.1544008376e-08, 6.380734945399999e-10, 2.9839800554e-12, -3.0488134696e-09, 1.1933706061e-08, -3.4185600554e-10, -8.7861338091e-13, 4.4549042217e-13, 1.3799492357e-10, 8.9571822421e-10, 1.1018572193e-09, -3.0719797732e-14, 4.7503665652e-15, 6.348950960000001e-13]",0.04113073738305697,2.016027175801457e-06,0.0413,EXO,REAL,2025-10-07T19:33:26.659Z,system.exo,OPS1,,,,0.0,,,,,,,,,,,,,,,,,,,,,,,,,,,,,,,,,0.0,0.0
8c5d1112-6609-4aec-a744-22ab7eb74d96,U//PR-EXO-SV,2025-10-07 18:20:31.860025,42749,42749,42749,False,22191.23038792597,-35847.98991230682,-882.01492242763,2.614331799897836,1.615814439339068,0.073429842435063,"[0.0028529757567, -0.0024856008461, 0.0061266114471, 0.00010894424968, -0.0002094999288, 0.0017893935922, -2.8543534475e-07, 4.0514192327e-07, -1.4173666332e-08, 3.5200454495e-11, -2.0047895758e-08, 1.93257192e-07, -2.8704474236e-09, 8.3085262615e-12, 8.8657028784e-12, 3.7918565071e-09, -2.2953958266e-09, -7.48314072e-09, -3.7935818983e-13, -1.1675430365e-13, 3.9627258294e-12]",0.1037736999244028,6.930287382410631e-06,0.0409,EXO,REAL,2025-10-07T18:48:28.410Z,system.exo,OPS1,,,,0.0,,,,,,,,,,,,,,,,,,,,,,,,,,,,,,,,,6871.0,47.41493333
c8c70c84-578d-476d-9e15-ae1e6b2af416,U//PR-EXO-SV,2025-10-07 18:19:59.505986,49819,49819,49819,False,-5462.59802347448,44682.76709010817,805.46457875332,-2.904526008931365,-0.352932236401008,0.194888371823001,"[0.0011918415567, 0.00016449715267, 3.8365693125e-05, -4.7805870701e-05, -1.5599568568e-05, 0.00047382420019, 7.3265761144e-10, 9.8292809755e-10, -3.3479956467e-11, 5.3323965091e-14, 3.7726044598e-09, 1.7961051572e-09, -2.5375886641e-10, 5.793271994100001e-14, 2.4929292588e-13, 1.5157900916e-11, -4.4591272296e-11, 2.4305776886e-10, 5.3864805225e-15, -2.0442474821e-15, 1.1886660123e-13]",0.0412799158188943,6.492176000394629e-07,0.0102,EXO,REAL,2025-10-07T20:03:26.826Z,system.exo,OPS1,,,,0.0,,,,,,,,,,,,,,,,,,,,,,,,,,,,,,,,,2020.0,32.26022956
8e0e1c16-8aa8-4706-973e-2cab8694c72e,U//PR-EXO-SV,2025-10-07 18:19:01.443135,4511,4511,4511,False,40148.23800689527,-12394.42396013206,-822.4817952524301,0.902851819954319,2.947885830556691,-0.018077711413701,"[9.6675970487e-05, 0.00028509575973, 0.00091433357407, 4.8028581553e-06, -5.5089453484e-06, 0.00030628535578, -2.5030165777e-09, -4.7491883244e-09, -6.7053731018e-12, 4.5489355961e-13, 1.3528743523e-10, 1.2289459897e-09, -1.4499029109e-11, -6.2505441269e-14, 3.6800348608e-14, 3.199241007e-11, 1.3683771914e-10, 2.9170799882e-11, -4.0995411503e-15, 2.4507796959e-15, 6.7876700725e-14]",0.03629455744787365,7.480445233694315e-07,0.0064,EXO,REAL,2025-10-07T19:33:26.644Z,system.exo,OPS1,,,,0.0,,,,,,,,,,,,,,,,,,,,,,,,,,,,,,,,,600.0,8.305585578
7a76682b-9e97-428e-8662-16e8b920353c,U//PR-EXO-SV,2025-10-07 18:17:14.930496,25462,25462,25462,False,-12845.59638012386,40450.81213657032,2839.86426031446,-2.900849306801651,-0.945277433756653,0.284564881102711,"[0.00037162786066, 0.00012367136371, 4.7433026275e-05, -2.3835870036e-06, -2.3141666637e-05, 0.00031120008658, -1.6167998856e-10, 1.1856196428e-10, 2.2199727349e-11, 1.4026948324e-14, 1.7327099207e-09, 1.0909594247e-09, -1.7166536836e-10, -4.3731862468e-15, 1.3134939891e-13, 9.943618006000001e-11, 3.1463306288e-11, 4.8030598701e-11, 1.4124266052e-15, 4.9055364462e-15, 2.8470230834e-14]",0.02702334127222242,4.169491312714298e-07,0.0276,EXO,REAL,2025-10-07T19:00:28.732Z,system.exo,OPS1,,,,0.0,,,,,,,,,,,,,,,,,,,,,,,,,,,,,,,,,2279.48,80.00151667
8ea7d6b5-09e1-4f1e-bfe8-e40055f43067,U//PR-EXO-SV,2025-10-07 18:17:11.190987,10637,10637,10637,False,16114.35813286888,-38999.11677469361,277.29208480025,2.410207228275704,0.5118794927100689,1.83824349043878,"[0.0027478494885, -0.0018627812284, 0.013025766611, 0.00091210938975, 0.00026986417259, 0.0019219798044, -1.2199641781e-07, 9.5357084855e-07, -2.0923810042e-07, 1.9449641885e-10, 7.954547069400001e-08, 4.975264053699999e-07, 2.8161707662e-08, 7.8598561964e-11, 4.5635952441e-11, -2.0130491331e-07, 1.6250472396e-07, 2.5203467157e-07, -1.6374069965e-10, -6.359740359199999e-11, 2.5980231057e-10]",0.1330247943200815,2.235921916930464e-05,0.0,EXO,REAL,2025-10-07T19:30:28.335Z,system.exo,OPS1,,,,0.0,,,,,,,,,,,,,,,,,,,,,,,,,,,,,,,,,457.88,6.29312181
67c0f368-ad33-475d-b406-26e728d03c9a,U//PR-EXO-SV,2025-10-07 18:17:05.947966,25337,25337,25337,False,39886.44699449537,-14196.71693049042,-217.94723088102,1.018073162918046,2.857110347423756,0.412465698209286,"[0.00019124279976, 0.00036845075695, 0.0010286764088, 4.8687492697e-05, 0.00011732984446, 0.00025965268672, -9.281252378800001e-09, -8.3259927684e-09, -1.728344868e-09, 1.5021557848e-12, -1.0007127287e-09, 2.8013673227e-09, 3.2848764115e-10, -7.8808446159e-14, 1.8010084516e-13, -6.3338855399e-10, 1.2928223522e-10, -8.3289692908e-10, 5.9086789292e-14, -4.1649158144e-14, 4.8572189802e-13]",0.03846520369476808,1.472405694087061e-06,0.0209,EXO,REAL,2025-10-07T19:06:26.025Z,system.exo,OPS1,,,,0.0,,,,,,,,,,,,,,,,,,,,,,,,,,,,,,,,,2775.0,37.96964224
779e702c-acde-4bf2-bbe1-95823fec398c,U//PR-EXO-SV,2025-10-07 18:16:40.847317,17181,17181,17181,False,40407.23934483751,-12899.4947357708,67.70333382714999,0.9168024784450559,2.849524623689272,0.6826521913348029,"[4.7980621248e-05, 0.00011726207608, 0.00040177524976, 1.1876039775e-05, 4.0595766957e-05, 0.00025884007027, -1.1535485842e-09, -3.6621833188e-09, -8.7840550599e-10, 3.261796846e-13, -3.7985735267e-10, 1.9270353083e-09, 2.8203027514e-10, -1.018438004e-13, 1.158514885e-13, -1.4693780561e-10, 1.8754394644e-10, 1.8837032438e-10, -1.333256821e-14, -4.100941348499999e-14, 2.5280388299e-13]",0.02661946545815674,8.335676673732013e-07,0.0187,EXO,REAL,2025-10-07T21:09:29.689Z,system.exo,OPS1,,,,0.0,,,,,,,,,,,,,,,,,,,,,,,,,,,,,,,,,1245.79,11.30764165
69b25417-5007-4f9d-934c-50d702adfdf0,U//PR-EXO-SV,2025-10-07 18:16:14.333037,32479,32479,32479,False,29391.10067659426,29646.39443712752,2230.80751700172,-2.13386318029729,2.123908949668508,0.564592939267322,"[0.00080665567557, -0.00071759700977, 0.00073260887911, -0.00013483577339, 8.2053060426e-05, 0.00068352826164, 8.9777186867e-09, -2.3961616522e-10, -5.5070810636e-10, 9.940533219400001e-13, 3.56632953e-09, -2.1972764318e-09, -9.8444023363e-10, 3.3890351942e-13, 2.5998804946e-13, -2.4048317389e-11, -5.478927561800001e-10, 1.6568400956e-09, 1.7720119355e-14, -5.5009493123e-14, 4.0221475286e-13]",0.04714650375499757,1.286956146984038e-06,0.0088,EXO,REAL,2025-10-07T21:03:27.582Z,system.exo,OPS1,,,,0.0,,,,,,,,,,,,,,,,,,,,,,,,,,,,,,,,,1600.0,15.13462261
d7117326-cca7-4997-96fa-3b87cf934063,U//PR-EXO-SV,2025-10-07 18:14:52.929979,21227,21227,21227,False,21491.46283328978,35860.62644152872,6901.69798622274,-2.63483761288212,1.481284000813929,0.517859971129861,"[0.0007029002798799999, -0.00015919851072, 0.00023415060565, 1.3453386845e-05, -0.00024361914023, 0.0012843035199, 2.8222369174e-08, 7.9615034304e-09, 9.7740500963e-10, 2.5757468905e-12, 1.5846610608e-08, 2.6797555273e-09, -8.4586351753e-10, 1.3361495028e-12, 8.3499433504e-13, 2.3103688725e-09, -5.328447478799999e-10, 3.1610342397e-09, 1.9146365239e-13, 5.5427725317e-14, 2.8673580722e-13]",0.04713124659321033,1.922882480225975e-06,0.0139,EXO,REAL,2025-10-07T18:48:28.386Z,system.exo,OPS1,,,,0.0,,,,,,,,,,,,,,,,,,,,,,,,,,,,,,,,,731.42,15.3796756
ae3b9bd7-91f3-4b80-8b6d-05f91e51f9cc,U//PR-EXO-SV,2025-10-07 18:14:22.410007,57100,57100,57100,False,28861.9917050448,-31660.67775372792,1704.14221160095,2.29549166705559,2.027562525993466,-0.053232346039775,"[0.00020326809297, 0.00017170050564, 0.00015823442797, -6.8835545254e-06, 4.350905192e-06, 0.00020578171098, -2.186260007e-09, -8.162951923500001e-10, -1.0437413142e-11, 1.6528166579e-13, 1.4208144772e-09, 1.0330724544e-09, -2.9999759793e-11, -9.3496043388e-14, 8.4671688297e-14, -7.8574080429e-11, -5.3945291585e-11, -2.4463001549e-10, 5.8759025877e-15, -3.2269103069e-15, 3.6569934792e-14]",0.02381772936112929,5.352787020599642e-07,0.0113,EXO,REAL,2025-10-07T19:51:26.253Z,system.exo,OPS1,,,,0.0,,,,,,,,,,,,,,,,,,,,,,,,,,,,,,,,,3510.0,64.94225721
5a4e5b42-1b19-421d-b14d-d7a30d9f8f39,U//PR-EXO-SV,2025-10-07 18:14:19.394293,39728,39728,39728,False,41300.44264461573,-8483.32767867516,-97.73025485318,0.618643497674911,3.011962673249511,-0.002005644747573,"[0.001365079391, 0.00087264080504, 0.0026943691131, 7.9508810829e-05, 2.3576508934e-05, 0.0015558509761, -1.6051399832e-07, -1.4316819342e-07, -8.4157734948e-09, 2.2023715332e-11, -5.6331307647e-08, 2.0489419847e-09, -3.5721577173e-09, 5.5130456611e-12, 3.0680963415e-12, -6.1024514031e-09, 7.5657517559e-10, -8.4322481643e-10, 6.5913238352e-13, 3.325380234e-13, 1.3196296814e-12]",0.07493530196242622,5.139206296199833e-06,0.0,EXO,REAL,2025-10-07T18:36:29.156Z,system.exo,OPS1,,,,0.0,,,,,,,,,,,,,,,,,,,,,,,,,,,,,,,,,1800.0,16.98733333
ef169da7-32aa-4441-bc49-d793a5f39bc8,U//PR-EXO-SV,2025-10-07 18:13:14.441034,22112,22112,22112,False,-2372.8830138642,-40919.15735715955,-9777.44803978516,3.065793125877254,-0.211230878206634,0.147683811807786,"[0.00082756459119, -0.00019341984468, 0.0001626511179, -2.2031101295e-05, -5.558068710300001e-05, 0.00035798653652, -9.271331546300001e-09, 8.973533689e-09, 1.9488416736e-09, 5.839805838500001e-13, 2.4834990185e-08, -1.4105163322e-08, -2.0875497393e-09, -8.2396837668e-13, 1.8861386152e-12, 5.2363016234e-09, -2.6408941096e-09, -1.1591788265e-09, -1.728398506e-13, 3.5578188623e-13, 2.3388959154e-13]",0.03671787365316789,1.644387056197537e-06,0.007700000000000001,EXO,REAL,2025-10-07T18:54:27.198Z,system.exo,OPS1,,,,0.0,,,,,,,,,,,,,,,,,,,,,,,,,,,,,,,,,2973.24,6.333055647
9ef040fe-484a-41a3-b648-8ca00dc30477,U//PR-EXO-SV,2025-10-07 18:13:13.172885,34713,34713,34713,False,41108.15951033272,-9381.43147570716,-92.43139289685,0.68399212475537,2.99762703588061,-0.002998048631446,"[0.012663994889, -0.007355255204299999, 0.0070327270425, 0.0011631363147, -0.0006873121423699999, 0.0077404626995, 5.0034436564e-07, -3.0080464949e-07, 5.4805388239e-08, 8.4961419018e-11, -9.5565846455e-07, 6.125901834700001e-07, -8.7192623425e-08, -4.0816396346e-11, 7.3520940212e-11, 7.6806774067e-08, -3.2095841249e-08, 1.38183292e-07, 1.0669456108e-11, -5.7955219851e-12, 2.2670395774e-11]",0.1656417357763435,1.345929994479654e-05,0.0,EXO,REAL,2025-10-07T18:36:29.147Z,system.exo,OPS1,,,,0.0,,,,,,,,,,,,,,,,,,,,,,,,,,,,,,,,,5768.0,58.58566667
67064760-6dcd-44ae-afdc-dc8958bfbb03,U//PR-EXO-SV,2025-10-07 18:12:33.249465,28234,28234,28234,False,-12741.95918509725,39446.63278036455,9272.62352625442,-2.907093528305288,-0.959340478180247,0.085365715924617,"[0.00078064392918, 0.00024978137269, 0.0001199566911, 4.0346538955e-05, -0.00013729057404, 0.00064184330353, -6.2497269509e-11, 1.0760992973e-10, 2.7221576944e-11, 9.1597364759e-15, 1.7367757596e-09, 1.189215405e-09, 4.0892155339e-11, 1.1330241279e-15, 1.3474996678e-13, 3.8496868736e-10, 2.3193810043e-10, 5.5509713278e-11, 8.2225967551e-16, 2.5093901893e-14, 2.1248931687e-14]",0.03927395986923142,4.063971394373981e-07,0.0152,EXO,REAL,2025-10-07T22:00:26.310Z,system.exo,OPS1,,,,0.0,,,,,,,,,,,,,,,,,,,,,,,,,,,,,,,,,2542.0,18.13972231
c1120156-269c-47fe-8cdd-75a6389efe18,U//PR-EXO-SV,2025-10-07 18:11:24.452976,23765,23765,23765,False,41014.68288750936,-9213.26924325162,-6266.23699553683,0.730305946622003,2.939182282173004,0.45635633052518,"[4.497079730499999e-05, 9.212860481e-05, 0.00041870452594, 7.6956001984e-05, -3.8872682356e-05, 0.00056074093663, -1.7447338734e-09, -3.0188669412e-09, -5.543809038300001e-10, 4.3236762311e-13, -4.6976653312e-10, 3.353098317e-10, 3.2896621945e-10, -3.1994604541e-14, 5.4358211903e-14, -3.9062944177e-11, 7.3120996051e-10, -1.2503968112e-09, -2.2013086761e-14, -2.2457764532e-14, 1.8477343287e-13]",0.03200650339969988,8.19450589043049e-07,0.0158,EXO,REAL,2025-10-07T21:06:27.915Z,system.exo,OPS1,,,,0.0,,,,,,,,,,,,,,,,,,,,,,,,,,,,,,,,,831.52,15.37809604
ae1ef320-e324-4d32-9253-f1f2aaff2bcc,U//PR-EXO-SV,2025-10-07 18:11:24.452976,28094,28094,28094,False,40697.7663353994,-9107.43751224884,-6331.13778360122,0.693886853867328,2.990006677087632,0.157804109252701,"[0.00014521984967, 0.00018220093055, 0.00077665325239, 7.8525924105e-05, -7.4065304277e-06, 0.0005638619166800001, -1.0718774213e-08, -8.1945688581e-09, 1.6166321845e-10, 1.449470656e-12, -4.2218242512e-09, 1.087488075e-09, 5.745321556899999e-10, 3.1645665682e-13, 2.5652554402e-13, 6.546733099e-10, 1.3610599608e-09, -1.3374967244e-09, -1.0234584923e-13, -3.3434884259e-14, 3.0846114813e-13]",0.038545233411409,1.419315802825432e-06,0.0112,EXO,REAL,2025-10-07T19:06:26.027Z,system.exo,OPS1,,,,0.0,,,,,,,,,,,,,,,,,,,,,,,,,,,,,,,,,1320.0,11.372
bb6978e5-917c-4fc3-a849-5ce02982ea76,U//PR-EXO-SV,2025-10-07 18:11:17.213909,26098,26098,26098,False,3088.23207805805,41794.41613106451,8305.00354746959,-3.033175133720808,0.158920613786989,0.328145807902125,"[0.0010986425172, -4.8683110617e-05, 3.6730931018e-05, -7.7438508747e-05, -7.2416832333e-05, 0.0004021648313, 1.4141696614e-09, 1.3953986913e-09, 1.5424014394e-10, 1.1614732098e-13, 3.061039626e-09, 1.3193624405e-09, -1.3476331677e-10, 1.2169808437e-13, 2.4306970453e-13, 5.3430219889e-10, 3.258900662999999e-11, 3.2219653021e-10, 1.7200217939e-14, 2.4618974355e-14, 5.9832915819e-14]",0.03921145597294239,6.473406686814911e-07,0.0202,EXO,REAL,2025-10-07T20:54:26.120Z,system.exo,OPS1,,,,0.0,,,,,,,,,,,,,,,,,,,,,,,,,,,,,,,,,2300.0,18.13972231
91eb2e5d-e6a1-4cb5-99fd-20a1b1daeefb,U//PR-EXO-SV,2025-10-07 18:11:14.444702,19217,19217,19217,False,-1236.18894002942,-41068.83735111423,-10486.97426379315,3.063544859025761,-0.064948955757532,-0.109221796062492,"[0.0021693705682, -0.00047673916488, 0.00061127506156, -9.2790541246e-05, -0.00055075961426, 0.0026835790374, -2.7898220485e-08, 3.0774164229e-08, 8.8386489551e-09, 2.176084293e-12, 8.7577753793e-08, -3.4098505767e-08, -1.0993200383e-08, -2.2378897151e-12, 5.646964292e-12, 2.3332572345e-08, -9.983594234e-09, -3.5951375337e-09, -6.4717959938e-13, 1.3434568932e-12, 1.1129377264e-12]",0.07392039412205538,2.989312013055847e-06,0.0187,EXO,REAL,2025-10-07T20:42:28.727Z,system.exo,OPS1,,,,0.0,,,,,,,,,,,,,,,,,,,,,,,,,,,,,,,,,1033.7,58.81961881
c4d13a85-1968-434a-97c2-820c7774a434,U//PR-EXO-SV,2025-10-07 18:11:07.825708,15824,15824,15824,False,-1575.02300791348,-41158.20724350418,-10061.63605957122,3.057530709100899,-0.157582169734931,0.160023024579175,"[0.001833157973, -0.00058013927268, 0.00050729915467, -7.742149974900001e-05, -0.00017465234636, 0.00098012963101, -3.3965392151e-08, 2.9153994061e-08, 4.4725368924e-09, 1.920005073e-12, 8.246741782100001e-08, -4.6032251879e-08, -3.5277094551e-09, -2.8224555376e-12, 6.269691640200001e-12, 1.7966062612e-08, -7.7473315952e-09, -5.6928738078e-09, -5.6486431516e-13, 1.226074835e-12, 6.187794705199999e-13]",0.05762453261138003,2.967907711456002e-06,0.0114,EXO,REAL,2025-10-07T19:45:28.049Z,system.exo,OPS1,,,,0.0,,,,,,,,,,,,,,,,,,,,,,,,,,,,,,,,,641.23,13.30464489
d9bf58c4-6266-4eb8-8efa-f6a03708202e,U//PR-EXO-SV,2025-10-07 18:10:31.653987,10002,10002,10002,False,15042.16647601682,39382.65218123613,5045.09162415541,-2.850899929194569,1.178399537307689,-0.324527362356552,"[0.00041750463978, -0.00014230782212, 7.7045104185e-05, 1.0689977794e-06, -3.9352096349e-05, 0.00033648379802, 2.8668611468e-09, 7.4923045814e-10, 6.5669512551e-10, 1.9212126263e-13, 4.1826961014e-09, -1.2447771253e-09, 5.9591213365e-10, 1.3320527514e-13, 2.5609875985e-13, 8.7457392403e-10, 8.0302329794e-11, -9.8155603358e-10, 1.3141875585e-14, 2.6352414349e-14, 1.6208176734e-13]",0.02882765238421263,7.81218144835359e-07,0.0088,EXO,REAL,2025-10-07T19:12:27.942Z,system.exo,OPS1,,,,0.0,,,,,,,,,,,,,,,,,,,,,,,,,,,,,,,,,1486.62,14.97361599
de4c6b79-c65a-4982-b3c0-63895c014f23,U//PR-EXO-SV,2025-10-07 18:09:01.904484,39070,39070,39070,False,-17253.19326987072,38393.48702916504,2354.45044589987,-2.804767371620297,-1.260860159706716,0.011593782189023,"[0.00018401180293, 9.5890706065e-05, 6.716684776399999e-05, 3.3539721287e-06, -5.538692173e-06, 0.00012803778166, -5.030240802e-10, 2.5901292354e-10, 3.0303963158e-11, 4.1147101046e-14, 3.2310328587e-09, 3.2536483526e-09, 6.604036198699999e-11, -9.7020620339e-15, 3.0982299087e-13, 1.7602098052e-10, 1.2383389073e-10, 2.4243070344e-10, -1.700909799e-16, 1.0445873774e-14, 7.7914929375e-14]",0.01947348023220297,6.548931373063852e-07,0.0307,EXO,REAL,2025-10-07T18:51:25.984Z,system.exo,OPS1,,,,0.0,,,,,,,,,,,,,,,,,,,,,,,,,,,,,,,,,3454.0,43.35633333
6ce264f1-e5d8-40bd-85a4-dd61f1bc506d,U//PR-EXO-SV,2025-10-07 18:09:01.608006,11964,11964,11964,False,14234.46110930909,39551.77513261297,5068.86087702075,-2.868950220855664,1.069360210614502,-0.257537151451499,"[0.00063017480502, -0.00020811425682, 9.3200383375e-05, -3.8871651256e-06, -6.1080645127e-05, 0.00051242282852, 3.3121505181e-09, 2.4242145763e-10, 4.9493055942e-10, 1.7498244645e-13, 5.610548969199999e-09, -1.4144478118e-09, 6.083918872599999e-10, 1.8483564838e-13, 3.7671276606e-13, 9.5873221559e-10, -7.8890710913e-11, -4.2219790184e-10, 2.3293674168e-14, 4.5795911741e-14, 1.0057632506e-13]",0.03515391894106545,8.076332939954866e-07,0.0144,EXO,REAL,2025-10-07T20:03:26.794Z,system.exo,OPS1,,,,0.0,,,,,,,,,,,,,,,,,,,,,,,,,,,,,,,,,393.46,7.913680013
fe1c0353-1eb0-4307-aead-3c094742d325,U//PR-EXO-SV,2025-10-07 18:08:14.932017,12351,12351,12351,False,-4308.41877256417,41973.41222040062,1368.82670893032,-3.032951702203723,-0.324578572957243,-0.34856850974699,"[0.00028470632385, 3.9616259619e-05, 1.6125399466e-05, 9.3144497955e-06, -3.9351390084e-06, 0.00022261685802, 4.4503655201e-10, 7.2264685e-10, 1.0973409266e-10, 4.5018962481e-14, 2.9337728447e-09, 1.2803877609e-09, 4.3346827913e-10, 4.6309620245e-14, 2.2843722127e-13, 1.3815954852e-10, 1.2455900115e-10, 1.4360703826e-10, 1.7514907801e-16, 1.1772668568e-14, 6.0713449525e-14]",0.02287899869609682,5.780740724820652e-07,0.0103,EXO,REAL,2025-10-07T20:15:26.840Z,system.exo,OPS1,,,,0.0,,,,,,,,,,,,,,,,,,,,,,,,,,,,,,,,,1947.47,16.97517964
739f16a7-1eb2-416e-bbb7-07a2f9b5c964,U//PR-EXO-SV,2025-10-07 18:08:05.144301,43864,43864,43864,False,41669.33601874745,-6493.4072514055,-164.2053711908,0.473580292933043,3.037449005605611,-0.002860485779563,"[5.9489312426e-05, 9.3656250864e-05, 0.00086443385181, 4.9109401946e-06, -4.2417428172e-06, 0.0005530965935200001, -1.069027266e-09, -3.1131987362e-08, 2.6784952173e-10, 2.8362911891e-12, -3.3426327955e-09, 6.1120827381e-09, -2.8033696965e-10, -5.841212222999999e-13, 3.89051979e-13, 2.9643805035e-10, 9.7618806902e-10, 6.2545603812e-09, 3.1137859689e-14, -1.3102935611e-14, 9.26278973e-13]",0.03843201475015329,2.037552978722271e-06,0.0216,EXO,REAL,2025-10-07T18:48:28.413Z,system.exo,OPS1,,,,0.0,,,,,,,,,,,,,,,,,,,,,,,,,,,,,,,,,2250.0,8.525533333
360883f6-f790-4469-acf4-22ea5175c826,U//PR-EXO-SV,2025-10-07 18:07:22.116491,15693,15693,15693,False,-14151.00394399559,38813.2517421267,1658.03185468206,-2.89783157769568,-1.04622013453815,-0.383540293446757,"[0.00045700091623, 0.00018436866177, 8.8275520964e-05, 3.5943566099e-05, 5.837985289599999e-06, 0.00025865513426, -1.0727758744e-09, 6.4358300561e-12, -5.7545057302e-11, 4.913310546e-14, 6.8200449956e-09, 4.3009750003e-09, 1.1048536858e-09, -4.8908771055e-14, 5.1467277088e-13, 4.725617735899999e-10, 3.6591840322e-10, -4.2492085205e-10, -1.1263556691e-14, 2.5226220878e-14, 1.1631703684e-13]",0.02835368708746713,8.24695648818399e-07,0.007700000000000001,EXO,REAL,2025-10-07T18:45:26.555Z,system.exo,OPS1,,,,0.0,,,,,,,,,,,,,,,,,,,,,,,,,,,,,,,,,2120.91,23.59650242
c3485647-c16f-4e16-9a96-60ac3be079fc,U//PR-EXO-SV,2025-10-07 18:06:05.444005,61991,61991,61991,False,5635.39305516343,41377.37625821262,-260.27444795898,-3.052552939432689,0.451830525269572,0.05930114916424899,"[0.0017762581157, 0.00020339133829, 0.00042766708543, 1.1619193089e-05, 3.5798248006e-05, 0.00046010135688, 3.8822331481e-08, 3.8860596318e-08, 2.9678892976e-09, 3.7849065477e-12, 4.0403912382e-08, 3.4804756668e-08, 2.5755092487e-09, 3.507642057e-12, 3.6264455298e-12, 2.7239030751e-10, 4.6395297932e-10, 1.6373600991e-09, 5.2197188413e-14, 4.0849093996e-14, 5.130222195800001e-13]",0.05161420887711057,2.815026518006536e-06,0.0201,EXO,REAL,2025-10-07T18:57:27.268Z,system.exo,OPS1,,,,0.0,,,,,,,,,,,,,,,,,,,,,,,,,,,,,,,,,0.0,0.0
c113b914-c7fb-4e00-8657-0b594e913fb7,U//PR-EXO-SV,2025-10-07 18:06:04.595971,44204,44204,44204,False,30670.63382477943,28811.39325525095,3879.8462033794,-1.275733996144572,1.013237132602902,2.599623943353728,"[0.0043025013145, 0.0026889577758, 0.0022693297949, -0.0001800503802, -0.00014329312059, 0.00041532742296, 1.4562018399e-06, 1.0105609851e-06, -1.6897586156e-08, 5.8445179053e-10, 9.7236611333e-07, 7.3834473411e-07, -3.9696993064e-08, 4.0460109164e-10, 3.0312202395e-10, -8.7485082523e-08, -9.0625748523e-08, 2.3222002896e-08, -2.0249301158e-11, -2.2796450379e-11, 9.5154714851e-12]",0.08358922497762496,2.99514488124548e-05,0.0,EXO,REAL,2025-10-07T18:36:29.168Z,system.exo,OPS1,,,,0.0,,,,,,,,,,,,,,,,,,,,,,,,,,,,,,,,,3060.0,13.99773333
1b3c7552-34fd-4445-85ea-bd3d887c9947,U//PR-EXO-SV,2025-10-07 18:05:08.832000,20837,20837,20837,False,24784.67471419804,-34794.17367892731,524.05419585162,2.45657165758748,1.746342570529829,0.4231993869106589,"[0.0013138626898, 0.00084724390852, 0.0006621384503, 0.00017049874646, 0.00011280487833, 0.00049570697552, -1.9091645509e-08, -4.2018904372e-09, -3.1630494491e-09, 1.4947003037e-12, 1.7564414586e-08, 1.1422116914e-08, 3.1343877586e-09, -1.1236113856e-12, 1.4928814312e-12, -7.028298296599999e-10, 7.671308247100001e-10, -1.468314188e-09, -3.181296873300001e-14, -1.6044289983e-13, 1.3902053638e-12]",0.04971627616404913,2.092316204281753e-06,0.0251,EXO,REAL,2025-10-07T18:57:27.221Z,system.exo,OPS1,,,,0.0,,,,,,,,,,,,,,,,,,,,,,,,,,,,,,,,,33.5,0.910158662
87e7c35d-863d-486d-8d3d-5b98df4152c6,U//PR-EXO-SV,2025-10-07 18:05:00.206861,43698,43698,43698,False,40238.77468185071,-12620.1500026784,-111.59594072545,0.9203522372499879,2.933201591326595,-0.004154517812368,"[0.00029025709681, 0.00016366799317, 0.00057478152347, 1.8009446443e-05, -9.9955047095e-07, 0.0003711729615, -2.1024785532e-08, -1.1842030331e-08, -1.2492543692e-09, 2.1544442076e-12, -1.0790199477e-08, 4.6795389678e-09, -8.6275281947e-10, 5.9604033392e-13, 6.961975746200001e-13, -6.304880469e-10, 4.0877515812e-10, -9.4322278941e-10, 5.231527549e-14, 3.9797082423e-14, 9.5189235917e-13]",0.03515980065045875,1.950008754182914e-06,0.03,EXO,REAL,2025-10-07T19:03:28.322Z,system.exo,OPS1,,,,0.0,,,,,,,,,,,,,,,,,,,,,,,,,,,,,,,,,3423.0,16.00626667
d7aad593-72a0-4106-a28c-59fc29b81a56,U//PR-EXO-SV,2025-10-07 18:04:07.730863,25897,25897,25897,False,218.97231107198,41152.83016229515,9550.68359213896,-3.065896963067823,-0.025833653254146,0.181671152576126,"[0.0010421057821, 2.8676549698e-05, 3.2982853401e-05, -3.5512152701e-05, -7.4732915041e-05, 0.00033238846209, 1.8563257493e-09, 1.1226574048e-09, 1.6900166195e-10, 8.3601930311e-14, 4.3692849091e-09, 1.7915979789e-09, 1.2131132895e-10, 1.3116680399e-13, 3.0448226187e-13, 8.9353386948e-10, 2.8993140641e-10, 2.0918515093e-10, 2.6275432786e-14, 5.4274749801e-14, 4.1149003034e-14]",0.03751635773354071,6.551589083688019e-07,0.024,EXO,REAL,2025-10-07T19:30:28.359Z,system.exo,OPS1,,,,0.0,,,,,,,,,,,,,,,,,,,,,,,,,,,,,,,,,1360.0,6.0
1971b072-658e-498f-a203-4336521fc5f3,U//PR-EXO-SV,2025-10-07 18:03:15.392463,28924,28924,28924,False,-8041.27627341287,41384.60311643609,974.25978868376,-3.011137135076722,-0.591418760461872,0.185040344845871,"[0.00046607264913, 0.00022522580498, 0.00027103105163, -6.4027156066e-06, -6.6122073339e-07, 0.00020638004276, 5.1802435276e-09, 1.1342952165e-08, 5.3545654561e-10, 5.6294126389e-13, 2.2906072795e-08, 2.640600917e-08, 4.5362505446e-11, 9.916054257599999e-13, 3.0427013165e-12, 1.5131652073e-10, -2.2850007336e-10, 2.2592038907e-09, 1.0558026939e-14, -9.0160473286e-15, 3.9083235597e-13]",0.03071618048390783,1.999118539847e-06,0.06160000000000001,EXO,REAL,2025-10-07T19:12:27.966Z,system.exo,OPS1,,,,0.0,,,,,,,,,,,,,,,,,,,,,,,,,,,,,,,,,5035.0,40.67333333
b2606644-d303-4a08-9c24-7373e26796e4,U//PR-EXO-SV,2025-10-07 18:03:07.778020,14940,14940,14940,False,40735.62545357963,-10300.75300355284,3541.40418758257,0.7145509928968681,2.961367809660927,0.41284461646715,"[5.5492114392e-05, 0.00012821186836, 0.0005074239467599999, -2.5315647334e-05, 2.5966115805e-05, 0.00040938372716, -2.7942234154e-09, -3.6009531553e-09, -8.074829924300001e-10, 4.386392297e-13, -7.937156625e-10, 7.3857827236e-10, -4.1010178096e-11, 3.1621619036e-14, 6.4335309395e-14, -4.437521834100001e-10, -2.7074845761e-10, -2.6521625057e-10, 4.4701381144e-14, -9.0496855508e-16, 1.3865294351e-13]",0.03118172202287744,8.010165307938407e-07,0.006599999999999999,EXO,REAL,2025-10-07T19:51:26.235Z,system.exo,OPS1,,,,0.0,,,,,,,,,,,,,,,,,,,,,,,,,,,,,,,,,2101.09,23.8702275
4c0128a3-6f91-4d27-98ef-8817ceb4d480,U//PR-EXO-SV,2025-10-07 18:01:58.428004,24768,24768,24768,False,21221.69453648648,36166.6111138198,5067.927565484561,-2.651902323397359,1.469760806724031,0.5688942447097499,"[0.0010256306191, -0.00052266826332, 0.0003185012538, -0.00015973252448, 1.5760709121e-05, 0.00052730664812, 6.1655849198e-09, 9.823660400400001e-10, -3.215331329e-10, 4.8225498064e-13, 3.632123513e-09, 1.4070497098e-10, -8.1587002703e-10, 2.6760689174e-13, 2.1605949677e-13, 3.0053384725e-10, -5.0958311726e-10, 1.9742355394e-09, 2.6562030986e-14, -3.4291985461e-14, 2.3167098244e-13]",0.04326012622519726,9.64357537353237e-07,0.0268,EXO,REAL,2025-10-07T19:42:26.618Z,system.exo,OPS1,,,,0.0,,,,,,,,,,,,,,,,,,,,,,,,,,,,,,,,,1556.0,69.24090903
9134fe5f-f4a8-463b-8808-a99d7ffea0e5,U//PR-EXO-SV,2025-10-07 18:01:56.461006,8751,8751,8751,False,32310.81507747497,28107.78728424025,-1395.5492885319,-1.861503598150862,2.139806110237571,1.10952539352123,"[0.00033267842931, -0.00026036137062, 0.00038091532673, -6.445545183199999e-08, 1.5484102368e-05, 0.0005939932814700001, -3.7868699462e-09, -4.2738444318e-09, -1.7220016467e-10, 3.5150905314e-12, -1.0591657958e-08, -8.686949995800001e-09, 9.6953166305e-10, 3.5152932485e-12, 4.619128185200001e-12, -1.5703730041e-09, -8.1424848226e-10, -3.634212332e-10, 2.2683169194e-13, -3.2469057604e-13, 1.340391209e-12]",0.03616057296987978,3.07808543182284e-06,0.0098,EXO,REAL,2025-10-07T20:39:26.797Z,system.exo,OPS1,,,,0.0,,,,,,,,,,,,,,,,,,,,,,,,,,,,,,,,,1486.62,14.97361599
5ada378a-5143-42d0-b606-306c6beb67a4,U//PR-EXO-SV,2025-10-07 17:59:57.075011,11343,11343,11343,False,41501.87286270803,-6445.05704178598,3898.37542236754,0.459359914400329,3.036462131966803,0.124336232957814,"[1.7656028152e-05, 7.745253235200001e-05, 0.00050230523832, -2.9865884883e-05, 1.1637177137e-05, 0.00034183689804, -3.6898118973e-10, -2.4359349762e-09, -9.3456871561e-11, 1.7485413597e-13, -1.494011784e-10, 3.2943586986e-10, -1.607122252e-11, -2.6406480014e-14, 1.8752744664e-14, -2.1292509532e-11, -1.8180694816e-10, -4.3612713381e-11, 1.079062354e-14, -3.9752758902e-15, 5.3362400042e-14]",0.0293563990385742,4.969600393150338e-07,0.007700000000000001,EXO,REAL,2025-10-07T18:30:27.888Z,system.exo,OPS1,,,,0.0,,,,,,,,,,,,,,,,,,,,,,,,,,,,,,,,,1947.47,16.97517964
edaad1bf-d185-4185-bb62-7392f329a5f0,U//PR-EXO-SV,2025-10-07 17:59:52.797142,14725,14725,14725,False,41261.19236495289,-7791.99956371409,3950.47459327219,0.530353813534142,3.003695554367015,0.381303507040845,"[1.6941785359e-05, 5.9925916137e-05, 0.0003326072283, -2.3899727757e-05, 1.2272847197e-05, 0.00027839118952, -3.4292790174e-10, -2.3958378676e-09, -3.1270382426e-10, 1.7167764595e-13, -1.7520867996e-10, 5.6348985025e-10, -2.5284413025e-12, -3.6478594396e-14, 2.8059693165e-14, -7.2379652516e-11, -1.8492814097e-10, 1.9603136307e-10, 7.0586426147e-15, -9.0151226404e-15, 7.232920424199999e-14]",0.02505873506741711,5.215999840462038e-07,0.0114,EXO,REAL,2025-10-07T18:54:27.193Z,system.exo,OPS1,,,,0.0,,,,,,,,,,,,,,,,,,,,,,,,,,,,,,,,,1947.47,16.97517964
bb4a47cd-6085-4b0d-bce4-0adc47f1e526,U//PR-EXO-SV,2025-10-07 17:59:36.333019,37210,37210,37210,False,2841.16789645202,42102.70963654734,601.6491016455001,-3.060864277961031,0.203234889610191,0.161866711508002,"[0.00053844246204, -9.487802862300001e-06, 3.388138545799999e-05, -8.5181323788e-06, -2.3456071572e-06, 0.00033866541969, 2.1611486678e-09, 2.5812214665e-09, 1.6753320412e-10, 2.1322000253e-13, 3.4962958036e-09, 2.3108217823e-09, 4.5966827986e-11, 2.0453466602e-13, 3.0815638738e-13, -1.7304775674e-12, -3.6846569371e-11, 4.3077769187e-10, 2.94295832e-15, -1.7205178812e-15, 1.0121053022e-13]",0.03018259874808662,7.890417733745153e-07,0.0268,EXO,REAL,2025-10-07T19:09:27.006Z,system.exo,OPS1,,,,0.0,,,,,,,,,,,,,,,,,,,,,,,,,,,,,,,,,3060.0,13.99773333
76cb97fd-774d-43b1-bae7-d95c896d2715,U//PR-EXO-SV,2025-10-07 17:58:48.535008,17939,17939,17939,False,-13751.41633202384,39987.28933637343,-235.57685672981,-2.87994825248039,-0.998025449140134,-0.310742576478209,"[0.001031945309, 0.00038736452901, 0.0001753052722, 9.0304696385e-05, 3.7105548062e-05, 0.00023648290654, -1.1853485314e-09, 6.358042951e-10, -9.9018699343e-11, 9.4085705422e-14, 1.0054949887e-08, 6.9164519915e-09, 1.2132718095e-09, -4.4046938038e-14, 8.4580575131e-13, 8.9417646733e-11, 1.8821526919e-10, 1.5015631465e-10, -1.4762337928e-14, 8.6144145285e-15, 2.1536751676e-13]",0.03799649309791629,1.074829741629808e-06,0.0541,EXO,REAL,2025-10-07T18:27:27.270Z,system.exo,OPS1,,,,0.0,,,,,,,,,,,,,,,,,,,,,,,,,,,,,,,,,2120.91,23.59650242
2a200109-e794-4a3d-b021-ef0e707f7421,U//PR-EXO-SV,2025-10-07 17:58:33.833781,10669,10669,10669,False,-17793.41862444525,38618.21922302686,-100.43429812156,-2.754743470350741,-1.273881294616201,-0.404294305977615,"[0.000689034362, 0.00036181740306, 0.00022997502014, 5.0345281953e-05, 3.0017675039e-05, 0.00041886011434, -2.661442037e-09, -2.5989798577e-10, -4.5684037796e-10, 1.3720770887e-13, 1.2471171193e-08, 1.0266951921e-08, 1.7501091845e-09, -1.3573083254e-13, 9.861593902499999e-13, 4.6634742426e-10, 6.3118207696e-10, 3.9589359945e-10, -1.6599059594e-14, 3.6121739457e-14, 2.0538502508e-13]",0.03657689839885279,1.152715109730067e-06,0.024,EXO,REAL,2025-10-07T18:27:27.268Z,system.exo,OPS1,,,,0.0,,,,,,,,,,,,,,,,,,,,,,,,,,,,,,,,,978.2,11.30764165
8c291b4f-51dd-4bc7-9530-a71582a72031,U//PR-EXO-SV,2025-10-07 17:57:43.227336,20367,20367,20367,False,41177.53752026321,-8792.87185065185,2000.26683851492,0.597273897455986,2.943171584290946,0.660377674006618,"[4.6254475679e-05, 0.00010581212471, 0.00050356184363, -4.8195239356e-05, -5.377587523e-05, 0.00079679281755, -2.3339431581e-09, -3.5275394126e-09, -1.0291820197e-09, 4.8549003021e-13, -1.0142546812e-09, 1.0476580985e-09, 1.637489189e-11, 1.8566715415e-14, 9.7597415702e-14, -4.5954787321e-10, -1.0544440918e-10, 1.8173745971e-10, 2.3374961518e-14, -4.1816071376e-14, 3.0754664526e-13]",0.03669617332718767,9.437341210171434e-07,0.006599999999999999,EXO,REAL,2025-10-07T21:06:27.910Z,system.exo,OPS1,,,,0.0,,,,,,,,,,,,,,,,,,,,,,,,,,,,,,,,,1965.0,16.77548997
135cc7da-e3c0-4e97-8272-3eabfea9b647,U//PR-EXO-SV,2025-10-07 17:57:28.827495,27414,27414,27414,False,-10565.81169766299,40917.44730356697,4558.4966503689,-2.9373774675317,-0.797587057462532,0.335311522842704,"[0.00030666267498, 8.8292279182e-05, 3.6660299635e-05, 7.0465230902e-06, -3.355830044399999e-05, 0.00030884435936, -2.0209938402e-11, 3.0996223367e-10, 4.977565369e-11, 2.2760543235e-14, 2.8108412281e-09, 1.5820846666e-09, -3.2375286127e-10, 4.0365459828e-15, 2.0747877044e-13, 3.0649563412e-10, 8.2615197047e-11, 2.7360539718e-10, 4.561125249000001e-15, 1.3916417565e-14, 5.2072365843e-14]",0.0255375671115124,5.313301040953731e-07,0.032,EXO,REAL,2025-10-07T20:09:27.251Z,system.exo,OPS1,,,,0.0,,,,,,,,,,,,,,,,,,,,,,,,,,,,,,,,,4700.0,58.59666667
0b365468-ac0f-4298-a8f1-c5dd2b64ace3,U//PR-EXO-SV,2025-10-07 17:57:08.793003,26895,26895,26895,False,30814.1880366834,28389.61986337358,4280.08710650886,-2.092501651378976,2.17052406266393,0.621148157812233,"[0.0009149255245099999, -0.00085177740007, 0.00090351353477, -0.00021240840601, 0.00015131112548, 0.0005241504415099999, 1.1004334943e-08, -2.0156411209e-09, -5.4088600477e-10, 1.0151328546e-12, 2.941862623e-09, -1.9009545848e-09, -9.029954484099999e-10, 2.8343619482e-13, 2.0140284549e-13, 1.9912602833e-10, -6.281388906e-10, 1.3739715535e-09, 3.3078148469e-14, -2.7138165657e-14, 2.568038554e-13]",0.04840030475926779,1.213811993469335e-06,0.0119,EXO,REAL,2025-10-07T18:18:28.075Z,system.exo,OPS1,,,,0.0,,,,,,,,,,,,,,,,,,,,,,,,,,,,,,,,,2440.0,23.68368162
36c4c193-8cce-4551-814a-3294d8d8738b,U//PR-EXO-SV,2025-10-07 17:56:27.138632,45245,45245,45245,False,20193.85012129652,36848.95545349396,3612.34373705036,-2.698944905992814,1.466730564994136,0.117316247071059,"[0.011413306481, 0.013608484642, 0.018445699719, 0.0024537350673, 0.0030719332035, 0.0022647343818, 9.320754878800001e-07, 1.1370495519e-06, 2.0844458955e-07, 8.3195212486e-11, 1.5475226078e-06, 2.0591321981e-06, 3.5945209093e-07, 1.2437920465e-10, 2.341660372e-10, 1.1208461575e-07, 1.3998732276e-07, 3.1059106226e-08, 9.8094676227e-12, 1.5422873764e-11, 2.1590428451e-12]",0.1792309699293066,1.787513055983368e-05,0.0434,EXO,REAL,2025-10-07T18:54:27.223Z,system.exo,OPS1,,,,0.0,,,,,,,,,,,,,,,,,,,,,,,,,,,,,,,,,5857.0,30.7133
fe458697-29b6-466b-b3d4-9ee7bcd292c0,U//PR-EXO-SV,2025-10-07 17:56:16.183994,23653,23653,23653,False,14514.51097534913,38311.29363952357,10112.3478300386,-2.884243811887855,1.039568035563852,0.198599328397277,"[0.00057904066433, -0.00013170330659, 8.332583674e-05, -1.8956627926e-05, -3.6892525995e-05, 0.00021378618039, 8.9875092755e-09, 2.0573003795e-09, 1.162624912e-09, 5.886402125800001e-13, 8.3436142643e-09, 1.0165345755e-09, 7.0794516741e-10, 4.7895366201e-13, 4.5412313871e-13, 2.3668842791e-09, 2.9497932053e-10, 5.355572962700001e-10, 1.4247997073e-13, 1.199693182e-13, 7.917219061e-14]",0.02959987637575536,1.059214587276818e-06,0.0136,EXO,REAL,2025-10-07T18:27:27.280Z,system.exo,OPS1,,,,0.0,,,,,,,,,,,,,,,,,,,,,,,,,,,,,,,,,2279.48,17.35992988
4d1cd614-a345-4a10-949b-cff162f120c1,U//PR-EXO-SV,2025-10-07 17:56:09.716357,34779,34779,34779,False,31646.31797485794,30014.70260227397,-92.09629365059,-1.980038240982048,2.221636404968232,0.5776810136780101,"[0.00041093877662, -0.00040407017846, 0.00044700361025, 0.0001136241275, -0.00011563550034, 0.0016363631107, 2.5621080356e-09, -1.7842158915e-10, -2.8678912086e-10, 2.6581339119e-13, 4.5382590283e-10, -1.4976202806e-09, -3.4132424974e-10, 6.7346589873e-14, 1.3717403083e-13, -1.4175021081e-10, -2.0942740543e-10, 5.3505830553e-10, 2.4732281334e-14, -3.9687407121e-14, 3.2741439952e-13]",0.04994302251135788,8.546354904519237e-07,0.0133,EXO,REAL,2025-10-07T18:30:27.896Z,system.exo,OPS1,,,,0.0,,,,,,,,,,,,,,,,,,,,,,,,,,,,,,,,,3060.0,13.99773333
09032c7c-f3b4-4dcc-8478-6a3ef5d83838,U//PR-EXO-SV,2025-10-07 17:55:36.846006,16250,16250,16250,False,-7448.0081177034,41255.77255194018,4708.35873284967,-3.005662511542916,-0.501119590059205,-0.404599373130687,"[0.0018780503539, 0.00032956753997, 7.2106044458e-05, 0.00021462599301, -1.8322680747e-06, 0.00038585481218, 4.2380743146e-10, 5.622071285400001e-10, 1.3281566662e-10, 2.9344140712e-14, 3.5812015988e-09, 1.805855912e-09, 6.6492438665e-10, 4.0150408766e-14, 2.6926773504e-13, 5.077066301600001e-10, 2.9310926313e-10, 5.6422213046e-11, 3.9415903813e-15, 3.4042968923e-14, 4.0763411878e-14]",0.04833229986807994,5.825592567541949e-07,0.0094,EXO,REAL,2025-10-07T19:18:27.334Z,system.exo,OPS1,,,,0.0,,,,,,,,,,,,,,,,,,,,,,,,,,,,,,,,,1947.47,16.97517964
b32936da-68fe-4671-87d9-808220636e62,U//PR-EXO-SV,2025-10-07 17:55:24.910001,39488,39488,39488,False,9929.94702152601,46742.35590430554,2417.94074286219,-2.726016115940142,0.496668489773929,0.464466995010905,"[0.00065979366666, -0.00010743697534, 4.176576854e-05, -5.3619347916e-05, -1.130829339e-05, 0.00038003741887, 2.6688279614e-09, 1.1917308837e-09, -1.9874895094e-10, 1.3415371901e-13, 4.365465541e-09, 4.1965077666e-10, -6.9854190812e-10, 1.2660423516e-13, 2.5802840997e-13, 9.9863790402e-11, -1.8651596303e-10, 6.8156924839e-10, 1.300147786e-14, -7.7094205228e-15, 1.324195818e-13]",0.03288763983733099,7.242939394886581e-07,0.007700000000000001,EXO,REAL,2025-10-07T18:18:28.084Z,system.exo,OPS1,,,,0.0,,,,,,,,,,,,,,,,,,,,,,,,,,,,,,,,,1600.0,15.13462261
dccc7a69-bfa6-4984-a1e0-9f70e42ac7cf,U//DS-USNO-SV,2025-10-07 17:52:24.139000,40384,40384,,False,-27243.95894957,-32179.4036652,8.70418855,2.346596032988,-1.986928328767,0.00090357375,,0.0001,0.1061,0.0268428,USNO,REAL,2025-10-09T13:11:22.664Z,system.usno-snrf,OPS1,TEME,TEME,"[5.20952e-10, -4.80949e-10, 8.11649e-10, 3.24332e-10, -1.82324e-09, 8.26057e-09, 1.26263e-11, -6.75599e-11, 3.06951e-10, 1.2592e-11, 1.10391e-06, -2.45235e-07, -5.87929e-06, -2.17789e-07, 0.0112662, 2.93715e-10, 2.96106e-13, -1.90011e-09, -6.74879e-11, 3.35417e-06, 1.05336e-09]",0.0,99999.0,"EGM-96  8Z, 8T",NONE,True,True,True,False,0.0,0.0,0.0,0.0,0.0,0.0,10.0,37.0,0.09072,-0.419,0.2218,0.3383,4.0,2049-12-31T23:59:59.999Z,ASW,FAST NUM,AUTO,False,AUTO,0.0,1e-14,"[0.0, 0.0, 0.0001]","[0.0, 0.1061, 0.0]",1.0,ARGOS,6070.0,53.75106667
64f09b59-bb93-48bd-890d-35ee7eaea24a,U//PR-EXO-SV,2025-10-07 17:51:24.632005,23680,23680,23680,False,42176.58416967468,1293.7002812429,66.2146794101,-0.093402553855251,2.966387267703276,0.794689234780771,"[9.1604741267e-06, -1.5882903479e-05, 0.00040881572909, -8.5365796848e-07, -9.4614553697e-07, 0.00041107107633, 7.378975811100001e-10, -2.0753077154e-09, -5.0266510035e-10, 2.0660629103e-13, -5.928030967000001e-10, 1.7625669449e-10, -4.7801314327e-11, -4.1268948732e-14, 4.6144221924e-14, -1.4020914402e-10, 1.7339597935e-11, 1.8021927832e-10, -9.418856341e-15, -1.1712397344e-14, 8.1849480974e-14]",0.02879318112933512,5.784461893106393e-07,0.0151,EXO,REAL,2025-10-07T19:15:27.508Z,system.exo,OPS1,,,,0.0,,,,,,,,,,,,,,,,,,,,,,,,,,,,,,,,,2378.59,40.92634586
1fefb213-4dfc-4b15-a130-4e0da6b1ebb3,U//PR-EXO-SV,2025-10-07 17:51:12.828971,23628,23628,23628,False,31502.06822505345,28446.54522107042,4126.57238179526,-2.049259261363129,2.177664992100509,0.632838261743672,"[0.00048263866358, -0.00040583987373, 0.00047681923292, -8.676355366299999e-05, 1.118031767e-05, 0.00056356033415, 1.0827149613e-08, 8.2066440835e-10, -4.783425529e-10, 1.272764834e-12, 2.4152631955e-09, -9.025490315699999e-10, -1.0731758121e-09, 3.3853912714e-13, 2.3737031397e-13, -2.9020781103e-11, -9.761639840800001e-10, 2.8609832365e-09, 1.5582176641e-14, -9.1432910258e-14, 5.0253753528e-13]",0.03902586617424397,1.418686957453969e-06,0.0184,EXO,REAL,2025-10-07T18:57:27.225Z,system.exo,OPS1,,,,0.0,,,,,,,,,,,,,,,,,,,,,,,,,,,,,,,,,1030.72,8.43866569
2eafa45c-0815-49fb-89fe-24d952a9b629,U//PR-EXO-SV,2025-10-07 17:51:11.332982,28089,28089,28089,False,1867.51140023003,42128.7471939397,984.6869625750201,-3.055770501742068,0.12690326745291,0.303176119654065,"[0.0007383015903199999, 5.250530598600001e-05, 0.00012267619549, -2.1464895632e-05, -4.8506831277e-06, 0.00044491486983, 6.559920462299999e-09, 9.536933758e-09, 5.1505640706e-10, 7.5533857085e-13, 1.0308269465e-08, 9.4824168124e-09, -7.5590246532e-11, 7.65278687e-13, 1.0651635158e-12, -6.8408147931e-11, -4.1068428551e-10, 1.7258918032e-09, 3.3993503383e-15, -2.9298896004e-14, 3.245831173e-13]",0.03613713679360887,1.464610939447743e-06,0.0428,EXO,REAL,2025-10-07T18:33:26.525Z,system.exo,OPS1,,,,0.0,,,,,,,,,,,,,,,,,,,,,,,,,,,,,,,,,1351.0,11.372
8c168671-19ba-4891-ad4a-f9f615b807fe,U//PR-EXO-SV,2025-10-07 17:50:52.310997,15581,15581,15581,False,-22830.55666247474,35670.56761008562,1986.74154066008,-2.554992702477685,-1.616563756179228,-0.512360669649411,"[0.0007653690335799999, 0.00050090402585, 0.00034632872871, 9.593564163000001e-05, 3.7397643747e-05, 0.0005196274738399999, -2.6010124206e-09, -1.6453174173e-09, -4.755526759e-10, 1.0115699427e-13, 5.8150884976e-09, 5.6021775694e-09, 1.4094386507e-09, -1.5307290704e-13, 4.5756121518e-13, 5.6294892913e-10, 6.4588109229e-10, -2.8252705218e-10, -2.2601931164e-14, 3.1232012557e-14, 1.1237506098e-13]",0.04038966744267648,8.192028261853105e-07,0.0088,EXO,REAL,2025-10-07T22:00:26.298Z,system.exo,OPS1,,,,0.0,,,,,,,,,,,,,,,,,,,,,,,,,,,,,,,,,2120.91,23.59650242
e4cad67c-6950-4e5f-b27f-8bde438b83e5,U//PR-EXO-SV,2025-10-07 17:50:29.851010,25460,25460,25460,False,26952.83806917334,32969.4649235529,421.86832344613,-2.33109482384342,1.900361156021424,0.5631597294370401,"[0.00093092414877, -0.0007283017550499999, 0.0006213810043, -0.00015653782806, 0.00012281428505, 0.00049422001458, 3.7602218512e-09, 1.3565376155e-09, -4.3305990114e-11, 5.6239488475e-13, 1.904885263e-09, -7.1498249749e-10, -4.5022549108e-10, 2.8904908957e-13, 2.9561585023e-13, -8.4215300958e-11, -3.5475486173e-10, 9.7127739685e-10, 1.89763362e-14, -4.7487854381e-14, 3.6314484898e-13]",0.04523853631197632,1.105059086184988e-06,0.0276,EXO,REAL,2025-10-07T20:36:30.519Z,system.exo,OPS1,,,,0.0,,,,,,,,,,,,,,,,,,,,,,,,,,,,,,,,,1737.36,24.18133333
fbb7fe1c-afed-4b84-ad25-510aba5abd5c,U//PR-EXO-SV,2025-10-07 17:50:29.280987,15219,15219,15219,False,-23199.46424564288,36527.48559684848,2383.88739530629,-2.53169406756684,-1.574909401380228,-0.566177946060477,"[0.00088780543618, 0.00057757610221, 0.00039783296081, 0.00013945034463, 6.3596544426e-05, 0.0005083923199100001, -3.2084891997e-09, -2.1355445892e-09, -6.6523227115e-10, 1.0923222614e-13, 7.4751581213e-09, 7.1236790581e-09, 2.1388439408e-09, -1.7966530551e-13, 5.618165564599999e-13, 7.4760440962e-10, 8.299145418299999e-10, -3.8489593613e-10, -3.2632827242e-14, 3.4243970172e-14, 1.5483229529e-13]",0.04235599977453017,9.087799942175223e-07,0.013,EXO,REAL,2025-10-07T18:21:28.413Z,system.exo,OPS1,,,,0.0,,,,,,,,,,,,,,,,,,,,,,,,,,,,,,,,,1952.43,17.62192734
11ca556b-d56f-4c20-91c7-e70ffbe3d594,U//PR-EXO-SV,2025-10-07 17:49:34.634975,17972,17972,17972,False,4737.63708031598,40994.90768125323,4258.57292943603,-3.058706919853599,0.38418700135679,-0.295673333833476,"[0.0014321027352, -0.00015154358921, 4.1677577166e-05, 9.8926365851e-05, -4.8364905049e-05, 0.00040623034312, 2.4570665436e-09, 1.5136945454e-09, 5.8054265828e-10, 1.5830142967e-13, 5.8445381253e-09, 9.5374784443e-10, 8.8089659143e-10, 1.7175715082e-13, 3.7820300019e-13, 8.4205252709e-10, 3.9138626209e-10, -7.951891756100001e-10, 2.1733186801e-14, 3.9476190326e-14, 1.3992335852e-13]",0.04335908965241314,8.224523015835021e-07,0.007700000000000001,EXO,REAL,2025-10-07T19:39:26.861Z,system.exo,OPS1,,,,0.0,,,,,,,,,,,,,,,,,,,,,,,,,,,,,,,,,2120.91,23.59650242
31563a37-a5ed-44fc-9b11-ad1fd90f94ac,U//PR-EXO-SV,2025-10-07 17:49:01.405986,25949,25949,25949,False,-22265.99176700313,36105.50198369793,5031.54632392678,-2.574399006067162,-1.623209770629657,0.241721761817906,"[0.00048045395456, 0.00031759449108, 0.00022831662497, -7.3201743737e-06, -4.5445665692e-05, 0.00028336038848, -1.5876069047e-09, -1.2362521251e-09, 2.0721239984e-10, 5.3719749335e-14, 4.9000611416e-09, 4.9882522122e-09, -4.2054919169e-10, -1.1125966615e-13, 3.9757135198e-13, 6.0245665501e-10, 4.5754090421e-10, 4.7673056075e-10, -4.1780890767e-15, 3.5651204057e-14, 7.940563512400001e-14]",0.03149811054666612,7.284893523168339e-07,0.0312,EXO,REAL,2025-10-07T22:36:27.300Z,system.exo,OPS1,,,,0.0,,,,,,,,,,,,,,,,,,,,,,,,,,,,,,,,,3787.0,28.79646667
a920f4ee-048b-485d-8c47-3abb98466c10,U//PR-EXO-SV,2025-10-07 17:48:24.922982,11623,11623,11623,False,2117.0360465496,42746.51324574785,5203.97218552402,-3.016192763246685,0.284182243537585,-0.415520768806774,"[0.0007091086001999999, -2.2172672178e-05, 3.2656291733e-05, 4.4962526439e-05, -4.418794392e-05, 0.00039247616916, 1.8748773809e-09, 1.834559354e-09, 8.5771234386e-10, 1.5617895235e-13, 8.537561074900001e-09, 8.0615681827e-10, 1.6507916612e-09, 1.4226175322e-13, 5.2340310189e-13, 1.6002200777e-09, 6.353857251e-10, -2.1268977437e-09, 3.0884655079e-15, 5.259004798400001e-14, 2.461934075e-13]",0.0336784955289425,9.621722619884654e-07,0.0088,EXO,REAL,2025-10-07T19:18:27.328Z,system.exo,OPS1,,,,0.0,,,,,,,,,,,,,,,,,,,,,,,,,,,,,,,,,1486.62,14.97361599
9e7b11ab-bdd6-4f16-aefa-bcd78abec7b3,U//PR-EXO-SV,2025-10-07 17:48:17.151388,40984,40984,40984,False,37697.29880129173,-18903.38146016399,-77.87752671536,1.378226716297211,2.747895277104854,-0.004287646079281,"[0.0013069715361, 0.0013053571347, 0.0037887119374, 3.2161654464e-05, -1.9530955853e-05, 0.0009316736932999999, -1.1516101134e-07, -2.0035099064e-07, -1.5899297355e-09, 1.5429533345e-11, 7.9772645164e-09, 1.2663808579e-07, -1.9696707239e-09, -5.711688538100001e-12, 6.0956606143e-12, -8.0110848292e-10, -2.2710857926e-11, 8.373873390299999e-09, 1.4218255327e-13, 2.2151068711e-15, 1.7973637948e-12]",0.07763605584263024,4.829343408176726e-06,0.0255,EXO,REAL,2025-10-07T18:15:27.174Z,system.exo,OPS1,,,,0.0,,,,,,,,,,,,,,,,,,,,,,,,,,,,,,,,,4928.0,52.6586
abf2c03a-5d79-432c-94cf-2324727a280a,U//PR-EXO-SV,2025-10-07 17:44:50.001757,29156,29156,29156,False,-8890.01606891335,40022.63337025803,2382.7542041524,-1.992748431921003,-0.758010423500632,-0.484657273384442,"[0.00092425412895, 0.00019780599995, 0.00013027233099, 0.00011094050878, 5.0703855578e-06, 0.00050380383545, -2.8650687795e-09, 6.8129363821e-09, -3.1398885341e-10, 7.659574955700001e-13, 7.3332763314e-09, 7.5697142553e-09, 2.0335006332e-09, 2.9787401527e-13, 1.0351192986e-12, -4.9347954139e-10, 1.3146648651e-09, 2.987364789e-09, -6.6249687437e-14, 1.3530750674e-14, 1.0137681603e-12]",0.03947569246245087,1.677749967805096e-06,0.0103,EXO,REAL,2025-10-07T18:09:27.000Z,system.exo,OPS1,,,,0.0,,,,,,,,,,,,,,,,,,,,,,,,,,,,,,,,,2850.0,43.98229715
148564ce-e9be-407b-9fe7-65809f569a05,U//PR-EXO-SV,2025-10-07 17:44:33.623492,27499,27499,27499,False,-2849.30498833018,42253.76274282554,2840.74739582215,-3.031951111678207,-0.230502410816573,0.37698263671614,"[0.00051167005267, 5.0202359613e-05, 1.567566968e-05, -2.2436150639e-05, -2.494314407e-05, 0.00032229991791, 7.7189537724e-10, 6.6854044958e-10, -3.8261873564e-11, 4.1450888257e-14, 3.6830441577e-09, 1.3063214408e-09, -4.8284500228e-10, 5.4581092522e-14, 2.663235666e-13, 2.1806955166e-10, -1.7624782124e-11, 4.2030820705e-10, 8.096516035299999e-15, 6.3178642203e-15, 7.157349046299999e-14]",0.0291486816213015,6.159122870344445e-07,0.0283,EXO,REAL,2025-10-07T18:09:26.994Z,system.exo,OPS1,,,,0.0,,,,,,,,,,,,,,,,,,,,,,,,,,,,,,,,,3905.0,40.60633333
088c5acc-491c-4128-9eb3-6d4f84458813,U//PR-EXO-SV,2025-10-07 17:44:11.338036,21759,21759,21759,False,30276.44931446051,28861.97851635749,8947.3675176752,-2.144536493984822,2.133565586317293,0.384789583756742,"[0.00019892666557, -0.00017628735306, 0.00021736981718, -6.7086852345e-05, -9.9770607226e-05, 0.00055247109701, 1.4120711678e-09, -3.6898268392e-10, -1.2312350769e-11, 1.2286512182e-13, 5.839558242e-10, -4.4453443976e-10, -1.2153343955e-10, 4.4355199239e-14, 3.5084245001e-14, 2.2033602414e-10, -1.8451597074e-10, 1.7340124339e-10, 1.6564603483e-14, 3.9086005859e-15, 3.2632183657e-14]",0.03112503140175123,4.365564688307802e-07,0.007700000000000001,EXO,REAL,2025-10-07T21:48:29.930Z,system.exo,OPS1,,,,0.0,,,,,,,,,,,,,,,,,,,,,,,,,,,,,,,,,2101.09,23.8702275
8d2978ba-814c-4397-b903-52ad768e2ea4,U//PR-EXO-SV,2025-10-07 17:43:46.299025,21533,21533,21533,False,14696.24610035814,38637.21303773978,10180.0455964446,-2.862923598205643,1.076451072332175,0.053521276620474,"[0.0016231560116, -0.00054684235985, 0.00025796964307, -4.427673559e-05, -8.1528671274e-05, 0.00042249035939, 6.3118721521e-09, 2.230244781e-09, 1.1234578652e-09, 4.7028105535e-13, 5.837976300700001e-09, 6.1507526336e-10, 5.499205604800001e-10, 3.332294977e-13, 3.3378116995e-13, 1.7928355778e-09, 2.0929840929e-10, 7.2072215712e-10, 1.0770847469e-13, 8.097840580400001e-14, 1.2294648353e-13]",0.04799599997978998,9.628129147607027e-07,0.0105,EXO,REAL,2025-10-07T20:09:27.248Z,system.exo,OPS1,,,,0.0,,,,,,,,,,,,,,,,,,,,,,,,,,,,,,,,,2101.09,23.8702275
8b36a46f-43e1-4733-beb2-42ef4fe64858,U//PR-EXO-SV,2025-10-07 17:43:29.194954,41869,41869,41869,False,-6177.40994295828,41661.15969802528,42.77219890067001,-3.042663499681649,-0.465420558262492,0.017974316826862,"[0.00041011063731, 0.00011716810096, 8.6919248479e-05, 1.4366711869e-06, 1.8563355482e-06, 0.00032048027465, 2.5872210201e-09, 3.926376186699999e-09, 1.24346512e-10, 2.149415128e-13, 9.6847441959e-09, 7.594252156700001e-09, 1.6528636711e-10, 2.9977626914e-13, 9.4977465796e-13, -1.4841332379e-12, -6.9816256045e-13, 7.7041695694e-10, 6.865034209399999e-16, 1.0388747548e-15, 1.4391792447e-13]",0.02859213459046036,1.143955460334885e-06,0.03,EXO,REAL,2025-10-07T18:21:28.431Z,system.exo,OPS1,,,,0.0,,,,,,,,,,,,,,,,,,,,,,,,,,,,,,,,,2500.0,19.1434
9be3a825-6523-4c3f-a58a-2fd1d216db8e,U//PR-EXO-SV,2025-10-07 17:43:00.701002,27516,27516,27516,False,15241.66817704839,39564.68053920567,3396.21657744842,-2.826361951909079,1.045271745621094,0.520444887059014,"[0.0012543749642, -0.00044056127383, 0.00018655204615, -0.00011771297565, -3.0276485882e-05, 0.0008439288254699999, 3.8998655171e-09, 9.870463123e-10, -3.3302718582e-10, 2.5601727046e-13, 4.1003822256e-09, 9.9939761665e-12, -7.225067244200001e-10, 2.0564436574e-13, 2.6386851599e-13, 1.6997489813e-10, -2.7965587883e-10, 8.8649955156e-10, 9.900200450200001e-15, -1.1096624823e-14, 1.3069551541e-13]",0.0478001656463657,8.065862023739309e-07,0.023,EXO,REAL,2025-10-07T18:27:27.285Z,system.exo,OPS1,,,,0.0,,,,,,,,,,,,,,,,,,,,,,,,,,,,,,,,,2800.0,17.56546667
49a0bf09-33e5-4e1c-9ab7-68f5241674c8,U//PR-EXO-SV,2025-10-07 17:43:00.701002,24769,24769,24769,False,15500.5383906322,39431.96592703343,3442.80487783445,-2.823745692080537,1.065398386389831,0.51401800333807,"[0.00066690540591, -0.0002338595286, 0.00011127036777, -3.2229849095e-06, -7.928721557999999e-05, 0.0008897383190199999, 3.2886203239e-09, 8.049126561400001e-10, -2.2485690873e-10, 2.1419757522e-13, 3.2402780647e-09, -1.0685564104e-10, -6.7143435282e-10, 1.588570014e-13, 2.1901721572e-13, 2.3320991976e-10, -3.1059689395e-10, 1.2930766137e-09, 2.1465739991e-14, -1.9856426184e-14, 2.0147675885e-13]",0.04084010397513698,7.966753101420929e-07,0.0226,EXO,REAL,2025-10-07T19:45:28.071Z,system.exo,OPS1,,,,0.0,,,,,,,,,,,,,,,,,,,,,,,,,,,,,,,,,716.55,15.41552026
585a6135-2132-4523-bb86-25de510cbb06,U//PR-EXO-SV,2025-10-07 17:42:38.141036,18316,18316,18316,False,39205.4119711975,-16233.07398106472,45.99162311697,1.141461980717251,2.759851778460764,0.6881887629213781,"[7.5251120039e-05, 0.00015745950537, 0.00040173238267, 1.6354566925e-07, 1.4377382928e-06, 0.00045805831615, -1.0690738376e-09, -1.8812632602e-09, -4.8834227104e-10, 4.6297893333e-13, -2.8219489198e-10, 1.3608339484e-09, 2.0745377549e-10, -1.7240092615e-13, 1.4550191502e-13, -9.7925148132e-11, 2.5506930906e-10, -6.4037418909e-11, 1.2741937873e-14, -4.7796906142e-14, 2.3097711641e-13]",0.03057845350666053,9.16219386806457e-07,0.0281,EXO,REAL,2025-10-07T18:18:28.064Z,system.exo,OPS1,,,,0.0,,,,,,,,,,,,,,,,,,,,,,,,,,,,,,,,,545.09,6.8833
42a849a3-508c-4c08-afaa-dc563c348911,U//PR-EXO-SV,2025-10-07 17:39:08.715015,32019,32019,32019,False,-5498.22883058583,42134.16518670712,28.88464265427,-3.035935532238566,-0.397990320268934,0.06024301533809399,"[0.0004913034914099999, 8.903280130100001e-05, 4.1096587304e-05, -5.9763043758e-06, -2.6849854537e-06, 0.00025041708435, 8.386130696199999e-10, 1.7029950433e-09, -8.4141015948e-11, 1.0350325487e-13, 7.0688949949e-09, 3.2136919657e-09, -2.4534600269e-10, 9.1474763013e-14, 5.4429121049e-13, 1.5440815889e-11, -4.2168351509e-11, 4.1582101251e-10, -6.7391775756e-16, -2.1726910797e-15, 1.1150738919e-13]",0.02797886993900933,8.713792828326825e-07,0.0224,EXO,REAL,2025-10-07T18:21:28.423Z,system.exo,OPS1,,,,0.0,,,,,,,,,,,,,,,,,,,,,,,,,,,,,,,,,1967.0,15.56313333
0c1d789d-6dee-4974-b0b3-a5f3aa9ab38c,U//PR-EXO-SV,2025-10-07 17:38:14.095959,23839,23839,23839,False,5943.8699560662,41643.36806263539,4081.46568393711,-3.012341783675855,0.383341168531266,0.452911135790956,"[0.00074565935339, 3.894412813800001e-05, 0.00015318192108, -3.3095814239e-05, -2.398825544e-05, 0.00040127879729, 1.2728416343e-08, 1.2855651085e-08, 1.2091848588e-09, 1.2495206836e-12, 1.8137952291e-08, 1.1642341747e-08, -5.9843127905e-10, 1.246185031e-12, 1.7252104536e-12, 1.0561056375e-09, -4.6424110602e-10, 3.2629721137e-09, 7.4999192856e-14, 5.4793826899e-15, 4.9782044629e-13]",0.03605717781191423,1.863478356056222e-06,0.0564,EXO,REAL,2025-10-07T18:24:26.462Z,system.exo,OPS1,,,,0.0,,,,,,,,,,,,,,,,,,,,,,,,,,,,,,,,,1090.19,10.28209527
6ea5861d-13ba-4cba-a922-4e70bba22b08,U//PR-EXO-SV,2025-10-07 17:37:56.186380,23778,23778,23778,False,23999.93916281867,34343.3597264789,9465.05258807157,-2.527063412915236,1.639977368276371,0.441346859676402,"[0.0012730398162, -0.00055637621263, 0.00044230346609, -0.00015013430213, -5.9183016378e-05, 0.00063647386108, 3.0576985454e-08, 2.1313144642e-09, 6.8457758173e-10, 2.4131623994e-12, 1.5264014761e-08, -3.284057061e-10, -1.1341848707e-09, 1.1402708248e-12, 6.7518929461e-13, 4.249849500900001e-09, -1.1847706455e-09, 3.6918287427e-09, 3.17313371e-13, 1.0505030167e-13, 3.321021373e-13]",0.04849553735520414,1.849446898753787e-06,0.0088,EXO,REAL,2025-10-07T18:24:26.461Z,system.exo,OPS1,,,,0.0,,,,,,,,,,,,,,,,,,,,,,,,,,,,,,,,,2120.91,23.59650242
abd18be1-3497-4724-9487-b43ce17fac8d,U//PR-EXO-SV,2025-10-07 17:36:09.201967,27951,27951,27951,False,11320.54572952516,40461.99445209345,2063.93564568878,-2.93349786071162,0.799111033586025,0.469930782085869,"[0.00047901319988, -0.00010306627144, 5.9651647575e-05, -2.6441544177e-05, -8.349666349599999e-06, 0.00033899496316, 3.2815747233e-09, 2.4726457874e-09, 2.2147383753e-10, 3.2184057231e-13, 3.9816770861e-09, 9.879102610700002e-10, -4.3415211158e-10, 2.4383274043e-13, 3.456639351e-13, 1.4558772458e-10, -2.8470199864e-10, 1.3946732943e-09, 2.7011607107e-14, -1.8631435485e-14, 2.8033557342e-13]",0.02962532380607847,9.73570788813017e-07,0.024,EXO,REAL,2025-10-07T21:00:31.364Z,system.exo,OPS1,,,,0.0,,,,,,,,,,,,,,,,,,,,,,,,,,,,,,,,,2750.0,12.7548
aafd4690-f7a7-4887-98c4-3ee7f54bd160,U//PR-EXO-SV,2025-10-07 17:35:27.086444,26761,26761,26761,False,-5571.63421622823,42029.62715555749,3374.94402546117,-3.008083459352284,-0.42861765067141,0.370882925820783,"[0.00061777861469, 0.00011326134928, 5.1026994787e-05, -3.0414045031e-05, -3.4464632094e-05, 0.00034320549434, 6.5417920988e-10, 1.8413830524e-09, 6.1054753792e-11, 1.2154172152e-13, 1.0255916342e-08, 3.8902564116e-09, -1.2434099063e-09, 6.6155075571e-14, 7.543915692599999e-13, 7.5245508656e-10, -3.497323848300001e-11, 6.7475856175e-10, 2.0529294157e-14, 2.5716299348e-14, 2.4735859527e-13]",0.03181212196344343,1.059854653266192e-06,0.0525,EXO,REAL,2025-10-07T20:00:28.207Z,system.exo,OPS1,,,,0.0,,,,,,,,,,,,,,,,,,,,,,,,,,,,,,,,,4667.0,61.33426667
57b96fc9-5698-4591-9dbe-8f4178be256e,U//PR-EXO-SV,2025-10-07 17:34:25.792027,40369,40369,40369,False,31504.64820253486,28495.23369189725,-2593.87248705799,-2.018971472333866,2.26732234174185,0.323855400553442,"[0.00047328290907, -0.00051870038601, 0.00060233079426, -2.9322903938e-05, 7.0040850328e-05, 0.00039662638694, 1.9324342138e-09, -6.984568388199999e-10, -1.5146146505e-10, 2.1164313371e-13, 1.2915316623e-09, -2.127489951e-09, -2.7564234094e-10, 9.526033866499999e-14, 1.3189707009e-13, -1.6711218225e-10, 1.2316461092e-10, 2.711967964e-10, -7.4166092375e-16, -1.2192272965e-14, 1.1925639123e-13]",0.03836978095155092,6.802915514909765e-07,0.007700000000000001,EXO,REAL,2025-10-07T21:00:31.386Z,system.exo,OPS1,,,,0.0,,,,,,,,,,,,,,,,,,,,,,,,,,,,,,,,,50.0,1.570796327
f59c6037-406b-47f9-9809-215370e9c26f,U//PR-EXO-SV,2025-10-07 17:34:20.535850,27501,27501,27501,False,1758.11119932761,42536.95151326719,2425.28976158122,-3.029510078304782,0.099915008632804,0.405759753886585,"[0.00044978955469, -4.717959772e-08, 1.1519952746e-05, -2.5002262233e-05, -1.6091186488e-05, 0.00026643653183, 1.3595095925e-09, 7.875444037400001e-10, -7.471521447999999e-11, 6.4827421143e-14, 3.3835525944e-09, 9.884102577899999e-10, -4.5562652802e-10, 8.661702447e-14, 2.3702864175e-13, 1.4360095359e-10, -6.917061566e-11, 5.8971763598e-10, 1.1048689384e-14, -1.8046167139e-15, 9.903456410900001e-14]",0.02697676851044246,6.331592430044752e-07,0.0333,EXO,REAL,2025-10-07T18:48:28.393Z,system.exo,OPS1,,,,0.0,,,,,,,,,,,,,,,,,,,,,,,,,,,,,,,,,4685.0,39.08493333
0e54ace2-2bcf-4d52-9476-0bab2cd562f5,U//PR-EXO-SV,2025-10-07 17:34:10.546928,40882,40882,40882,False,-6876.8880780465,41602.04987546014,-4.52115874489,-3.033445311073866,-0.501202162627742,0.007105623738234,"[0.0019315758621, 0.00083212921248, 0.014694800092, 8.5284323051e-08, 0.00072763336169, 0.00072487280906, 3.5363526573e-08, -4.0642381807e-08, -4.5368498931e-09, 3.225077646e-12, 6.584469100499999e-08, 1.5567736236e-06, 7.7800539255e-08, -5.1961118116e-12, 1.6589103624e-10, -1.291745897e-09, 2.9238806975e-08, 1.0264542661e-08, -2.9992119904e-13, 3.160523214e-12, 1.5864170222e-12]",0.1317241388780356,1.306531786479763e-05,0.022,EXO,REAL,2025-10-07T18:48:28.404Z,system.exo,OPS1,,,,0.0,,,,,,,,,,,,,,,,,,,,,,,,,,,,,,,,,6070.0,53.75106667
8f101824-25f5-442a-b878-481d58a5884d,U//PR-EXO-SV,2025-10-07 17:33:47.297486,33460,33460,33460,False,-5198.946874168581,42263.79476442038,1180.45254143305,-3.025499504565571,-0.379325795421974,0.241030610685844,"[0.00044674390074, 6.9190620813e-05, 2.197752622e-05, -6.147614907900001e-06, -1.2561546169e-05, 0.00036643012619, 5.022295996399999e-10, 7.3424528406e-10, -4.233570815e-11, 4.3039214761e-14, 4.0562516007e-09, 1.6547329309e-09, -3.7175425323e-10, 4.4938206701e-14, 2.9539993846e-13, 9.846771803e-11, -2.1203239564e-11, 2.9368626231e-10, 2.9035711292e-15, 2.4576508274e-15, 6.329724952700001e-14]",0.02889898879113247,6.338267923873209e-07,0.0209,EXO,REAL,2025-10-07T19:12:27.979Z,system.exo,OPS1,,,,0.0,,,,,,,,,,,,,,,,,,,,,,,,,,,,,,,,,3460.0,17.34793333
4cd4e708-4aaf-409e-b1ad-8bd5d392afbc,U//PR-EXO-SV,2025-10-07 17:32:20.044852,41838,41838,41838,False,-8237.0361567846,41325.92325016448,1651.23208747096,-3.002648137975026,-0.6086605819227779,0.252681298460056,"[0.00037988677997, 0.00010734091141, 5.7575126401e-05, -5.827582492500001e-06, -1.458361975e-05, 0.00028624952505, 9.774978536800001e-10, 1.6729215359e-09, -9.3496230381e-12, 8.4867797739e-14, 6.3310516687e-09, 4.5230416076e-09, -4.6775432793e-10, 1.1977095488e-13, 5.6147105095e-13, 8.8180663321e-11, -7.9350185815e-11, 4.4443890927e-10, 2.2713562145e-15, -1.913528083e-15, 9.3002113727e-14]",0.02690188527633333,8.598493835643543e-07,0.0173,EXO,REAL,2025-10-07T18:33:26.537Z,system.exo,OPS1,,,,0.0,,,,,,,,,,,,,,,,,,,,,,,,,,,,,,,,,3000.0,14.304
31ca8a89-4cee-491d-8505-8a0d89a8d915,U//PR-EXO-SV,2025-10-07 17:31:39.789990,26559,26559,26559,False,9263.247240605651,41440.4862646081,327.3778415908999,-2.973370556000091,0.6605161319365139,0.333482373972293,"[0.00094039873184, -0.00015184246822, 0.00013003314961, -6.1444218147e-05, 1.4210666624e-05, 0.0003774704744, 6.612565095299999e-09, 7.340646835699999e-09, 4.1164050313e-10, 7.607666371199999e-13, 1.1615575271e-08, 1.7155950104e-09, -1.0327469594e-09, 5.211256938599999e-13, 1.0203606656e-12, 1.2469795475e-11, -6.8330874365e-10, 3.2944632709e-09, 5.503114841e-14, -4.1820982823e-14, 9.9926904735e-13]",0.03805131214360419,1.667452053304682e-06,0.0192,EXO,REAL,2025-10-07T18:45:26.557Z,system.exo,OPS1,,,,0.0,,,,,,,,,,,,,,,,,,,,,,,,,,,,,,,,,3531.0,34.15133333
b3a39226-d4cc-4710-8d35-74d1c8a03e4f,U//PR-EXO-SV,2025-10-07 17:29:57.498049,12564,12564,12564,False,41810.68166206263,2204.98359457645,4756.07015649185,-0.177180212995613,3.06781876185175,0.140440489155544,"[7.6194316553e-06, -2.3595923582e-05, 0.00048556211035, -2.5217436917e-05, 1.0803389426e-05, 0.0002200628246, 1.9063351011e-10, -2.7997322376e-09, -1.6521597621e-10, 2.8261176395e-13, -2.437786933e-10, -3.9952488554e-10, -3.5704038102e-11, 1.4947619816e-14, 2.0552127135e-14, 1.1196889733e-11, -3.2860977713e-10, -6.307743999e-11, 2.7166323774e-14, -3.3329604103e-16, 6.702823462700001e-14]",0.02670663525428279,6.084341588964249e-07,0.0124,EXO,REAL,2025-10-07T17:57:26.677Z,system.exo,OPS1,,,,0.0,,,,,,,,,,,,,,,,,,,,,,,,,,,,,,,,,1952.43,17.62192734
e656ffa5-3f11-4daf-af44-9e6b04036014,U//PR-EXO-SV,2025-10-07 17:29:54.753465,20253,20253,20253,False,30099.88931603285,28690.84416471907,7108.24935238684,-2.151837872897142,2.154699254373277,0.414133662001679,"[0.0006822661681900001, -0.00030310575611, 0.00037048786239, -3.2511826171e-05, -2.0239776298e-05, 0.00043264808072, 3.9587892071e-08, 2.4308927614e-09, 4.3405938412e-09, 4.329979370000001e-12, 1.0287633403e-08, -8.2928997139e-10, -7.9043302243e-10, 1.0559169695e-12, 3.643312446e-13, 4.279630711599999e-09, -9.2912378178e-10, 7.2026564717e-09, 5.1917794166e-13, 3.8866674679e-14, 5.4201497849e-13]",0.03854091476989097,2.288301901648906e-06,0.0337,EXO,REAL,2025-10-07T17:42:29.597Z,system.exo,OPS1,,,,0.0,,,,,,,,,,,,,,,,,,,,,,,,,,,,,,,,,1928.0,11.17141487
7d44ccdc-4e81-4cd0-b614-46324f906352,U//PR-EXO-SV,2025-10-07 17:29:23.955966,19777,19777,19777,False,42484.87041570935,3398.39751926278,4743.37190466066,-0.30046658601597,2.973632102685448,0.592967027701638,"[3.1662611235e-05, -0.00018373845271, 0.001918101997, -7.9089711866e-05, 0.00028687354143, 0.00051626157391, 3.1065252792e-10, -1.1736604833e-09, -2.3141406381e-10, 2.5213367129e-13, -5.3289124174e-10, -2.0753516721e-10, -2.3343448845e-10, 8.515730887099999e-15, 4.691005988e-14, -1.1901112971e-10, -2.1069341063e-10, 5.036422735999999e-10, 1.839714496e-14, -2.1854361299e-14, 1.4812186339e-13]",0.04965909969124491,6.687044149398148e-07,0.0098,EXO,REAL,2025-10-07T18:48:28.385Z,system.exo,OPS1,,,,0.0,,,,,,,,,,,,,,,,,,,,,,,,,,,,,,,,,2120.91,23.59650242
5d54f446-57c3-4773-8dce-9587269f5fd3,U//PR-EXO-SV,2025-10-07 17:27:40.379943,13089,13089,13089,False,41454.60692946953,3230.50241917803,5061.91858467361,-0.26763720971896,3.066499359844798,0.205193240645914,"[2.6527680766e-05, -6.6120910899e-05, 0.00074677207045, -6.5735162717e-05, 5.8264526322e-06, 0.00054852104956, 1.3293660599e-09, -5.0612209753e-09, -3.4897014712e-10, 4.0784991398e-13, -8.5623577327e-10, 1.1381567693e-10, -2.4906763229e-10, -3.0168693449e-14, 6.2900141073e-14, -8.1010056029e-11, -5.9150785824e-10, 1.393974497e-09, 1.9416922054e-14, -1.6235196632e-14, 2.2246257189e-13]",0.03635685355989982,8.325939147885961e-07,0.007700000000000001,EXO,REAL,2025-10-07T17:45:26.971Z,system.exo,OPS1,,,,0.0,,,,,,,,,,,,,,,,,,,,,,,,,,,,,,,,,1486.62,14.97361599
ae39d53c-ef2a-487b-a647-ee2f154b8209,U//PR-EXO-SV,2025-10-07 17:26:05.900995,35363,35363,35363,False,8242.81075497777,40848.02283600907,-5140.377235344011,-2.292141121748834,0.571908965932544,-0.183212245634545,"[0.0017117529214, -0.00029077713852, 0.00010213414558, 8.8031754548e-05, 5.9142573883e-05, 0.0006412055480699999, 5.8692321806e-09, 4.1297917796e-09, -5.1183505341e-10, 6.586949656900001e-13, 6.5720129189e-09, 2.6959909012e-09, 1.2197459484e-10, 5.5074161893e-13, 6.5963282637e-13, -8.369896452599999e-10, 7.1704688773e-11, 2.2205497942e-09, -6.5572303862e-14, -4.1849033366e-14, 2.4057725896e-13]",0.0495488911586324,1.248561192341008e-06,0.0049,EXO,REAL,2025-10-07T19:30:28.376Z,system.exo,OPS1,,,,0.0,,,,,,,,,,,,,,,,,,,,,,,,,,,,,,,,,2540.0,22.52129234
a16ddb56-5a42-409e-9354-e57bac307b3e,U//PR-EXO-SV,2025-10-07 17:26:03.373992,10365,10365,10365,False,41982.87183611956,-875.80061492159,3448.80143834113,0.07276820910085201,3.07534697204615,0.039803626246492,"[2.4133252636e-05, 2.6051902736e-06, 0.00067363696321, -1.3884886336e-05, 3.8399032711e-06, 0.00021755592917, 1.9279669737e-09, -5.6644305107e-09, 2.4549803447e-10, 5.1816611805e-13, -1.7143354438e-09, 9.0419830671e-10, -2.9835162329e-10, -1.5956063323e-13, 1.3162247228e-13, 2.088849778e-10, -3.7999146918e-10, 6.5033801916e-10, 3.7734434799e-14, -2.2246737557e-14, 1.5441255856e-13]",0.03025435745501795,8.967726294273259e-07,0.05180000000000001,EXO,REAL,2025-10-07T18:30:27.885Z,system.exo,OPS1,,,,0.0,,,,,,,,,,,,,,,,,,,,,,,,,,,,,,,,,1850.0,17.62192734
f6cbfd88-3a19-4ddf-8d2e-53f4e17b8692,U//PR-EXO-SV,2025-10-07 17:25:00.678536,27711,27711,27711,False,14439.16927935505,38901.65190932732,5390.33687992217,-2.881601827927274,1.017598245644692,0.509310267528275,"[0.00047333074443, 1.6588589172e-05, 0.00015159306759, 9.1675650558e-07, -1.9661401415e-05, 0.00031714071949, 2.0027473334e-08, 1.4370293884e-08, 2.6005033797e-09, 2.203933984e-12, 1.5990714776e-08, 8.3997338789e-09, 1.9876127194e-11, 1.5358288902e-12, 1.3638479285e-12, 1.7103521113e-09, -2.3816316002e-10, 4.3248493021e-09, 1.8358924385e-13, 3.8390418806e-14, 5.542908844500001e-13]",0.0306930697635476,2.030288845694129e-06,0.025,EXO,REAL,2025-10-07T17:45:26.981Z,system.exo,OPS1,,,,0.0,,,,,,,,,,,,,,,,,,,,,,,,,,,,,,,,,4500.0,74.60250137
401a9aed-6877-42e0-ab4b-a904929f51ab,U//PR-EXO-SV,2025-10-07 17:24:10.708017,17125,17125,17125,False,41929.62881121175,-587.37918988699,4476.16012592912,-0.008522040752674,3.037930933981726,0.463744247926379,"[3.411685399800001e-05, -1.0477689683e-06, 0.00074926052325, -2.5264381765e-05, 6.9281412979e-05, 0.00029897960564, 2.71873598e-09, -4.9380458356e-09, -3.7295334852e-10, 7.075746545799999e-13, -2.3002693924e-09, 3.6278866126e-10, -6.3395056502e-10, -2.053827302e-13, 1.815300943e-13, 2.3885331989e-12, -5.936957608800001e-10, 1.3950206106e-09, 4.6392836839e-14, -5.187961708e-14, 2.6502391045e-13]",0.03289919425894804,1.074303802157472e-06,0.011,EXO,REAL,2025-10-07T18:42:26.528Z,system.exo,OPS1,,,,0.0,,,,,,,,,,,,,,,,,,,,,,,,,,,,,,,,,2120.91,23.59650242
ae2899ca-4fb2-4efc-adb1-e495b7848269,U//PR-EXO-SV,2025-10-07 17:23:50.267975,14867,14867,14867,False,41803.20332527628,-1211.43493827163,4716.681617991801,0.054515458992577,3.061167185155598,0.340202585631816,"[7.7088853749e-05, 3.817682944e-06, 0.001130651435, -7.1005583677e-05, 3.893413601599999e-05, 0.00074892708535, 5.0496866037e-09, -1.2559720644e-08, -4.4022065207e-10, 1.2455363989e-12, -5.153436019600001e-09, 2.1253439363e-09, -1.0753311165e-09, -4.2153620702e-13, 4.0428111408e-13, 1.8150815103e-10, -1.4076442725e-09, 1.5594421849e-09, 9.875105513700001e-14, -6.030607186600001e-14, 2.6878214259e-13]",0.04423423305652534,1.385135248114782e-06,0.002,EXO,REAL,2025-10-07T19:00:28.729Z,system.exo,OPS1,,,,0.0,,,,,,,,,,,,,,,,,,,,,,,,,,,,,,,,,1982.16,6.333055647
5b115029-2815-4272-8d46-d55445c50600,U//PR-EXO-SV,2025-10-07 17:23:18.929460,26719,26719,26719,False,-9308.11329370373,41476.2246556457,2727.5862350649,-2.964947611620152,-0.6851957332894919,0.308001099778405,"[0.00062579527971, 0.00017468148, 7.374217050100001e-05, -3.564249957e-05, -3.0162141918e-05, 0.00027234388682, 2.1442717589e-10, 1.2417237503e-09, -3.7590805994e-11, 7.6769814863e-14, 9.1444340867e-09, 4.8343386589e-09, -1.0509914276e-09, 4.5031963528e-14, 6.5538904488e-13, 5.5030469631e-10, 1.1607054733e-10, 2.2607515207e-10, 3.8097618619e-15, 2.6845833269e-14, 9.302022693899999e-14]",0.03117501141990168,9.083936848536541e-07,0.0289,EXO,REAL,2025-10-07T17:54:27.102Z,system.exo,OPS1,,,,0.0,,,,,,,,,,,,,,,,,,,,,,,,,,,,,,,,,3050.0,27.17226667
f3f8f638-fe3f-439d-ae38-a07fb8684e55,U//PR-EXO-SV,2025-10-07 17:22:06.223035,15141,15141,15141,False,21392.74672816927,36491.48951915016,7296.42089601824,-2.616302452986055,1.556822898671868,-0.133106718892894,"[0.0007793472007200001, -0.0004240343778, 0.00028010816262, -2.4591391774e-05, -8.826487283599999e-05, 0.00054327772128, 4.4420128832e-09, -4.9740290505e-11, 6.7608827564e-10, 3.0599650055e-13, 4.2803735957e-09, -1.7434447054e-09, 4.0464938762e-10, 2.0186739649e-13, 2.4429795222e-13, 1.1305215496e-09, -1.3789174882e-10, -3.5354524376e-10, 5.1140674099e-14, 4.2521016234e-14, 1.1596719571e-13]",0.04003414898083885,8.1624852127278e-07,0.011,EXO,REAL,2025-10-07T18:21:28.412Z,system.exo,OPS1,,,,0.0,,,,,,,,,,,,,,,,,,,,,,,,,,,,,,,,,2120.91,23.59650242
54972a06-5aca-495d-8e5d-ad5b738074fd,U//PR-EXO-SV,2025-10-07 17:22:01.814771,12855,12855,12855,False,-8987.17239912877,40917.31327081582,5114.58498965648,-2.982964995686315,-0.604975222762837,-0.423008815251394,"[0.00084727807578, 0.00019886836451, 9.691478292499999e-05, -1.6410575608e-05, -0.00015223713148, 0.0012359192052, -5.5736990623e-10, 1.7829960297e-09, 3.235807339e-10, 1.3654572645e-13, 5.8769654081e-09, 2.9517072738e-09, 1.269771536e-09, 3.6291664674e-14, 4.5108163089e-13, 9.7050284678e-10, 7.545712857599999e-10, -1.1000383077e-09, -1.467051249e-14, 2.8138531926e-14, 2.6997196944e-13]",0.04669167017686345,9.260665887397083e-07,0.0198,EXO,REAL,2025-10-07T19:48:26.624Z,system.exo,OPS1,,,,0.0,,,,,,,,,,,,,,,,,,,,,,,,,,,,,,,,,566.9,15.59560845
e7e902c6-c54e-41b8-b00d-22625c9ecfcf,U//PR-EXO-SV,2025-10-07 17:21:41.782049,15574,15574,15574,False,-17254.66111408575,38405.76004078949,2644.70420963086,-2.781814877043785,-1.220316614681036,-0.46810275029675,"[0.0006635937585499999, 0.00035649796049, 0.00024289353834, 4.3068270605e-05, -1.0634491025e-05, 0.0006460895803, -3.5424080925e-09, -4.167385232e-10, -4.163262739e-10, 1.6164193957e-13, 1.7485372929e-08, 1.3937070385e-08, 3.5530683917e-09, -1.5763275823e-13, 1.3652048652e-12, 1.9178882281e-09, 1.7982377476e-09, -5.1097689742e-10, -3.7996748021e-14, 1.1514458537e-13, 3.1753696494e-13]",0.03940275215248296,1.358080914272047e-06,0.007700000000000001,EXO,REAL,2025-10-07T17:48:26.807Z,system.exo,OPS1,,,,0.0,,,,,,,,,,,,,,,,,,,,,,,,,,,,,,,,,1982.16,6.333055647
c1d672a2-3786-4176-bec8-9be228d3c217,U//PR-EXO-SV,2025-10-07 17:21:37.593941,25913,25913,25913,False,11417.19582290671,40734.70207372851,5103.043367630929,-2.921695380488509,0.756560449605386,0.492607166879735,"[0.00093463303038, -0.00021030595533, 8.789817300199999e-05, -6.6444885883e-05, -6.8935739618e-05, 0.00067790798521, 4.688626512e-09, 1.6795300217e-09, -1.9070262707e-10, 2.8980700189e-13, 5.7908687439e-09, 1.0307216351e-09, -8.1795856334e-10, 2.8032954759e-13, 3.7667115378e-13, 5.0728722832e-10, -2.8516852461e-10, 1.2394023118e-09, 2.4490271334e-14, 6.5451548667e-16, 1.394037035e-13]",0.04123638185622012,8.977092286314094e-07,0.0322,EXO,REAL,2025-10-07T17:51:25.582Z,system.exo,OPS1,,,,0.0,,,,,,,,,,,,,,,,,,,,,,,,,,,,,,,,,3177.0,24.87213333
4943952e-9633-4f0e-b519-f18bd0ba2633,U//PR-EXO-SV,2025-10-07 17:21:20.465046,15963,15963,15963,False,42501.16123308887,2397.33777071501,5410.75963950966,-0.228097953792162,3.005403277281289,0.443245542404859,"[2.3050355999e-05, -7.1991662212e-05, 0.00093725522279, -5.8078845334e-05, 7.267410193800001e-05, 0.00042336730595, 1.0274543797e-09, -2.9331220712e-09, -5.0162765125e-10, 2.9305531263e-13, -7.230025621e-10, 5.4498587171e-10, -2.4793017985e-10, -3.513879906400001e-14, 5.3058899533e-14, -1.7242141719e-10, -4.8518962795e-10, 1.4542306203e-09, 7.1708517624e-15, -2.7562322226e-14, 1.9818674544e-13]",0.03719775375931993,7.377675498441226e-07,0.0103,EXO,REAL,2025-10-07T20:15:26.842Z,system.exo,OPS1,,,,0.0,,,,,,,,,,,,,,,,,,,,,,,,,,,,,,,,,2120.91,23.59650242
94df4ace-dbfd-420b-8893-6a2469dcb847,U//PR-EXO-SV,2025-10-07 17:20:17.478986,29640,29640,29640,False,6296.57644482176,41970.53610942414,4908.32372747407,-2.997885291446424,0.398760055803477,0.436967778774704,"[0.00042029428016, -4.5978331312e-05, 1.8345115265e-05, -2.6319867774e-05, -2.8194000575e-05, 0.00026621914197, 1.4090128293e-09, 6.3663561556e-10, -4.2994799334e-11, 7.390326943300001e-14, 2.7968193665e-09, 5.0786935586e-10, -3.9941993967e-10, 8.969851071e-14, 1.9848693684e-13, 2.8359827413e-10, -9.9283376453e-11, 5.5926275741e-10, 1.1983244187e-14, 4.9561590116e-15, 7.3764289394e-14]",0.02654917206609276,5.883489573943343e-07,0.006599999999999999,EXO,REAL,2025-10-07T18:57:27.243Z,system.exo,OPS1,,,,0.0,,,,,,,,,,,,,,,,,,,,,,,,,,,,,,,,,1390.0,6.67981138
1965a732-34bb-4110-ba68-3f65b97e798c,U//PR-EXO-SV,2025-10-07 17:20:16.248938,24714,24714,24714,False,20156.22696225502,37065.372610917,4677.45938208232,-2.676233766073372,1.384525871755837,0.550481250636931,"[0.00055365194966, -0.00014610043622, 0.00015744057887, -4.0597278163e-05, -3.8555156355e-05, 0.00044427404804, 1.5739176051e-08, 6.6539250269e-09, -2.8285906557e-10, 1.5583451634e-12, 9.375337368199999e-09, 2.9943438383e-09, -1.198597224e-09, 8.846389355e-13, 6.2468352247e-13, 3.836886944e-10, -8.654249597e-10, 3.2345024471e-09, 2.6111035777e-14, -5.463636629e-14, 3.5195555536e-13]",0.03399068367317727,1.592163383962211e-06,0.0168,EXO,REAL,2025-10-07T18:00:27.766Z,system.exo,OPS1,,,,0.0,,,,,,,,,,,,,,,,,,,,,,,,,,,,,,,,,1090.19,2.935135738
6c018d3b-1088-4f15-baa6-b8d322131441,U//PR-EXO-SV,2025-10-07 17:19:57.855033,21765,21765,21765,False,27870.97035117438,31535.65487645005,4859.08057931134,-2.298556192610697,1.938718822492828,0.603806607169778,"[0.00041838064098, -0.00027799809404, 0.00029841944409, 1.9315652568e-06, -0.00018010042982, 0.0011717621026, 9.3509236977e-09, 1.2460353469e-09, 4.6811702093e-11, 9.550497109899999e-13, 3.1601466817e-09, -4.715591842400001e-10, -7.4621571479e-10, 3.1066175424e-13, 1.9275149608e-13, 2.7597613172e-10, -6.0921125495e-10, 1.9756136984e-09, 3.4302967629e-14, -3.7985795151e-14, 2.6959259238e-13]",0.04345759067953492,1.190543489104871e-06,0.0149,EXO,REAL,2025-10-07T18:09:26.985Z,system.exo,OPS1,,,,0.0,,,,,,,,,,,,,,,,,,,,,,,,,,,,,,,,,2502.48,46.34335308
f3402cb1-dfd5-4916-a1ac-a3456e32f344,U//PR-EXO-SV,2025-10-07 17:17:42.150921,27603,27603,27603,False,-12964.93605972787,40454.71595020561,1800.0843456654,-2.90360301474326,-0.941656966773917,0.223492778450185,"[0.00069339437532, 0.00026055547872, 0.00012457463947, -2.8444446847e-05, -2.8272664144e-05, 0.00032856803309, -8.088052519900001e-10, 6.8052893882e-10, 2.193109072e-11, 7.6112627782e-14, 1.0728364495e-08, 6.7663228053e-09, -1.0154317437e-09, -2.0140036321e-14, 7.8927183701e-13, 4.6301787052e-10, 1.5810389874e-10, 2.2362585072e-10, 7.1494317168e-15, 2.297310162e-14, 1.7317521813e-13]",0.03386055297658323,1.019097484503813e-06,0.0423,EXO,REAL,2025-10-07T19:18:27.342Z,system.exo,OPS1,,,,0.0,,,,,,,,,,,,,,,,,,,,,,,,,,,,,,,,,4575.0,54.35786667
ac2ca1b3-e0a2-47a7-8cbc-5897d6377495,U//PR-EXO-SV,2025-10-07 17:15:45.680018,18634,18634,18634,False,-15526.42348170087,38141.14589549297,3591.13229400254,-2.855393810960996,-1.123931997511893,-0.468978883043236,"[0.0011281636432, 0.00047277026023, 0.00022803826991, 0.00014736890698, 3.0922469713e-05, 0.00041343234126, -2.7061394711e-09, -2.8700581836e-10, -1.0306204989e-10, 1.1031322168e-13, 1.1549447583e-08, 7.6011185797e-09, 2.7010153713e-09, -1.1291324708e-13, 8.6366459915e-13, 1.3288785653e-09, 1.1873429833e-09, -1.3270244601e-09, -2.9854766887e-14, 6.1820421581e-14, 2.7264284202e-13]",0.04206702098283167,1.11652168042094e-06,0.0116,EXO,REAL,2025-10-07T18:03:27.120Z,system.exo,OPS1,,,,0.0,,,,,,,,,,,,,,,,,,,,,,,,,,,,,,,,,2120.91,23.59650242
ca3d4e97-864d-49bf-9e53-85d1a6336dc7,U//PR-EXO-SV,2025-10-07 17:11:48.705041,27775,27775,27775,False,26533.90433586167,32210.24959729744,4384.609442173761,-2.375393792427161,1.884395970802802,0.583164589957567,"[0.00036066520557, -0.00024777359296, 0.00021471273647, -4.8653766125e-05, -7.4789971639e-06, 0.00035723988524, 4.502672459499999e-09, 2.2037869882e-10, -4.162981123e-11, 3.9840155918e-13, 1.7137426223e-09, -5.350160492e-10, -3.4723173396e-10, 1.3722431551e-13, 1.0025245548e-13, 9.387965353e-11, -2.4463356125e-10, 6.2888291597e-10, 1.1262618532e-14, -1.0705610907e-14, 1.0502336372e-13]",0.03053879217126964,7.769667807441963e-07,0.0152,EXO,REAL,2025-10-07T17:54:27.105Z,system.exo,OPS1,,,,0.0,,,,,,,,,,,,,,,,,,,,,,,,,,,,,,,,,2200.0,13.72877796
e4427221-ead0-4de0-bb53-d7545afc4572,U//PR-EXO-SV,2025-10-07 17:11:16.492180,26643,26643,26643,False,-13402.29718077412,38941.87359851737,8816.78151163763,-2.909605184386292,-1.029382478976887,0.115591294209997,"[0.0007706691966800001, 0.00024457707136, 0.0001616389548, 0.00013394378579, -0.00029834417898, 0.0015233816412, -2.0334226711e-10, 9.3124373625e-11, 4.0094573244e-11, 1.4800261073e-14, 2.5750707157e-09, 1.7695492127e-09, -6.6526616859e-12, -6.7634941944e-15, 2.0005298799e-13, 5.617800003600001e-10, 3.2319633224e-10, 1.1049395137e-10, -3.6623225804e-16, 3.5706613582e-14, 3.250697888e-14]",0.04955491693747453,4.973532225119286e-07,0.0139,EXO,REAL,2025-10-07T21:18:26.087Z,system.exo,OPS1,,,,0.0,,,,,,,,,,,,,,,,,,,,,,,,,,,,,,,,,2500.0,15.918
185cf4b9-d5bb-4c8f-ac8b-34e92fab2b54,U//PR-EXO-SV,2025-10-07 17:07:54.415304,25473,25473,25473,False,-12363.91342716319,40520.88072743583,5888.459624299399,-2.888853806025539,-0.93128025514939,0.319017270255873,"[0.00047439637921, 0.00017929647057, 9.88634158e-05, -4.2820771364e-06, -5.049041655e-05, 0.00032313689353, -9.6721370184e-11, 8.7906977222e-10, 3.0355268039e-10, 6.3333853415e-14, 8.1320834075e-09, 5.5093618959e-09, -8.9733772928e-10, 2.0944354647e-14, 5.878922327500001e-13, 1.1065379853e-09, 2.6704109101e-10, 1.5474281562e-09, 1.3452150315e-14, 4.2650671998e-14, 1.4841748605e-13]",0.02993988457793383,8.942279196127796e-07,0.0338,EXO,REAL,2025-10-07T20:45:26.204Z,system.exo,OPS1,,,,0.0,,,,,,,,,,,,,,,,,,,,,,,,,,,,,,,,,2099.11,45.56366667
d189dbbe-52b1-491b-bb8a-0ec70c4b18b3,U//PR-EXO-SV,2025-10-07 17:06:26.695804,23467,23467,23467,False,3611.26049231348,41475.79832500228,6719.65919556931,-3.060146268920576,0.237674023835401,0.170372144280572,"[0.0013012275451, 0.00046902111265, 0.00050560656834, 7.3577916738e-05, 1.3351870627e-07, 0.00054279537073, 4.8702868618e-08, 4.324977287e-08, 7.7096729715e-09, 3.881646268099999e-12, 7.002331136700001e-08, 4.3676436596e-08, 5.424570589899999e-09, 4.1402354298e-12, 5.942354828400001e-12, 1.0122874384e-08, 4.6947879626e-09, 7.666156528199999e-09, 5.887463293500001e-13, 7.494473316e-13, 7.5535996713e-13]",0.04847297684452648,3.252592975401318e-06,0.0305,EXO,REAL,2025-10-07T17:30:27.551Z,system.exo,OPS1,,,,0.0,,,,,,,,,,,,,,,,,,,,,,,,,,,,,,,,,1349.85,58.81043193
996af4ce-ea87-402a-bf54-fda2bf2480a4,U//PR-EXO-SV,2025-10-07 17:05:09.680852,64407,64407,64407,False,28863.58121572766,33298.04976530439,-147.3129394504,-2.30535519357833,1.893178340124686,0.049740329913735,"[0.0055815237452, -0.003984882768999999, 0.0040121529852, -3.2488492836e-05, 0.00010929020549, 0.0022035887206, 7.3408557779e-08, 3.8192971113e-08, 5.7016224303e-09, 1.00314721e-11, 2.2992343316e-08, -1.1855803601e-09, 7.453898061699999e-10, 4.0122205847e-12, 3.4677210115e-12, 9.9429420421e-10, 3.4581220487e-09, 1.2932182902e-08, 6.717555073300001e-13, 2.6627151742e-13, 7.3438401063e-12]",0.1086152174006939,4.565417091329115e-06,0.0,EXO,REAL,2025-10-07T17:42:29.653Z,system.exo,OPS1,,,,0.0,,,,,,,,,,,,,,,,,,,,,,,,,,,,,,,,,0.0,0.0
8048e567-c791-4763-ac75-3b076fa1bbaf,U//PR-EXO-SV,2025-10-07 17:04:46.308338,26356,26356,26356,False,-12424.24180203354,39168.66026392613,9465.65783297916,-2.932928454797154,-0.920319480605471,-0.044186047567606,"[0.0010353653309, 0.0005770472658300001, 0.00054906563065, 9.643132239099999e-05, -3.6336782217e-05, 0.00051124974654, 1.443080318e-09, 1.0342755614e-08, 1.9436499179e-09, 5.3905038138e-13, 5.551356372e-08, 4.7484787384e-08, 6.5466484009e-09, 6.5709651071e-13, 4.9407234732e-12, 1.2745160338e-08, 9.759444743300001e-09, 2.4453372687e-09, 1.2667268098e-13, 9.8346137365e-13, 6.0871693642e-13]",0.04577860535326519,2.467486735729293e-06,0.007700000000000001,EXO,REAL,2025-10-07T17:45:26.979Z,system.exo,OPS1,,,,0.0,,,,,,,,,,,,,,,,,,,,,,,,,,,,,,,,,2386.0,31.52843239
ecda18cb-a23a-4db2-9c98-88051b0f8715,U//PR-EXO-SV,2025-10-07 17:03:56.814179,14005,14005,14005,False,-7119.22909210805,42294.03747297474,1552.73175117697,-2.981685547024551,-0.488894829943491,-0.395464980089056,"[0.00050431880753, 0.00011266229519, 4.6084749632e-05, 2.6638998952e-05, -2.9595789318e-06, 0.00034543236732, 9.2600261124e-10, 1.3221657123e-09, 1.8941004941e-10, 7.1069008432e-14, 6.4105375111e-09, 3.3906803923e-09, 9.9737549321e-10, 8.6059461374e-14, 4.7038821059e-13, 4.9193698122e-10, 3.6223846525e-10, 1.4792230422e-10, -9.9572218979e-15, 2.747143463e-14, 1.9419092296e-13]",0.02993051827954204,8.576993307575796e-07,0.0088,EXO,REAL,2025-10-07T17:39:28.025Z,system.exo,OPS1,,,,0.0,,,,,,,,,,,,,,,,,,,,,,,,,,,,,,,,,2120.91,23.59650242
712ea577-0b12-4221-8db0-6caa0d31e75d,U//PR-EXO-SV,2025-10-07 17:03:13.363962,3334,3334,3334,False,45478.83014564034,-3066.39626192909,4864.70097117102,0.054718253576338,2.82691601586805,0.08747362616351499,"[5.607192406699999e-05, 9.079393772100001e-05, 0.0018798585252, -5.573324038e-05, 4.3754455155e-05, 0.00062499513315, 4.0001238243e-09, -1.3215108436e-08, 3.8250490593e-10, 1.0939410088e-12, -3.0013226842e-09, 2.1994249704e-09, -5.8050691225e-10, -3.4150361518e-13, 2.1987460623e-13, 5.5614797873e-10, -1.0874446063e-09, 9.3589889261e-10, 1.057975268e-13, -5.710602069400001e-14, 2.4726992748e-13]",0.05060558845045673,1.249434088901852e-06,0.0312,EXO,REAL,2025-10-07T19:18:27.322Z,system.exo,OPS1,,,,0.0,,,,,,,,,,,,,,,,,,,,,,,,,,,,,,,,,346.88,2.638937829
528b949e-d612-4411-bb35-a4f7f2dab390,U//PR-EXO-SV,2025-10-07 16:59:55.968975,12994,12994,12994,False,35074.5283375121,-23862.96292838851,-474.73087487574,1.706772729713808,2.470306206601872,0.6106786345669379,"[0.00062851805198, 0.00090281053333, 0.0013449576256, 0.0001763431814, 0.00024858868474, 0.0005198598134699999, -4.574283505600001e-09, -6.1869461157e-09, -1.5569523883e-09, 6.2622208239e-13, 2.2404545284e-09, 5.2853778858e-09, 1.0589124555e-09, -3.9855272665e-13, 3.8557466182e-13, 4.8469513581e-11, 4.2268246232e-10, -2.4798985923e-11, -2.4367871697e-14, -4.2880177082e-14, 3.1280459464e-13]",0.0499333104355199,1.150913262956857e-06,0.0263,EXO,REAL,2025-10-07T17:30:27.543Z,system.exo,OPS1,,,,0.0,,,,,,,,,,,,,,,,,,,,,,,,,,,,,,,,,1002.97,18.78383538
7cf98990-94b3-4e37-85bb-0c4873a13c64,U//PR-EXO-SV,2025-10-07 16:59:53.572046,22907,22907,22907,False,-1213.550114443,40983.17443609655,10035.37369820199,-3.068056162435555,-0.05053299538856,-0.153751640104078,"[0.00041251802825, 4.3456501748e-05, 0.00011164035046, -5.017867461e-05, -0.00039681479742, 0.0016303925491, 1.2291081768e-09, 8.9259525218e-10, 2.6390502337e-10, 6.2619976499e-14, 3.720390279e-09, 1.3600870523e-09, 5.0180302938e-10, 8.9840246876e-14, 2.5631807192e-13, 9.6369908482e-10, 3.749321526e-10, 7.4062725777e-11, 2.2290437556e-14, 5.7339622495e-14, 5.0116237537e-14]",0.04641714045274654,6.074983835007301e-07,0.0114,EXO,REAL,2025-10-07T17:36:28.392Z,system.exo,OPS1,,,,0.0,,,,,,,,,,,,,,,,,,,,,,,,,,,,,,,,,2101.09,23.8702275
93e2a0c3-ced0-468d-9a80-39acc096ac99,U//PR-EXO-SV,2025-10-07 16:59:53.566896,49333,49333,49333,False,30719.04750033441,-28889.01248115553,-55.22126895168,2.106272693145002,2.239414651345669,-0.00537722249511,"[0.0078763156961, -0.0042039326006, 0.0075425857694, 0.00041528035044, -0.00038024831208, 0.0015758467239, -4.0805724023e-07, 1.8459544528e-07, -2.0392127592e-08, 2.3064973369e-11, -3.7792025925e-07, 5.361423738399999e-07, -2.9849574277e-08, 1.613280268e-11, 4.0320386373e-11, 2.2963970719e-08, -2.0888479361e-08, 1.3529209859e-08, -1.0322934079e-12, -1.7129677958e-12, 1.6344958604e-12]",0.1303639067740761,8.063489046461216e-06,0.0,EXO,REAL,2025-10-07T18:15:27.180Z,system.exo,OPS1,,,,0.0,,,,,,,,,,,,,,,,,,,,,,,,,,,,,,,,,3852.0,34.06333333
8b86c272-b2ad-4c82-8911-53f52be6aa29,U//PR-EXO-SV,2025-10-07 16:59:27.809924,15383,15383,15383,False,42357.82860826518,-166.40690862845,2878.31031342683,-0.036148523289131,2.987180526295295,0.6970825078796019,"[3.2685180025e-05, -2.2145956484e-06, 0.00089257364699, -8.9656874426e-05, -0.00010523111817, 0.0013084928061, 2.9798793481e-09, -2.1579685751e-09, -3.3189578767e-10, 7.3053369016e-13, -1.8592637348e-09, 9.9439114669e-10, -3.7899698124e-10, -2.0714407439e-13, 1.527236372e-13, -2.9467645313e-10, -3.2787119515e-10, 1.704432895e-09, -1.1102553891e-14, -6.752670935700001e-14, 3.4508986151e-13]",0.04726258174407107,1.10830825534686e-06,0.017,EXO,REAL,2025-10-07T17:45:26.975Z,system.exo,OPS1,,,,0.0,,,,,,,,,,,,,,,,,,,,,,,,,,,,,,,,,628.34,15.54471465
f2d6e242-04ff-4dda-8cc7-61f91dd537d5,U//PR-EXO-SV,2025-10-07 16:59:27.809924,22245,22245,22245,False,42087.14546862967,-88.26383002362,2478.33093694236,-0.036085368254359,2.992595408021826,0.712230154366628,"[1.1313571575e-05, 6.0421478805e-06, 0.00042379665406, -5.4516372534e-05, -0.00012973892759, 0.0009334729416, 8.7036705391e-10, -1.1262335322e-09, -1.4253390897e-10, 1.8919830991e-13, -5.8462333285e-10, 1.8791656238e-10, -1.1008958415e-10, -6.2471921549e-14, 4.6275867226e-14, -4.1411196044e-11, -7.7750046136e-11, 2.2495135429e-10, 1.4978311417e-15, -1.1754264429e-14, 5.8326175693e-14]",0.03699436669595792,5.420335347826738e-07,0.0105,EXO,REAL,2025-10-07T19:03:28.293Z,system.exo,OPS1,,,,0.0,,,,,,,,,,,,,,,,,,,,,,,,,,,,,,,,,2101.09,23.8702275
5e0b3082-82c7-4008-ae4a-5bdd99b67f15,U//PR-EXO-SV,2025-10-07 16:57:42.556864,14333,14333,14333,False,-2153.20304989747,42500.6781289883,5152.94256364967,-3.023732784054769,-0.105697645844504,-0.396785764787252,"[0.00132330056, 8.8537747794e-05, 3.6011748288e-05, 0.00012287926623, -4.1240093191e-05, 0.00046519204744, 1.8539386548e-09, 1.6740623839e-09, 7.5970492367e-10, 1.1374642277e-13, 1.3142108908e-08, 2.9810696568e-09, 2.3998890225e-09, 1.4651284773e-13, 7.8992163787e-13, 2.0518381631e-09, 8.189403864800001e-10, -1.5921085189e-09, 3.6200763061e-16, 8.173459101900001e-14, 2.5783615483e-13]",0.04271421725524184,1.077731049691898e-06,0.0103,EXO,REAL,2025-10-07T17:18:27.971Z,system.exo,OPS1,,,,0.0,,,,,,,,,,,,,,,,,,,,,,,,,,,,,,,,,2120.91,23.59650242
667564e7-44c6-4092-bad4-257810860e5d,U//PR-EXO-SV,2025-10-07 16:51:49.005091,22653,22653,22653,False,31714.40349754314,28312.12179611582,2310.41055872056,-2.018352671959959,2.207478142018786,0.643928975527855,"[0.0005093585858, -0.00050788876397, 0.00057248402185, -0.00010645711075, 7.440476604299999e-05, 0.00048651867738, 4.875311309e-09, 1.4913213037e-10, -4.0624224513e-10, 5.9242868638e-13, 9.476368006199998e-10, -3.7999204819e-10, -5.1389330668e-10, 1.7139886141e-13, 1.33605811e-13, -2.0249976083e-10, -4.3521342926e-10, 1.649851412e-09, 4.8341592268e-15, -6.4905920208e-14, 3.5742959983e-13]",0.03960254139610234,1.040895814772065e-06,0.0289,EXO,REAL,2025-10-07T18:06:27.358Z,system.exo,OPS1,,,,0.0,,,,,,,,,,,,,,,,,,,,,,,,,,,,,,,,,1684.84,24.90769134
cfad034f-9af9-488b-8ac0-2fea3b733c42,U//PR-EXO-SV,2025-10-07 16:50:55.176093,9785,9785,9785,False,-12257.80620205141,41835.65530431312,2886.53990504582,-2.880842476242392,-0.8045960643717031,-0.404477470611721,"[0.00073062863509, 0.00022985443301, 0.00010335780575, 4.4683501529e-05, -1.8296282955e-05, 0.00054512330748, -1.8967949647e-09, 8.4527648889e-10, 2.8561318504e-11, 1.1938036761e-13, 1.091075001e-08, 5.2345311992e-09, 1.8997903136e-09, -6.9822836276e-14, 7.5915234345e-13, 1.0061744846e-09, 7.3445172934e-10, -9.2050721397e-10, -1.3533444164e-14, 5.0679105007e-14, 1.8110771299e-13]",0.03713636692408131,1.029388373768618e-06,0.0178,EXO,REAL,2025-10-07T17:21:28.592Z,system.exo,OPS1,,,,0.0,,,,,,,,,,,,,,,,,,,,,,,,,,,,,,,,,336.97,7.25707903
f20e868d-41a5-4c3f-a0dd-38a84f6d6382,U//PR-EXO-SV,2025-10-07 16:37:59.735841,41309,41309,41309,False,40378.91480204717,-4581.4577714142,37.85000606848,0.179714589216535,1.652380938009906,-0.015679445202869,"[0.01815252615, -0.0063113217705, 0.0027540315038, 0.0015410808199, -0.00053788632617, 0.00097921177116, 2.3750460448e-06, -8.2428240601e-07, 2.0192901871e-07, 3.1256156403e-10, -6.9005776282e-07, 2.5731443578e-07, -5.870230340000001e-08, -8.967528191499999e-11, 2.80531914e-11, 9.086705501800001e-08, -2.9754331111e-08, 4.3966055865e-08, 1.2165133776e-11, -3.3621623534e-12, 6.0305649862e-12]",0.1479383973989174,1.861841347742068e-05,0.0,EXO,REAL,2025-10-07T17:57:26.689Z,system.exo,OPS1,,,,0.0,,,,,,,,,,,,,,,,,,,,,,,,,,,,,,,,,5000.0,41.62708441
26fcd116-6bd0-4fa9-9b95-c05541df1c9d,U//PR-EXO-SV,2025-10-07 16:37:36.162080,25900,25900,25900,False,41974.7435334517,531.02595223028,-108.66437300917,-0.061888156361935,2.991298557005452,0.772270580059048,"[2.2828178687e-05, -1.7281028468e-05, 0.0014868101659, 2.2859742338e-07, 0.00027239384829, 0.00050347599136, 2.2582720134e-09, -1.4038641272e-09, -1.1272046282e-10, 7.0171150803e-13, -1.6122710223e-09, -1.1530073355e-10, -3.487940744e-10, -1.561954934e-13, 1.3524725896e-13, -1.9666017584e-10, 4.2301415824e-11, 6.341360430400001e-10, 7.4256207227e-15, -6.3820281571e-14, 3.0564716461e-13]",0.04486774271062675,1.06892746788545e-06,0.0123,EXO,REAL,2025-10-07T17:54:27.093Z,system.exo,OPS1,,,,0.0,,,,,,,,,,,,,,,,,,,,,,,,,,,,,,,,,2440.0,23.68368162
9ffb1441-1831-4b56-9cf1-fe71fd7e3a5d,U//PR-EXO-SV,2025-10-07 16:37:01.335031,17872,17872,17872,False,42045.85585751946,1705.52572132961,2928.68088863766,-0.129560940236497,3.070686116701892,0.003365778281424,"[2.3132947582e-05, -2.3534445944e-05, 0.00051045864828, -1.0161208382e-05, -7.4973637053e-07, 0.00019727320674, 1.8035797004e-09, -2.1194890797e-09, 2.6624656878e-10, 3.0990986238e-13, -1.4855051216e-09, 1.1386331237e-10, -2.4726565687e-10, -1.1260988961e-13, 1.0425767041e-13, 2.3037274853e-10, -1.3055198799e-10, 3.027638258e-10, 2.9018371314e-14, -1.671185622e-14, 8.1411998426e-14]",0.02703451132537816,7.039740983985136e-07,0.0088,EXO,REAL,2025-10-07T20:39:26.799Z,system.exo,OPS1,,,,0.0,,,,,,,,,,,,,,,,,,,,,,,,,,,,,,,,,2120.91,23.59650242
9ca6d0c8-d4db-4140-8cb9-e82cdbf061d3,U//PR-EXO-SV,2025-10-07 16:35:37.201108,28946,28946,28946,False,42717.01828906323,-2083.73901390518,-1154.790013346,0.151597532439558,3.048538089962003,-0.002445255424226,"[5.0987701291e-05, 5.4153754071e-05, 0.0015711507877, 1.654870579e-05, -3.2934339529e-06, 0.00051790586016, 5.052128544099999e-09, -8.560929363e-09, 3.8588872384e-10, 1.1539020698e-12, -3.6007866679e-09, 1.8051535064e-09, -2.0577703188e-10, -4.2047852128e-13, 2.7776516713e-13, 2.6020972183e-10, 4.5082137977e-10, 2.2926302591e-09, 2.0209810075e-14, -1.3234565298e-14, 3.348513981e-13]",0.04626061336764786,1.329104448502826e-06,0.0558,EXO,REAL,2025-10-07T18:21:28.420Z,system.exo,OPS1,,,,0.0,,,,,,,,,,,,,,,,,,,,,,,,,,,,,,,,,4100.0,25.2546
333c7041-f5bd-4c1d-ac58-2e5b5039094e,U//PR-EXO-SV,2025-10-07 16:35:30.316052,13554,13554,13554,False,41777.27785555581,-2230.11275463587,4546.420813912419,0.145411967954043,3.068206349067729,0.228423143768389,"[0.0001106137022, 3.4118515786e-05, 0.0012161416604, -4.401165799399999e-05, 4.2299531913e-05, 0.00061743201613, 8.2863631749e-09, -1.1501081449e-08, 8.3323750669e-10, 1.7226620527e-12, -8.0449808431e-09, 2.518640073e-09, -1.7214063482e-09, -7.4708557026e-13, 6.5501350457e-13, 9.2539275462e-10, -1.4227408776e-09, 2.0632125851e-09, 1.834055193e-13, -1.3278255053e-13, 4.7248671326e-13]",0.04409294023684517,1.688242361312498e-06,0.001,EXO,REAL,2025-10-07T17:18:27.970Z,system.exo,OPS1,,,,0.0,,,,,,,,,,,,,,,,,,,,,,,,,,,,,,,,,1952.43,17.62192734
e442c81f-b537-4025-8aa2-98b16a244180,U//PR-EXO-SV,2025-10-07 16:35:30.316052,14548,14548,14548,False,41777.08141578815,-2334.72005019858,4560.73608212899,0.146729650518069,3.057639734235924,0.342391190842306,"[2.1567197692e-05, 2.5414830906e-05, 0.00056899630208, -2.859651371e-05, 3.0258714974e-05, 0.0003085293998, 1.3199174904e-09, -2.1958001869e-09, -1.2689149619e-11, 2.912291852e-13, -1.3158536528e-09, 3.4950049664e-10, -3.2310086737e-10, -1.2131042624e-13, 1.0875513865e-13, 7.0330862686e-11, -2.2496700681e-10, 6.692448775e-10, 2.1691332942e-14, -2.4793709041e-14, 1.1072957906e-13]",0.02998487784820875,7.146425000725887e-07,0.0088,EXO,REAL,2025-10-07T17:00:28.661Z,system.exo,OPS1,,,,0.0,,,,,,,,,,,,,,,,,,,,,,,,,,,,,,,,,2120.91,23.59650242
089812c0-cb61-482d-a245-0eb9a9e21a08,U//PR-EXO-SV,2025-10-07 16:31:37.267105,12996,12996,12996,False,28755.94084160749,30922.00730813211,2756.18215127236,-2.236642130864902,2.090588601367866,-0.162986255890943,"[0.00054176018064, -0.00049208230288, 0.00047220094891, 1.5445566394e-05, -3.845404443200001e-05, 0.00030009304643, 2.4123150737e-09, -7.2078285413e-10, 2.6761376022e-10, 2.3091682687e-13, 1.5908250134e-09, -1.6543889584e-09, 9.8832018969e-11, 1.2894041045e-13, 1.5312191833e-13, 2.0796543158e-10, -2.9617342949e-11, 2.3543358392e-10, 1.4620695386e-14, 1.3795421036e-14, 1.5911334677e-13]",0.03624988518574922,7.369885290626985e-07,0.0578,EXO,REAL,2025-10-07T18:30:27.889Z,system.exo,OPS1,,,,0.0,,,,,,,,,,,,,,,,,,,,,,,,,,,,,,,,,0.0,0.0
1afb5c1b-d841-4461-93df-c5fa15d1b193,U//PR-EXO-SV,2025-10-07 16:29:58.711051,35756,35756,35756,False,21197.30528265292,36451.00748086408,47.04368022781,-2.657781274360887,1.545689501372487,-0.007801051096491,"[0.0074402297617, 0.0083967296928, 0.011830148613, 0.00097649371559, 0.0012757609629, 0.0021217053275, 8.6795973454e-07, 1.0243074082e-06, 1.1931760275e-07, 1.4598872748e-10, 1.1282607712e-06, 1.514117323e-06, 1.6534711658e-07, 1.5085115476e-10, 2.1564310136e-10, 7.8335349426e-08, 9.6874297811e-08, 7.9835445399e-08, 1.3748551023e-11, 1.4972719917e-11, 2.2481694181e-11]",0.1462603285316972,1.959881432691784e-05,0.0462,EXO,REAL,2025-10-07T17:39:28.033Z,system.exo,OPS1,,,,0.0,,,,,,,,,,,,,,,,,,,,,,,,,,,,,,,,,2475.0,24.02226667
21b9ed89-ca5d-4200-bbed-4a22b2c28f3b,U//PR-EXO-SV,2025-10-07 16:29:38.050813,43342,43342,43342,False,25248.5414733469,33156.61908584977,-1461.14479074239,-2.435011788234816,1.868707522174698,0.337830929685391,"[0.00098641310959, -0.00073030364217, 0.00057166989667, -8.185172551499999e-05, 8.3046706066e-05, 0.0005014827812, 2.9984023937e-09, 5.4327532745e-11, -2.1035392572e-10, 2.6217756041e-13, 1.5685392382e-09, -1.0856646017e-09, -2.2975604183e-10, 1.1414721525e-13, 1.4027858702e-13, -2.1181567003e-10, -5.652686121599999e-11, 4.9386130915e-10, -4.5395247149e-15, -1.2435959565e-14, 1.6519933943e-13]",0.04538243919689641,7.534291518517185e-07,0.0278,EXO,REAL,2025-10-07T17:48:26.821Z,system.exo,OPS1,,,,0.0,,,,,,,,,,,,,,,,,,,,,,,,,,,,,,,,,0.0,0.0
e84d9504-3b20-4f01-ac0c-000c2635c7ad,U//PR-EXO-SV,2025-10-07 16:23:38.875775,33414,33414,33414,False,24218.31558331201,35139.71407920383,-1389.6386477668,-2.489413247257334,1.736518116779116,0.258808201792203,"[0.00028776744217, -0.00019317938922, 0.00013896896881, 6.8954669659e-06, 1.1143226163e-05, 0.00041313599423, 6.8738925458e-10, 6.8866640467e-11, -7.2520739403e-11, 5.6041040189e-14, 4.9060419459e-10, -4.6001416365e-10, -4.9649116975e-11, 2.3983110334e-14, 4.7496077629e-14, -5.3995129583e-11, -1.5702556338e-11, -5.862929748400001e-11, -2.683428979e-16, -2.7268604736e-15, 5.0831077444e-14]",0.02898055218952875,3.928971815399037e-07,0.0223,EXO,REAL,2025-10-07T17:09:28.816Z,system.exo,OPS1,,,,0.0,,,,,,,,,,,,,,,,,,,,,,,,,,,,,,,,,5100.0,19.96046667
a2ececa6-a8e1-4781-97fe-d9ab34b062e4,U//PR-EXO-SV,2025-10-07 16:11:39.237956,43824,43824,43824,False,37622.73820560755,-19080.25460258959,-73.83151255483999,1.389181168723789,2.741335012228547,-0.004097304810825,"[0.00015681102525, 0.00028553527758, 0.00070461333637, 8.1034969526e-07, -6.4147830433e-06, 0.00029510506557, -3.1452630755e-09, -8.5669096403e-09, 1.173051837e-10, 5.8118912184e-13, 6.809186272899999e-10, 9.3707034776e-09, -3.0455035423e-10, -3.7026885427e-13, 4.7407088905e-13, 5.2636143843e-11, 2.8684655279e-10, 2.7765818988e-09, 6.100987661999999e-16, 7.713753712e-15, 5.6363576986e-13]",0.03400778480274774,1.272358353904276e-06,0.0223,EXO,REAL,2025-10-07T16:27:26.936Z,system.exo,OPS1,,,,0.0,,,,,,,,,,,,,,,,,,,,,,,,,,,,,,,,,5855.0,21.67066667
07e3581a-d6d7-4767-8e60-436652cc0962,U//PR-EXO-SV,2025-10-07 16:11:39.237956,41793,41793,41793,False,37634.99210747068,-19029.33113751945,-92.20167483819999,1.388238100967141,2.742793080511592,-0.004770142315526,"[0.00018883725342, 0.00028798051656, 0.00079178672026, 2.736986455e-06, -1.0366990311e-05, 0.00023877319006, -1.0548450961e-08, -1.1923283656e-08, -2.9479012122e-10, 1.6828237727e-12, 2.0434979016e-09, 1.378615472e-08, -3.8545961129e-10, -5.0297967937e-13, 5.9887178308e-13, 8.995065881199999e-11, 1.2935861571e-09, -1.3544308858e-09, 3.8735075016e-14, 2.2250736528e-14, 9.969617921800001e-13]",0.03491986775089505,1.810706311901519e-06,0.03,EXO,REAL,2025-10-07T16:36:27.373Z,system.exo,OPS1,,,,0.0,,,,,,,,,,,,,,,,,,,,,,,,,,,,,,,,,3404.0,13.02606667
0833a1c1-cf84-40fc-8b9c-6c8357b493f2,U//PR-EXO-SV,2025-10-07 16:11:39.237956,39234,39234,39234,False,37634.25216242857,-19001.82403165072,-128.06913761771,1.38744549429661,2.744256611656289,-0.006061462741301,"[0.00018427404555, 0.00029687143718, 0.00070314689647, 2.7183611217e-06, -5.9303610413e-06, 0.0003889576044, -7.6501782027e-09, -1.167722141e-08, -6.5750046507e-11, 1.0913500727e-12, 1.2664553473e-09, 9.8692028877e-09, -2.8313816102e-10, -4.0720575254e-13, 4.656801439e-13, 4.5165889324e-11, 4.3875711588e-10, 4.5651989793e-12, 7.2560440156e-15, 1.0641550851e-14, 7.169025244699999e-13]",0.0357264404387003,1.507956478506591e-06,0.0185,EXO,REAL,2025-10-07T16:42:28.001Z,system.exo,OPS1,,,,0.0,,,,,,,,,,,,,,,,,,,,,,,,,,,,,,,,,2650.0,15.37733333
17612443-bf7c-4655-9294-652c688dff5c,U//PR-EXO-SV,2025-10-07 16:01:43.519763,37749,37749,37749,False,40362.67891423416,-12193.4784174474,-82.23432801544,0.889482683766793,2.94324442991364,-0.002124952768253,"[0.026822668793, -0.015474901572, 0.010554438604, 0.0024393673965, -0.001467427569, 0.0016328675334, 3.6902173736e-06, -2.1494615211e-06, 3.3789706476e-07, 5.2643882875e-10, -1.9209616959e-06, 1.2483594385e-06, -1.8415294058e-07, -2.8739833142e-10, 1.9350216138e-10, 2.0617193378e-07, -1.2325109036e-07, 1.4943590556e-07, 3.1571416572e-11, -2.0493498608e-11, 2.2452465077e-11]",0.197509429978419,2.724689808413061e-05,0.02,EXO,REAL,2025-10-07T16:51:26.134Z,system.exo,OPS1,,,,0.0,,,,,,,,,,,,,,,,,,,,,,,,,,,,,,,,,1272.0,10.694
7dc0257f-b57c-4925-be66-df91a40f55f0,U//PR-EXO-SV,2025-10-07 15:38:18.298015,37834,37834,37834,False,13886.7719094885,39817.69924145296,-50.1892562575,-2.902908358366262,1.012079331100975,0.006619958232881001,"[0.00085909464454, -0.00018967527862, 0.00016817821033, -6.765948837e-07, 1.2140152879e-06, 0.00030199136808, 1.2835503521e-08, 8.599279549e-09, 5.943121504e-11, 1.2801511489e-12, 1.5817621856e-08, 2.7525046881e-09, 2.3710134643e-11, 9.802547837600001e-13, 1.2100985935e-12, 1.2315176045e-10, -8.491342992199999e-11, 3.2149219566e-09, -2.1850749368e-15, -5.3274948336e-17, 7.040642265700001e-13]",0.03645907600241673,1.787264381385698e-06,0.0315,EXO,REAL,2025-10-07T16:06:28.865Z,system.exo,OPS1,,,,0.0,,,,,,,,,,,,,,,,,,,,,,,,,,,,,,,,,3200.0,27.70226667
57607f5e-a075-4362-a117-2ec8ac8f5efd,U//PR-EXO-SV,2025-10-07 14:17:39.030761,6380,6380,6380,False,24101.51653611634,-34671.51202654461,480.4944300254,2.523482764375327,1.748080304259072,0.030313314303618,"[0.00027097945247, 0.00018780842244, 0.00013543957876, 1.4179028046e-06, 2.3353228771e-06, 0.00012485592695, -8.6750782833e-10, -3.4865199773e-10, -2.9728255682e-11, 5.6624866336e-14, 1.1835215191e-09, 1.0070297383e-09, -1.3612164168e-12, -5.4569724115e-14, 9.750879607e-14, -1.4548872531e-11, 6.1851536501e-12, 2.4411219566e-10, 8.6784371805e-16, -1.000065351e-15, 6.4375493539e-14]",0.02304940255581476,4.674496293131486e-07,0.0505,EXO,REAL,2025-10-07T15:21:28.973Z,system.exo,OPS1,,,,0.0,,,,,,,,,,,,,,,,,,,,,,,,,,,,,,,,,346.88,2.638937829
1dc8b1e7-3c36-47e7-83d5-13f839e8b230,U//PR-EXO-SV,2025-10-07 14:07:01.726955,12897,12897,12897,False,17397.04786363358,-38419.61925470928,-235.87896765573,2.779820438177887,1.255048331073737,0.382997471655665,"[0.00039105060315, 0.00017633897482, 8.3621467989e-05, 9.9546343538e-06, 1.924257458e-06, 0.0003928889873, -5.5966888799e-10, 2.3851497557e-11, -8.9404362714e-11, 3.6755132908e-14, 1.1206163987e-09, 5.465020375900001e-10, 1.4618641558e-10, -3.5155695332e-14, 8.4300750644e-14, 7.7093449621e-13, 3.851137966e-11, 7.454188761700001e-11, -3.1076889964e-15, -2.0414928279e-15, 4.981270451799999e-14]",0.02945438945962044,4.133625383002189e-07,0.007700000000000001,EXO,REAL,2025-10-07T14:42:26.787Z,system.exo,OPS1,,,,0.0,,,,,,,,,,,,,,,,,,,,,,,,,,,,,,,,,1947.47,16.97517964
e9aeac44-09aa-4017-88f6-aa83240f9222,U//PR-EXO-SV,2025-10-07 13:54:13.036536,40887,40887,40887,False,20482.68299145121,-36801.74186015941,-2826.81046632114,2.67413819632366,1.509603596987511,-0.043907869995972,"[0.0018173456353, -0.005067813623299999, 0.02690922137, 6.6348884949e-06, -4.1970715395e-05, 0.00067599122962, 1.2432507775e-07, -4.8555574978e-07, -1.8877443865e-10, 1.755540272e-11, -5.2370122616e-07, 2.6539533472e-06, -1.161371854e-09, -5.0789730768e-11, 2.6446991602e-10, -3.1271605797e-08, 1.5919373404e-07, 3.0526867755e-08, -2.8975363792e-12, 1.5505024847e-11, 1.2445921461e-11]",0.171471741797067,1.716016434073404e-05,0.0361,EXO,REAL,2025-10-07T14:45:29.212Z,system.exo,OPS1,,,,0.0,,,,,,,,,,,,,,,,,,,,,,,,,,,,,,,,,6800.0,71.29793333
fcf1536e-de28-462a-b527-b9f49e77fb39,U//DS-USNO-SV,2025-10-07 13:45:32.375000,39476,39476,,False,11250.5511078,-40637.8746391,20.1799518,2.963121054945,0.820076090351,0.000207365722,,0.0001,0.0243,0.0382603,USNO,REAL,2025-10-09T13:11:22.211Z,system.usno-snrf,OPS1,TEME,TEME,"[5.4738e-10, -6.54304e-10, 1.05296e-09, 1.76403e-09, -2.79741e-09, 7.57528e-09, 4.9637e-11, -8.70858e-11, 2.40979e-10, 8.30851e-12, 2.41231e-07, -1.09961e-07, 4.06833e-07, 7.46215e-09, 0.000589992, 2.72019e-10, -3.33612e-10, 9.70438e-10, 2.98045e-11, 2.26179e-07, 1.94395e-10]",0.0,99999.0,"EGM-96  8Z, 8T",NONE,True,True,True,False,0.0,0.0,0.0,0.0,0.0,0.0,10.0,37.0,0.0908,-0.419,0.2219,0.3385,4.0,2049-12-31T23:59:59.999Z,ASW,FAST NUM,AUTO,False,AUTO,0.0,1e-14,"[0.0, 0.0, 0.0001]","[0.0, 0.0243, 0.0]",1.0,ARGOS,6090.0,53.75106667
ac3fb690-6d53-48e7-92fd-b8f344d230c5,U//PR-EXO-SV,2025-10-07 13:44:27.805995,56373,56373,56373,False,14537.54570560003,-38233.0788214262,-802.41682422524,2.917627275357466,1.108280988490492,-0.112077594974871,"[0.0006156911846100001, 0.00022058169004, 9.5270348403e-05, -1.2061944076e-05, -1.0447266619e-05, 0.00026985005506, -4.3881086896e-09, -2.4869293801e-10, 1.1989524918e-10, 2.0688288902e-13, 8.677707915100001e-09, 2.8551530958e-09, -3.1229732386e-10, -2.5545886237e-13, 5.7397259394e-13, 3.1566751433e-10, 7.049313074399999e-11, 3.7414027913e-10, -3.0902448625e-15, 1.6702924338e-14, 1.7009217639e-13]",0.03131791161736363,9.751654522951476e-07,0.0113,EXO,REAL,2025-10-07T14:48:26.847Z,system.exo,OPS1,,,,0.0,,,,,,,,,,,,,,,,,,,,,,,,,,,,,,,,,3230.0,49.81607763
7ba8844c-4c62-41ba-afa9-9778f442ca4a,U//PR-EXO-SV,2025-10-07 13:35:15.374149,41747,41747,41747,False,13308.64051728945,-40006.80862307105,-19.22816684886,2.917460397092146,0.970949805645905,-0.006816270703964,"[0.0015271823995, 0.00046465048702, 0.00047793399456, 1.5927835067e-05, -2.3288987185e-05, 0.0061964877478, -2.6268671884e-08, 1.2386394702e-08, -1.6207440863e-09, 1.9584233819e-12, 6.0462785296e-08, 2.7654393289e-08, -5.3526002019e-10, -1.1710861331e-12, 4.4242729275e-12, -1.4227259699e-10, 2.9210322289e-11, 2.6359328e-09, 2.3362687205e-14, -2.7813906849e-14, 2.349273615e-12]",0.09056270833991217,2.954990680932852e-06,0.0383,EXO,REAL,2025-10-07T14:09:27.154Z,system.exo,OPS1,,,,0.0,,,,,,,,,,,,,,,,,,,,,,,,,,,,,,,,,3253.0,38.74833333
d2a8f6e0-49b9-4ca4-8632-1b02494592c6,U//PR-EXO-SV,2025-10-07 09:30:54.861273,39168,39168,39168,False,-11768.50319595469,40492.68727894424,9.64022805809,-2.952222762640166,-0.858035469883211,0.007326982536603,"[0.0005951097519300001, 0.0010967866687, 0.0038103077263, 3.4463137604e-05, 0.0001424179423, 0.00024329741389, 1.4734446795e-08, 4.5420424221e-08, 1.3415486706e-09, 8.995388979000001e-13, 1.0285148961e-07, 3.6722364119e-07, 1.4018060295e-08, 4.066105140399999e-12, 3.579992997599999e-11, -1.4645090845e-09, -3.4548455008e-09, 2.7937216229e-09, -7.8864689496e-14, -2.9963569676e-13, 1.1474166794e-12]",0.06818148496564151,6.15198224585377e-06,0.0,EXO,REAL,2025-10-07T10:33:26.280Z,system.exo,OPS1,,,,0.0,,,,,,,,,,,,,,,,,,,,,,,,,,,,,,,,,5768.0,52.96233333
e523e8d5-2e17-405f-ac33-5ed525d448b9,U//PR-EXO-SV,2025-10-07 09:28:54.933056,14160,14160,14160,False,-21392.85328187323,36987.83542741583,1795.13459594293,-2.615651963638669,-1.489547383342732,-0.498071265130934,"[0.00059698450743, 0.00035385589569, 0.00022122732925, 6.354713334299999e-05, 1.9566363796e-05, 0.00043725381308, -8.2913260569e-10, -4.5738682223e-10, -1.4326249951e-10, 3.2036453292e-14, 2.850836381e-09, 2.9211591037e-09, 7.6714463099e-10, -5.0916881128e-14, 2.49496988e-13, 2.2574660867e-10, 2.8474983777e-10, -1.8502572475e-11, -9.3194221403e-15, 1.516609685e-14, 6.1478700817e-14]",0.03543255070919958,5.856723846221538e-07,0.006599999999999999,EXO,REAL,2025-10-07T09:57:26.232Z,system.exo,OPS1,,,,0.0,,,,,,,,,,,,,,,,,,,,,,,,,,,,,,,,,2101.09,23.8702275
da7ba147-633d-4006-81b5-921d28ade3fd,U//PR-EXO-SV,2025-10-07 09:27:52.379221,40874,40874,40874,False,-9070.46496838169,41177.91892870664,-0.07245383031,-3.002655155028874,-0.661227048265035,0.005925254935169,"[0.0006462512715100001, 0.0009907689645299999, 0.0066647106993, 2.9398849488e-05, 9.074950009e-05, 0.00020680326018, 1.8079823196e-08, 2.1190048169e-08, 1.5181201987e-09, 1.348616608e-12, 9.6639156076e-08, 6.916556525799999e-07, 8.826297775000001e-09, 1.5430967864e-12, 7.229837577e-11, -1.5227572839e-09, -1.4102045386e-08, 3.3119723368e-11, 4.3889683593e-16, -1.4829707504e-12, 8.073268371e-13]",0.08670504732130649,8.628691628230782e-06,0.0431,EXO,REAL,2025-10-07T10:39:27.218Z,system.exo,OPS1,,,,0.0,,,,,,,,,,,,,,,,,,,,,,,,,,,,,,,,,3300.0,38.74833333
e331066a-37a6-4285-a18a-dd478ed63834,U//PR-EXO-SV,2025-10-07 09:24:14.888548,25404,25404,25404,False,-13405.44382056351,39746.85004428094,6811.53948470297,-2.875200025442217,-1.017382235438501,0.267513334191106,"[0.0013242458665, 0.00046010263034, 0.00019084466969, -2.2335474642e-05, -0.00013172763246, 0.00072759674967, -3.6466086705e-11, 3.4276808318e-10, 8.3432756327e-11, 2.4175912284e-14, 2.1251415201e-09, 1.720321655e-09, -8.5105901419e-11, 8.5626793561e-15, 1.7893911399e-13, 2.880385282e-10, 1.2833094352e-10, 1.8478106776e-10, 5.2757536775e-15, 1.3108274135e-14, 5.8850092676e-14]",0.04735701939374986,5.118252816635771e-07,0.0286,EXO,REAL,2025-10-07T10:15:27.061Z,system.exo,OPS1,,,,0.0,,,,,,,,,,,,,,,,,,,,,,,,,,,,,,,,,1615.46,23.32926666
542f40bb-d559-49c2-82d4-702954c26adb,U//PR-EXO-SV,2025-10-07 09:24:10.469984,32258,32258,32258,False,-17473.95914183977,38376.58994572555,65.76835651942001,-2.797902076394668,-1.274213241372665,0.013305726393621,"[0.00056809753326, 0.00033517828733, 0.0013676263255, 1.3651009623e-08, 3.7770836832e-05, 0.00071378440445, -2.2315692446e-09, 4.2584809246e-09, -5.8147183066e-11, 2.3301586339e-13, 1.6353233508e-08, 1.175506793e-07, 3.6764824521e-09, 2.335296455e-13, 1.0801373177e-11, -8.390286782199999e-11, -1.7216688603e-09, -1.2018373147e-09, -1.5074956771e-14, -1.4670996931e-13, 9.2119048322e-13]",0.05147337431342539,3.457684127217234e-06,0.026,EXO,REAL,2025-10-07T10:36:27.121Z,system.exo,OPS1,,,,0.0,,,,,,,,,,,,,,,,,,,,,,,,,,,,,,,,,5768.0,57.05933333
22295760-f8e6-4f71-a374-b288895ab11c,U//PR-EXO-SV,2025-10-07 09:23:18.591127,39120,39120,39120,False,-12224.05716357743,40285.18868525201,2397.70606157877,-2.937152786062892,-0.899527546732244,0.127073342594417,"[0.00088333715669, 0.0003826997702, 0.00034261002555, -1.1570536374e-05, -8.3072291277e-06, 0.00028725486282, 2.5406742337e-09, 9.8852226558e-09, 9.3846319864e-10, 5.1979140779e-13, 1.7927985118e-08, 2.1961437074e-08, 5.4140912715e-10, 5.725949905999999e-13, 2.0218449165e-12, 4.7349302287e-10, -3.0180665707e-10, 4.0010843724e-09, 1.8410232303e-14, -1.209592243e-14, 7.490392253000001e-13]",0.03889989775127951,1.814021926435841e-06,0.0205,EXO,REAL,2025-10-07T10:09:28.631Z,system.exo,OPS1,,,,0.0,,,,,,,,,,,,,,,,,,,,,,,,,,,,,,,,,4500.0,33.21333333
4affbef2-9fa6-465c-9952-d74291f8e433,U//PR-EXO-SV,2025-10-07 09:23:12.778243,28911,28911,28911,False,-11739.99869722895,40754.11326049611,2261.83114037944,-2.927579902809313,-0.860672165207239,0.269496513559476,"[0.00094153379893, 0.00028765794151, 0.00010966893109, -4.8185800934e-05, -3.517099221400001e-05, 0.00038221008962, 6.651059931599999e-11, 1.0143777814e-09, 8.3261231029e-11, 6.0842170474e-14, 3.1740241923e-09, 2.6534625387e-09, -2.0449817629e-10, 4.2182271592e-14, 2.8060427004e-13, 8.406799695899999e-11, -6.5222126285e-11, 3.0683625855e-10, 6.522779939e-15, -1.575239383e-15, 1.2318754963e-13]",0.03786043871430968,6.816406605712426e-07,0.0163,EXO,REAL,2025-10-07T10:27:27.263Z,system.exo,OPS1,,,,0.0,,,,,,,,,,,,,,,,,,,,,,,,,,,,,,,,,3081.0,14.802
f741a789-1b0a-4de4-ba36-b3d4692995b2,U//PR-EXO-SV,2025-10-07 09:21:07.017187,37392,37392,37392,False,-23862.40301977093,34755.28294476512,568.6685630471701,-2.533254932840025,-1.741864056438384,0.054487157682154,"[0.0028383332702, -0.0027588373297, 0.007431084244700001, -0.00028345030998, 0.00052929470145, 0.0006186385816, 2.1895321613e-07, -3.8559139269e-07, -3.15518957e-08, 2.5696736251e-11, -3.2848283215e-07, 6.9853171941e-07, 5.3397948658e-08, -3.783778853999999e-11, 6.9594936184e-11, -8.7289689505e-09, 1.6556513595e-08, 1.1562908396e-08, -1.007097598e-12, 1.6376431719e-12, 1.2358727144e-12]",0.1043458484871344,9.824843263350311e-06,0.0403,EXO,REAL,2025-10-07T09:54:28.127Z,system.exo,OPS1,,,,0.0,,,,,,,,,,,,,,,,,,,,,,,,,,,,,,,,,3000.0,30.86533333
638dee39-3794-4ef0-b5e4-db9c05d00b39,U//PR-EXO-SV,2025-10-07 09:18:15.961989,28393,28393,28393,False,-14811.565221918,39680.52304412582,4983.00161327293,-2.836413157695959,-1.101227322749358,0.309650421635288,"[0.00081344966844, 0.00039829313283, 0.00031319030921, -2.6652286431e-05, -6.1620743159e-05, 0.00040338660271, 7.651593297400001e-10, 4.227957086099999e-09, 5.7284848151e-10, 1.9530245832e-13, 1.5277948798e-08, 1.8314957891e-08, -9.5544940918e-10, 2.5398347917e-13, 1.6741191113e-12, 1.3375611809e-09, 4.784843949799999e-10, 2.4896265885e-09, 3.3644075162e-14, 5.7428227555e-14, 3.2269091943e-13]",0.03911555419983207,1.480578430563542e-06,0.0268,EXO,REAL,2025-10-07T09:45:27.869Z,system.exo,OPS1,,,,0.0,,,,,,,,,,,,,,,,,,,,,,,,,,,,,,,,,4540.0,37.78546667
d6f1ad0f-fd5c-44a1-9ed7-3c065e29263b,U//PR-EXO-SV,2025-10-07 09:17:10.649127,34111,34111,34111,False,-19572.9029660578,37343.38478248498,27.4563577386,-2.723038133814888,-1.428171689601186,0.006843764003201,"[0.00051205927141, 0.00041737830505, 0.0017893728243, 5.3829929144e-07, 5.319811445e-05, 0.00029755014869, -3.7913773177e-09, -6.9468231758e-09, -3.8017916325e-10, 2.5012137102e-13, 2.4953684224e-08, 1.5784571449e-07, 5.154727136e-09, -7.6891015345e-13, 1.4605876635e-11, 1.1116105688e-10, -8.7666288584e-10, 1.9861389289e-09, -4.4380867618e-15, -7.7579960473e-14, 9.7328998912e-13]",0.0509802142443517,3.978603774584747e-06,0.0412,EXO,REAL,2025-10-07T10:09:28.627Z,system.exo,OPS1,,,,0.0,,,,,,,,,,,,,,,,,,,,,,,,,,,,,,,,,4010.0,40.76493333
95ca3676-a87a-4925-9b67-94ebb0f1efe1,U//PR-EXO-SV,2025-10-07 09:14:48.714994,43039,43039,43039,False,-26994.87140468302,32386.22652690925,48.56876857585,-2.36126283353743,-1.969560155589724,0.008087666141198,"[0.00033849791831, 0.00030997171503, 0.00035684068699, 4.0969850219e-08, 2.2254671666e-07, 0.00029736958068, -5.5243432349e-09, -4.659849072700001e-09, 1.5062546202e-11, 2.8544257242e-13, 8.8973651053e-09, 1.407342156e-08, 4.1123503007e-11, -3.3738910356e-13, 9.7643405244e-13, -5.9482855481e-11, -1.3814523192e-10, 8.987794972e-10, 1.8492383186e-15, -8.1322008459e-15, 4.1645926798e-13]",0.03150727195394739,1.295506037361463e-06,0.0265,EXO,REAL,2025-10-07T09:33:27.145Z,system.exo,OPS1,,,,0.0,,,,,,,,,,,,,,,,,,,,,,,,,,,,,,,,,5200.0,34.06333333
260eca33-aaa7-4d7a-91ed-1769d8d3a93c,U//PR-EXO-SV,2025-10-07 09:06:49.869875,14394,14394,14394,False,-14308.59437634317,39324.3630577448,1402.89107734103,-2.882657501704006,-1.03397297105042,-0.398328758759305,"[0.00048063813554, 0.00019392072999, 9.9071735195e-05, 3.3557062961e-05, 5.9405747552e-06, 0.00032389724549, -5.2579064807e-10, 5.1656637088e-10, 6.1075021446e-11, 5.2682123047e-14, 5.4939095297e-09, 4.3369509771e-09, 1.077002339e-09, 4.966937335100001e-15, 4.679089869300001e-13, 3.4041460255e-10, 3.7266192908e-10, -4.1242347099e-10, -1.2570998088e-14, 1.8615546961e-14, 1.6784874405e-13]",0.03006005848671955,8.297227573274099e-07,0.0088,EXO,REAL,2025-10-07T09:48:26.233Z,system.exo,OPS1,,,,0.0,,,,,,,,,,,,,,,,,,,,,,,,,,,,,,,,,2120.91,23.59650242
e95f47bf-c508-47c3-b0df-06f2b464e236,U//PR-EXO-SV,2025-10-07 09:06:05.458931,26639,26639,26639,False,-19434.55976273852,37701.15739331882,2744.03937803966,-2.706916180686293,-1.41267710350496,0.222967465402414,"[0.001574691312, 0.00084532883833, 0.00049244548856, -0.00010019976823, -7.4384512492e-05, 0.00030820652525, -1.5821803283e-09, -7.7970935091e-11, 1.835635532e-10, 8.541044989300001e-14, 6.7032029613e-09, 7.2735194206e-09, -3.7771940724e-10, -5.8035841805e-14, 6.3781866237e-13, 2.9002150387e-10, 1.6101183944e-10, 8.797975198e-11, 4.3087955618e-15, 1.6222451901e-14, 1.4008020557e-13]",0.048737494045242,9.291444009587529e-07,0.0255,EXO,REAL,2025-10-07T10:03:26.226Z,system.exo,OPS1,,,,0.0,,,,,,,,,,,,,,,,,,,,,,,,,,,,,,,,,2015.0,31.75953333
b50a4aec-4404-4ece-b488-0e78223e2ac3,U//PR-EXO-SV,2025-10-07 09:03:34.927782,28526,28526,28526,False,-17239.47225356563,38373.80254083066,2836.76220921649,-2.788894990863917,-1.271839482969661,0.241152566446908,"[0.00055091759665, 0.00028392610661, 0.00020974885151, -1.9484469665e-05, -2.8717308367e-05, 0.00026808570167, -1.9900027354e-09, 1.1878526569e-09, 3.4391223028e-10, 1.7567068061e-13, 9.7994583482e-09, 1.0195993018e-08, -6.0832736249e-10, -3.036147051e-14, 9.7310126815e-13, 4.451941046e-10, 6.2804831231e-12, 7.5954246245e-10, 1.2582059779e-14, 1.1993419707e-14, 3.364146759e-13]",0.03207416639337646,1.218682331315261e-06,0.063,EXO,REAL,2025-10-07T10:00:27.150Z,system.exo,OPS1,,,,0.0,,,,,,,,,,,,,,,,,,,,,,,,,,,,,,,,,4974.0,40.67333333
0b2c0731-4525-411c-87d5-128e06961797,U//PR-EXO-SV,2025-10-07 08:59:26.885032,16729,16729,16729,False,-23731.09560173309,36054.59154978232,3177.11585278733,-2.510653429956484,-1.601673832132187,-0.576857606307563,"[0.001248974502, 0.00082468349746, 0.00057276732302, 0.00023255846427, 0.00011585671242, 0.00053386460586, -3.8906012469e-09, -2.5676070573e-09, -8.2136418989e-10, 1.5036394589e-13, 8.2915200078e-09, 8.0552196036e-09, 2.5220004112e-09, -2.3004387764e-13, 6.5236297832e-13, 9.6749233292e-10, 1.1289772309e-09, -4.1599138587e-10, -3.7827692902e-14, 5.3451818396e-14, 1.559618954e-13]",0.04853459004545109,9.79126559546824e-07,0.018,EXO,REAL,2025-10-07T09:33:27.119Z,system.exo,OPS1,,,,0.0,,,,,,,,,,,,,,,,,,,,,,,,,,,,,,,,,1952.43,17.62192734
e181b425-2bae-480a-8447-2f95fd7e889e,U//PR-EXO-SV,2025-10-07 08:59:03.968882,32252,32252,32252,False,-14574.73443247804,39843.85090724105,462.26793020967,-2.876916979773734,-1.054389719015714,0.07552447932943901,"[0.00040150556708, 0.0001606915788, 9.544625353700001e-05, -2.9125383277e-06, -3.8576159463e-06, 0.00026553319063, -9.2549089453e-10, 1.0155691516e-09, 6.5825033867e-11, 9.8020912784e-14, 5.0567829149e-09, 4.3668930394e-09, -7.2882160722e-11, 4.9244086233e-15, 4.6829861785e-13, 3.7989885142e-12, -1.2588189129e-10, 6.3957784196e-10, 1.193048002e-15, -6.3217619606e-15, 2.8953995881e-13]",0.02761313113804735,9.251267423677687e-07,0.0296,EXO,REAL,2025-10-07T09:30:30.655Z,system.exo,OPS1,,,,0.0,,,,,,,,,,,,,,,,,,,,,,,,,,,,,,,,,2350.0,24.71226667
9006a853-4c61-4e1d-9160-11938dab612f,U//PR-EXO-SV,2025-10-07 08:57:22.981137,26900,26900,26900,False,-7333.472163297571,41488.28521349232,1738.50151907514,-3.013454325618483,-0.5454631832960369,0.271390256115721,"[0.0010420263113, 0.0013620529369, 0.0036036847398, 1.7039835588e-05, 0.0001042161449, 0.00033630732922, 3.5449480571e-08, 1.0292885515e-07, 3.4638513323e-09, 3.1079715774e-12, 1.284725948e-07, 3.303218334e-07, 9.9693292144e-09, 9.230078198e-12, 3.0821637418e-11, -2.2982904514e-09, -6.7585780303e-09, -1.0271309338e-09, -8.2564970753e-14, -6.344475242700001e-13, 1.2708692841e-12]",0.07058341434303103,5.932999096536253e-06,0.0444,EXO,REAL,2025-10-07T09:45:27.865Z,system.exo,OPS1,,,,0.0,,,,,,,,,,,,,,,,,,,,,,,,,,,,,,,,,4723.0,40.76493333
543a5725-886a-46f9-a035-edac81888a5a,U//PR-EXO-SV,2025-10-07 08:47:59.988898,17065,17065,17065,False,-17718.30495272882,38670.74326409293,4931.23607230164,-2.759705933499832,-1.201524265050389,-0.521868731286118,"[0.00082969590966, 0.0004144158173, 0.00023795279721, 0.00013594287063, 3.9272917209e-05, 0.0003045651285199999, -7.2391055979e-09, -2.9061129795e-09, -1.1743021708e-09, 2.0479846493e-13, 2.3528179219e-08, 1.4304559296e-08, 5.4847525593e-09, -3.9571204397e-13, 1.5174397186e-12, 3.4687200689e-09, 2.3959892126e-09, -4.719325911499999e-10, -7.0995667193e-14, 1.8440065159e-13, 2.3138130233e-13]",0.03704340474888884,1.397719387380743e-06,0.0103,EXO,REAL,2025-10-07T09:21:28.405Z,system.exo,OPS1,,,,0.0,,,,,,,,,,,,,,,,,,,,,,,,,,,,,,,,,2120.91,23.59650242
608162b5-7000-4eed-93ce-9e1b90dc633b,U//PR-EXO-SV,2025-10-07 08:43:27.127132,15630,15630,15630,False,-11757.10646352193,40134.47359020286,2584.89564732457,-2.938464364622458,-0.8389038178691299,-0.417060381984952,"[0.0007861177486699999, 0.00023894355705, 9.5113670345e-05, 6.3221677444e-05, -6.3210492885e-06, 0.00044503946494, -5.7913184672e-10, 8.920292439e-10, 1.0631759032e-10, 8.0132418513e-14, 5.0618054113e-09, 3.0654582581e-09, 9.5958803013e-10, 4.098846967e-15, 4.0083166157e-13, 4.9232130547e-10, 4.3125060623e-10, -6.914023159999999e-10, -1.373911122e-14, 1.8397734548e-14, 1.8604127753e-13]",0.03641800219609802,8.167039595918462e-07,0.0088,EXO,REAL,2025-10-07T09:09:29.111Z,system.exo,OPS1,,,,0.0,,,,,,,,,,,,,,,,,,,,,,,,,,,,,,,,,2120.91,23.59650242
b55c80b3-9cbc-4159-93eb-09e1ce6e42ff,U//PR-EXO-SV,2025-10-07 08:39:57.074760,43497,43497,43497,False,-17646.80180730489,38220.22306569212,1812.32966142092,-2.796824155176748,-1.272236803174114,0.192571371912889,"[0.0013002497162, 0.00062654513473, 0.00033209868006, -4.7546683642e-05, -4.9180885416e-05, 0.00055427607564, -1.8631664138e-09, -2.8419331346e-10, 1.6442530579e-10, 9.1101434141e-14, 7.8929636525e-09, 7.0730508543e-09, -4.6708654034e-10, -1.0433233378e-13, 7.7043666636e-13, 2.1505295001e-10, 4.2532904221e-11, 2.7097942818e-10, 1.3313093586e-15, 1.1392787727e-14, 1.4274997197e-13]",0.04676135660884957,1.002141742704594e-06,0.0096,EXO,REAL,2025-10-07T09:42:28.048Z,system.exo,OPS1,,,,0.0,,,,,,,,,,,,,,,,,,,,,,,,,,,,,,,,,50.0,1.570796327
5c0e734a-c4d5-4a98-839d-25d6f11d3420,U//PR-EXO-SV,2025-10-07 08:24:11.549734,43228,43228,43228,False,-15753.837909668,39111.18868136324,46.25307591738,-2.851665433459229,-1.149500842861242,0.007873525992578,"[0.00051752201349, 0.00021990434617, 0.0029885127746, 7.6529046872e-07, 6.873248051e-05, 0.00058216261808, 1.6583618463e-09, -6.0279414559e-09, -1.8189008887e-10, 3.5675611837e-13, 1.0251210495e-08, 2.9062884358e-07, 6.8239052315e-09, -8.5832424474e-13, 2.885034315e-11, -2.6190467349e-10, -1.1944845864e-09, 1.4937837069e-10, -7.7580466431e-15, -1.0714776321e-13, 8.6835438622e-13]",0.06393901317794949,5.48410919426209e-06,0.0527,EXO,REAL,2025-10-07T09:06:28.382Z,system.exo,OPS1,,,,0.0,,,,,,,,,,,,,,,,,,,,,,,,,,,,,,,,,6092.0,120.6438
62518c23-a561-4ed2-ae77-c2559c3a6437,U//PR-EXO-SV,2025-10-07 08:09:30.973219,41942,41942,41942,False,-8957.31121430399,41202.830112533,13.63398719565,-3.004315944106917,-0.653467013710827,0.007230270294903,"[0.0017527224571, -0.0013116774725, 0.01718241802, -9.212806142e-05, 0.0008944116886000001, 0.0023126139618, 8.3372827415e-08, -2.8618155855e-07, -1.5691825265e-08, 1.1451838847e-11, -1.6018216213e-07, 1.8591664553e-06, 9.733999153000001e-08, -3.0527354477e-11, 2.0286126895e-10, -6.7292317824e-09, 6.7635672566e-08, 4.6428671155e-08, -1.3091223955e-12, 7.2715290279e-12, 4.2776654119e-12]",0.1457660949566119,1.478481562985822e-05,0.0,EXO,REAL,2025-10-07T09:09:29.134Z,system.exo,OPS1,,,,0.0,,,,,,,,,,,,,,,,,,,,,,,,,,,,,,,,,3220.0,23.14933333
ed015318-21ca-4afa-9371-49e726c5473b,U//PR-EXO-SV,2025-10-07 06:53:44.701037,28945,28945,28945,False,576.37117780372,42174.21266685196,-30.01300755498,-3.07339233598583,0.040460781895838,0.005371817520553,"[0.0007139590085, 0.00053963183301, 0.0024071391843, 1.4588980239e-05, 7.104657992999999e-05, 0.00031336466955, 2.4087129149e-08, 6.664864128500001e-08, 1.8603404235e-09, 2.4460011142e-12, 6.067378513999999e-08, 2.4294381253e-07, 7.1697436522e-09, 6.4627898382e-12, 2.521411345e-11, -2.9938866136e-10, -9.1231884896e-11, -3.2827767817e-10, -2.1011929626e-14, 1.6717674003e-15, 8.4416861345e-13]",0.05860429047731915,5.338940267286196e-06,0.0601,EXO,REAL,2025-10-07T07:36:26.924Z,system.exo,OPS1,,,,0.0,,,,,,,,,,,,,,,,,,,,,,,,,,,,,,,,,3683.0,31.53973333
5475da2c-e295-4a91-8471-53330e6e4fdb,U//PR-EXO-SV,2025-10-07 06:50:54.495884,38867,38867,38867,False,17437.10906255941,38398.10268221877,-56.1734558743,-2.798902670892098,1.271232110153687,0.004724945621382,"[0.0020199755282, 0.0016798901497, 0.0026917468806, 0.00011873564872, 0.00016608242648, 0.00042992947512, 1.7020580969e-07, 2.146065665e-07, 1.3551421885e-08, 1.864372548e-11, 1.7606905886e-07, 2.2593418095e-07, 1.486138226e-08, 1.9259935353e-11, 2.100850571e-11, 3.6652106364e-10, 6.4582796658e-10, -1.2691935527e-09, 3.6535659531e-14, 9.7022153114e-14, 9.5254267971e-13]",0.0717053128012144,6.372187526251091e-06,0.0316,EXO,REAL,2025-10-07T07:33:27.542Z,system.exo,OPS1,,,,0.0,,,,,,,,,,,,,,,,,,,,,,,,,,,,,,,,,2700.0,27.70226667
cf5cb7e4-5aa5-4fd7-bad1-0394747d3f1c,U//PR-EXO-SV,2025-10-07 05:38:30.320051,40374,40374,40374,False,4140.31606456286,42101.81909565712,2005.00614369039,-3.043870411353536,0.278641818461171,0.16423496967057,"[0.0033137190525, 0.006788119648, 0.023110206705, -0.00022055419551, -0.00072876446704, 0.0012600625243, 2.2843642324e-07, 5.4630517084e-07, -1.6943899913e-08, 2.1106544006e-11, 7.8530618531e-07, 2.6590520792e-06, -7.902953266e-08, 6.2633928482e-11, 3.0893998442e-10, 1.3434097355e-08, 4.3256009156e-08, 5.7180353382e-08, 9.6474504256e-13, 5.0231848287e-12, 7.662385073399999e-12]",0.1663850602722492,1.837685809651367e-05,0.0364,EXO,REAL,2025-10-07T06:08:30.425Z,system.exo,OPS1,,,,0.0,,,,,,,,,,,,,,,,,,,,,,,,,,,,,,,,,6800.0,71.29793333
27246214-49d9-43c7-8b62-7d797e6e2fc7,U//PR-EXO-SV,2025-10-07 05:38:01.825013,33055,33055,33055,False,5517.2627573246,41817.49753973715,81.88369440071,-3.042376342818093,0.400010605021093,0.174600841943591,"[0.00061396713795, 0.00012042990633, 0.00012525133386, -3.8285191331e-05, -1.9665113232e-05, 0.00023089370234, 1.8093348557e-08, 1.1490027294e-08, -2.0801553091e-09, 1.1610856704e-12, 2.6818788007e-08, 8.9145626155e-09, -2.4890646093e-09, 1.1259234178e-12, 1.7472962452e-12, -4.9119730228e-10, -5.6392899079e-10, 2.769743216e-10, -2.3632737864e-14, -4.3329255486e-14, 4.8801735225e-13]",0.03114662380018098,1.842932247221801e-06,0.045,EXO,REAL,2025-10-07T06:08:30.420Z,system.exo,OPS1,,,,0.0,,,,,,,,,,,,,,,,,,,,,,,,,,,,,,,,,4635.0,41.4248
a51c8e0e-d8ee-49e3-8de3-cf8eca090cc4,U//PR-EXO-SV,2025-10-07 05:28:55.275091,37804,37804,37804,False,1047.99828100519,42218.42810826491,267.25060490252,-3.066374800698428,0.07484445661485399,0.169598162093604,"[0.0005664138550100001, 5.2333206339e-05, 5.3416015131e-05, -1.5731795802e-05, -7.1169969279e-06, 0.00033349599135, 5.0465905389e-09, 4.0927544457e-09, -3.7720841867e-10, 3.1673654395e-13, 1.2221378215e-08, 4.1962545848e-09, -8.4481915857e-10, 3.4108582565e-13, 8.3318673332e-13, 7.1155928354e-11, -4.1979685895e-11, 5.7908776209e-10, 1.3113557377e-14, -1.0716018597e-15, 2.8661276944e-13]",0.03087597547432308,1.198555817102399e-06,0.0228,EXO,REAL,2025-10-07T06:15:29.791Z,system.exo,OPS1,,,,0.0,,,,,,,,,,,,,,,,,,,,,,,,,,,,,,,,,5320.0,19.96046667
dc6fb50a-bacb-4221-9b43-48ccedfe455b,U//PR-EXO-SV,2025-10-07 05:14:35.921072,51280,51280,51280,False,10626.88788244235,40722.92889202482,-51.73490377557,-2.977496289272573,0.777201533653989,0.015193561007316,"[0.00058655553296, 3.8721258959e-06, 8.4983065878e-05, -1.2253969473e-05, -5.3030865308e-06, 0.0002675692653, 1.5851526393e-08, 7.4554362202e-09, -8.1069400582e-10, 1.0849849514e-12, 1.7051673613e-08, 4.3599473834e-09, -6.535709574e-10, 9.1230030032e-13, 1.0518826718e-12, 4.3578582025e-11, -4.0994328029e-11, 1.3519461223e-09, -1.0943251998e-15, -1.3338910175e-15, 2.9941388599e-13]",0.03064486684810362,1.560859221451442e-06,0.0156,EXO,REAL,2025-10-07T05:33:27.632Z,system.exo,OPS1,,,,0.0,,,,,,,,,,,,,,,,,,,,,,,,,,,,,,,,,500.0,7.620666667
aa1dbd3a-2fd5-491b-9a76-db4b2ba7f239,U//PR-EXO-SV,2025-10-07 05:12:58.853966,38087,38087,38087,False,13034.54726665122,40107.09434420794,-39.37124525895,-2.923739032747868,0.949694016851715,0.007186141037366,"[0.0026990723883, 0.002569156816, 0.0033519437663, -0.00016334991586, -0.00019153166932, 0.00030819608018, 2.1501142525e-07, 2.4644075479e-07, -1.4770787598e-08, 1.93348213e-11, 2.8752890454e-07, 3.451544139e-07, -2.0187872699e-08, 2.5879522712e-11, 3.725296337e-11, 4.3518493422e-09, 5.0735541324e-09, -2.5103876162e-10, 3.8512328778e-13, 5.5015017197e-13, 1.0869563366e-12]",0.07974466900539495,7.594388784266974e-06,0.0403,EXO,REAL,2025-10-07T06:21:28.202Z,system.exo,OPS1,,,,0.0,,,,,,,,,,,,,,,,,,,,,,,,,,,,,,,,,6180.0,52.734
aad684d6-947f-4b4f-b623-0451c41ae802,U//PR-EXO-SV,2025-10-07 05:11:45.666997,27380,27380,27380,False,17553.34366647231,38379.60440197631,-575.80050548518,-2.775584028215526,1.273959652649161,0.33983092975827,"[0.0041247941661, 0.0030864546322, 0.0035988549136, -0.00023462978183, -0.00022696030127, 0.00083866365821, 3.8529169141e-07, 3.6994048577e-07, -2.5695950779e-08, 4.1529621608e-11, 2.781651633e-07, 2.5218109206e-07, -2.0897240828e-08, 2.8936423817e-11, 2.2119498737e-11, -3.7411024088e-08, -4.1050769144e-08, 2.1570640664e-08, -3.8327672714e-12, -3.1521051521e-12, 6.2434730198e-12]",0.09253276575305637,8.360179027078308e-06,0.048,EXO,REAL,2025-10-07T06:24:26.263Z,system.exo,OPS1,,,,0.0,,,,,,,,,,,,,,,,,,,,,,,,,,,,,,,,,4680.0,40.76493333
d368457e-5c1a-4041-9a3e-bfe2d323c10e,U//PR-EXO-SV,2025-10-07 05:05:26.956035,27811,27811,27811,False,5855.01272227167,41775.76757062952,959.42582894045,-3.023251749356207,0.413557231643288,0.358784577153839,"[0.0048991466447, 0.0079113520876, 0.024537987979, -5.0521977189e-05, -0.0021674924313, 0.0077487277842, 3.6750063296e-07, 7.763291798800001e-07, -6.314723599900001e-08, 3.9932042999e-11, 9.226242170899999e-07, 2.806517272e-06, -2.1822628385e-07, 8.7165691444e-11, 3.283273408e-10, -2.0926592948e-08, -6.3482158073e-08, 1.0713062223e-07, -1.7850832292e-12, -7.0760383943e-12, 1.7434301913e-11]",0.1928363617368364,1.963908566384902e-05,0.0637,EXO,REAL,2025-10-07T05:27:28.341Z,system.exo,OPS1,,,,0.0,,,,,,,,,,,,,,,,,,,,,,,,,,,,,,,,,3250.0,23.45106667
6dfd1c80-3d80-414e-a869-52377aafdb64,U//DS-USNO-SV,2025-10-07 05:02:29.478000,37258,37258,,False,-7835.3986989,41428.03438025,5.06170873,-3.021084188804,-0.572203428389,-0.002566432197,,0.0001,0.0739,0.00723206,USNO,REAL,2025-10-09T13:11:23.670Z,system.usno-snrf,OPS1,TEME,TEME,"[1.37718e-10, 9.88823e-11, 2.6361e-10, 5.11105e-10, 1.52014e-09, 9.97208e-09, -2.16312e-12, 4.36975e-12, 2.37372e-11, 6.04925e-13, -5.04516e-07, 9.38981e-08, 2.27843e-06, 2.23433e-08, 0.00545864, -1.05896e-10, 2.21391e-10, 1.79496e-09, 1.00648e-11, 1.62534e-06, 6.88576e-10]",0.0,99999.0,"EGM-96  8Z, 8T",NONE,True,True,True,False,0.0,0.0,0.0,0.0,0.0,0.0,10.0,37.0,0.09095,-0.419,0.2222,0.3389,4.0,2049-12-31T23:59:59.999Z,ASW,FAST NUM,AUTO,False,AUTO,0.0,1e-14,"[0.0, 0.0, 0.0001]","[0.0, 0.0739, 0.0]",1.0,ARGOS,5800.0,37.49613333
36bdd3d0-e451-41cb-9bc7-1585ca18a8b3,U//PR-EXO-SV,2025-10-07 05:01:38.700906,43174,43174,43174,False,13689.39908762817,39889.79635500793,-218.80417433032,-2.907206806049798,0.997371391542482,0.052491131362486,"[0.00074132386006, 7.7927363962e-05, 0.00020050572141, -1.992343843e-05, -9.0132299312e-06, 0.00054109888634, 3.3435220933e-08, 1.8249224474e-08, -1.8278013813e-09, 2.6731753691e-12, 2.776639043e-08, 4.393182623e-09, -1.1904262005e-09, 1.4771673166e-12, 1.4187406297e-12, 3.4085056314e-10, 5.141934080900001e-11, -3.0714635698e-09, 3.600600719e-14, 1.3880130548e-14, 9.8153583968e-13]",0.03850881026219845,2.252432427061909e-06,0.0389,EXO,REAL,2025-10-07T06:39:27.543Z,system.exo,OPS1,,,,0.0,,,,,,,,,,,,,,,,,,,,,,,,,,,,,,,,,3795.0,20.59733333
d9394ad2-2929-48aa-88e2-138602a2809a,U//PR-EXO-SV,2025-10-07 04:54:11.496090,42075,42075,42075,False,9295.1475079502,41129.73537414907,-39.86912003315999,-2.998815648870454,0.677761582996641,0.006611119107284,"[0.0032021339014, 0.004013057344, 0.0069465542097, -0.00026643005728, -0.00044229476978, 0.00051105730211, 2.4657961384e-07, 3.6528306642e-07, -2.3376497497e-08, 2.1724356805e-11, 4.4136285412e-07, 7.3999838821e-07, -4.7795294213e-08, 3.8172137518e-11, 8.1322914645e-11, 1.3183462339e-09, -2.7634547727e-11, 2.0409862432e-09, 1.2504535827e-13, -7.4048506356e-14, 1.908476835e-12]",0.103246043087423,1.024479127581426e-05,0.0,EXO,REAL,2025-10-07T05:39:26.679Z,system.exo,OPS1,,,,0.0,,,,,,,,,,,,,,,,,,,,,,,,,,,,,,,,,6000.0,52.96233333
450936a5-fd52-4a64-a6f8-594c92e62fc3,U//PR-EXO-SV,2025-10-07 04:44:59.091925,52817,52817,52817,False,7315.5897223127,41531.90872811666,-5.077711702949999,-3.027592515243808,0.532957691465076,0.007584965986853999,"[0.0034252652862, 0.0045497628399, 0.0077226891181, -0.00020649042269, -0.00035086156415, 0.00034476760554, 2.736688891e-07, 4.1529389129e-07, -1.8285203382e-08, 2.4557001772e-11, 4.6854834791e-07, 7.7713878151e-07, -3.6187924055e-08, 4.0689778578e-11, 8.0959802211e-11, 2.4435867243e-09, 1.4652574694e-09, -3.9442243125e-09, 2.5363988263e-13, 1.0662098612e-14, 1.7679846423e-12]",0.1072041137729332,1.035783706307934e-05,0.0335,EXO,REAL,2025-10-07T05:12:27.597Z,system.exo,OPS1,,,,0.0,,,,,,,,,,,,,,,,,,,,,,,,,,,,,,,,,3938.0,20.28626667
5504d0fa-f3f7-431c-aef4-ad5c97eab924,U//PR-EXO-SV,2025-10-07 04:44:54.119109,36830,36830,36830,False,7374.10711881441,41525.14042940185,-48.00357768501,-3.026794539107832,0.535989617534459,0.006493373136149999,"[0.0035998881795, 0.0043652799704, 0.0070754562901, -0.00011717245308, -0.00020266961776, 0.00043533772653, 2.6032108115e-07, 3.731527106e-07, -9.6662422567e-09, 2.1774201011e-11, 4.6931455384e-07, 7.4238008468e-07, -2.2171638079e-08, 3.8327637263e-11, 7.9956266175e-11, -4.1512067938e-09, -8.6960709995e-09, -1.1598593389e-09, -3.1755886154e-13, -1.0157588645e-12, 1.3350700789e-12]",0.1054072207969169,1.015211984094455e-05,0.048,EXO,REAL,2025-10-07T05:15:27.828Z,system.exo,OPS1,,,,0.0,,,,,,,,,,,,,,,,,,,,,,,,,,,,,,,,,3200.0,20.28626667
a3edc3db-82ad-4adb-a549-c44c7284819a,U//DS-USNO-SV,2025-10-07 04:37:51.788000,36411,36411,,False,-35296.37632846,23055.93895308,393.54503801,-1.679818679048,-2.575467540913,0.017194055465,,0.0,0.0204,0.0233417,USNO,REAL,2025-10-08T13:11:22.564Z,system.usno-snrf,OPS1,TEME,TEME,"[8.00852e-12, -3.11469e-11, 1.69667e-10, 9.97933e-12, -1.77633e-11, 2.26524e-11, -1.34849e-11, 2.34584e-11, -3.05278e-11, 4.16336e-11, -4.09948e-08, 6.95652e-08, -9.47799e-08, 1.25774e-07, 0.00041535, -1.2251e-11, 1.98433e-11, -2.82668e-11, 3.84164e-11, 1.17653e-07, 3.56239e-11]",0.0,99999.0,"EGM-96  8Z, 8T",NONE,True,True,True,False,0.0,0.0,0.0,0.0,0.0,0.0,10.0,37.0,0.09096,-0.419,0.2222,0.3389,4.0,2049-12-31T23:59:59.999Z,ASW,FAST NUM,AUTO,False,AUTO,0.0,1e-14,"[0.0, 0.0, 0.0]","[0.0, 0.0204, 0.0]",1.0,ARGOS,3215.0,59.64
ca476a2c-19f9-4b4b-9650-f7420c3f97ea,U//PR-EXO-SV,2025-10-07 04:37:42.051930,37393,37393,37393,False,-31151.62163447347,28410.98638133061,56.04696874877,-2.071268575499252,-2.272588919168384,0.005981432990647,"[0.0006343826768, 0.00025942872688, 0.0049832669895, -1.6958957977e-05, 0.00017957582251, 0.0025155115891, -6.8865969512e-09, -9.4986871897e-08, -3.2637121925e-09, 2.3478089034e-12, -2.3403823869e-08, 4.0011760217e-07, 1.6601956499e-08, -7.9525553531e-12, 3.568815271899999e-11, -2.4815287746e-09, 6.6825920248e-09, 1.5701198143e-08, -1.2216815375e-13, 7.495250288699999e-13, 2.0259426955e-12]",0.09018404102389735,6.329447394354424e-06,0.03,EXO,REAL,2025-10-07T05:18:26.590Z,system.exo,OPS1,,,,0.0,,,,,,,,,,,,,,,,,,,,,,,,,,,,,,,,,5935.0,29.70853333
90cc0b79-d578-4a79-a201-a38551265180,U//PR-EXO-SV,2025-10-07 04:32:44.700736,37836,37836,37836,False,-7232.63444165535,41544.95486890672,38.40925684575,-3.028385940026343,-0.528936065795931,0.005816257249220001,"[0.001215025216, 0.0018223999346, 0.014873354817, 1.4004815255e-05, -0.00010077534952, 0.0005767090022899999, 4.015038605799999e-08, 2.1183167081e-08, 1.9522985422e-09, 3.4893013938e-12, 1.7953785889e-07, 1.6031597741e-06, -1.1851884554e-08, 5.0999928914e-13, 1.7421053305e-10, -1.7862366186e-09, -2.7250674835e-08, 1.2846803593e-08, 9.406412259e-14, -2.9991380183e-12, 2.7123088794e-12]",0.1290933345889322,1.343175875763111e-05,0.0587,EXO,REAL,2025-10-07T05:42:26.552Z,system.exo,OPS1,,,,0.0,,,,,,,,,,,,,,,,,,,,,,,,,,,,,,,,,5400.0,30.784
76d328b3-3129-41d4-99e5-7861507a033c,U//PR-EXO-SV,2025-10-07 04:25:16.929759,44034,44034,44034,False,-21696.48612930981,36137.57538503006,28.37572142221,-2.636082664849792,-1.584540226748536,0.010066515138503,"[0.0005133207521199999, -0.00016337261105, 0.0053602531053, 5.8439346488e-06, 4.5431776657e-05, 0.00032332693475, 1.3164307021e-08, -1.1261089321e-07, -3.2814864808e-10, 2.9273619066e-12, -3.8532528331e-08, 5.1785058998e-07, 4.1191552782e-09, -1.1417765869e-11, 5.1259827975e-11, 5.8173774256e-10, -7.8705307684e-09, 5.8587235641e-09, 1.873071378e-13, -7.7317901716e-13, 8.388133554e-13]",0.07872039629073269,7.417951417810716e-06,0.0537,EXO,REAL,2025-10-07T05:06:28.655Z,system.exo,OPS1,,,,0.0,,,,,,,,,,,,,,,,,,,,,,,,,,,,,,,,,6495.0,73.22293333
fbce3033-68c8-4d63-85da-23d0eeff804a,U//PR-EXO-SV,2025-10-07 04:14:57.654261,36831,36831,36831,False,5623.58856184678,41801.95308646102,-38.22007638731,-3.046343417348046,0.408367700802287,0.008483877137182001,"[0.00056660496103, 7.6563628304e-05, 0.00012881533453, -5.2514414621e-06, -3.6035136559e-06, 0.00029014023969, 1.3700139401e-08, 1.1270649621e-08, -3.8018958963e-10, 1.0857993659e-12, 1.9954708303e-08, 8.0430438543e-09, -3.5514521693e-10, 9.5475560969e-13, 1.3457452427e-12, 9.441848501999999e-11, 1.123912899e-10, 4.5685579311e-10, 1.0956214216e-14, 6.8614260179e-15, 3.2315282917e-13]",0.03139363845192207,1.659728121642216e-06,0.05589999999999999,EXO,REAL,2025-10-07T04:36:28.193Z,system.exo,OPS1,,,,0.0,,,,,,,,,,,,,,,,,,,,,,,,,,,,,,,,,3050.0,22.7896
db53d948-0e50-4b08-b25a-9581d2746235,U//PR-EXO-SV,2025-10-07 03:58:28.226837,44334,44334,44334,False,5647.425872648259,41788.38476679791,-79.63895964794001,-3.04678887367129,0.410838634975233,0.006337382215635,"[0.0009299379436299999, 0.00033006569762, 0.00030165879182, 5.524913316599999e-07, 2.3006331292e-06, 0.00085229817884, 3.926175524e-08, 2.9031755194e-08, 5.9058164813e-11, 2.8992944185e-12, 4.3794061039e-08, 2.5857803095e-08, -5.027587624099999e-12, 2.7192234169e-12, 2.9864058389e-12, 5.2288809871e-10, 4.7791217487e-10, 4.9810230756e-10, 4.7066278937e-14, 3.8918361899e-14, 5.6711204057e-13]",0.04564969785540755,2.540238630123162e-06,0.0,EXO,REAL,2025-10-07T04:54:25.974Z,system.exo,OPS1,,,,0.0,,,,,,,,,,,,,,,,,,,,,,,,,,,,,,,,,3400.0,107.1983333
ec05c5cf-3b2c-4770-9bc9-6cfa822b2109,U//PR-EXO-SV,2025-10-07 03:43:08.398232,54743,54743,54743,False,13682.90624772013,39883.09417819091,292.69802408133,-2.908184506283274,0.997110825076281,0.033140453288517,"[0.0006735792520899999, -5.7142543218e-05, 0.00015332736218, -7.349731323900001e-06, -4.1126784173e-06, 0.00033271495444, 1.8306351486e-08, 1.0942504754e-08, -3.8464826505e-10, 1.6032371946e-12, 1.6670701523e-08, 3.2333469055e-09, -3.1175988318e-10, 1.0094778406e-12, 1.0650562702e-12, 1.0219307168e-10, -2.5872483946e-11, 2.4268070693e-09, 7.381621185e-15, 5.2754766562e-16, 4.648849520299999e-13]",0.03405321671604608,1.770078647074757e-06,0.0108,EXO,REAL,2025-10-07T04:06:28.979Z,system.exo,OPS1,,,,0.0,,,,,,,,,,,,,,,,,,,,,,,,,,,,,,,,,3760.0,19.3656
04c1d8a7-de0d-4125-b6ce-fb996aabb749,U//PR-EXO-SV,2025-10-07 03:38:56.569704,54033,54033,54033,False,-2543.8654034158,42098.00942846668,-17.75141274214,-3.068260087062964,-0.185317322615585,0.007206185058924001,"[0.00097818962527, 0.0017603163691, 0.010513217986, -7.4996585171e-06, -0.00020642749221, 0.00038552328311, 4.9055701564e-08, 1.2715750784e-07, 1.1794855398e-09, 5.478645522299999e-12, 1.787693149e-07, 1.1283070761e-06, -2.4629176751e-08, 1.0950478985e-11, 1.2359902082e-10, -5.480329486800001e-09, -5.0179237616e-08, 6.4849138334e-09, -1.4738721594e-13, -5.684665892000001e-12, 3.1518858958e-12]",0.108981332779426,1.149911093250691e-05,0.0403,EXO,REAL,2025-10-07T04:42:26.379Z,system.exo,OPS1,,,,0.0,,,,,,,,,,,,,,,,,,,,,,,,,,,,,,,,,2150.0,16.98733333
7c6fb1e2-07e4-4b32-a9a2-1e73d5d0d389,U//PR-EXO-SV,2025-10-07 03:24:05.949711,44457,44457,44457,False,8235.5637859249,41355.75434526743,-44.27047894999,-3.015109728901235,0.60052363905468,0.007375648515439,"[0.0022506141675, 0.0041026032628, 0.010903151675, 0.00010088869539, 0.00020017505745, 0.00055019282532, 1.8248952677e-07, 3.7977814482e-07, 1.1405258888e-08, 1.9764917893e-11, 4.3251855574e-07, 1.1433553272e-06, 1.804758345e-08, 3.5869610118e-11, 1.2442995372e-10, -1.6463010925e-08, -5.2286210085e-08, -1.649437729e-10, -9.5439883177e-13, -6.123634415899999e-12, 2.2232941144e-12]",0.1170639084766095,1.210033742204737e-05,0.0378,EXO,REAL,2025-10-07T04:18:29.647Z,system.exo,OPS1,,,,0.0,,,,,,,,,,,,,,,,,,,,,,,,,,,,,,,,,3162.0,24.42290762
811c5669-cdb9-460c-96ed-dbfa2157cd79,U//PR-EXO-SV,2025-10-07 03:21:48.566751,56757,56757,56757,False,-1596.66185336465,42137.63857158205,33.37196802244,-3.072190056764691,-0.115877421961812,0.008798119490342,"[0.0016919989458, 0.0033020758214, 0.011584697008, 0.0001266034363, 0.00035565238468, 0.00047281928979, 1.1078892509e-07, 3.216995363e-07, 1.2605849778e-08, 1.1098645114e-11, 3.3423634426e-07, 1.1403064305e-06, 3.3262342887e-08, 3.0256535329e-11, 1.1429271673e-10, -1.0203907101e-08, -4.1019040997e-08, -4.9509410552e-09, -8.690167093199999e-13, -4.2249083735e-12, 2.8089199932e-12]",0.1172583269690899,1.132255632961038e-05,0.036,EXO,REAL,2025-10-07T04:51:26.705Z,system.exo,OPS1,,,,0.0,,,,,,,,,,,,,,,,,,,,,,,,,,,,,,,,,4500.0,55.23933333
3dc7da1a-cbec-455d-a5ab-9eee0f38a4e7,U//PR-EXO-SV,2025-10-07 03:20:34.347238,54225,54225,54225,False,8175.92782508687,41367.19317412277,-52.03815933884999,-3.016189437296966,0.595609164916737,0.00418702790973,"[0.001986354345, 0.0026189337641, 0.0059087676685, 6.556665273699999e-05, 0.00012282954917, 0.00056500150634, 1.5238283911e-07, 2.8775288057e-07, 6.9295910962e-09, 1.5954714329e-11, 2.7214965233e-07, 5.7279945187e-07, 1.1268154831e-08, 2.7078051296e-11, 5.823237756399999e-11, -5.2248345012e-09, -1.2509213352e-08, -4.0557550402e-09, -4.9779440218e-13, -1.3301930632e-12, 1.7604141792e-12]",0.09197892976024453,8.714786633773658e-06,0.0155,EXO,REAL,2025-10-07T03:54:27.198Z,system.exo,OPS1,,,,0.0,,,,,,,,,,,,,,,,,,,,,,,,,,,,,,,,,4476.0,55.23933333
5b407433-6251-42c0-8d14-bb8079d454c8,U//PR-EXO-SV,2025-10-07 03:14:57.201933,36582,36582,36582,False,9061.63085931377,41190.42330999039,-49.05955164354,-3.002147704279814,0.65997036981473,0.010051710924702,"[0.0010421839866, 0.00012381602581, 0.00033103030907, 2.2043920941e-06, 5.6993545872e-06, 0.00040944521699, 3.3147550155e-08, 3.0012060295e-08, 4.7294149679e-10, 3.2313215619e-12, 3.4749440734e-08, 1.7153675872e-08, 2.381866796e-10, 2.3180369864e-12, 2.4006676224e-12, 6.452750195299999e-10, 1.1152318392e-09, 7.5629242874e-10, 1.0780029111e-13, 6.0232282253e-14, 7.868958326100001e-13]",0.0422215527030923,2.533551857947652e-06,0.034,EXO,REAL,2025-10-07T03:33:27.702Z,system.exo,OPS1,,,,0.0,,,,,,,,,,,,,,,,,,,,,,,,,,,,,,,,,2440.0,14.11293333
c81241d1-d257-46bf-a463-e9ebbf2e24e6,U//PR-EXO-SV,2025-10-07 03:14:11.408257,45027,45027,45027,False,13439.64428211371,39971.71125547976,-68.64741786438,-2.913948956068809,0.979545710707498,0.009357097398566,"[0.0029491281015, 0.0030205863394, 0.0056889490671, 0.0001263156071, 0.00019032027036, 0.00092966133264, 2.2795948632e-07, 3.4269034358e-07, 1.347001713e-08, 2.4145215675e-11, 3.2665335488e-07, 5.4337293929e-07, 1.757909708e-08, 3.2465797122e-11, 5.5259806041e-11, -7.281726692599999e-09, -1.4237036524e-08, 1.3645217335e-09, -5.7151523432e-13, -1.6153854032e-12, 1.5653302747e-12]",0.09781481739102722,8.998352737623703e-06,0.4144,EXO,REAL,2025-10-07T03:36:28.172Z,system.exo,OPS1,,,,0.0,,,,,,,,,,,,,,,,,,,,,,,,,,,,,,,,,3619.0,34.0633
f4e54698-bfb7-40e6-9b7e-b1c4e5b9f467,U//PR-EXO-SV,2025-10-07 03:07:36.583442,36101,36101,36101,False,-16486.77479874993,38807.79462363834,56.67665477358,-2.829045054740072,-1.204005117374023,0.007162132770431999,"[0.0009331813749499999, 0.0007703157138100001, 0.001050790203, 2.3184909536e-05, 4.4192709356e-05, 0.00087870967174, 3.1352703047e-09, 1.609747641e-08, 9.7867554364e-10, 6.0074987051e-13, 5.626604521600001e-08, 8.608465733900001e-08, 3.8222769669e-09, 1.1440527445e-12, 7.9300006707e-12, -9.1533204318e-11, 2.6459303326e-10, 1.0652478724e-09, 9.6705451877e-15, 3.2858643653e-14, 6.8459429368e-13]",0.05350403021913396,3.035678644865099e-06,0.0594,EXO,REAL,2025-10-07T03:30:28.546Z,system.exo,OPS1,,,,0.0,,,,,,,,,,,,,,,,,,,,,,,,,,,,,,,,,5627.0,44.7692
4a945d1e-92a8-491f-99ea-e25a746a871b,U//PR-EXO-SV,2025-10-07 03:01:05.104736,40332,40332,40332,False,-18488.55700431392,37874.0687132297,44.44404552898,-2.764133626501323,-1.349535434101559,0.010139544328307,"[0.00053108070059, 0.0003197556862199999, 0.00044621175545, 2.7469111258e-06, 1.9216602209e-05, 0.0003103141691, -2.3882289492e-09, 6.075330168499999e-09, 5.4081637431e-10, 3.4905751547e-13, 1.3711478177e-08, 3.0821482744e-08, 1.6216372616e-09, 3.7901112078e-13, 2.8095506084e-12, -1.2975517087e-10, 1.9439825764e-10, 7.8224179242e-11, 9.1675850952e-15, 2.4023553138e-14, 6.1429900452e-13]",0.03588323599036185,1.942397263278035e-06,0.032,EXO,REAL,2025-10-07T04:21:31.988Z,system.exo,OPS1,,,,0.0,,,,,,,,,,,,,,,,,,,,,,,,,,,,,,,,,3180.0,12.9804
7a707790-8b60-4d67-b785-0a42b111746a,U//PR-EXO-SV,2025-10-07 02:40:31.761517,49818,49818,49818,False,-15433.45079940382,39089.08000579476,1148.67982400128,-2.858640793558815,-1.133547693336297,0.151080778324024,"[0.001447737191, 0.0012485943878, 0.0016905411711, 1.7056250897e-05, 1.3649302627e-05, 0.00082776643721, 9.6116535086e-09, 3.1496889443e-08, 1.6832474332e-09, 1.1347176805e-12, 1.0050721924e-07, 1.4232166641e-07, 1.9684645896e-09, 2.3207579655e-12, 1.3115019099e-11, 2.2997480066e-11, -6.335043797e-10, 2.7432163108e-09, 1.5948171323e-14, -2.2513477181e-14, 9.3683160316e-13]",0.06297654165885896,3.896994788636495e-06,0.0161,EXO,REAL,2025-10-07T03:42:27.710Z,system.exo,OPS1,,,,0.0,,,,,,,,,,,,,,,,,,,,,,,,,,,,,,,,,500.0,3.053558553
5919f1f0-5c64-4f94-8a5e-1d23a297fb7c,U//PR-EXO-SV,2025-10-07 02:24:09.330153,21789,21789,21789,False,31755.81620211774,26477.27700801467,8292.91873157979,-2.010921351381859,2.295017370213126,0.375941334053535,"[0.00041187868479, -0.00030406452978, 0.00037265608665, -6.8464647199e-05, -2.5585498515e-05, 0.00037761475423, 1.5713326156e-08, -3.4017878708e-09, 1.5284001395e-10, 1.4252053366e-12, 3.1678792796e-09, -2.8033322408e-09, -6.908381964799999e-10, 2.7582646544e-13, 1.9136334794e-13, 1.7118330571e-09, -1.1599337415e-09, 1.0609385367e-09, 1.4697137902e-13, 2.1703416663e-14, 1.9684940202e-13]",0.03409031425009162,1.346632127405254e-06,0.0161,EXO,REAL,2025-10-07T04:33:27.278Z,system.exo,OPS1,,,,0.0,,,,,,,,,,,,,,,,,,,,,,,,,,,,,,,,,1982.16,27.8527053
8598b9b0-737d-46a0-9e3e-4a948670204f,U//PR-EXO-SV,2025-10-07 02:20:32.120146,41191,41191,41191,False,2304.65923336547,42109.68822842744,-24.55189972497,-3.069447807803469,0.167375839774906,0.007804127747789,"[0.00034543927319, 5.951149541600001e-05, 0.00010343160299, 4.8351409043e-06, 7.2504371238e-06, 0.00019430855057, 6.2840969867e-09, 8.1949062835e-09, 5.7102246731e-10, 6.5768383929e-13, 1.1593200427e-08, 6.8186011281e-09, 4.7078575799e-10, 5.9013528482e-13, 9.3053864701e-13, -5.071442099e-11, 1.4842044212e-10, 9.9415349852e-10, 1.1760613773e-14, 6.2574362094e-15, 2.933157072e-13]",0.02536098236957709,1.371691726846816e-06,0.0372,EXO,REAL,2025-10-07T03:33:27.707Z,system.exo,OPS1,,,,0.0,,,,,,,,,,,,,,,,,,,,,,,,,,,,,,,,,5700.0,40.73971099
681f9639-d987-4264-8738-61a353ce5b56,U//PR-EXO-SV,2025-10-07 02:19:03.110289,50212,50212,50212,False,-1798.49731256514,42137.74227004905,30.40974161215,-3.070993334297132,-0.130850124516953,0.005213285469782,"[0.00082074934008, 0.00095326894801, 0.013741131214, 8.1760162801e-05, 0.0011908844397, 0.0013843033276, 1.0105043476e-07, 6.3222889893e-07, 5.8165616627e-08, 6.885921178500001e-11, 1.5849500142e-07, 2.3534691757e-06, 2.0866290766e-07, 1.4637659542e-10, 4.8850026249e-10, 1.1521702771e-08, 1.8271746808e-07, 1.0879023412e-07, 1.4574073446e-11, 4.2612426271e-11, 3.2530212537e-11]",0.1262782003422602,2.428764473579107e-05,0.0,EXO,REAL,2025-10-07T03:27:27.814Z,system.exo,OPS1,,,,0.0,,,,,,,,,,,,,,,,,,,,,,,,,,,,,,,,,4500.0,42.91933333
64b41aea-8e9e-49fa-ba11-5c24370ee721,U//PR-EXO-SV,2025-10-07 02:19:03.110289,33056,33056,33056,False,-1733.32238757895,42128.3326268712,-7.898383620270001,-3.072017138605002,-0.127608742473925,0.009689595027254,"[0.00077369808192, 0.00039088176302, 0.00060288433774, 2.5054381824e-05, 4.3448709227e-05, 0.00046272581041, 2.349320454e-08, 4.062806217300001e-08, 2.9593481334e-09, 2.7668679109e-12, 4.6251510465e-08, 4.8973446576e-08, 3.3252425359e-09, 3.1229835702e-12, 5.318921182e-12, 2.855710282e-10, 1.041278715e-09, 2.3950683485e-09, 7.439755747400001e-14, 9.144025440099999e-14, 1.361811096e-12]",0.04288715693619712,3.073694875699278e-06,0.05609999999999999,EXO,REAL,2025-10-07T03:33:27.701Z,system.exo,OPS1,,,,0.0,,,,,,,,,,,,,,,,,,,,,,,,,,,,,,,,,3010.0,28.93893333
5ff97ad2-384f-48ce-8358-0fe2b6751a2c,U//PR-EXO-SV,2025-10-07 02:18:56.931767,39522,39522,39522,False,-1731.75513743026,42145.35656796297,-4.79859400716,-3.070806101575879,-0.126619388839937,0.003763529446241,"[0.0007953917689899999, 0.0007885213059500001, 0.028118568255, 6.3110897927e-05, 0.0023511437847, 0.0010769312538, 6.036411139799999e-08, 4.9536774808e-07, 4.296158268099999e-08, 3.0519714087e-11, 8.7968372648e-08, 3.8808170028e-06, 3.264070481e-07, 7.945186975600001e-11, 5.8031996958e-10, 2.9105186657e-09, 2.2958051626e-07, 1.0907322442e-07, 6.3622023312e-12, 3.7162697228e-11, 3.0671452286e-11]",0.1731787841445655,2.532807011900038e-05,0.0291,EXO,REAL,2025-10-07T03:39:27.940Z,system.exo,OPS1,,,,0.0,,,,,,,,,,,,,,,,,,,,,,,,,,,,,,,,,4850.0,59.0636
a7a54959-5819-44e1-87cc-af3eefc627d5,U//PR-EXO-SV,2025-10-07 02:05:49.098743,44186,44186,44186,False,9079.801077394919,41204.95562781456,-9.05512386784,-3.00071586442159,0.660511046363798,0.005214088097217,"[0.0023345214583, 0.0017980795596, 0.0030619456657, 0.00017363552566, 0.00020336686654, 0.0008619571696100001, 1.7319599147e-07, 1.8869348865e-07, 1.8016086528e-08, 1.7549673981e-11, 1.9985550204e-07, 2.8955976323e-07, 1.7928284058e-08, 1.6984137759e-11, 3.0983118746e-11, 1.1381608572e-09, -2.4671880151e-09, 1.1474196829e-08, 4.2891353291e-13, -5.02228699e-13, 3.4067109388e-12]",0.07911020347344584,7.206906664152103e-06,0.0545,EXO,REAL,2025-10-07T04:03:28.412Z,system.exo,OPS1,,,,0.0,,,,,,,,,,,,,,,,,,,,,,,,,,,,,,,,,6465.0,30.52346667
08336f0a-0948-4908-a214-bbacbf8f9e72,U//PR-EXO-SV,2025-10-07 02:05:49.098743,36745,36745,36745,False,9090.34415304408,41183.10078354352,-19.24641629929,-3.001847422898276,0.6615966993532381,0.010148745670145,"[0.001681577299, 0.00083214833449, 0.00092007395007, 8.749550840400001e-05, 8.3951544579e-05, 0.00048831311811, 1.0847770021e-07, 9.6042110184e-08, 9.061435263800001e-09, 1.0566355051e-11, 1.0683912884e-07, 7.1818765827e-08, 7.0098893313e-09, 8.6284667437e-12, 8.3123143478e-12, 1.4321531345e-09, 3.4326094495e-09, 1.4716004696e-08, 3.4263267862e-13, 2.4252586658e-13, 3.3816125457e-12]",0.05558744792828683,4.718080324083091e-06,0.0477,EXO,REAL,2025-10-07T02:54:28.207Z,system.exo,OPS1,,,,0.0,,,,,,,,,,,,,,,,,,,,,,,,,,,,,,,,,4839.0,37.49613333
819d037e-f8c3-4e37-a2ad-4cbae2dc1d2c,U//PR-EXO-SV,2025-10-07 01:54:38.203811,54048,54048,54048,False,22765.12155474879,35486.11699821634,-40.37777202707,-2.587798182180281,1.660941246704485,0.003173614796613,"[0.004656455117, 0.0016544008985, 0.0036942171766, 0.00032340652407, 0.00031788198277, 0.017525181837, 3.9068509101e-07, 3.7915846341e-07, 4.1306482121e-08, 5.2028216267e-11, 1.7927669771e-07, 1.4924964632e-07, 1.7087404367e-08, 2.2027090371e-11, 1.0705213934e-11, 1.2742359549e-08, 1.6554729161e-08, 1.2623051526e-08, 2.0435735278e-12, 7.642184276599999e-13, 2.8675727752e-12]",0.1608597343358492,8.099444609119813e-06,0.04719999999999999,EXO,REAL,2025-10-07T02:39:28.168Z,system.exo,OPS1,,,,0.0,,,,,,,,,,,,,,,,,,,,,,,,,,,,,,,,,4476.0,55.23933333
f9a4ecb2-7062-45cc-bdc4-eead68b42b07,U//PR-EXO-SV,2025-10-07 01:50:46.696557,39612,39612,39612,False,-6851.824418273621,41603.51609151636,-5.26571663506,-3.033763599551328,-0.499788010069684,0.007009010256261,"[0.0013608352249, 0.0009788944825, 0.0015904627442, 5.973165998199999e-05, 0.00010950226735, 0.0031647815554, 3.8237788803e-08, 7.972185170600001e-08, 5.6809978142e-09, 4.2309201693e-12, 8.8427369241e-08, 1.3667172e-07, 9.119437482800001e-09, 6.564786649e-12, 1.2804666984e-11, -4.1310885611e-11, 1.7405641461e-09, 1.5194327684e-08, 1.1193530234e-13, 1.68423556e-13, 3.6107190191e-12]",0.07820536761949272,4.543820658036582e-06,0.0,EXO,REAL,2025-10-07T03:33:27.705Z,system.exo,OPS1,,,,0.0,,,,,,,,,,,,,,,,,,,,,,,,,,,,,,,,,1672.0,16.98733333
402439ff-bf80-41ee-9bc7-cdff49c28dfb,U//PR-EXO-SV,2025-10-07 01:19:07.413839,58698,58698,58698,False,-3733.15763440804,42000.33513350572,-20.64573678086,-3.062429542798459,-0.272201374160521,0.007241645763619,"[0.0013987962031, 0.00041044436696, 0.0021672105481, 1.7061141058e-05, 0.00016228301914, 0.00084960854671, 1.3432456233e-08, 1.2827916231e-07, 9.7596705649e-09, 7.7711195789e-12, 6.114539769e-08, 2.8715867274e-07, 2.1350975512e-08, 1.6287612823e-11, 4.3388142062e-11, 2.2415741609e-10, 1.6582098484e-08, 2.7529897053e-08, 9.8035192296e-13, 2.5075932942e-12, 5.224756089699999e-12]",0.06645009629722141,7.508929199999159e-06,0.0474,EXO,REAL,2025-10-07T02:42:29.158Z,system.exo,OPS1,,,,0.0,,,,,,,,,,,,,,,,,,,,,,,,,,,,,,,,,1800.0,21.42733333
a6332b11-f918-40ea-8225-4e4d8cd95565,U//PR-EXO-SV,2025-10-07 00:46:33.674447,38740,38740,38740,False,-4188.41718058526,41955.99152792704,-16.56627684641,-3.059369112151391,-0.305943391542021,0.007446526017385,"[0.0021896388465, 0.0033346355204, 0.0080119033818, 5.5344794764e-05, 9.983582946e-05, 0.00070798233668, 1.1566470717e-07, 2.733604996e-07, 4.4869280907e-09, 9.7970591929e-12, 3.2331590815e-07, 7.4748598037e-07, 8.1324495356e-09, 2.4932360555e-11, 7.1140135405e-11, -8.079775078700001e-09, -1.9550078523e-08, -1.1125428188e-09, -6.1895597733e-13, -1.8733474235e-12, 3.0092429623e-12]",0.1044486695223065,9.16222885329765e-06,0.0,EXO,REAL,2025-10-07T01:21:28.426Z,system.exo,OPS1,,,,0.0,,,,,,,,,,,,,,,,,,,,,,,,,,,,,,,,,6094.0,57.35173333
260b41ae-9d9f-4394-bba8-38e7b432704b,U//PR-EXO-SV,2025-10-07 00:10:06.954543,39237,39237,39237,False,5080.38532176959,41865.81003454271,-40.61181494441,-3.051645413731811,0.37018723194098,0.00628517820462,"[0.0032902766567, 0.0042731820599, 0.0080423129587, 6.513264689800001e-05, 9.5447542126e-05, 0.0004905763512, 2.3396970319e-07, 4.0977497648e-07, 5.6303210402e-09, 2.1428891085e-11, 4.4663037671e-07, 7.9136032076e-07, 9.185087631599999e-09, 4.0571624074e-11, 7.9221389774e-11, -7.9706457153e-09, -1.4303213106e-08, -2.1059189398e-09, -7.0571751315e-13, -1.4528777391e-12, 8.5219835104e-13]",0.1087343826330936,1.007484388018197e-05,0.0218,EXO,REAL,2025-10-07T00:48:28.759Z,system.exo,OPS1,,,,0.0,,,,,,,,,,,,,,,,,,,,,,,,,,,,,,,,,4260.0,30.05433333
427ab2f5-2881-4a2a-b7d4-ef8913e824f0,U//PR-EXO-SV,2025-10-07 00:07:46.928548,27712,27712,27712,False,34705.05291748454,23795.27163925302,1312.84117516311,-1.71816465358831,2.486513045269298,0.5735401553632641,"[0.00048164334081, -0.0005285488082599999, 0.0007978728925299999, -0.00010254435331, 0.00011506818066, 0.00041123900648, 1.429942393e-08, -3.5093650896e-09, -1.8130660836e-09, 1.5798724224e-12, 1.4695120508e-09, -3.9617354541e-09, -1.1873175986e-09, 2.240933002e-13, 2.6699788442e-13, -7.6230185123e-10, -8.3278107772e-10, 2.3084489453e-09, -5.3581220286e-14, -6.2910626736e-14, 5.1538034223e-13]",0.04111879424083347,1.53696149888343e-06,0.0099,EXO,REAL,2025-10-07T03:24:27.372Z,system.exo,OPS1,,,,0.0,,,,,,,,,,,,,,,,,,,,,,,,,,,,,,,,,2775.0,37.96964224
a59860c8-2158-4d6e-89e4-4e72f41be50c,U//PR-EXO-SV,2025-10-06 23:50:14.715546,35943,35943,35943,False,10126.98395535441,40935.7199841556,-47.7533997311,-2.984344550098616,0.738037586920161,0.006884510230144999,"[0.0008235127426100001, -0.00010240009946, 7.9762355166e-05, 6.067725623700001e-06, 4.6085732154e-06, 0.00047544666986, 1.1347930897e-08, 4.3790995455e-09, 4.894229580600001e-10, 6.848565019399999e-13, 1.661109873e-08, 1.6035850902e-09, 3.3731754418e-10, 6.6738408865e-13, 1.0592017319e-12, -1.1465988926e-10, 1.0018600281e-10, 8.7479952793e-10, 5.8305116988e-15, -1.0136742776e-15, 4.0366078351e-13]",0.03713114282695862,1.465509814825544e-06,0.0396,EXO,REAL,2025-10-07T00:21:27.743Z,system.exo,OPS1,,,,0.0,,,,,,,,,,,,,,,,,,,,,,,,,,,,,,,,,2440.0,14.11293333
23123354-239e-4ae3-8821-571131e8ce83,U//PR-EXO-SV,2025-10-06 23:32:34.564025,25021,25021,25021,False,42001.3074748703,-3397.5928969868,203.05411726553,0.240265633905579,2.965233295489252,0.7526373181992431,"[0.00013878487206, 6.2160279171e-05, 0.0017819113405, 1.1661576134e-05, 0.00033591956974, 0.00053594555388, -9.300241208399999e-09, -5.4512732674e-09, -8.840457914e-10, 1.2227430623e-11, -8.7414079576e-09, 5.8508911179e-09, 1.2177652097e-09, -3.7631029977e-13, 8.39024392e-13, -2.2856727052e-09, 1.7638563825e-09, -8.709210443799999e-10, 2.7557938654e-13, -4.6319100232e-13, 2.4581516448e-12]",0.04956452124695648,3.940127746634619e-06,0.0114,EXO,REAL,2025-10-07T00:15:25.658Z,system.exo,OPS1,,,,0.0,,,,,,,,,,,,,,,,,,,,,,,,,,,,,,,,,269.57,4.851404455
60a42342-d77b-4861-b708-6725dcf5d786,U//PR-EXO-SV,2025-10-06 23:21:59.902571,41588,41588,41588,False,6778.700548173691,41615.32365609692,-32.00217595487,-3.034773218910601,0.494048995743141,0.006895388319953,"[0.0028009442819, 0.0040876611048, 0.013672535843, 9.645262405e-05, 0.00019133891058, 0.00089355988387, 2.2566570127e-07, 5.8128171199e-07, 1.2329580589e-08, 2.8416374823e-11, 4.2428404878e-07, 1.2689563901e-06, 1.444297041e-08, 5.270581849299999e-11, 1.2355064334e-10, -1.2240524027e-08, -4.7019928277e-08, -1.4671316001e-08, -1.589272378e-12, -4.7787879236e-12, 3.8667081439e-12]",0.1317840658379077,1.248333794731601e-05,0.0392,EXO,REAL,2025-10-06T23:54:27.500Z,system.exo,OPS1,,,,0.0,,,,,,,,,,,,,,,,,,,,,,,,,,,,,,,,,1954.0,33.22653333
aa960c37-8266-4932-9734-93e78d9fee18,U//PR-EXO-SV,2025-10-06 20:58:24.559077,21139,21139,21139,False,35655.6210884703,23340.65122438895,1543.01225839183,-1.653344164933129,2.48018410072726,0.683988235824933,"[0.00037848370395, -0.00045625510649, 0.0007212337177299999, -8.552441304500001e-05, 9.158020713499999e-05, 0.0005224244903899999, 9.7295871307e-09, -1.5614550401e-10, -8.2076074265e-10, 1.4443516379e-12, 1.0465388629e-09, -1.4042720425e-09, -7.298878414e-10, 2.6817203744e-13, 1.983243616e-13, -6.4145564984e-10, -6.369839775e-10, 1.4471778254e-09, -4.7694216422e-14, -9.455888848800001e-14, 4.9448585566e-13]",0.04027582292231904,1.461903504052166e-06,0.0247,EXO,REAL,2025-10-06T23:54:27.488Z,system.exo,OPS1,,,,0.0,,,,,,,,,,,,,,,,,,,,,,,,,,,,,,,,,1548.07,18.79645052
