idElset,classificationMarking,satNo,epoch,meanMotion,idOnOrbit,uct,eccentricity,inclination,raan,argOfPerigee,meanAnomaly,bStar,meanMotionDot,meanMotionDDot,semiMajorAxis,period,apogee,perigee,origObjectId,line1,line2,createdAt,createdBy,source,dataMode,ephemType,origNetwork,elset
3a53d6a6-382f-4ff3-88bc-3671bc5634b2,U//PR-EXO-ELSETS,45465,2025-10-07T20:46:59.635333Z,1.002680731882458,45465,False,0.004435421018437052,3.117224943976725,298.7865288175496,6.709802818693583,160.7974890024993,0.0,0.0,0.0,42165.77460108849,1436.150066728128,42352.79756401283,41978.75163816414,45465,1 45465U 20022B   25280.86596800 +.00000000 +00000+0 +00000+0 2 99998,2 45465   3.1172 298.7865 0044354   6.7098 160.7975  1.00268073000007,2025-10-07T21:12:27.962Z,system.exo,EXO,REAL,2,OPS1,"{'NORAD_ID': 45465, 'classification': 'U', 'COSPAR_ID': '20022B', 'BC': 0.0, 'n_ddot': 0.0, 'B_star': 0.0, 'ephemeris_type': 2, 'elset_num': 9999, 'inclination': 3.1172, 'RAAN': 298.7865, 'eccentricity': 0.0044354, 'perigee': 6.7098, 'mean_anomaly': 160.7975, 'mean_motion': 1.00268073, 'rev_num': 0, 'line1': '1 45465U 20022B   25280.86596800 +.00000000 +00000+0 +00000+0 2 99998', 'line2': '2 45465   3.1172 298.7865 0044354   6.7098 160.7975  1.00268073000007', 'epoch': datetime.datetime(2025, 10, 7, 20, 46, 59, 635200)}"
4808fe3a-12d6-440d-adf8-b2351ab41276,U//PR-EXO-ELSETS,40982,2025-10-07T19:00:00.381920Z,1.002654196996742,40982,False,0.0003518549380210993,0.04478750595584301,58.47255770212794,147.8744787649689,237.3534107689657,0.0,0.0,0.0,42166.51853259783,1436.188073927426,42181.35503036268,42151.68203483298,40982,1 40982U 15059A   25280.79167109 +.00000000 +00000+0 +00000+0 2 99999,2 40982   0.0448  58.4726 0003518 147.8745 237.3534  1.00265419000001,2025-10-07T20:12:29.983Z,system.exo,EXO,REAL,2,OPS1,"{'NORAD_ID': 40982, 'classification': 'U', 'COSPAR_ID': '15059A', 'BC': 0.0, 'n_ddot': 0.0, 'B_star': 0.0, 'ephemeris_type': 2, 'elset_num': 9999, 'inclination': 0.0448, 'RAAN': 58.4726, 'eccentricity': 0.0003518, 'perigee': 147.8745, 'mean_anomaly': 237.3534, 'mean_motion': 1.00265419, 'rev_num': 0, 'line1': '1 40982U 15059A   25280.79167109 +.00000000 +00000+0 +00000+0 2 99999', 'line2': '2 40982   0.0448  58.4726 0003518 147.8745 237.3534  1.00265419000001', 'epoch': datetime.datetime(2025, 10, 7, 19, 0, 0, 382176)}"
43f90a90-932d-492c-b1ef-11c038d1710d,U//PR-EXO-ELSETS,44475,2025-10-07T18:59:50.026876Z,1.002651551605584,44475,False,0.0001132957929733644,0.01942520552855235,151.0102276829044,64.18091200480148,228.9653858031526,0.0,0.0,0.0,42166.59270052856,1436.191863159314,42171.36999808555,42161.81540297157,44475,1 44475U 19049A   25280.79155124 +.00000000 +00000+0 +00000+0 2 99997,2 44475   0.0194 151.0102 0001132  64.1809 228.9654  1.00265155000006,2025-10-07T20:15:28.359Z,system.exo,EXO,REAL,2,OPS1,"{'NORAD_ID': 44475, 'classification': 'U', 'COSPAR_ID': '19049A', 'BC': 0.0, 'n_ddot': 0.0, 'B_star': 0.0, 'ephemeris_type': 2, 'elset_num': 9999, 'inclination': 0.0194, 'RAAN': 151.0102, 'eccentricity': 0.0001132, 'perigee': 64.1809, 'mean_anomaly': 228.9654, 'mean_motion': 1.00265155, 'rev_num': 0, 'line1': '1 44475U 19049A   25280.79155124 +.00000000 +00000+0 +00000+0 2 99997', 'line2': '2 44475   0.0194 151.0102 0001132  64.1809 228.9654  1.00265155000006', 'epoch': datetime.datetime(2025, 10, 7, 18, 59, 50, 27136)}"
712c6e1a-081e-42a6-8286-c1447ed2ec76,U//PR-EXO-ELSETS,17872,2025-10-07T16:37:01.335031Z,1.002713447726913,17872,False,0.001591597826748663,4.11945732160751,273.9411529578791,196.2395987478467,252.676637067288,0.0,0.0,0.0,42164.85742551328,1436.103209011894,42231.96692095689,42097.74793006967,17872,1 17872U 76092F   25280.69237656 +.00000000 +00000+0 +00000+0 2 99999,2 17872   4.1195 273.9412 0015915 196.2396 252.6766  1.00271344000008,2025-10-07T20:39:28.369Z,system.exo,EXO,REAL,2,OPS1,"{'NORAD_ID': 17872, 'classification': 'U', 'COSPAR_ID': '76092F', 'BC': 0.0, 'n_ddot': 0.0, 'B_star': 0.0, 'ephemeris_type': 2, 'elset_num': 9999, 'inclination': 4.1195, 'RAAN': 273.9412, 'eccentricity': 0.0015915, 'perigee': 196.2396, 'mean_anomaly': 252.6766, 'mean_motion': 1.00271344, 'rev_num': 0, 'line1': '1 17872U 76092F   25280.69237656 +.00000000 +00000+0 +00000+0 2 99999', 'line2': '2 17872   4.1195 273.9412 0015915 196.2396 252.6766  1.00271344000008', 'epoch': datetime.datetime(2025, 10, 7, 16, 37, 1, 334784)}"
c9896647-cebe-4915-a97f-63a5e4a4c25f,U//PR-EXO-ELSETS,62876,2025-10-07T20:57:05.008191Z,1.002685627430834,62876,False,0.0001476281885319366,0.06150713576101006,323.5313375002951,244.8343346671979,213.1881919003166,0.0,0.0,0.0,42165.63735318035,1436.143054817381,42171.86218984109,42159.4125165196,62876,1 62876U 25023A   25280.87297463 +.00000000 +00000+0 +00000+0 2 99993,2 62876   0.0615 323.5313 0001476 244.8343 213.1882  1.00268562000004,2025-10-07T21:57:29.840Z,system.exo,EXO,REAL,2,OPS1,"{'NORAD_ID': 62876, 'classification': 'U', 'COSPAR_ID': '25023A', 'BC': 0.0, 'n_ddot': 0.0, 'B_star': 0.0, 'ephemeris_type': 2, 'elset_num': 9999, 'inclination': 0.0615, 'RAAN': 323.5313, 'eccentricity': 0.0001476, 'perigee': 244.8343, 'mean_anomaly': 213.1882, 'mean_motion': 1.00268562, 'rev_num': 0, 'line1': '1 62876U 25023A   25280.87297463 +.00000000 +00000+0 +00000+0 2 99993', 'line2': '2 62876   0.0615 323.5313 0001476 244.8343 213.1882  1.00268562000004', 'epoch': datetime.datetime(2025, 10, 7, 20, 57, 5, 8032)}"
bd76f1d5-f589-4c56-8e1e-69050a2febe5,U//PR-EXO-ELSETS,47202,2025-10-07T20:57:05.008191Z,1.002645217398787,47202,False,0.0002512510493833018,0.06527211015596213,94.3275804194562,117.8970331542225,209.6146037393905,0.0,0.0,0.0,42166.77029185213,1436.200936295158,42177.36473713706,42156.1758465672,47202,1 47202U 20089A   25280.87297463 +.00000000 +00000+0 +00000+0 2 99996,2 47202   0.0653  94.3276 0002512 117.8970 209.6146  1.00264521000004,2025-10-07T21:54:32.245Z,system.exo,EXO,REAL,2,OPS1,"{'NORAD_ID': 47202, 'classification': 'U', 'COSPAR_ID': '20089A', 'BC': 0.0, 'n_ddot': 0.0, 'B_star': 0.0, 'ephemeris_type': 2, 'elset_num': 9999, 'inclination': 0.0653, 'RAAN': 94.3276, 'eccentricity': 0.0002512, 'perigee': 117.897, 'mean_anomaly': 209.6146, 'mean_motion': 1.00264521, 'rev_num': 0, 'line1': '1 47202U 20089A   25280.87297463 +.00000000 +00000+0 +00000+0 2 99996', 'line2': '2 47202   0.0653  94.3276 0002512 117.8970 209.6146  1.00264521000004', 'epoch': datetime.datetime(2025, 10, 7, 20, 57, 5, 8032)}"
7d9d157f-b61a-41e4-9ac7-9d8c00e25bce,U//PR-EXO-ELSETS,25900,2025-10-07T16:37:36.162080Z,1.001062811135047,25900,False,0.009975269011112597,14.48259574855621,1.095283289817761,57.50166266759201,303.445161807986,0.0,0.0,0.0,42211.19467364925,1438.471176815835,42632.26269579935,41790.12665149916,25900,1 25900U 99047E   25280.69277965 +.00000000 +00000+0 +00000+0 2 99992,2 25900  14.4826   1.0953 0099752  57.5017 303.4452  1.00106281000008,2025-10-07T17:54:28.661Z,system.exo,EXO,REAL,2,OPS1,"{'NORAD_ID': 25900, 'classification': 'U', 'COSPAR_ID': '99047E', 'BC': 0.0, 'n_ddot': 0.0, 'B_star': 0.0, 'ephemeris_type': 2, 'elset_num': 9999, 'inclination': 14.4826, 'RAAN': 1.0953, 'eccentricity': 0.0099752, 'perigee': 57.5017, 'mean_anomaly': 303.4452, 'mean_motion': 1.00106281, 'rev_num': 0, 'line1': '1 25900U 99047E   25280.69277965 +.00000000 +00000+0 +00000+0 2 99992', 'line2': '2 25900  14.4826   1.0953 0099752  57.5017 303.4452  1.00106281000008', 'epoch': datetime.datetime(2025, 10, 7, 16, 37, 36, 161760)}"
539e6ad7-857c-4a14-a033-7430d8f53455,U//PR-EXO-ELSETS,63157,2025-10-07T20:39:47.506355Z,1.002681015934892,63157,False,0.0002801381006554014,0.02595502013377697,55.30649508609601,239.9555852564472,125.8084867520161,0.0,0.0,0.0,42165.7666375778,1436.14965987698,42177.57887535633,42153.95439979927,63157,1 63157U 25045A   25280.86096651 +.00000000 +00000+0 +00000+0 2 99995,2 63157   0.0260  55.3065 0002801 239.9556 125.8085  1.00268101000004,2025-10-07T21:48:31.841Z,system.exo,EXO,REAL,2,OPS1,"{'NORAD_ID': 63157, 'classification': 'U', 'COSPAR_ID': '25045A', 'BC': 0.0, 'n_ddot': 0.0, 'B_star': 0.0, 'ephemeris_type': 2, 'elset_num': 9999, 'inclination': 0.026, 'RAAN': 55.3065, 'eccentricity': 0.0002801, 'perigee': 239.9556, 'mean_anomaly': 125.8085, 'mean_motion': 1.00268101, 'rev_num': 0, 'line1': '1 63157U 25045A   25280.86096651 +.00000000 +00000+0 +00000+0 2 99995', 'line2': '2 63157   0.0260  55.3065 0002801 239.9556 125.8085  1.00268101000004', 'epoch': datetime.datetime(2025, 10, 7, 20, 39, 47, 506464)}"
7306f34a-aebd-4584-8365-54c0038ad2f3,U//PR-EXO-ELSETS,39460,2025-10-07T20:40:01.795234Z,1.002673647162582,39460,False,0.0001845658542578994,0.006577729110411507,236.5782570470567,283.3556989510203,261.8362411480003,0.0,0.0,0.0,42165.97322493813,1436.160214317976,42173.75562380701,42158.19082606926,39460,1 39460U 13071A   25280.86113189 +.00000000 +00000+0 +00000+0 2 99997,2 39460   0.0066 236.5783 0001845 283.3557 261.8362  1.00267364000008,2025-10-07T21:54:32.239Z,system.exo,EXO,REAL,2,OPS1,"{'NORAD_ID': 39460, 'classification': 'U', 'COSPAR_ID': '13071A', 'BC': 0.0, 'n_ddot': 0.0, 'B_star': 0.0, 'ephemeris_type': 2, 'elset_num': 9999, 'inclination': 0.0066, 'RAAN': 236.5783, 'eccentricity': 0.0001845, 'perigee': 283.3557, 'mean_anomaly': 261.8362, 'mean_motion': 1.00267364, 'rev_num': 0, 'line1': '1 39460U 13071A   25280.86113189 +.00000000 +00000+0 +00000+0 2 99997', 'line2': '2 39460   0.0066 236.5783 0001845 283.3557 261.8362  1.00267364000008', 'epoch': datetime.datetime(2025, 10, 7, 20, 40, 1, 795296)}"
59e0961a-a9e1-4502-88d2-e0bb4de3f4e8,U//PR-EXO-ELSETS,54049,2025-10-07T20:22:20.258445Z,1.355765344227472,54049,False,0.8029496593731779,26.71142441776065,75.38392424075855,191.7502537988597,173.3205619759565,0.0,0.0,0.0,34483.56650205483,1062.130704351737,62172.13447885207,6794.998525257577,54049,1 54049U 22134B   25280.84884558 +.00000000 +00000+0 +00000+0 2 99990,2 54049  26.7114  75.3839 8029496 191.7503 173.3206  1.35576534000005,2025-10-07T21:48:31.830Z,system.exo,EXO,REAL,2,OPS1,"{'NORAD_ID': 54049, 'classification': 'U', 'COSPAR_ID': '22134B', 'BC': 0.0, 'n_ddot': 0.0, 'B_star': 0.0, 'ephemeris_type': 2, 'elset_num': 9999, 'inclination': 26.7114, 'RAAN': 75.3839, 'eccentricity': 0.8029496, 'perigee': 191.7503, 'mean_anomaly': 173.3206, 'mean_motion': 1.35576534, 'rev_num': 0, 'line1': '1 54049U 22134B   25280.84884558 +.00000000 +00000+0 +00000+0 2 99990', 'line2': '2 54049  26.7114  75.3839 8029496 191.7503 173.3206  1.35576534000005', 'epoch': datetime.datetime(2025, 10, 7, 20, 22, 20, 258112)}"
1263f712-dfd5-4e64-9b4f-040f71e1f1c9,U//PR-EXO-ELSETS,23839,2025-10-07T17:38:14.095959Z,1.000001323153076,23839,False,0.0009150917053351957,10.07251324690897,48.8880148194701,161.1944444368378,232.6631349564648,0.0,0.0,0.0,42241.06046922599,1439.998094662092,42279.71491328593,42202.40602516603,23839,1 23839U 96020A   25280.73488537 +.00000000 +00000+0 +00000+0 2 99993,2 23839  10.0725  48.8880 0009150 161.1944 232.6631  1.00000132000009,2025-10-07T18:24:28.055Z,system.exo,EXO,REAL,2,OPS1,"{'NORAD_ID': 23839, 'classification': 'U', 'COSPAR_ID': '96020A', 'BC': 0.0, 'n_ddot': 0.0, 'B_star': 0.0, 'ephemeris_type': 2, 'elset_num': 9999, 'inclination': 10.0725, 'RAAN': 48.888, 'eccentricity': 0.000915, 'perigee': 161.1944, 'mean_anomaly': 232.6631, 'mean_motion': 1.00000132, 'rev_num': 0, 'line1': '1 23839U 96020A   25280.73488537 +.00000000 +00000+0 +00000+0 2 99993', 'line2': '2 23839  10.0725  48.8880 0009150 161.1944 232.6631  1.00000132000009', 'epoch': datetime.datetime(2025, 10, 7, 17, 38, 14, 95968)}"
035921da-9892-457e-b5b9-43edad357d05,U//PR-EXO-ELSETS,25462,2025-10-07T18:17:14.930496Z,0.9865903421049718,25462,False,0.002378549396976249,6.457402106535664,71.91685223145562,67.96731321525627,328.4258066045307,0.0,0.0,0.0,42622.9942959386,1459.572366102471,42724.37519331853,42521.61339855867,25462,1 25462U 98050A   25280.76197836 +.00000000 +00000+0 +00000+0 2 99994,2 25462   6.4574  71.9169 0023785  67.9673 328.4258  0.98659034000009,2025-10-07T19:00:30.558Z,system.exo,EXO,REAL,2,OPS1,"{'NORAD_ID': 25462, 'classification': 'U', 'COSPAR_ID': '98050A', 'BC': 0.0, 'n_ddot': 0.0, 'B_star': 0.0, 'ephemeris_type': 2, 'elset_num': 9999, 'inclination': 6.4574, 'RAAN': 71.9169, 'eccentricity': 0.0023785, 'perigee': 67.9673, 'mean_anomaly': 328.4258, 'mean_motion': 0.98659034, 'rev_num': 0, 'line1': '1 25462U 98050A   25280.76197836 +.00000000 +00000+0 +00000+0 2 99994', 'line2': '2 25462   6.4574  71.9169 0023785  67.9673 328.4258  0.98659034000009', 'epoch': datetime.datetime(2025, 10, 7, 18, 17, 14, 930304)}"
cbd6010a-7d9b-4d96-9bdc-e99fdc3ec6db,U//PR-EXO-ELSETS,43683,2025-10-07T20:54:43.209886Z,1.002692132274632,43683,False,0.000323422054505816,2.937554510838994,104.5155213482418,15.49249487830264,350.5328434669569,0.0,0.0,0.0,42165.45499000532,1436.133738013206,42179.09222808736,42151.81775192328,43683,1 43683U 18085A   25280.87133345 +.00000000 +00000+0 +00000+0 2 99996,2 43683   2.9376 104.5155 0003234  15.4925 350.5328  1.00269213000002,2025-10-07T21:57:29.835Z,system.exo,EXO,REAL,2,OPS1,"{'NORAD_ID': 43683, 'classification': 'U', 'COSPAR_ID': '18085A', 'BC': 0.0, 'n_ddot': 0.0, 'B_star': 0.0, 'ephemeris_type': 2, 'elset_num': 9999, 'inclination': 2.9376, 'RAAN': 104.5155, 'eccentricity': 0.0003234, 'perigee': 15.4925, 'mean_anomaly': 350.5328, 'mean_motion': 1.00269213, 'rev_num': 0, 'line1': '1 43683U 18085A   25280.87133345 +.00000000 +00000+0 +00000+0 2 99996', 'line2': '2 43683   2.9376 104.5155 0003234  15.4925 350.5328  1.00269213000002', 'epoch': datetime.datetime(2025, 10, 7, 20, 54, 43, 210080)}"
3ef98f4a-10d0-43eb-8a9d-63519e1ff2e2,U//PR-EXO-ELSETS,37234,2025-10-07T18:53:13.276021Z,0.9841499018049867,37234,False,0.002075878230117373,6.609808698168093,85.74970846428322,254.1016571557676,107.6424170638229,0.0,0.0,0.0,42693.42796332233,1463.191732640483,42782.05432100047,42604.80160564418,37234,1 37234U 10064A   25280.78695921 +.00000000 +00000+0 +00000+0 2 99993,2 37234   6.6098  85.7497 0020758 254.1017 107.6424  0.98414990000000,2025-10-07T23:00:27.599Z,system.exo,EXO,REAL,2,OPS1,"{'NORAD_ID': 37234, 'classification': 'U', 'COSPAR_ID': '10064A', 'BC': 0.0, 'n_ddot': 0.0, 'B_star': 0.0, 'ephemeris_type': 2, 'elset_num': 9999, 'inclination': 6.6098, 'RAAN': 85.7497, 'eccentricity': 0.0020758, 'perigee': 254.1017, 'mean_anomaly': 107.6424, 'mean_motion': 0.9841499, 'rev_num': 0, 'line1': '1 37234U 10064A   25280.78695921 +.00000000 +00000+0 +00000+0 2 99993', 'line2': '2 37234   6.6098  85.7497 0020758 254.1017 107.6424  0.98414990000000', 'epoch': datetime.datetime(2025, 10, 7, 18, 53, 13, 275744)}"
c37b37ce-d1f3-467f-9a8a-5622c3e9cfa9,U//PR-EXO-ELSETS,41729,2025-10-07T18:54:02.242965Z,1.002658684141586,41729,False,8.220246942406724e-05,0.0009727191191622791,135.6884063574076,321.7527714924124,346.7173046245007,0.0,0.0,0.0,42166.39272879218,1436.181646631664,42169.85891040118,42162.92654718317,41729,1 41729U 16050A   25280.78752596 +.00000000 +00000+0 +00000+0 2 99990,2 41729   0.0010 135.6884 0000822 321.7528 346.7173  1.00265868000008,2025-10-07T20:27:27.936Z,system.exo,EXO,REAL,2,OPS1,"{'NORAD_ID': 41729, 'classification': 'U', 'COSPAR_ID': '16050A', 'BC': 0.0, 'n_ddot': 0.0, 'B_star': 0.0, 'ephemeris_type': 2, 'elset_num': 9999, 'inclination': 0.001, 'RAAN': 135.6884, 'eccentricity': 8.22e-05, 'perigee': 321.7528, 'mean_anomaly': 346.7173, 'mean_motion': 1.00265868, 'rev_num': 0, 'line1': '1 41729U 16050A   25280.78752596 +.00000000 +00000+0 +00000+0 2 99990', 'line2': '2 41729   0.0010 135.6884 0000822 321.7528 346.7173  1.00265868000008', 'epoch': datetime.datetime(2025, 10, 7, 18, 54, 2, 242944)}"
731f45f3-1e3f-4c18-bb26-1a4caa6d48c9,U//PR-EXO-ELSETS,61733,2025-10-07T18:53:41.890149Z,1.002657969101611,61733,False,0.0001560807016344191,0.003887257008377464,224.6914347896627,329.650787768993,249.8277097348563,0.0,0.0,0.0,42166.41277594267,1436.182670836647,42172.99413923414,42159.8314126512,61733,1 61733U 24198A   25280.78729040 +.00000000 +00000+0 +00000+0 2 99997,2 61733   0.0039 224.6914 0001560 329.6508 249.8277  1.00265796000002,2025-10-07T19:39:28.744Z,system.exo,EXO,REAL,2,OPS1,"{'NORAD_ID': 61733, 'classification': 'U', 'COSPAR_ID': '24198A', 'BC': 0.0, 'n_ddot': 0.0, 'B_star': 0.0, 'ephemeris_type': 2, 'elset_num': 9999, 'inclination': 0.0039, 'RAAN': 224.6914, 'eccentricity': 0.000156, 'perigee': 329.6508, 'mean_anomaly': 249.8277, 'mean_motion': 1.00265796, 'rev_num': 0, 'line1': '1 61733U 24198A   25280.78729040 +.00000000 +00000+0 +00000+0 2 99997', 'line2': '2 61733   0.0039 224.6914 0001560 329.6508 249.8277  1.00265796000002', 'epoch': datetime.datetime(2025, 10, 7, 18, 53, 41, 890560)}"
64d24188-d78e-46aa-b246-cbb8d79413a0,U//PR-EXO-ELSETS,41794,2025-10-07T20:55:47.425832Z,1.00267280357741,41794,False,0.0001708327455137861,0.01501312761206016,247.0728501251753,313.6002424393378,274.8609470358756,0.0,0.0,0.0,42165.99687544815,1436.161422611904,42173.20020846171,42158.79354243459,41794,1 41794U 16060B   25280.87207669 +.00000000 +00000+0 +00000+0 2 99999,2 41794   0.0150 247.0729 0001708 313.6002 274.8609  1.00267280000007,2025-10-07T22:00:28.128Z,system.exo,EXO,REAL,2,OPS1,"{'NORAD_ID': 41794, 'classification': 'U', 'COSPAR_ID': '16060B', 'BC': 0.0, 'n_ddot': 0.0, 'B_star': 0.0, 'ephemeris_type': 2, 'elset_num': 9999, 'inclination': 0.015, 'RAAN': 247.0729, 'eccentricity': 0.0001708, 'perigee': 313.6002, 'mean_anomaly': 274.8609, 'mean_motion': 1.0026728, 'rev_num': 0, 'line1': '1 41794U 16060B   25280.87207669 +.00000000 +00000+0 +00000+0 2 99999', 'line2': '2 41794   0.0150 247.0729 0001708 313.6002 274.8609  1.00267280000007', 'epoch': datetime.datetime(2025, 10, 7, 20, 55, 47, 426016)}"
b18d12c0-68b6-4437-a407-87040d351e7d,U//PR-EXO-ELSETS,50001,2025-10-07T18:47:43.214363Z,1.002680082044723,50001,False,4.052514928115593e-05,0.002994824743770185,251.6314226123271,268.3782168745876,283.6196165053028,0.0,0.0,0.0,42165.7928195339,1436.150997498095,42167.50159458248,42164.08404448534,50001,1 50001U 21123A   25280.78313906 +.00000000 +00000+0 +00000+0 2 99998,2 50001   0.0030 251.6314 0000405 268.3782 283.6196  1.00268008000008,2025-10-07T20:06:29.195Z,system.exo,EXO,REAL,2,OPS1,"{'NORAD_ID': 50001, 'classification': 'U', 'COSPAR_ID': '21123A', 'BC': 0.0, 'n_ddot': 0.0, 'B_star': 0.0, 'ephemeris_type': 2, 'elset_num': 9999, 'inclination': 0.003, 'RAAN': 251.6314, 'eccentricity': 4.05e-05, 'perigee': 268.3782, 'mean_anomaly': 283.6196, 'mean_motion': 1.00268008, 'rev_num': 0, 'line1': '1 50001U 21123A   25280.78313906 +.00000000 +00000+0 +00000+0 2 99998', 'line2': '2 50001   0.0030 251.6314 0000405 268.3782 283.6196  1.00268008000008', 'epoch': datetime.datetime(2025, 10, 7, 18, 47, 43, 214784)}"
cead35c6-bf7b-410d-b304-49535bff2531,U//PR-EXO-ELSETS,33274,2025-10-07T20:14:30.202817Z,1.002681143305173,33274,False,0.0001609534746875874,1.703955899485974,84.47398355024377,140.6959703281784,239.1504208687125,0.0,0.0,0.0,42165.76306670804,1436.149477443325,42172.54979278649,42158.9763406296,33274,1 33274U 08038A   25280.84340513 +.00000000 +00000+0 +00000+0 2 99992,2 33274   1.7040  84.4740 0001609 140.6960 239.1504  1.00268114000009,2025-10-07T21:51:31.430Z,system.exo,EXO,REAL,2,OPS1,"{'NORAD_ID': 33274, 'classification': 'U', 'COSPAR_ID': '08038A', 'BC': 0.0, 'n_ddot': 0.0, 'B_star': 0.0, 'ephemeris_type': 2, 'elset_num': 9999, 'inclination': 1.704, 'RAAN': 84.474, 'eccentricity': 0.0001609, 'perigee': 140.696, 'mean_anomaly': 239.1504, 'mean_motion': 1.00268114, 'rev_num': 0, 'line1': '1 33274U 08038A   25280.84340513 +.00000000 +00000+0 +00000+0 2 99992', 'line2': '2 33274   1.7040  84.4740 0001609 140.6960 239.1504  1.00268114000009', 'epoch': datetime.datetime(2025, 10, 7, 20, 14, 30, 203232)}"
6e760bc1-3a92-49e1-b0f1-50286bc6ceeb,U//PR-EXO-ELSETS,44231,2025-10-07T20:14:59.771918Z,1.002682521637116,44231,False,0.0006878069649628703,1.489389129672827,74.4276350695708,256.6984488356852,133.9313231107959,0.0,0.0,0.0,42165.72442474499,1436.147503248447,42194.72630368704,42136.72254580295,44231,1 44231U 19027A   25280.84374736 +.00000000 +00000+0 +00000+0 2 99991,2 44231   1.4894  74.4276 0006878 256.6984 133.9313  1.00268252000000,2025-10-07T21:51:31.441Z,system.exo,EXO,REAL,2,OPS1,"{'NORAD_ID': 44231, 'classification': 'U', 'COSPAR_ID': '19027A', 'BC': 0.0, 'n_ddot': 0.0, 'B_star': 0.0, 'ephemeris_type': 2, 'elset_num': 9999, 'inclination': 1.4894, 'RAAN': 74.4276, 'eccentricity': 0.0006878, 'perigee': 256.6984, 'mean_anomaly': 133.9313, 'mean_motion': 1.00268252, 'rev_num': 0, 'line1': '1 44231U 19027A   25280.84374736 +.00000000 +00000+0 +00000+0 2 99991', 'line2': '2 44231   1.4894  74.4276 0006878 256.6984 133.9313  1.00268252000000', 'epoch': datetime.datetime(2025, 10, 7, 20, 14, 59, 771904)}"
4c2db6c5-c421-49e2-be44-8a3231477224,U//PR-EXO-ELSETS,57624,2025-10-07T19:50:00.331248Z,1.002703419493001,57624,False,0.0004355145518964917,15.28787995384095,200.2230745560829,62.53288055465471,141.1585942371993,0.0,0.0,0.0,42165.13855772716,1436.117571762256,42183.50208915179,42146.77502630254,57624,1 57624U 23120A   25280.82639272 +.00000000 +00000+0 +00000+0 2 99997,2 57624  15.2879 200.2231 0004355  62.5329 141.1586  1.00270341000006,2025-10-07T21:48:31.835Z,system.exo,EXO,REAL,2,OPS1,"{'NORAD_ID': 57624, 'classification': 'U', 'COSPAR_ID': '23120A', 'BC': 0.0, 'n_ddot': 0.0, 'B_star': 0.0, 'ephemeris_type': 2, 'elset_num': 9999, 'inclination': 15.2879, 'RAAN': 200.2231, 'eccentricity': 0.0004355, 'perigee': 62.5329, 'mean_anomaly': 141.1586, 'mean_motion': 1.00270341, 'rev_num': 0, 'line1': '1 57624U 23120A   25280.82639272 +.00000000 +00000+0 +00000+0 2 99997', 'line2': '2 57624  15.2879 200.2231 0004355  62.5329 141.1586  1.00270341000006', 'epoch': datetime.datetime(2025, 10, 7, 19, 50, 0, 331008)}"
28f3aac5-2c88-47dd-b2ed-17e080a800a0,U//PR-EXO-ELSETS,40345,2025-10-07T20:55:24.626197Z,1.002683958142195,40345,False,8.13592794455561e-05,0.007997581258549026,213.7166377091548,97.31485358974457,109.5631263917766,0.0,0.0,0.0,42165.68415197424,1436.145445737537,42169.11472165418,42162.25358229431,40345,1 40345U 14082A   25280.87181280 +.00000000 +00000+0 +00000+0 2 99992,2 40345   0.0080 213.7166 0000813  97.3149 109.5631  1.00268395000006,2025-10-07T21:30:29.164Z,system.exo,EXO,REAL,2,OPS1,"{'NORAD_ID': 40345, 'classification': 'U', 'COSPAR_ID': '14082A', 'BC': 0.0, 'n_ddot': 0.0, 'B_star': 0.0, 'ephemeris_type': 2, 'elset_num': 9999, 'inclination': 0.008, 'RAAN': 213.7166, 'eccentricity': 8.13e-05, 'perigee': 97.3149, 'mean_anomaly': 109.5631, 'mean_motion': 1.00268395, 'rev_num': 0, 'line1': '1 40345U 14082A   25280.87181280 +.00000000 +00000+0 +00000+0 2 99992', 'line2': '2 40345   0.0080 213.7166 0000813  97.3149 109.5631  1.00268395000006', 'epoch': datetime.datetime(2025, 10, 7, 20, 55, 24, 625920)}"
d902829e-daf1-48c6-8fc4-917575ab79d0,U//PR-EXO-ELSETS,24769,2025-10-07T17:43:00.701002Z,0.991194828450341,24769,False,0.0004701516866949256,10.6660842394352,42.96569861430071,213.8298296527119,172.5047042219806,0.0,0.0,0.0,42490.89160361962,1452.792083521392,42510.86876797623,42470.914439263,24769,1 24769U 97016B   25280.73820256 +.00000000 +00000+0 +00000+0 2 99990,2 24769  10.6661  42.9657 0004701 213.8298 172.5047  0.99119482000007,2025-10-07T19:45:29.874Z,system.exo,EXO,REAL,2,OPS1,"{'NORAD_ID': 24769, 'classification': 'U', 'COSPAR_ID': '97016B', 'BC': 0.0, 'n_ddot': 0.0, 'B_star': 0.0, 'ephemeris_type': 2, 'elset_num': 9999, 'inclination': 10.6661, 'RAAN': 42.9657, 'eccentricity': 0.0004701, 'perigee': 213.8298, 'mean_anomaly': 172.5047, 'mean_motion': 0.99119482, 'rev_num': 0, 'line1': '1 24769U 97016B   25280.73820256 +.00000000 +00000+0 +00000+0 2 99990', 'line2': '2 24769  10.6661  42.9657 0004701 213.8298 172.5047  0.99119482000007', 'epoch': datetime.datetime(2025, 10, 7, 17, 43, 0, 701184)}"
ce81369c-9233-4510-af27-05e41b10d052,U//PR-EXO-ELSETS,62374,2025-10-07T20:22:57.606381Z,1.002646725050842,62374,False,0.0001139574322216265,1.274662396390079,286.9827564975448,214.1577820360978,327.8471567042308,0.0,0.0,0.0,42166.72802184004,1436.198776719668,42171.53323389059,42161.92280978948,62374,1 62374U 24246A   25280.84927785 +.00000000 +00000+0 +00000+0 2 99996,2 62374   1.2747 286.9828 0001139 214.1578 327.8472  1.00264672000001,2025-10-07T20:54:27.683Z,system.exo,EXO,REAL,2,OPS1,"{'NORAD_ID': 62374, 'classification': 'U', 'COSPAR_ID': '24246A', 'BC': 0.0, 'n_ddot': 0.0, 'B_star': 0.0, 'ephemeris_type': 2, 'elset_num': 9999, 'inclination': 1.2747, 'RAAN': 286.9828, 'eccentricity': 0.0001139, 'perigee': 214.1578, 'mean_anomaly': 327.8472, 'mean_motion': 1.00264672, 'rev_num': 0, 'line1': '1 62374U 24246A   25280.84927785 +.00000000 +00000+0 +00000+0 2 99996', 'line2': '2 62374   1.2747 286.9828 0001139 214.1578 327.8472  1.00264672000001', 'epoch': datetime.datetime(2025, 10, 7, 20, 22, 57, 606240)}"
33cc1fc1-fe22-466d-9168-a22fd5b8b369,U//PR-EXO-ELSETS,41591,2025-10-07T18:59:58.512889Z,1.002665856374336,41591,False,0.0002229989004648699,0.009766298726421825,245.7806953821937,313.5032236901701,252.9097912752841,0.0,0.0,0.0,42166.19164648642,1436.17137338961,42175.59466086038,42156.78863211246,41591,1 41591U 16039A   25280.79164945 +.00000000 +00000+0 +00000+0 2 99990,2 41591   0.0098 245.7807 0002229 313.5032 252.9098  1.00266585000002,2025-10-07T19:30:30.283Z,system.exo,EXO,REAL,2,OPS1,"{'NORAD_ID': 41591, 'classification': 'U', 'COSPAR_ID': '16039A', 'BC': 0.0, 'n_ddot': 0.0, 'B_star': 0.0, 'ephemeris_type': 2, 'elset_num': 9999, 'inclination': 0.0098, 'RAAN': 245.7807, 'eccentricity': 0.0002229, 'perigee': 313.5032, 'mean_anomaly': 252.9098, 'mean_motion': 1.00266585, 'rev_num': 0, 'line1': '1 41591U 16039A   25280.79164945 +.00000000 +00000+0 +00000+0 2 99990', 'line2': '2 41591   0.0098 245.7807 0002229 313.5032 252.9098  1.00266585000002', 'epoch': datetime.datetime(2025, 10, 7, 18, 59, 58, 512480)}"
6b68ac9a-4b57-4187-9db6-ee7d64b32a6f,U//PR-EXO-ELSETS,44868,2025-10-07T18:29:09.403949Z,1.002656827972009,44868,False,6.351897409707677e-05,0.04410067456759195,350.1465221696763,277.7546449800045,176.0673609191551,0.0,0.0,0.0,42166.44476916401,1436.184305364548,42169.12313847707,42163.76639985095,44868,1 44868U 19091A   25280.77024773 +.00000000 +00000+0 +00000+0 2 99993,2 44868   0.0441 350.1465 0000635 277.7546 176.0674  1.00265682000008,2025-10-07T19:30:30.289Z,system.exo,EXO,REAL,2,OPS1,"{'NORAD_ID': 44868, 'classification': 'U', 'COSPAR_ID': '19091A', 'BC': 0.0, 'n_ddot': 0.0, 'B_star': 0.0, 'ephemeris_type': 2, 'elset_num': 9999, 'inclination': 0.0441, 'RAAN': 350.1465, 'eccentricity': 6.35e-05, 'perigee': 277.7546, 'mean_anomaly': 176.0674, 'mean_motion': 1.00265682, 'rev_num': 0, 'line1': '1 44868U 19091A   25280.77024773 +.00000000 +00000+0 +00000+0 2 99993', 'line2': '2 44868   0.0441 350.1465 0000635 277.7546 176.0674  1.00265682000008', 'epoch': datetime.datetime(2025, 10, 7, 18, 29, 9, 403872)}"
223ce08f-26ab-4da9-a775-aff7eea58ebe,U//PR-EXO-ELSETS,41879,2025-10-07T18:59:52.560960Z,1.002650872978611,41879,False,3.730352766784713e-05,0.004473114709828539,199.6283157264173,61.35489584428652,190.4896279822478,0.0,0.0,0.0,42166.61172701438,1436.192835221038,42168.1846903816,42165.03876364716,41879,1 41879U 16075A   25280.79158057 +.00000000 +00000+0 +00000+0 2 99996,2 41879   0.0045 199.6283 0000373  61.3549 190.4896  1.00265087000005,2025-10-07T22:21:31.341Z,system.exo,EXO,REAL,2,OPS1,"{'NORAD_ID': 41879, 'classification': 'U', 'COSPAR_ID': '16075A', 'BC': 0.0, 'n_ddot': 0.0, 'B_star': 0.0, 'ephemeris_type': 2, 'elset_num': 9999, 'inclination': 0.0045, 'RAAN': 199.6283, 'eccentricity': 3.73e-05, 'perigee': 61.3549, 'mean_anomaly': 190.4896, 'mean_motion': 1.00265087, 'rev_num': 0, 'line1': '1 41879U 16075A   25280.79158057 +.00000000 +00000+0 +00000+0 2 99996', 'line2': '2 41879   0.0045 199.6283 0000373  61.3549 190.4896  1.00265087000005', 'epoch': datetime.datetime(2025, 10, 7, 18, 59, 52, 561248)}"
f04c65e4-f8d8-4706-aa21-08648ba74f19,U//PR-EXO-ELSETS,61991,2025-10-07T18:06:05.444005Z,1.020355093894433,61991,False,0.01157673186143538,1.027715454463064,100.3317067463528,241.3407810782883,99.61994226943462,0.0,0.0,0.0,41677.4338785077,1411.273397483508,42159.92235519189,41194.94540182351,61991,1 61991U 16053H   25280.75422968 +.00000000 +00000+0 +00000+0 2 99990,2 61991   1.0277 100.3317 0115767 241.3408  99.6199  1.02035509000007,2025-10-07T18:57:28.774Z,system.exo,EXO,REAL,2,OPS1,"{'NORAD_ID': 61991, 'classification': 'U', 'COSPAR_ID': '16053H', 'BC': 0.0, 'n_ddot': 0.0, 'B_star': 0.0, 'ephemeris_type': 2, 'elset_num': 9999, 'inclination': 1.0277, 'RAAN': 100.3317, 'eccentricity': 0.0115767, 'perigee': 241.3408, 'mean_anomaly': 99.6199, 'mean_motion': 1.02035509, 'rev_num': 0, 'line1': '1 61991U 16053H   25280.75422968 +.00000000 +00000+0 +00000+0 2 99990', 'line2': '2 61991   1.0277 100.3317 0115767 241.3408  99.6199  1.02035509000007', 'epoch': datetime.datetime(2025, 10, 7, 18, 6, 5, 444352)}"
4c1d473f-90e1-485e-bda2-122a1b565a87,U//PR-EXO-ELSETS,60327,2025-10-07T20:57:08.817143Z,1.002666116094936,60327,False,0.0002674578894723035,0.04456006169027528,71.82148634144134,182.0995175602592,230.2243150519337,0.0,0.0,0.0,42166.18436494716,1436.171001378146,42177.46204362451,42154.9066862698,60327,1 60327U 24135A   25280.87301872 +.00000000 +00000+0 +00000+0 2 99995,2 60327   0.0446  71.8215 0002674 182.0995 230.2243  1.00266611000000,2025-10-07T21:42:29.637Z,system.exo,EXO,REAL,2,OPS1,"{'NORAD_ID': 60327, 'classification': 'U', 'COSPAR_ID': '24135A', 'BC': 0.0, 'n_ddot': 0.0, 'B_star': 0.0, 'ephemeris_type': 2, 'elset_num': 9999, 'inclination': 0.0446, 'RAAN': 71.8215, 'eccentricity': 0.0002674, 'perigee': 182.0995, 'mean_anomaly': 230.2243, 'mean_motion': 1.00266611, 'rev_num': 0, 'line1': '1 60327U 24135A   25280.87301872 +.00000000 +00000+0 +00000+0 2 99995', 'line2': '2 60327   0.0446  71.8215 0002674 182.0995 230.2243  1.00266611000000', 'epoch': datetime.datetime(2025, 10, 7, 20, 57, 8, 817408)}"
66125f59-fd52-4519-a1f2-3b8fa4538622,U//PR-EXO-ELSETS,41471,2025-10-07T18:40:04.788043Z,1.002653876765065,41471,False,8.83714408855852e-05,0.03189120520022259,51.42288540224971,173.1728495319587,226.1105982607374,0.0,0.0,0.0,42166.52751080692,1436.188532623019,42170.25382760019,42162.80119401365,41471,1 41471U 16028A   25280.77783319 +.00000000 +00000+0 +00000+0 2 99995,2 41471   0.0319  51.4229 0000883 173.1728 226.1106  1.00265387000003,2025-10-07T19:30:30.281Z,system.exo,EXO,REAL,2,OPS1,"{'NORAD_ID': 41471, 'classification': 'U', 'COSPAR_ID': '16028A', 'BC': 0.0, 'n_ddot': 0.0, 'B_star': 0.0, 'ephemeris_type': 2, 'elset_num': 9999, 'inclination': 0.0319, 'RAAN': 51.4229, 'eccentricity': 8.83e-05, 'perigee': 173.1728, 'mean_anomaly': 226.1106, 'mean_motion': 1.00265387, 'rev_num': 0, 'line1': '1 41471U 16028A   25280.77783319 +.00000000 +00000+0 +00000+0 2 99995', 'line2': '2 41471   0.0319  51.4229 0000883 173.1728 226.1106  1.00265387000003', 'epoch': datetime.datetime(2025, 10, 7, 18, 40, 4, 787616)}"
69a34f08-b629-4a4d-a373-bedb5ab7ce00,U//PR-EXO-ELSETS,62456,2025-10-07T18:57:42.244830Z,1.00268940839605,62456,False,0.0001655215500691097,0.03895020962367466,124.0047970016333,85.17899384730659,244.100859320827,0.0,0.0,0.0,42165.53135365079,1436.137639374781,42172.51065775994,42158.55204954164,62456,1 62456U 24252C   25280.79007228 +.00000000 +00000+0 +00000+0 2 99999,2 62456   0.0390 124.0048 0001655  85.1790 244.1009  1.00268940000003,2025-10-07T19:27:29.240Z,system.exo,EXO,REAL,2,OPS1,"{'NORAD_ID': 62456, 'classification': 'U', 'COSPAR_ID': '24252C', 'BC': 0.0, 'n_ddot': 0.0, 'B_star': 0.0, 'ephemeris_type': 2, 'elset_num': 9999, 'inclination': 0.039, 'RAAN': 124.0048, 'eccentricity': 0.0001655, 'perigee': 85.179, 'mean_anomaly': 244.1009, 'mean_motion': 1.0026894, 'rev_num': 0, 'line1': '1 62456U 24252C   25280.79007228 +.00000000 +00000+0 +00000+0 2 99999', 'line2': '2 62456   0.0390 124.0048 0001655  85.1790 244.1009  1.00268940000003', 'epoch': datetime.datetime(2025, 10, 7, 18, 57, 42, 244992)}"
04a93509-afd8-46a4-939b-4ba1fa688682,U//PR-EXO-ELSETS,53355,2025-10-07T18:36:59.427390Z,1.002675762198139,53355,False,0.000210257975743689,3.710540406430598,313.98134583439,255.2534112624828,225.6940134230207,0.0,0.0,0.0,42165.91392855846,1436.157184894075,42174.77964826646,42157.04820885046,53355,1 53355U 22092A   25280.77568782 +.00000000 +00000+0 +00000+0 2 99992,2 53355   3.7105 313.9813 0002102 255.2534 225.6940  1.00267576000000,2025-10-07T19:00:30.577Z,system.exo,EXO,REAL,2,OPS1,"{'NORAD_ID': 53355, 'classification': 'U', 'COSPAR_ID': '22092A', 'BC': 0.0, 'n_ddot': 0.0, 'B_star': 0.0, 'ephemeris_type': 2, 'elset_num': 9999, 'inclination': 3.7105, 'RAAN': 313.9813, 'eccentricity': 0.0002102, 'perigee': 255.2534, 'mean_anomaly': 225.694, 'mean_motion': 1.00267576, 'rev_num': 0, 'line1': '1 53355U 22092A   25280.77568782 +.00000000 +00000+0 +00000+0 2 99992', 'line2': '2 53355   3.7105 313.9813 0002102 255.2534 225.6940  1.00267576000000', 'epoch': datetime.datetime(2025, 10, 7, 18, 36, 59, 427648)}"
2282c2e1-ff6a-40de-bf79-bc7def660943,U//PR-EXO-ELSETS,33749,2025-10-07T18:28:36.901048Z,1.002691408038197,33749,False,0.0002192820115198147,0.6031851054585802,84.57256119226243,110.5393980935778,281.8025234773907,0.0,0.0,0.0,42165.47529386279,1436.134775321765,42174.72142410192,42156.22916362367,33749,1 33749U 09008A   25280.76987154 +.00000000 +00000+0 +00000+0 2 99996,2 33749   0.6032  84.5726 0002192 110.5394 281.8025  1.00269140000007,2025-10-07T21:09:39.095Z,system.exo,EXO,REAL,2,OPS1,"{'NORAD_ID': 33749, 'classification': 'U', 'COSPAR_ID': '09008A', 'BC': 0.0, 'n_ddot': 0.0, 'B_star': 0.0, 'ephemeris_type': 2, 'elset_num': 9999, 'inclination': 0.6032, 'RAAN': 84.5726, 'eccentricity': 0.0002192, 'perigee': 110.5394, 'mean_anomaly': 281.8025, 'mean_motion': 1.0026914, 'rev_num': 0, 'line1': '1 33749U 09008A   25280.76987154 +.00000000 +00000+0 +00000+0 2 99996', 'line2': '2 33749   0.6032  84.5726 0002192 110.5394 281.8025  1.00269140000007', 'epoch': datetime.datetime(2025, 10, 7, 18, 28, 36, 901056)}"
1d712f3d-a389-4b1c-b412-c45992cf596a,U//PR-EXO-ELSETS,38978,2025-10-07T18:28:36.901048Z,1.00268312219012,38978,False,8.793576477621095e-05,0.02566845383905763,91.82215591890218,155.1806662973537,229.7880787262814,0.0,0.0,0.0,42165.70758808313,1436.146643073702,42169.41546182722,42161.99971433904,38978,1 38978U 12061B   25280.76987154 +.00000000 +00000+0 +00000+0 2 99998,2 38978   0.0257  91.8222 0000879 155.1807 229.7881  1.00268312000006,2025-10-07T21:09:39.108Z,system.exo,EXO,REAL,2,OPS1,"{'NORAD_ID': 38978, 'classification': 'U', 'COSPAR_ID': '12061B', 'BC': 0.0, 'n_ddot': 0.0, 'B_star': 0.0, 'ephemeris_type': 2, 'elset_num': 9999, 'inclination': 0.0257, 'RAAN': 91.8222, 'eccentricity': 8.79e-05, 'perigee': 155.1807, 'mean_anomaly': 229.7881, 'mean_motion': 1.00268312, 'rev_num': 0, 'line1': '1 38978U 12061B   25280.76987154 +.00000000 +00000+0 +00000+0 2 99998', 'line2': '2 38978   0.0257  91.8222 0000879 155.1807 229.7881  1.00268312000006', 'epoch': datetime.datetime(2025, 10, 7, 18, 28, 36, 901056)}"
ce226fc5-db3f-4bb4-bbec-8a9c2c18ecd7,U//PR-EXO-ELSETS,43488,2025-10-07T20:40:01.795234Z,1.0026655718322,43488,False,0.0002306638955537907,0.03018454777180594,56.41021670274959,193.5415486002704,171.8269695751912,0.0,0.0,0.0,42166.1996239271,1436.171780954487,42175.92584379305,42156.47340406115,43488,1 43488U 18049A   25280.86113189 +.00000000 +00000+0 +00000+0 2 99992,2 43488   0.0302  56.4102 0002306 193.5415 171.8270  1.00266557000009,2025-10-07T22:09:30.138Z,system.exo,EXO,REAL,2,OPS1,"{'NORAD_ID': 43488, 'classification': 'U', 'COSPAR_ID': '18049A', 'BC': 0.0, 'n_ddot': 0.0, 'B_star': 0.0, 'ephemeris_type': 2, 'elset_num': 9999, 'inclination': 0.0302, 'RAAN': 56.4102, 'eccentricity': 0.0002306, 'perigee': 193.5415, 'mean_anomaly': 171.827, 'mean_motion': 1.00266557, 'rev_num': 0, 'line1': '1 43488U 18049A   25280.86113189 +.00000000 +00000+0 +00000+0 2 99992', 'line2': '2 43488   0.0302  56.4102 0002306 193.5415 171.8270  1.00266557000009', 'epoch': datetime.datetime(2025, 10, 7, 20, 40, 1, 795296)}"
bebf563d-53d2-463f-8a94-f273fd5aa04e,U//PR-EXO-ELSETS,63524,2025-10-07T18:42:18.530387Z,1.002684744905108,63524,False,0.0002222787149556033,0.4063423651577017,83.22063263972754,173.0862837030782,205.4255232838446,0.0,0.0,0.0,42165.66209492457,1436.144318856949,42175.03462411027,42156.28956573886,63524,1 63524U 25073A   25280.77938114 +.00000000 +00000+0 +00000+0 2 99993,2 63524   0.4063  83.2206 0002222 173.0863 205.4255  1.00268474000007,2025-10-07T19:21:29.412Z,system.exo,EXO,REAL,2,OPS1,"{'NORAD_ID': 63524, 'classification': 'U', 'COSPAR_ID': '25073A', 'BC': 0.0, 'n_ddot': 0.0, 'B_star': 0.0, 'ephemeris_type': 2, 'elset_num': 9999, 'inclination': 0.4063, 'RAAN': 83.2206, 'eccentricity': 0.0002222, 'perigee': 173.0863, 'mean_anomaly': 205.4255, 'mean_motion': 1.00268474, 'rev_num': 0, 'line1': '1 63524U 25073A   25280.77938114 +.00000000 +00000+0 +00000+0 2 99993', 'line2': '2 63524   0.4063  83.2206 0002222 173.0863 205.4255  1.00268474000007', 'epoch': datetime.datetime(2025, 10, 7, 18, 42, 18, 530496)}"
d847fe1a-eedd-4a50-b75d-500427aca8af,U//PR-EXO-ELSETS,39727,2025-10-07T20:41:41.812233Z,1.002711545330319,39727,False,0.0003405647748260191,4.498125036212897,72.10774720882866,165.2483883894616,184.5575111616868,0.0,0.0,0.0,42164.91075707287,1436.105933661737,42179.27064041042,42150.55087373533,39727,1 39727U 14023A   25280.86228949 +.00000000 +00000+0 +00000+0 2 99992,2 39727   4.4981  72.1077 0003405 165.2484 184.5575  1.00271154000008,2025-10-07T21:48:31.814Z,system.exo,EXO,REAL,2,OPS1,"{'NORAD_ID': 39727, 'classification': 'U', 'COSPAR_ID': '14023A', 'BC': 0.0, 'n_ddot': 0.0, 'B_star': 0.0, 'ephemeris_type': 2, 'elset_num': 9999, 'inclination': 4.4981, 'RAAN': 72.1077, 'eccentricity': 0.0003405, 'perigee': 165.2484, 'mean_anomaly': 184.5575, 'mean_motion': 1.00271154, 'rev_num': 0, 'line1': '1 39727U 14023A   25280.86228949 +.00000000 +00000+0 +00000+0 2 99992', 'line2': '2 39727   4.4981  72.1077 0003405 165.2484 184.5575  1.00271154000008', 'epoch': datetime.datetime(2025, 10, 7, 20, 41, 41, 811936)}"
6e5bd692-a7c9-4a1c-93ef-c6468fae9c32,U//PR-EXO-ELSETS,55506,2025-10-07T18:34:20.099025Z,1.00268007870856,55506,False,0.0002847265319880359,0.07286171509960927,34.81122823571607,196.8401810458411,229.3804237656718,0.0,0.0,0.0,42165.79291306451,1436.151002276521,42177.79863304918,42153.78719307985,55506,1 55506U 23016A   25280.77384374 +.00000000 +00000+0 +00000+0 2 99992,2 55506   0.0729  34.8112 0002847 196.8402 229.3804  1.00268007000003,2025-10-07T19:30:30.294Z,system.exo,EXO,REAL,2,OPS1,"{'NORAD_ID': 55506, 'classification': 'U', 'COSPAR_ID': '23016A', 'BC': 0.0, 'n_ddot': 0.0, 'B_star': 0.0, 'ephemeris_type': 2, 'elset_num': 9999, 'inclination': 0.0729, 'RAAN': 34.8112, 'eccentricity': 0.0002847, 'perigee': 196.8402, 'mean_anomaly': 229.3804, 'mean_motion': 1.00268007, 'rev_num': 0, 'line1': '1 55506U 23016A   25280.77384374 +.00000000 +00000+0 +00000+0 2 99992', 'line2': '2 55506   0.0729  34.8112 0002847 196.8402 229.3804  1.00268007000003', 'epoch': datetime.datetime(2025, 10, 7, 18, 34, 20, 99136)}"
42f13257-a515-4444-a1dd-d7d9dfd65114,U//PR-EXO-ELSETS,38356,2025-10-07T18:34:20.099025Z,1.002686216439101,38356,False,0.0003235861205613595,0.02076912218984427,299.7030677617637,264.5801988237905,256.9949461975668,0.0,0.0,0.0,42165.62084026333,1436.142211183433,42179.2650499321,42151.97663059457,38356,1 38356U 12030A   25280.77384374 +.00000000 +00000+0 +00000+0 2 99990,2 38356   0.0208 299.7031 0003235 264.5802 256.9949  1.00268621000008,2025-10-07T21:42:29.624Z,system.exo,EXO,REAL,2,OPS1,"{'NORAD_ID': 38356, 'classification': 'U', 'COSPAR_ID': '12030A', 'BC': 0.0, 'n_ddot': 0.0, 'B_star': 0.0, 'ephemeris_type': 2, 'elset_num': 9999, 'inclination': 0.0208, 'RAAN': 299.7031, 'eccentricity': 0.0003235, 'perigee': 264.5802, 'mean_anomaly': 256.9949, 'mean_motion': 1.00268621, 'rev_num': 0, 'line1': '1 38356U 12030A   25280.77384374 +.00000000 +00000+0 +00000+0 2 99990', 'line2': '2 38356   0.0208 299.7031 0003235 264.5802 256.9949  1.00268621000008', 'epoch': datetime.datetime(2025, 10, 7, 18, 34, 20, 99136)}"
b13e9af3-b681-4210-965e-f25ccecf9712,U//PR-EXO-ELSETS,33460,2025-10-07T17:33:47.297486Z,0.987603069108255,33460,False,0.0001910601676526916,4.671694341265935,77.42141342142936,152.2912744499684,227.7460304988537,0.0,0.0,0.0,42593.8511180376,1458.075663232023,42601.98910637318,42585.71312970202,33460,1 33460U 08065B   25280.73179742 +.00000000 +00000+0 +00000+0 2 99991,2 33460   4.6717  77.4214 0001910 152.2913 227.7460  0.98760306000009,2025-10-07T19:12:29.754Z,system.exo,EXO,REAL,2,OPS1,"{'NORAD_ID': 33460, 'classification': 'U', 'COSPAR_ID': '08065B', 'BC': 0.0, 'n_ddot': 0.0, 'B_star': 0.0, 'ephemeris_type': 2, 'elset_num': 9999, 'inclination': 4.6717, 'RAAN': 77.4214, 'eccentricity': 0.000191, 'perigee': 152.2913, 'mean_anomaly': 227.746, 'mean_motion': 0.98760306, 'rev_num': 0, 'line1': '1 33460U 08065B   25280.73179742 +.00000000 +00000+0 +00000+0 2 99991', 'line2': '2 33460   4.6717  77.4214 0001910 152.2913 227.7460  0.98760306000009', 'epoch': datetime.datetime(2025, 10, 7, 17, 33, 47, 297088)}"
47d3d899-7e5e-427f-9e55-1aa8ac6f03f2,U//PR-EXO-ELSETS,35363,2025-10-07T17:26:05.900995Z,1.68678974672989,35363,False,0.4125016769157319,8.1523516395748,200.101313068227,63.62469579140573,170.1501555001541,0.0,0.0,0.0,29809.94861975522,853.6926447363511,42106.60241417606,17513.29482533439,35363,1 35363U 09032B   25280.72645719 +.00000000 +00000+0 +00000+0 2 99991,2 35363   8.1524 200.1013 4125016  63.6247 170.1502  1.68678974000008,2025-10-07T19:30:30.274Z,system.exo,EXO,REAL,2,OPS1,"{'NORAD_ID': 35363, 'classification': 'U', 'COSPAR_ID': '09032B', 'BC': 0.0, 'n_ddot': 0.0, 'B_star': 0.0, 'ephemeris_type': 2, 'elset_num': 9999, 'inclination': 8.1524, 'RAAN': 200.1013, 'eccentricity': 0.4125016, 'perigee': 63.6247, 'mean_anomaly': 170.1502, 'mean_motion': 1.68678974, 'rev_num': 0, 'line1': '1 35363U 09032B   25280.72645719 +.00000000 +00000+0 +00000+0 2 99991', 'line2': '2 35363   8.1524 200.1013 4125016  63.6247 170.1502  1.68678974000008', 'epoch': datetime.datetime(2025, 10, 7, 17, 26, 5, 901216)}"
1256ade8-82ef-4b67-a7d5-31d98c28aada,U//PR-EXO-ELSETS,30794,2025-10-07T20:41:41.812233Z,1.002649870653146,30794,False,0.0004038758917841882,4.65379168840165,76.77658528310475,137.4809737019644,208.1557127337591,0.0,0.0,0.0,42166.63982898888,1436.194270949195,42183.66991825336,42149.60973972441,30794,1 30794U 07007B   25280.86228949 +.00000000 +00000+0 +00000+0 2 99991,2 30794   4.6538  76.7766 0004038 137.4810 208.1557  1.00264987000004,2025-10-07T21:48:31.805Z,system.exo,EXO,REAL,2,OPS1,"{'NORAD_ID': 30794, 'classification': 'U', 'COSPAR_ID': '07007B', 'BC': 0.0, 'n_ddot': 0.0, 'B_star': 0.0, 'ephemeris_type': 2, 'elset_num': 9999, 'inclination': 4.6538, 'RAAN': 76.7766, 'eccentricity': 0.0004038, 'perigee': 137.481, 'mean_anomaly': 208.1557, 'mean_motion': 1.00264987, 'rev_num': 0, 'line1': '1 30794U 07007B   25280.86228949 +.00000000 +00000+0 +00000+0 2 99991', 'line2': '2 30794   4.6538  76.7766 0004038 137.4810 208.1557  1.00264987000004', 'epoch': datetime.datetime(2025, 10, 7, 20, 41, 41, 811936)}"
4b3feec0-732f-458a-8f5b-5115fdfda9ee,U//PR-EXO-ELSETS,43611,2025-10-07T18:37:48.216987Z,1.002662203785272,43611,False,0.000187794892450429,0.02334143368928455,256.7014485688089,309.3185474985957,228.1199631135124,0.0,0.0,0.0,42166.29405098277,1436.176605205303,42174.21266563911,42158.37543632644,43611,1 43611U 18069A   25280.77625251 +.00000000 +00000+0 +00000+0 2 99990,2 43611   0.0233 256.7014 0001877 309.3185 228.1200  1.00266220000006,2025-10-07T20:00:29.827Z,system.exo,EXO,REAL,2,OPS1,"{'NORAD_ID': 43611, 'classification': 'U', 'COSPAR_ID': '18069A', 'BC': 0.0, 'n_ddot': 0.0, 'B_star': 0.0, 'ephemeris_type': 2, 'elset_num': 9999, 'inclination': 0.0233, 'RAAN': 256.7014, 'eccentricity': 0.0001877, 'perigee': 309.3185, 'mean_anomaly': 228.12, 'mean_motion': 1.0026622, 'rev_num': 0, 'line1': '1 43611U 18069A   25280.77625251 +.00000000 +00000+0 +00000+0 2 99990', 'line2': '2 43611   0.0233 256.7014 0001877 309.3185 228.1200  1.00266220000006', 'epoch': datetime.datetime(2025, 10, 7, 18, 37, 48, 216864)}"
560ee7a5-050c-4763-8694-951077863ec5,U//PR-EXO-ELSETS,64407,2025-10-07T17:05:09.680852Z,0.9610366487615538,64407,False,0.03103132261135857,0.873366838830909,55.05148978219693,116.5037700039537,240.9388694384264,0.0,0.0,0.0,43375.24052241728,1498.381983512976,44721.23160441368,42029.24944042087,64407,1 64407U 16053AM  25280.71191760 +.00000000 +00000+0 +00000+0 2 99994,2 64407   0.8734  55.0515 0310313 116.5038 240.9389  0.96103664000001,2025-10-07T17:42:31.216Z,system.exo,EXO,REAL,2,OPS1,"{'NORAD_ID': 64407, 'classification': 'U', 'COSPAR_ID': '16053AM', 'BC': 0.0, 'n_ddot': 0.0, 'B_star': 0.0, 'ephemeris_type': 2, 'elset_num': 9999, 'inclination': 0.8734, 'RAAN': 55.0515, 'eccentricity': 0.0310313, 'perigee': 116.5038, 'mean_anomaly': 240.9389, 'mean_motion': 0.96103664, 'rev_num': 0, 'line1': '1 64407U 16053AM  25280.71191760 +.00000000 +00000+0 +00000+0 2 99994', 'line2': '2 64407   0.8734  55.0515 0310313 116.5038 240.9389  0.96103664000001', 'epoch': datetime.datetime(2025, 10, 7, 17, 5, 9, 680640)}"
e76ef9ce-a5cf-432d-b5f3-9a4eee95550d,U//PR-EXO-ELSETS,50574,2025-10-07T20:46:59.635333Z,1.002673980021865,50574,False,0.0002019067409922622,0.04870283976732878,48.08071877376786,224.3864506981422,193.3314937396597,0.0,0.0,0.0,42165.96389300062,1436.159737553575,42174.47748535105,42157.45030065018,50574,1 50574U 21135A   25280.86596800 +.00000000 +00000+0 +00000+0 2 99991,2 50574   0.0487  48.0807 0002019 224.3865 193.3315  1.00267398000002,2025-10-07T21:18:27.875Z,system.exo,EXO,REAL,2,OPS1,"{'NORAD_ID': 50574, 'classification': 'U', 'COSPAR_ID': '21135A', 'BC': 0.0, 'n_ddot': 0.0, 'B_star': 0.0, 'ephemeris_type': 2, 'elset_num': 9999, 'inclination': 0.0487, 'RAAN': 48.0807, 'eccentricity': 0.0002019, 'perigee': 224.3865, 'mean_anomaly': 193.3315, 'mean_motion': 1.00267398, 'rev_num': 0, 'line1': '1 50574U 21135A   25280.86596800 +.00000000 +00000+0 +00000+0 2 99991', 'line2': '2 50574   0.0487  48.0807 0002019 224.3865 193.3315  1.00267398000002', 'epoch': datetime.datetime(2025, 10, 7, 20, 46, 59, 635200)}"
fcd34574-1355-4c60-83ab-8105da50e54a,U//PR-EXO-ELSETS,39070,2025-10-07T18:09:01.904484Z,1.002639789965823,39070,False,0.0002161461311087105,3.16987153155815,26.09272073560749,65.16095329770766,23.3047141925286,0.0,0.0,0.0,42166.92246156446,1436.208710656781,42176.0366787153,42157.80824441363,39070,1 39070U 13004A   25280.75627204 +.00000000 +00000+0 +00000+0 2 99996,2 39070   3.1699  26.0927 0002161  65.1610  23.3047  1.00263978000009,2025-10-07T18:51:27.957Z,system.exo,EXO,REAL,2,OPS1,"{'NORAD_ID': 39070, 'classification': 'U', 'COSPAR_ID': '13004A', 'BC': 0.0, 'n_ddot': 0.0, 'B_star': 0.0, 'ephemeris_type': 2, 'elset_num': 9999, 'inclination': 3.1699, 'RAAN': 26.0927, 'eccentricity': 0.0002161, 'perigee': 65.161, 'mean_anomaly': 23.3047, 'mean_motion': 1.00263978, 'rev_num': 0, 'line1': '1 39070U 13004A   25280.75627204 +.00000000 +00000+0 +00000+0 2 99996', 'line2': '2 39070   3.1699  26.0927 0002161  65.1610  23.3047  1.00263978000009', 'epoch': datetime.datetime(2025, 10, 7, 18, 9, 1, 904256)}"
3b3a1a57-44cd-444f-aedc-0eecb3bf87c1,U//PR-EXO-ELSETS,29495,2025-10-07T18:54:26.291799Z,1.002680670858125,29495,False,0.0003897211537734634,2.377954965148316,82.78293898312295,119.866100971257,249.6537131478893,0.0,0.0,0.0,42165.7763119278,1436.150154133922,42182.20920692183,42149.34341693376,29495,1 29495U 06043B   25280.78780430 +.00000000 +00000+0 +00000+0 2 99995,2 29495   2.3780  82.7829 0003897 119.8661 249.6537  1.00268067000002,2025-10-07T19:21:29.399Z,system.exo,EXO,REAL,2,OPS1,"{'NORAD_ID': 29495, 'classification': 'U', 'COSPAR_ID': '06043B', 'BC': 0.0, 'n_ddot': 0.0, 'B_star': 0.0, 'ephemeris_type': 2, 'elset_num': 9999, 'inclination': 2.378, 'RAAN': 82.7829, 'eccentricity': 0.0003897, 'perigee': 119.8661, 'mean_anomaly': 249.6537, 'mean_motion': 1.00268067, 'rev_num': 0, 'line1': '1 29495U 06043B   25280.78780430 +.00000000 +00000+0 +00000+0 2 99995', 'line2': '2 29495   2.3780  82.7829 0003897 119.8661 249.6537  1.00268067000002', 'epoch': datetime.datetime(2025, 10, 7, 18, 54, 26, 291520)}"
6b00d809-6e42-4136-80e9-9e3d41c766e8,U//PR-EXO-ELSETS,27718,2025-10-07T18:53:13.276021Z,1.00266848375026,27718,False,0.000399827980225999,4.054276651030428,78.90108962039776,137.0928837419113,231.5632058023397,0.0,0.0,0.0,42166.11798539311,1436.167610069878,42182.97717918118,42149.25879160504,27718,1 27718U 03014A   25280.78695921 +.00000000 +00000+0 +00000+0 2 99996,2 27718   4.0543  78.9011 0003998 137.0929 231.5632  1.00266848000006,2025-10-07T21:54:32.234Z,system.exo,EXO,REAL,2,OPS1,"{'NORAD_ID': 27718, 'classification': 'U', 'COSPAR_ID': '03014A', 'BC': 0.0, 'n_ddot': 0.0, 'B_star': 0.0, 'ephemeris_type': 2, 'elset_num': 9999, 'inclination': 4.0543, 'RAAN': 78.9011, 'eccentricity': 0.0003998, 'perigee': 137.0929, 'mean_anomaly': 231.5632, 'mean_motion': 1.00266848, 'rev_num': 0, 'line1': '1 27718U 03014A   25280.78695921 +.00000000 +00000+0 +00000+0 2 99996', 'line2': '2 27718   4.0543  78.9011 0003998 137.0929 231.5632  1.00266848000006', 'epoch': datetime.datetime(2025, 10, 7, 18, 53, 13, 275744)}"
5cedcd8d-9321-4768-b647-95bac4ab85da,U//PR-EXO-ELSETS,45245,2025-10-07T17:56:27.138632Z,1.002665505759574,45245,False,0.000375859884663357,5.415036285517115,354.3308340450253,198.3835945569028,229.0413927211635,0.0,0.0,0.0,42166.20147634381,1436.171875593866,42182.05005996739,42150.35289272021,45245,1 45245U 20013A   25280.74753633 +.00000000 +00000+0 +00000+0 2 99990,2 45245   5.4150 354.3308 0003758 198.3836 229.0414  1.00266550000001,2025-10-07T18:54:28.927Z,system.exo,EXO,REAL,2,OPS1,"{'NORAD_ID': 45245, 'classification': 'U', 'COSPAR_ID': '20013A', 'BC': 0.0, 'n_ddot': 0.0, 'B_star': 0.0, 'ephemeris_type': 2, 'elset_num': 9999, 'inclination': 5.415, 'RAAN': 354.3308, 'eccentricity': 0.0003758, 'perigee': 198.3836, 'mean_anomaly': 229.0414, 'mean_motion': 1.0026655, 'rev_num': 0, 'line1': '1 45245U 20013A   25280.74753633 +.00000000 +00000+0 +00000+0 2 99990', 'line2': '2 45245   5.4150 354.3308 0003758 198.3836 229.0414  1.00266550000001', 'epoch': datetime.datetime(2025, 10, 7, 17, 56, 27, 138912)}"
a52aa7a9-f671-4b51-be92-769a9130b8c5,U//PR-EXO-ELSETS,27775,2025-10-07T17:11:48.705041Z,1.004558258553967,27775,False,0.003915726511125385,12.4180147749822,21.8706189199504,3.568502826937309,25.83203394905391,0.0,0.0,0.0,42113.21946254763,1433.465891836716,42278.12331246597,41948.3156126293,27775,1 27775U 03015A   25280.71653594 +.00000000 +00000+0 +00000+0 2 99993,2 27775  12.4180  21.8706 0039157   3.5685  25.8320  1.00455825000002,2025-10-07T17:54:28.665Z,system.exo,EXO,REAL,2,OPS1,"{'NORAD_ID': 27775, 'classification': 'U', 'COSPAR_ID': '03015A', 'BC': 0.0, 'n_ddot': 0.0, 'B_star': 0.0, 'ephemeris_type': 2, 'elset_num': 9999, 'inclination': 12.418, 'RAAN': 21.8706, 'eccentricity': 0.0039157, 'perigee': 3.5685, 'mean_anomaly': 25.832, 'mean_motion': 1.00455825, 'rev_num': 0, 'line1': '1 27775U 03015A   25280.71653594 +.00000000 +00000+0 +00000+0 2 99993', 'line2': '2 27775  12.4180  21.8706 0039157   3.5685  25.8320  1.00455825000002', 'epoch': datetime.datetime(2025, 10, 7, 17, 11, 48, 705216)}"
91244f02-b2d5-4463-8a4c-bab7538ace6d,U//PR-EXO-ELSETS,11440,2025-10-07T20:47:47.576775Z,1.002609330379519,11440,False,0.0006564553136507054,6.364906127710117,288.4360091093177,322.3620622924375,167.8010050670266,0.0,0.0,0.0,42167.7764868042,1436.25234312842,42195.4577477438,42140.09522586461,11440,1 11440U 79062A   25280.86652288 +.00000000 +00000+0 +00000+0 2 99995,2 11440   6.3649 288.4360 0006564 322.3621 167.8010  1.00260933000008,2025-10-07T21:57:29.812Z,system.exo,EXO,REAL,2,OPS1,"{'NORAD_ID': 11440, 'classification': 'U', 'COSPAR_ID': '79062A', 'BC': 0.0, 'n_ddot': 0.0, 'B_star': 0.0, 'ephemeris_type': 2, 'elset_num': 9999, 'inclination': 6.3649, 'RAAN': 288.436, 'eccentricity': 0.0006564, 'perigee': 322.3621, 'mean_anomaly': 167.801, 'mean_motion': 1.00260933, 'rev_num': 0, 'line1': '1 11440U 79062A   25280.86652288 +.00000000 +00000+0 +00000+0 2 99995', 'line2': '2 11440   6.3649 288.4360 0006564 322.3621 167.8010  1.00260933000008', 'epoch': datetime.datetime(2025, 10, 7, 20, 47, 47, 576832)}"
d1668f6c-f84b-4f2b-babf-ebd0bf8a8872,U//PR-EXO-ELSETS,28899,2025-10-07T18:52:01.844544Z,1.002676336921821,28899,False,0.0003317721033369621,4.7645031379602,43.6197467599785,176.2335744405551,223.3558251137513,0.0,0.0,0.0,42165.89781584708,1436.156361703664,42179.88728445453,42151.90834723962,28899,1 28899U 05044A   25280.78613246 +.00000000 +00000+0 +00000+0 2 99992,2 28899   4.7645  43.6197 0003317 176.2336 223.3558  1.00267633000002,2025-10-07T19:30:30.271Z,system.exo,EXO,REAL,2,OPS1,"{'NORAD_ID': 28899, 'classification': 'U', 'COSPAR_ID': '05044A', 'BC': 0.0, 'n_ddot': 0.0, 'B_star': 0.0, 'ephemeris_type': 2, 'elset_num': 9999, 'inclination': 4.7645, 'RAAN': 43.6197, 'eccentricity': 0.0003317, 'perigee': 176.2336, 'mean_anomaly': 223.3558, 'mean_motion': 1.00267633, 'rev_num': 0, 'line1': '1 28899U 05044A   25280.78613246 +.00000000 +00000+0 +00000+0 2 99992', 'line2': '2 28899   4.7645  43.6197 0003317 176.2336 223.3558  1.00267633000002', 'epoch': datetime.datetime(2025, 10, 7, 18, 52, 1, 844544)}"
ce085b82-30f6-4c22-b2c6-3b2c6a97b276,U//PR-EXO-ELSETS,27446,2025-10-07T20:23:28.037437Z,1.95983697438766,27446,False,0.7497671667210327,0.3245815468405361,257.2239362653764,318.8483537412758,320.4839143357459,0.0,0.0,0.0,26972.54323460568,734.7549917767625,47195.67055487654,6749.415914334819,27446,1 27446U 02030B   25280.84963006 +.00000000 +00000+0 +00000+0 2 99990,2 27446   0.3246 257.2239 7497671 318.8484 320.4839  1.95983697000003,2025-10-07T21:39:38.098Z,system.exo,EXO,REAL,2,OPS1,"{'NORAD_ID': 27446, 'classification': 'U', 'COSPAR_ID': '02030B', 'BC': 0.0, 'n_ddot': 0.0, 'B_star': 0.0, 'ephemeris_type': 2, 'elset_num': 9999, 'inclination': 0.3246, 'RAAN': 257.2239, 'eccentricity': 0.7497671, 'perigee': 318.8484, 'mean_anomaly': 320.4839, 'mean_motion': 1.95983697, 'rev_num': 0, 'line1': '1 27446U 02030B   25280.84963006 +.00000000 +00000+0 +00000+0 2 99990', 'line2': '2 27446   0.3246 257.2239 7497671 318.8484 320.4839  1.95983697000003', 'epoch': datetime.datetime(2025, 10, 7, 20, 23, 28, 37184)}"
71d8fe49-d704-434a-b2d6-0ecb75ca4dfc,U//PR-EXO-ELSETS,28628,2025-10-07T18:44:20.590477Z,1.002673134464254,28628,False,0.0003680849018779883,4.834158982250216,42.45978750565028,179.3536477162405,254.0760513123475,0.0,0.0,0.0,42165.9875987963,1436.160948671889,42181.50826220418,42150.4669353884,28628,1 28628U 05009A   25280.78079387 +.00000000 +00000+0 +00000+0 2 99995,2 28628   4.8342  42.4598 0003680 179.3536 254.0761  1.00267313000000,2025-10-07T19:36:29.091Z,system.exo,EXO,REAL,2,OPS1,"{'NORAD_ID': 28628, 'classification': 'U', 'COSPAR_ID': '05009A', 'BC': 0.0, 'n_ddot': 0.0, 'B_star': 0.0, 'ephemeris_type': 2, 'elset_num': 9999, 'inclination': 4.8342, 'RAAN': 42.4598, 'eccentricity': 0.000368, 'perigee': 179.3536, 'mean_anomaly': 254.0761, 'mean_motion': 1.00267313, 'rev_num': 0, 'line1': '1 28628U 05009A   25280.78079387 +.00000000 +00000+0 +00000+0 2 99995', 'line2': '2 28628   4.8342  42.4598 0003680 179.3536 254.0761  1.00267313000000', 'epoch': datetime.datetime(2025, 10, 7, 18, 44, 20, 590368)}"
a78dfb3a-f563-4c99-8b90-d828a9ef577b,U//PR-EXO-ELSETS,28542,2025-10-07T18:43:17.290076Z,0.9899715123482744,28542,False,0.0004148273818076136,3.680238537891194,79.83510709117444,135.8235370427096,237.516511368222,0.0,0.0,0.0,42525.88863252803,1454.587310885573,42543.5295355685,42508.24772948755,28542,1 28542U 05005A   25280.78006123 +.00000000 +00000+0 +00000+0 2 99994,2 28542   3.6802  79.8351 0004148 135.8235 237.5165  0.98997151000007,2025-10-07T19:54:28.838Z,system.exo,EXO,REAL,2,OPS1,"{'NORAD_ID': 28542, 'classification': 'U', 'COSPAR_ID': '05005A', 'BC': 0.0, 'n_ddot': 0.0, 'B_star': 0.0, 'ephemeris_type': 2, 'elset_num': 9999, 'inclination': 3.6802, 'RAAN': 79.8351, 'eccentricity': 0.0004148, 'perigee': 135.8235, 'mean_anomaly': 237.5165, 'mean_motion': 0.98997151, 'rev_num': 0, 'line1': '1 28542U 05005A   25280.78006123 +.00000000 +00000+0 +00000+0 2 99994', 'line2': '2 28542   3.6802  79.8351 0004148 135.8235 237.5165  0.98997151000007', 'epoch': datetime.datetime(2025, 10, 7, 18, 43, 17, 290272)}"
e1402a12-9379-4ead-baaf-b86c05ab7dae,U//PR-EXO-ELSETS,32253,2025-10-07T18:43:17.290076Z,0.9904945898666915,32253,False,0.0008716988623171378,2.901749435103544,81.75245641164702,132.9137728878163,238.6360305669626,0.0,0.0,0.0,42510.91544314435,1453.819147254309,42547.97215977219,42473.8587265165,32253,1 32253U 07044B   25280.78006123 +.00000000 +00000+0 +00000+0 2 99993,2 32253   2.9017  81.7525 0008716 132.9138 238.6360  0.99049458000009,2025-10-07T22:03:28.044Z,system.exo,EXO,REAL,2,OPS1,"{'NORAD_ID': 32253, 'classification': 'U', 'COSPAR_ID': '07044B', 'BC': 0.0, 'n_ddot': 0.0, 'B_star': 0.0, 'ephemeris_type': 2, 'elset_num': 9999, 'inclination': 2.9017, 'RAAN': 81.7525, 'eccentricity': 0.0008716, 'perigee': 132.9138, 'mean_anomaly': 238.636, 'mean_motion': 0.99049458, 'rev_num': 0, 'line1': '1 32253U 07044B   25280.78006123 +.00000000 +00000+0 +00000+0 2 99993', 'line2': '2 32253   2.9017  81.7525 0008716 132.9138 238.6360  0.99049458000009', 'epoch': datetime.datetime(2025, 10, 7, 18, 43, 17, 290272)}"
509f2797-78ed-4191-84d3-25cdc78300a6,U//PR-EXO-ELSETS,27831,2025-10-07T18:29:59.209955Z,1.002671130883275,27831,False,0.0005999509661672618,6.252078185297846,72.44872571295559,131.3083325828658,246.174969406796,0.0,0.0,0.0,42166.04377071546,1436.163818471039,42191.34132941515,42140.74621201577,27831,1 27831U 03028B   25280.77082419 +.00000000 +00000+0 +00000+0 2 99998,2 27831   6.2521  72.4487 0005999 131.3083 246.1750  1.00267113000008,2025-10-07T20:09:28.797Z,system.exo,EXO,REAL,2,OPS1,"{'NORAD_ID': 27831, 'classification': 'U', 'COSPAR_ID': '03028B', 'BC': 0.0, 'n_ddot': 0.0, 'B_star': 0.0, 'ephemeris_type': 2, 'elset_num': 9999, 'inclination': 6.2521, 'RAAN': 72.4487, 'eccentricity': 0.0005999, 'perigee': 131.3083, 'mean_anomaly': 246.175, 'mean_motion': 1.00267113, 'rev_num': 0, 'line1': '1 27831U 03028B   25280.77082419 +.00000000 +00000+0 +00000+0 2 99998', 'line2': '2 27831   6.2521  72.4487 0005999 131.3083 246.1750  1.00267113000008', 'epoch': datetime.datetime(2025, 10, 7, 18, 29, 59, 210016)}"
eb249beb-521f-45f3-8178-e22754bf1966,U//PR-EXO-ELSETS,26624,2025-10-07T18:44:42.027979Z,0.9895683618159623,26624,False,0.00117980844609648,4.538679401314121,77.8677692634311,167.3363237927734,208.9427009458434,0.0,0.0,0.0,42537.43789070971,1455.179910317109,42587.62391920847,42487.25186221094,26624,1 26624U 00076A   25280.78104199 +.00000000 +00000+0 +00000+0 2 99998,2 26624   4.5387  77.8678 0011798 167.3363 208.9427  0.98956836000003,2025-10-07T20:18:29.230Z,system.exo,EXO,REAL,2,OPS1,"{'NORAD_ID': 26624, 'classification': 'U', 'COSPAR_ID': '00076A', 'BC': 0.0, 'n_ddot': 0.0, 'B_star': 0.0, 'ephemeris_type': 2, 'elset_num': 9999, 'inclination': 4.5387, 'RAAN': 77.8678, 'eccentricity': 0.0011798, 'perigee': 167.3363, 'mean_anomaly': 208.9427, 'mean_motion': 0.98956836, 'rev_num': 0, 'line1': '1 26624U 00076A   25280.78104199 +.00000000 +00000+0 +00000+0 2 99998', 'line2': '2 26624   4.5387  77.8678 0011798 167.3363 208.9427  0.98956836000003', 'epoch': datetime.datetime(2025, 10, 7, 18, 44, 42, 27936)}"
c3d3d3c3-c48d-447d-b69f-e4f4c45be6f4,U//PR-EXO-ELSETS,27516,2025-10-07T17:43:00.701002Z,0.9927170890057065,27516,False,0.002131846214694562,10.75518079710982,43.98446135605612,214.6133059806033,171.0633402673253,0.0,0.0,0.0,42447.44266859364,1450.56433091354,42537.93408857015,42356.95124861714,27516,1 27516U 02042B   25280.73820256 +.00000000 +00000+0 +00000+0 2 99998,2 27516  10.7552  43.9845 0021318 214.6133 171.0633  0.99271708000005,2025-10-07T18:27:29.016Z,system.exo,EXO,REAL,2,OPS1,"{'NORAD_ID': 27516, 'classification': 'U', 'COSPAR_ID': '02042B', 'BC': 0.0, 'n_ddot': 0.0, 'B_star': 0.0, 'ephemeris_type': 2, 'elset_num': 9999, 'inclination': 10.7552, 'RAAN': 43.9845, 'eccentricity': 0.0021318, 'perigee': 214.6133, 'mean_anomaly': 171.0633, 'mean_motion': 0.99271708, 'rev_num': 0, 'line1': '1 27516U 02042B   25280.73820256 +.00000000 +00000+0 +00000+0 2 99998', 'line2': '2 27516  10.7552  43.9845 0021318 214.6133 171.0633  0.99271708000005', 'epoch': datetime.datetime(2025, 10, 7, 17, 43, 0, 701184)}"
e39bbe6d-154f-4578-8a4a-d37c7c2ad3e7,U//PR-EXO-ELSETS,55912,2025-10-07T18:52:53.212883Z,1.002652204774944,55912,False,0.0003160389688892856,1.159115849880727,331.0652970066377,334.0619229545932,143.0222626239093,0.0,0.0,0.0,42166.57438781139,1436.190927564184,42179.90066850251,42153.24810712028,55912,1 55912U 23036A   25280.78672700 +.00000000 +00000+0 +00000+0 2 99999,2 55912   1.1591 331.0653 0003160 334.0619 143.0223  1.00265220000001,2025-10-07T19:42:28.142Z,system.exo,EXO,REAL,2,OPS1,"{'NORAD_ID': 55912, 'classification': 'U', 'COSPAR_ID': '23036A', 'BC': 0.0, 'n_ddot': 0.0, 'B_star': 0.0, 'ephemeris_type': 2, 'elset_num': 9999, 'inclination': 1.1591, 'RAAN': 331.0653, 'eccentricity': 0.000316, 'perigee': 334.0619, 'mean_anomaly': 143.0223, 'mean_motion': 1.0026522, 'rev_num': 0, 'line1': '1 55912U 23036A   25280.78672700 +.00000000 +00000+0 +00000+0 2 99999', 'line2': '2 55912   1.1591 331.0653 0003160 334.0619 143.0223  1.00265220000001', 'epoch': datetime.datetime(2025, 10, 7, 18, 52, 53, 212800)}"
83fb8def-4ece-4251-ac3e-becb23f2a3f3,U//PR-EXO-ELSETS,5588,2025-10-07T18:53:13.276021Z,1.002799659379324,5588,False,0.0003176676765008314,2.201680193574448,262.9349648871059,23.73061908457436,161.5667524339574,0.0,0.0,0.0,42162.44075528684,1435.97974583605,42175.83439987717,42149.0471106965,5588,1 05588U 71095B   25280.78695921 +.00000000 +00000+0 +00000+0 2 99991,2 05588   2.2017 262.9350 0003176  23.7306 161.5668  1.00279965000007,2025-10-07T23:21:30.066Z,system.exo,EXO,REAL,2,OPS1,"{'NORAD_ID': 5588, 'classification': 'U', 'COSPAR_ID': '71095B', 'BC': 0.0, 'n_ddot': 0.0, 'B_star': 0.0, 'ephemeris_type': 2, 'elset_num': 9999, 'inclination': 2.2017, 'RAAN': 262.935, 'eccentricity': 0.0003176, 'perigee': 23.7306, 'mean_anomaly': 161.5668, 'mean_motion': 1.00279965, 'rev_num': 0, 'line1': '1 05588U 71095B   25280.78695921 +.00000000 +00000+0 +00000+0 2 99991', 'line2': '2 05588   2.2017 262.9350 0003176  23.7306 161.5668  1.00279965000007', 'epoch': datetime.datetime(2025, 10, 7, 18, 53, 13, 275744)}"
5a1405de-9223-4034-a93e-92b28b6857b7,U//PR-EXO-ELSETS,37265,2025-10-07T20:39:16.984533Z,1.002673792463693,37265,False,0.0002349652215977397,0.003254366873863024,233.1972811479098,350.709941463311,262.5803030848476,0.0,0.0,0.0,42165.96915132151,1436.160006198768,42175.87668760704,42156.06161503599,37265,1 37265U 10070B   25280.86061325 +.00000000 +00000+0 +00000+0 2 99998,2 37265   0.0033 233.1973 0002349 350.7099 262.5803  1.00267379000001,2025-10-07T21:57:29.825Z,system.exo,EXO,REAL,2,OPS1,"{'NORAD_ID': 37265, 'classification': 'U', 'COSPAR_ID': '10070B', 'BC': 0.0, 'n_ddot': 0.0, 'B_star': 0.0, 'ephemeris_type': 2, 'elset_num': 9999, 'inclination': 0.0033, 'RAAN': 233.1973, 'eccentricity': 0.0002349, 'perigee': 350.7099, 'mean_anomaly': 262.5803, 'mean_motion': 1.00267379, 'rev_num': 0, 'line1': '1 37265U 10070B   25280.86061325 +.00000000 +00000+0 +00000+0 2 99998', 'line2': '2 37265   0.0033 233.1973 0002349 350.7099 262.5803  1.00267379000001', 'epoch': datetime.datetime(2025, 10, 7, 20, 39, 16, 984800)}"
e9469e15-d4dc-4499-bb9e-acd013bbf5af,U//PR-EXO-ELSETS,37210,2025-10-07T17:59:36.333019Z,1.002662699220372,37210,False,0.0009530768127673334,3.014966486208347,70.12203819725049,174.8437629603947,201.5997028877512,0.0,0.0,0.0,42166.28016085879,1436.175895562569,42206.46786476075,42126.09245695682,37210,1 37210U 10057A   25280.74972608 +.00000000 +00000+0 +00000+0 2 99995,2 37210   3.0150  70.1220 0009530 174.8438 201.5997  1.00266269000003,2025-10-07T19:09:28.528Z,system.exo,EXO,REAL,2,OPS1,"{'NORAD_ID': 37210, 'classification': 'U', 'COSPAR_ID': '10057A', 'BC': 0.0, 'n_ddot': 0.0, 'B_star': 0.0, 'ephemeris_type': 2, 'elset_num': 9999, 'inclination': 3.015, 'RAAN': 70.122, 'eccentricity': 0.000953, 'perigee': 174.8438, 'mean_anomaly': 201.5997, 'mean_motion': 1.00266269, 'rev_num': 0, 'line1': '1 37210U 10057A   25280.74972608 +.00000000 +00000+0 +00000+0 2 99995', 'line2': '2 37210   3.0150  70.1220 0009530 174.8438 201.5997  1.00266269000003', 'epoch': datetime.datetime(2025, 10, 7, 17, 59, 36, 333312)}"
77fb0e37-7aff-4a61-b380-559c94c5b384,U//PR-EXO-ELSETS,35362,2025-10-07T20:39:24.318551Z,1.002674967198255,35362,False,0.0002513864341253967,0.03880581418719165,349.6285516127625,242.0724645200262,254.9271455510501,0.0,0.0,0.0,42165.93621686615,1436.158323592888,42176.53616121326,42155.33627251903,35362,1 35362U 09032A   25280.86069813 +.00000000 +00000+0 +00000+0 2 99990,2 35362   0.0388 349.6286 0002513 242.0725 254.9271  1.00267496000006,2025-10-07T22:12:29.928Z,system.exo,EXO,REAL,2,OPS1,"{'NORAD_ID': 35362, 'classification': 'U', 'COSPAR_ID': '09032A', 'BC': 0.0, 'n_ddot': 0.0, 'B_star': 0.0, 'ephemeris_type': 2, 'elset_num': 9999, 'inclination': 0.0388, 'RAAN': 349.6286, 'eccentricity': 0.0002513, 'perigee': 242.0725, 'mean_anomaly': 254.9271, 'mean_motion': 1.00267496, 'rev_num': 0, 'line1': '1 35362U 09032A   25280.86069813 +.00000000 +00000+0 +00000+0 2 99990', 'line2': '2 35362   0.0388 349.6286 0002513 242.0725 254.9271  1.00267496000006', 'epoch': datetime.datetime(2025, 10, 7, 20, 39, 24, 318432)}"
9d1a4045-96c3-4fc6-a403-979d9ee13379,U//PR-EXO-ELSETS,15693,2025-10-07T18:07:22.116491Z,1.032847930450165,15693,False,0.001852721154807528,7.584548686461228,307.7162704961185,256.9117107094536,265.818637080913,0.0,0.0,0.0,41340.67912178054,1394.203306746597,41417.27187254358,41264.08637101751,15693,1 15693U 84063F   25280.75511709 +.00000000 +00000+0 +00000+0 2 99996,2 15693   7.5845 307.7163 0018527 256.9117 265.8186  1.03284793000009,2025-10-07T18:45:28.187Z,system.exo,EXO,REAL,2,OPS1,"{'NORAD_ID': 15693, 'classification': 'U', 'COSPAR_ID': '84063F', 'BC': 0.0, 'n_ddot': 0.0, 'B_star': 0.0, 'ephemeris_type': 2, 'elset_num': 9999, 'inclination': 7.5845, 'RAAN': 307.7163, 'eccentricity': 0.0018527, 'perigee': 256.9117, 'mean_anomaly': 265.8186, 'mean_motion': 1.03284793, 'rev_num': 0, 'line1': '1 15693U 84063F   25280.75511709 +.00000000 +00000+0 +00000+0 2 99996', 'line2': '2 15693   7.5845 307.7163 0018527 256.9117 265.8186  1.03284793000009', 'epoch': datetime.datetime(2025, 10, 7, 18, 7, 22, 116576)}"
2daf9f16-7b21-40b6-9e24-33463ce2a4de,U//PR-EXO-ELSETS,12351,2025-10-07T18:08:14.932017Z,1.003409211038795,12351,False,0.008150413564055648,6.906518723455285,291.8455764594758,266.6698046374285,258.5047716191622,0.0,0.0,0.0,42145.36378196389,1435.107415955667,42488.86592659447,41801.86163733331,12351,1 12351U 81027A   25280.75572838 +.00000000 +00000+0 +00000+0 2 99991,2 12351   6.9065 291.8456 0081504 266.6698 258.5048  1.00340921000008,2025-10-07T20:15:28.346Z,system.exo,EXO,REAL,2,OPS1,"{'NORAD_ID': 12351, 'classification': 'U', 'COSPAR_ID': '81027A', 'BC': 0.0, 'n_ddot': 0.0, 'B_star': 0.0, 'ephemeris_type': 2, 'elset_num': 9999, 'inclination': 6.9065, 'RAAN': 291.8456, 'eccentricity': 0.0081504, 'perigee': 266.6698, 'mean_anomaly': 258.5048, 'mean_motion': 1.00340921, 'rev_num': 0, 'line1': '1 12351U 81027A   25280.75572838 +.00000000 +00000+0 +00000+0 2 99991', 'line2': '2 12351   6.9065 291.8456 0081504 266.6698 258.5048  1.00340921000008', 'epoch': datetime.datetime(2025, 10, 7, 18, 8, 14, 932032)}"
9b5769b8-2faa-4487-9773-afaef1cc8c0e,U//PR-EXO-ELSETS,43342,2025-10-07T16:29:38.050813Z,1.023185479875507,43342,False,0.002456729726628791,6.483200085979894,70.14905172191195,159.8394080627837,182.9955625228656,0.0,0.0,0.0,41600.53828801053,1407.369463623749,41702.73956706644,41498.33700895462,43342,1 43342U 18036D   25280.68724596 +.00000000 +00000+0 +00000+0 2 99997,2 43342   6.4832  70.1491 0024567 159.8394 182.9956  1.02318547000007,2025-10-07T17:48:28.378Z,system.exo,EXO,REAL,2,OPS1,"{'NORAD_ID': 43342, 'classification': 'U', 'COSPAR_ID': '18036D', 'BC': 0.0, 'n_ddot': 0.0, 'B_star': 0.0, 'ephemeris_type': 2, 'elset_num': 9999, 'inclination': 6.4832, 'RAAN': 70.1491, 'eccentricity': 0.0024567, 'perigee': 159.8394, 'mean_anomaly': 182.9956, 'mean_motion': 1.02318547, 'rev_num': 0, 'line1': '1 43342U 18036D   25280.68724596 +.00000000 +00000+0 +00000+0 2 99997', 'line2': '2 43342   6.4832  70.1491 0024567 159.8394 182.9956  1.02318547000007', 'epoch': datetime.datetime(2025, 10, 7, 16, 29, 38, 50944)}"
b8cef459-2706-4157-8ad5-129f6c872864,U//PR-EXO-ELSETS,26554,2025-10-07T18:40:00.169922Z,1.002680691217076,26554,False,0.0003295016805325107,1.467632160428188,84.38528062943554,121.8326529672254,266.4745761306758,0.0,0.0,0.0,42165.77574115719,1436.150124973581,42179.66943512486,42151.88204718953,26554,1 26554U 00059A   25280.77777974 +.00000000 +00000+0 +00000+0 2 99997,2 26554   1.4676  84.3853 0003295 121.8327 266.4746  1.00268069000009,2025-10-07T19:42:28.128Z,system.exo,EXO,REAL,2,OPS1,"{'NORAD_ID': 26554, 'classification': 'U', 'COSPAR_ID': '00059A', 'BC': 0.0, 'n_ddot': 0.0, 'B_star': 0.0, 'ephemeris_type': 2, 'elset_num': 9999, 'inclination': 1.4676, 'RAAN': 84.3853, 'eccentricity': 0.0003295, 'perigee': 121.8327, 'mean_anomaly': 266.4746, 'mean_motion': 1.00268069, 'rev_num': 0, 'line1': '1 26554U 00059A   25280.77777974 +.00000000 +00000+0 +00000+0 2 99997', 'line2': '2 26554   1.4676  84.3853 0003295 121.8327 266.4746  1.00268069000009', 'epoch': datetime.datetime(2025, 10, 7, 18, 40, 0, 169536)}"
6b7f7d32-d1c0-4ade-956e-5443e29adf74,U//PR-EXO-ELSETS,41869,2025-10-07T17:43:29.194954Z,1.002691335205318,41869,False,0.004714181033027293,0.2118699266689243,80.32434524110307,94.47590048802405,284.5213454175403,0.0,0.0,0.0,42165.47733572273,1436.134879638842,42364.25302922734,41966.70164221813,41869,1 41869U 16072A   25280.73853235 +.00000000 +00000+0 +00000+0 2 99996,2 41869   0.2119  80.3243 0047141  94.4759 284.5213  1.00269133000008,2025-10-07T18:21:30.272Z,system.exo,EXO,REAL,2,OPS1,"{'NORAD_ID': 41869, 'classification': 'U', 'COSPAR_ID': '16072A', 'BC': 0.0, 'n_ddot': 0.0, 'B_star': 0.0, 'ephemeris_type': 2, 'elset_num': 9999, 'inclination': 0.2119, 'RAAN': 80.3243, 'eccentricity': 0.0047141, 'perigee': 94.4759, 'mean_anomaly': 284.5213, 'mean_motion': 1.00269133, 'rev_num': 0, 'line1': '1 41869U 16072A   25280.73853235 +.00000000 +00000+0 +00000+0 2 99996', 'line2': '2 41869   0.2119  80.3243 0047141  94.4759 284.5213  1.00269133000008', 'epoch': datetime.datetime(2025, 10, 7, 17, 43, 29, 195040)}"
70f727fc-b845-424f-801c-7fab9b10fbd1,U//PR-EXO-ELSETS,63924,2025-10-07T20:38:42.506990Z,1.002648525438818,63924,False,0.0003235275712097039,3.737068784819891,313.9671622619908,271.4210326940428,242.2692805183354,0.0,0.0,0.0,42166.67754453524,1436.196197834901,42180.3196273072,42153.03546176328,63924,1 63924U 25097A   25280.86021420 +.00000000 +00000+0 +00000+0 2 99996,2 63924   3.7371 313.9672 0003235 271.4210 242.2693  1.00264852000004,2025-10-07T21:03:29.141Z,system.exo,EXO,REAL,2,OPS1,"{'NORAD_ID': 63924, 'classification': 'U', 'COSPAR_ID': '25097A', 'BC': 0.0, 'n_ddot': 0.0, 'B_star': 0.0, 'ephemeris_type': 2, 'elset_num': 9999, 'inclination': 3.7371, 'RAAN': 313.9672, 'eccentricity': 0.0003235, 'perigee': 271.421, 'mean_anomaly': 242.2693, 'mean_motion': 1.00264852, 'rev_num': 0, 'line1': '1 63924U 25097A   25280.86021420 +.00000000 +00000+0 +00000+0 2 99996', 'line2': '2 63924   3.7371 313.9672 0003235 271.4210 242.2693  1.00264852000004', 'epoch': datetime.datetime(2025, 10, 7, 20, 38, 42, 506880)}"
3d06adc5-f6f4-4115-ac02-e59ed1aaf985,U//PR-EXO-ELSETS,26480,2025-10-07T20:33:44.058236Z,0.9819054875477641,26480,False,0.001199704852365008,14.43583863608151,12.01336797786078,21.89093147848009,66.9844762886741,0.0,0.0,0.0,42758.46156189444,1466.536258592762,42809.75909570992,42707.16402807898,26480,1 26480U 00049D   25280.85675993 +.00000000 +00000+0 +00000+0 2 99991,2 26480  14.4358  12.0134 0011997  21.8909  66.9845  0.98190548000006,2025-10-08T00:51:29.088Z,system.exo,EXO,REAL,2,OPS1,"{'NORAD_ID': 26480, 'classification': 'U', 'COSPAR_ID': '00049D', 'BC': 0.0, 'n_ddot': 0.0, 'B_star': 0.0, 'ephemeris_type': 2, 'elset_num': 9999, 'inclination': 14.4358, 'RAAN': 12.0134, 'eccentricity': 0.0011997, 'perigee': 21.8909, 'mean_anomaly': 66.9845, 'mean_motion': 0.98190548, 'rev_num': 0, 'line1': '1 26480U 00049D   25280.85675993 +.00000000 +00000+0 +00000+0 2 99991', 'line2': '2 26480  14.4358  12.0134 0011997  21.8909  66.9845  0.98190548000006', 'epoch': datetime.datetime(2025, 10, 7, 20, 33, 44, 57952)}"
36b46123-4e64-4e4b-9f54-d20c3eedc496,U//PR-EXO-ELSETS,58204,2025-10-07T18:40:03.479500Z,1.002673318626772,58204,False,0.0004934345885114468,1.88704373136755,83.51525622083317,144.3109104047732,241.8616550881858,0.0,0.0,0.0,42165.98243566918,1436.160684890046,42186.78858986151,42145.17628147686,58204,1 58204U 23169A   25280.77781805 +.00000000 +00000+0 +00000+0 2 99999,2 58204   1.8870  83.5153 0004934 144.3109 241.8617  1.00267331000004,2025-10-07T19:18:29.153Z,system.exo,EXO,REAL,2,OPS1,"{'NORAD_ID': 58204, 'classification': 'U', 'COSPAR_ID': '23169A', 'BC': 0.0, 'n_ddot': 0.0, 'B_star': 0.0, 'ephemeris_type': 2, 'elset_num': 9999, 'inclination': 1.887, 'RAAN': 83.5153, 'eccentricity': 0.0004934, 'perigee': 144.3109, 'mean_anomaly': 241.8617, 'mean_motion': 1.00267331, 'rev_num': 0, 'line1': '1 58204U 23169A   25280.77781805 +.00000000 +00000+0 +00000+0 2 99999', 'line2': '2 58204   1.8870  83.5153 0004934 144.3109 241.8617  1.00267331000004', 'epoch': datetime.datetime(2025, 10, 7, 18, 40, 3, 479520)}"
4ddccc63-12f3-4ca1-bb1a-327f2383b828,U//PR-EXO-ELSETS,65486,2025-10-07T19:53:02.136740Z,1.002727396896612,65486,False,0.001120355611516269,28.54539488947764,21.71374080242805,175.468048426072,212.9006677603517,0.0,0.0,0.0,42164.46638130256,1436.083231052352,42211.70557781944,42117.22718478568,65486,1 65486U 25196A   25280.82849695 +.00000000 +00000+0 +00000+0 2 99999,2 65486  28.5454  21.7137 0011203 175.4680 212.9007  1.00272739000000,2025-10-07T20:54:27.685Z,system.exo,EXO,REAL,2,OPS1,"{'NORAD_ID': 65486, 'classification': 'U', 'COSPAR_ID': '25196A', 'BC': 0.0, 'n_ddot': 0.0, 'B_star': 0.0, 'ephemeris_type': 2, 'elset_num': 9999, 'inclination': 28.5454, 'RAAN': 21.7137, 'eccentricity': 0.0011203, 'perigee': 175.468, 'mean_anomaly': 212.9007, 'mean_motion': 1.00272739, 'rev_num': 0, 'line1': '1 65486U 25196A   25280.82849695 +.00000000 +00000+0 +00000+0 2 99999', 'line2': '2 65486  28.5454  21.7137 0011203 175.4680 212.9007  1.00272739000000', 'epoch': datetime.datetime(2025, 10, 7, 19, 53, 2, 136480)}"
6d441721-0a1f-437f-96c2-0cb2cbb2f769,U//PR-EXO-ELSETS,19397,2025-10-07T20:28:08.515820Z,0.9998528186960353,19397,False,0.0009882166426805911,11.85163261826329,331.4589102797788,86.7814898302896,57.39963348966992,0.0,0.0,0.0,42245.24297179627,1440.211972276065,42286.99042397508,42203.49551961746,19397,1 19397U 88071A   25280.85287634 +.00000000 +00000+0 +00000+0 2 99992,2 19397  11.8516 331.4589 0009882  86.7815  57.3996  0.99985281000008,2025-10-08T00:21:30.172Z,system.exo,EXO,REAL,2,OPS1,"{'NORAD_ID': 19397, 'classification': 'U', 'COSPAR_ID': '88071A', 'BC': 0.0, 'n_ddot': 0.0, 'B_star': 0.0, 'ephemeris_type': 2, 'elset_num': 9999, 'inclination': 11.8516, 'RAAN': 331.4589, 'eccentricity': 0.0009882, 'perigee': 86.7815, 'mean_anomaly': 57.3996, 'mean_motion': 0.99985281, 'rev_num': 0, 'line1': '1 19397U 88071A   25280.85287634 +.00000000 +00000+0 +00000+0 2 99992', 'line2': '2 19397  11.8516 331.4589 0009882  86.7815  57.3996  0.99985281000008', 'epoch': datetime.datetime(2025, 10, 7, 20, 28, 8, 515776)}"
41d9d976-112e-4407-b057-b8d334882df3,U//PR-EXO-ELSETS,25924,2025-10-07T18:42:59.283012Z,1.002680710085363,25924,False,0.0002086214833321454,0.05163996143619681,73.11679139657474,168.2097605520266,215.0960239624572,0.0,0.0,0.0,42165.77521217794,1436.150097948336,42174.57189874855,42156.97852560733,25924,1 25924U 99053A   25280.77985281 +.00000000 +00000+0 +00000+0 2 99991,2 25924   0.0516  73.1168 0002086 168.2098 215.0960  1.00268071000000,2025-10-07T20:00:29.817Z,system.exo,EXO,REAL,2,OPS1,"{'NORAD_ID': 25924, 'classification': 'U', 'COSPAR_ID': '99053A', 'BC': 0.0, 'n_ddot': 0.0, 'B_star': 0.0, 'ephemeris_type': 2, 'elset_num': 9999, 'inclination': 0.0516, 'RAAN': 73.1168, 'eccentricity': 0.0002086, 'perigee': 168.2098, 'mean_anomaly': 215.096, 'mean_motion': 1.00268071, 'rev_num': 0, 'line1': '1 25924U 99053A   25280.77985281 +.00000000 +00000+0 +00000+0 2 99991', 'line2': '2 25924   0.0516  73.1168 0002086 168.2098 215.0960  1.00268071000000', 'epoch': datetime.datetime(2025, 10, 7, 18, 42, 59, 282784)}"
a15c73f5-cd51-4863-8ede-640aab605f50,U//PR-EXO-ELSETS,28924,2025-10-07T18:03:15.392463Z,1.002677160450507,28924,False,0.0006418491446496563,3.574448542250696,79.6370298357338,121.8032439209481,260.0335891242179,0.0,0.0,0.0,42165.87472777012,1436.155182145569,42192.93885839754,42138.81059714269,28924,1 28924U 05052A   25280.75226149 +.00000000 +00000+0 +00000+0 2 99999,2 28924   3.5744  79.6370 0006418 121.8032 260.0336  1.00267716000008,2025-10-07T19:12:29.741Z,system.exo,EXO,REAL,2,OPS1,"{'NORAD_ID': 28924, 'classification': 'U', 'COSPAR_ID': '05052A', 'BC': 0.0, 'n_ddot': 0.0, 'B_star': 0.0, 'ephemeris_type': 2, 'elset_num': 9999, 'inclination': 3.5744, 'RAAN': 79.637, 'eccentricity': 0.0006418, 'perigee': 121.8032, 'mean_anomaly': 260.0336, 'mean_motion': 1.00267716, 'rev_num': 0, 'line1': '1 28924U 05052A   25280.75226149 +.00000000 +00000+0 +00000+0 2 99999', 'line2': '2 28924   3.5744  79.6370 0006418 121.8032 260.0336  1.00267716000008', 'epoch': datetime.datetime(2025, 10, 7, 18, 3, 15, 392736)}"
eea3eb79-cd10-4d8e-ad77-692a23fc10f8,U//PR-EXO-ELSETS,40267,2025-10-07T20:54:43.209886Z,1.00267406443678,40267,False,0.000114357552565192,0.01878927553879303,164.7478007490462,49.60790593681713,256.7696667604753,0.0,0.0,0.0,42165.9615263716,1436.159616643594,42170.78352253332,42161.13953020989,40267,1 40267U 14060A   25280.87133345 +.00000000 +00000+0 +00000+0 2 99990,2 40267   0.0188 164.7478 0001143  49.6079 256.7697  1.00267406000007,2025-10-07T21:24:29.300Z,system.exo,EXO,REAL,2,OPS1,"{'NORAD_ID': 40267, 'classification': 'U', 'COSPAR_ID': '14060A', 'BC': 0.0, 'n_ddot': 0.0, 'B_star': 0.0, 'ephemeris_type': 2, 'elset_num': 9999, 'inclination': 0.0188, 'RAAN': 164.7478, 'eccentricity': 0.0001143, 'perigee': 49.6079, 'mean_anomaly': 256.7697, 'mean_motion': 1.00267406, 'rev_num': 0, 'line1': '1 40267U 14060A   25280.87133345 +.00000000 +00000+0 +00000+0 2 99990', 'line2': '2 40267   0.0188 164.7478 0001143  49.6079 256.7697  1.00267406000007', 'epoch': datetime.datetime(2025, 10, 7, 20, 54, 43, 210080)}"
10aa470c-db66-4d3d-a839-8ba9e8879d82,U//PR-EXO-ELSETS,40940,2025-10-07T20:54:43.209886Z,1.002665084500223,40940,False,0.0001917721166891923,0.01074142411598866,242.1460724617723,318.0106234362132,270.5602306227149,0.0,0.0,0.0,42166.21328680489,1436.172478986606,42174.29959077966,42158.12698283011,40940,1 40940U 15054A   25280.87133345 +.00000000 +00000+0 +00000+0 2 99992,2 40940   0.0107 242.1461 0001917 318.0106 270.5602  1.00266508000004,2025-10-07T21:45:30.619Z,system.exo,EXO,REAL,2,OPS1,"{'NORAD_ID': 40940, 'classification': 'U', 'COSPAR_ID': '15054A', 'BC': 0.0, 'n_ddot': 0.0, 'B_star': 0.0, 'ephemeris_type': 2, 'elset_num': 9999, 'inclination': 0.0107, 'RAAN': 242.1461, 'eccentricity': 0.0001917, 'perigee': 318.0106, 'mean_anomaly': 270.5602, 'mean_motion': 1.00266508, 'rev_num': 0, 'line1': '1 40940U 15054A   25280.87133345 +.00000000 +00000+0 +00000+0 2 99992', 'line2': '2 40940   0.0107 242.1461 0001917 318.0106 270.5602  1.00266508000004', 'epoch': datetime.datetime(2025, 10, 7, 20, 54, 43, 210080)}"
29576d99-0b9d-4e6c-80f4-da738b2bf0d1,U//PR-EXO-ELSETS,41836,2025-10-07T20:46:12.919191Z,1.002654397298248,41836,False,0.0001244062464221269,0.04507953961119064,33.28532543040789,184.0406321278004,251.7594553931449,0.0,0.0,0.0,42166.51291682602,1436.187787018362,42171.75869442271,42161.26713922932,41836,1 41836U 16064A   25280.86542731 +.00000000 +00000+0 +00000+0 2 99991,2 41836   0.0451  33.2853 0001244 184.0406 251.7595  1.00265439000006,2025-10-07T21:24:29.302Z,system.exo,EXO,REAL,2,OPS1,"{'NORAD_ID': 41836, 'classification': 'U', 'COSPAR_ID': '16064A', 'BC': 0.0, 'n_ddot': 0.0, 'B_star': 0.0, 'ephemeris_type': 2, 'elset_num': 9999, 'inclination': 0.0451, 'RAAN': 33.2853, 'eccentricity': 0.0001244, 'perigee': 184.0406, 'mean_anomaly': 251.7595, 'mean_motion': 1.00265439, 'rev_num': 0, 'line1': '1 41836U 16064A   25280.86542731 +.00000000 +00000+0 +00000+0 2 99991', 'line2': '2 41836   0.0451  33.2853 0001244 184.0406 251.7595  1.00265439000006', 'epoch': datetime.datetime(2025, 10, 7, 20, 46, 12, 919584)}"
e03f0ca8-cc56-4287-958f-74ad95efaad2,U//PR-EXO-ELSETS,39487,2025-10-07T18:58:54.231886Z,1.002670608264924,39487,False,2.071148481426952e-05,0.00645913913774394,204.9095484029576,304.495328098006,292.0530111625033,0.0,0.0,0.0,42166.05842274984,1436.164567037478,42166.93174442854,42165.18510107114,39487,1 39487U 13077A   25280.79090546 +.00000000 +00000+0 +00000+0 2 99995,2 39487   0.0065 204.9095 0000207 304.4953 292.0530  1.00267060000003,2025-10-07T20:30:29.790Z,system.exo,EXO,REAL,2,OPS1,"{'NORAD_ID': 39487, 'classification': 'U', 'COSPAR_ID': '13077A', 'BC': 0.0, 'n_ddot': 0.0, 'B_star': 0.0, 'ephemeris_type': 2, 'elset_num': 9999, 'inclination': 0.0065, 'RAAN': 204.9095, 'eccentricity': 2.07e-05, 'perigee': 304.4953, 'mean_anomaly': 292.053, 'mean_motion': 1.0026706, 'rev_num': 0, 'line1': '1 39487U 13077A   25280.79090546 +.00000000 +00000+0 +00000+0 2 99995', 'line2': '2 39487   0.0065 204.9095 0000207 304.4953 292.0530  1.00267060000003', 'epoch': datetime.datetime(2025, 10, 7, 18, 58, 54, 231744)}"
fad1fbce-626c-47b6-b13e-dc407f19bedd,U//PR-EXO-ELSETS,39613,2025-10-07T20:44:27.194881Z,1.00268710027132,39613,False,3.376946168793244e-05,0.01496077506477972,246.3811901507162,225.0230498509448,356.3355176424421,0.0,0.0,0.0,42165.596061952,1436.140945276295,42167.01997143277,42164.17215247124,39613,1 39613U 14010B   25280.86420364 +.00000000 +00000+0 +00000+0 2 99997,2 39613   0.0150 246.3812 0000337 225.0230 356.3355  1.00268710000008,2025-10-07T21:24:29.299Z,system.exo,EXO,REAL,2,OPS1,"{'NORAD_ID': 39613, 'classification': 'U', 'COSPAR_ID': '14010B', 'BC': 0.0, 'n_ddot': 0.0, 'B_star': 0.0, 'ephemeris_type': 2, 'elset_num': 9999, 'inclination': 0.015, 'RAAN': 246.3812, 'eccentricity': 3.37e-05, 'perigee': 225.023, 'mean_anomaly': 356.3355, 'mean_motion': 1.0026871, 'rev_num': 0, 'line1': '1 39613U 14010B   25280.86420364 +.00000000 +00000+0 +00000+0 2 99997', 'line2': '2 39613   0.0150 246.3812 0000337 225.0230 356.3355  1.00268710000008', 'epoch': datetime.datetime(2025, 10, 7, 20, 44, 27, 194496)}"
53faf9b7-ab14-4713-adf0-5f42f0f1040d,U//PR-EXO-ELSETS,63397,2025-10-07T20:39:24.318551Z,1.002671333281575,63397,False,0.0002515015518650775,0.4423208864804781,80.48430511048647,214.6464612635489,192.1075334084201,0.0,0.0,0.0,42166.03809631644,1436.163528568351,42176.64292033367,42155.43327229921,63397,1 63397U 25064A   25280.86069813 +.00000000 +00000+0 +00000+0 2 99992,2 63397   0.4423  80.4843 0002515 214.6465 192.1075  1.00267133000009,2025-10-07T21:24:29.312Z,system.exo,EXO,REAL,2,OPS1,"{'NORAD_ID': 63397, 'classification': 'U', 'COSPAR_ID': '25064A', 'BC': 0.0, 'n_ddot': 0.0, 'B_star': 0.0, 'ephemeris_type': 2, 'elset_num': 9999, 'inclination': 0.4423, 'RAAN': 80.4843, 'eccentricity': 0.0002515, 'perigee': 214.6465, 'mean_anomaly': 192.1075, 'mean_motion': 1.00267133, 'rev_num': 0, 'line1': '1 63397U 25064A   25280.86069813 +.00000000 +00000+0 +00000+0 2 99992', 'line2': '2 63397   0.4423  80.4843 0002515 214.6465 192.1075  1.00267133000009', 'epoch': datetime.datetime(2025, 10, 7, 20, 39, 24, 318432)}"
e1345424-a5c3-445b-b546-de738919a23e,U//PR-EXO-ELSETS,43271,2025-10-07T18:31:33.909945Z,1.002673683908349,43271,False,0.0001175367339672407,0.04463970063875145,34.65987798558203,187.7652757014348,234.1498204111966,0.0,0.0,0.0,42165.97219474517,1436.160161685888,42170.92824540149,42161.01614408885,43271,1 43271U 18033A   25280.77192025 +.00000000 +00000+0 +00000+0 2 99991,2 43271   0.0446  34.6599 0001175 187.7653 234.1498  1.00267368000004,2025-10-07T19:45:29.890Z,system.exo,EXO,REAL,2,OPS1,"{'NORAD_ID': 43271, 'classification': 'U', 'COSPAR_ID': '18033A', 'BC': 0.0, 'n_ddot': 0.0, 'B_star': 0.0, 'ephemeris_type': 2, 'elset_num': 9999, 'inclination': 0.0446, 'RAAN': 34.6599, 'eccentricity': 0.0001175, 'perigee': 187.7653, 'mean_anomaly': 234.1498, 'mean_motion': 1.00267368, 'rev_num': 0, 'line1': '1 43271U 18033A   25280.77192025 +.00000000 +00000+0 +00000+0 2 99991', 'line2': '2 43271   0.0446  34.6599 0001175 187.7653 234.1498  1.00267368000004', 'epoch': datetime.datetime(2025, 10, 7, 18, 31, 33, 909600)}"
1207f291-5ddb-4357-b400-5ad577ff3b4f,U//PR-EXO-ELSETS,40146,2025-10-07T18:43:17.290076Z,1.00267132997126,40146,False,0.0003220113948913425,0.002528088065675971,190.8356218744995,10.0814119773167,252.6185325347176,0.0,0.0,0.0,42166.03818912376,1436.163533309839,42179.61613389808,42152.46024434944,40146,1 40146U 14054A   25280.78006123 +.00000000 +00000+0 +00000+0 2 99992,2 40146   0.0025 190.8356 0003220  10.0814 252.6185  1.00267132000008,2025-10-07T19:21:29.403Z,system.exo,EXO,REAL,2,OPS1,"{'NORAD_ID': 40146, 'classification': 'U', 'COSPAR_ID': '14054A', 'BC': 0.0, 'n_ddot': 0.0, 'B_star': 0.0, 'ephemeris_type': 2, 'elset_num': 9999, 'inclination': 0.0025, 'RAAN': 190.8356, 'eccentricity': 0.000322, 'perigee': 10.0814, 'mean_anomaly': 252.6185, 'mean_motion': 1.00267132, 'rev_num': 0, 'line1': '1 40146U 14054A   25280.78006123 +.00000000 +00000+0 +00000+0 2 99992', 'line2': '2 40146   0.0025 190.8356 0003220  10.0814 252.6185  1.00267132000008', 'epoch': datetime.datetime(2025, 10, 7, 18, 43, 17, 290272)}"
ab213420-5fd2-482b-ba52-d93a7f9c9dee,U//PR-EXO-ELSETS,35756,2025-10-07T16:29:58.711051Z,1.002659970597728,35756,False,4.672687414312719e-05,0.2912749418209958,271.9312402473336,296.471470402567,211.780334918826,0.0,0.0,0.0,42166.35666124645,1436.179803948447,42168.32696328723,42164.38635920567,35756,1 35756U 09044B   25280.68748508 +.00000000 +00000+0 +00000+0 2 99995,2 35756   0.2913 271.9312 0000467 296.4715 211.7803  1.00265997000000,2025-10-07T17:39:29.849Z,system.exo,EXO,REAL,2,OPS1,"{'NORAD_ID': 35756, 'classification': 'U', 'COSPAR_ID': '09044B', 'BC': 0.0, 'n_ddot': 0.0, 'B_star': 0.0, 'ephemeris_type': 2, 'elset_num': 9999, 'inclination': 0.2913, 'RAAN': 271.9312, 'eccentricity': 4.67e-05, 'perigee': 296.4715, 'mean_anomaly': 211.7803, 'mean_motion': 1.00265997, 'rev_num': 0, 'line1': '1 35756U 09044B   25280.68748508 +.00000000 +00000+0 +00000+0 2 99995', 'line2': '2 35756   0.2913 271.9312 0000467 296.4715 211.7803  1.00265997000000', 'epoch': datetime.datetime(2025, 10, 7, 16, 29, 58, 710912)}"
21a05b2f-4bc4-4d2b-8cf7-63f344927c03,U//PR-EXO-ELSETS,41838,2025-10-07T17:32:20.044852Z,1.002703660666954,41838,False,0.0001614916583621297,5.10520787155771,75.63143210183465,198.1423870079229,187.9606673735581,0.0,0.0,0.0,42165.13179658465,1436.117226342005,42171.94111364354,42158.32247952577,41838,1 41838U 16065A   25280.73078756 +.00000000 +00000+0 +00000+0 2 99991,2 41838   5.1052  75.6314 0001614 198.1424 187.9607  1.00270366000009,2025-10-07T18:33:28.329Z,system.exo,EXO,REAL,2,OPS1,"{'NORAD_ID': 41838, 'classification': 'U', 'COSPAR_ID': '16065A', 'BC': 0.0, 'n_ddot': 0.0, 'B_star': 0.0, 'ephemeris_type': 2, 'elset_num': 9999, 'inclination': 5.1052, 'RAAN': 75.6314, 'eccentricity': 0.0001614, 'perigee': 198.1424, 'mean_anomaly': 187.9607, 'mean_motion': 1.00270366, 'rev_num': 0, 'line1': '1 41838U 16065A   25280.73078756 +.00000000 +00000+0 +00000+0 2 99991', 'line2': '2 41838   5.1052  75.6314 0001614 198.1424 187.9607  1.00270366000009', 'epoch': datetime.datetime(2025, 10, 7, 17, 32, 20, 45184)}"
6a6bdf0b-0b87-4d43-82b9-105586e2d916,U//PR-EXO-ELSETS,56564,2025-10-07T20:39:24.318551Z,1.002644891542095,56564,False,0.0005315716715306172,0.9671709392106702,297.3468154243564,223.0473029240022,326.2240520176753,0.0,0.0,0.0,42166.77942790396,1436.201403056311,42189.19409332751,42144.36476248041,56564,1 56564U 23066A   25280.86069813 +.00000000 +00000+0 +00000+0 2 99990,2 56564   0.9672 297.3468 0005315 223.0473 326.2241  1.00264489000000,2025-10-07T21:48:31.833Z,system.exo,EXO,REAL,2,OPS1,"{'NORAD_ID': 56564, 'classification': 'U', 'COSPAR_ID': '23066A', 'BC': 0.0, 'n_ddot': 0.0, 'B_star': 0.0, 'ephemeris_type': 2, 'elset_num': 9999, 'inclination': 0.9672, 'RAAN': 297.3468, 'eccentricity': 0.0005315, 'perigee': 223.0473, 'mean_anomaly': 326.2241, 'mean_motion': 1.00264489, 'rev_num': 0, 'line1': '1 56564U 23066A   25280.86069813 +.00000000 +00000+0 +00000+0 2 99990', 'line2': '2 56564   0.9672 297.3468 0005315 223.0473 326.2241  1.00264489000000', 'epoch': datetime.datetime(2025, 10, 7, 20, 39, 24, 318432)}"
9e12b0f5-1384-4839-8422-0643c3de92d1,U//PR-EXO-ELSETS,12996,2025-10-07T16:31:37.267105Z,1.00051809984057,12996,False,0.002387445538036159,4.960371766395954,278.2369122069564,284.9834368671216,204.2252486072362,0.0,0.0,0.0,42226.51395583893,1439.254322564939,42327.32745816962,42125.70045350824,12996,1 12996U 77092J   25280.68862578 +.00000000 +00000+0 +00000+0 2 99998,2 12996   4.9604 278.2369 0023874 284.9834 204.2252  1.00051809000002,2025-10-07T18:30:29.417Z,system.exo,EXO,REAL,2,OPS1,"{'NORAD_ID': 12996, 'classification': 'U', 'COSPAR_ID': '77092J', 'BC': 0.0, 'n_ddot': 0.0, 'B_star': 0.0, 'ephemeris_type': 2, 'elset_num': 9999, 'inclination': 4.9604, 'RAAN': 278.2369, 'eccentricity': 0.0023874, 'perigee': 284.9834, 'mean_anomaly': 204.2252, 'mean_motion': 1.00051809, 'rev_num': 0, 'line1': '1 12996U 77092J   25280.68862578 +.00000000 +00000+0 +00000+0 2 99998', 'line2': '2 12996   4.9604 278.2369 0023874 284.9834 204.2252  1.00051809000002', 'epoch': datetime.datetime(2025, 10, 7, 16, 31, 37, 267392)}"
7c1c8361-5b79-40f4-8764-8cbf5887d235,U//PR-EXO-ELSETS,39488,2025-10-07T17:55:24.910001Z,0.8956246853441776,39488,False,0.05624903794621598,9.913967321294644,61.25699513209261,177.6100953106219,202.0554455569053,0.0,0.0,0.0,45462.27440776407,1607.816335976298,48019.48360604767,42905.06520948046,39488,1 39488U 13077B   25280.74681609 +.00000000 +00000+0 +00000+0 2 99997,2 39488   9.9140  61.2570 0562490 177.6101 202.0554  0.89562468000003,2025-10-07T18:18:29.637Z,system.exo,EXO,REAL,2,OPS1,"{'NORAD_ID': 39488, 'classification': 'U', 'COSPAR_ID': '13077B', 'BC': 0.0, 'n_ddot': 0.0, 'B_star': 0.0, 'ephemeris_type': 2, 'elset_num': 9999, 'inclination': 9.914, 'RAAN': 61.257, 'eccentricity': 0.056249, 'perigee': 177.6101, 'mean_anomaly': 202.0554, 'mean_motion': 0.89562468, 'rev_num': 0, 'line1': '1 39488U 13077B   25280.74681609 +.00000000 +00000+0 +00000+0 2 99997', 'line2': '2 39488   9.9140  61.2570 0562490 177.6101 202.0554  0.89562468000003', 'epoch': datetime.datetime(2025, 10, 7, 17, 55, 24, 910176)}"
3c895767-23eb-45f4-bc05-18357c8743a0,U//PR-EXO-ELSETS,57045,2025-10-07T20:22:57.606381Z,1.002671743458869,57045,False,0.0003302020392023178,0.05166554865235952,351.6495450302174,297.1509155828898,179.6989902342724,0.0,0.0,0.0,42166.02659667216,1436.162941056363,42179.94990463944,42152.10328870488,57045,1 57045U 23086A   25280.84927785 +.00000000 +00000+0 +00000+0 2 99996,2 57045   0.0517 351.6495 0003302 297.1509 179.6990  1.00267174000009,2025-10-07T21:42:29.635Z,system.exo,EXO,REAL,2,OPS1,"{'NORAD_ID': 57045, 'classification': 'U', 'COSPAR_ID': '23086A', 'BC': 0.0, 'n_ddot': 0.0, 'B_star': 0.0, 'ephemeris_type': 2, 'elset_num': 9999, 'inclination': 0.0517, 'RAAN': 351.6495, 'eccentricity': 0.0003302, 'perigee': 297.1509, 'mean_anomaly': 179.699, 'mean_motion': 1.00267174, 'rev_num': 0, 'line1': '1 57045U 23086A   25280.84927785 +.00000000 +00000+0 +00000+0 2 99996', 'line2': '2 57045   0.0517 351.6495 0003302 297.1509 179.6990  1.00267174000009', 'epoch': datetime.datetime(2025, 10, 7, 20, 22, 57, 606240)}"
cf2ce8a3-1bc3-427c-9ff2-1b5c0fea3ce5,U//PR-EXO-ELSETS,44048,2025-10-07T20:22:50.288457Z,1.002677943649317,44048,False,0.000414823642015913,0.02464864537379764,150.675657362848,15.5213185407597,302.2824332004698,0.0,0.0,0.0,42165.85277039262,1436.154060354633,42183.34416300753,42148.36137777769,44048,1 44048U 19009A   25280.84919315 +.00000000 +00000+0 +00000+0 2 99995,2 44048   0.0246 150.6757 0004148  15.5213 302.2824  1.00267794000006,2025-10-07T22:12:29.942Z,system.exo,EXO,REAL,2,OPS1,"{'NORAD_ID': 44048, 'classification': 'U', 'COSPAR_ID': '19009A', 'BC': 0.0, 'n_ddot': 0.0, 'B_star': 0.0, 'ephemeris_type': 2, 'elset_num': 9999, 'inclination': 0.0246, 'RAAN': 150.6757, 'eccentricity': 0.0004148, 'perigee': 15.5213, 'mean_anomaly': 302.2824, 'mean_motion': 1.00267794, 'rev_num': 0, 'line1': '1 44048U 19009A   25280.84919315 +.00000000 +00000+0 +00000+0 2 99995', 'line2': '2 44048   0.0246 150.6757 0004148  15.5213 302.2824  1.00267794000006', 'epoch': datetime.datetime(2025, 10, 7, 20, 22, 50, 288160)}"
e16c7c96-85c6-45b9-9284-b916aac1d5bb,U//PR-EXO-ELSETS,44204,2025-10-07T18:06:04.595971Z,1.002636060840211,44204,False,0.002577500960685874,58.3435758248457,40.25986071975856,217.0040932935166,149.1209210035692,0.0,0.0,0.0,42167.02701638694,1436.214052378364,42275.71256903095,42058.34146374294,44204,1 44204U 19023A   25280.75421986 +.00000000 +00000+0 +00000+0 2 99997,2 44204  58.3436  40.2599 0025775 217.0041 149.1209  1.00263606000005,2025-10-07T18:36:30.751Z,system.exo,EXO,REAL,2,OPS1,"{'NORAD_ID': 44204, 'classification': 'U', 'COSPAR_ID': '19023A', 'BC': 0.0, 'n_ddot': 0.0, 'B_star': 0.0, 'ephemeris_type': 2, 'elset_num': 9999, 'inclination': 58.3436, 'RAAN': 40.2599, 'eccentricity': 0.0025775, 'perigee': 217.0041, 'mean_anomaly': 149.1209, 'mean_motion': 1.00263606, 'rev_num': 0, 'line1': '1 44204U 19023A   25280.75421986 +.00000000 +00000+0 +00000+0 2 99997', 'line2': '2 44204  58.3436  40.2599 0025775 217.0041 149.1209  1.00263606000005', 'epoch': datetime.datetime(2025, 10, 7, 18, 6, 4, 595904)}"
f54bd114-39b1-4fa1-94a7-f1b577d5b2cc,U//PR-EXO-ELSETS,47613,2025-10-07T18:42:16.436011Z,1.002666174539481,47613,False,0.0001074305483395564,0.06476715392203924,244.9150642289758,55.18986668342409,175.5940516288614,0.0,0.0,0.0,42166.1827263935,1436.170917664979,42170.71266252518,42161.65279026183,47613,1 47613U 21010A   25280.77935690 +.00000000 +00000+0 +00000+0 2 99997,2 47613   0.0648 244.9151 0001074  55.1899 175.5941  1.00266617000007,2025-10-07T20:09:28.815Z,system.exo,EXO,REAL,2,OPS1,"{'NORAD_ID': 47613, 'classification': 'U', 'COSPAR_ID': '21010A', 'BC': 0.0, 'n_ddot': 0.0, 'B_star': 0.0, 'ephemeris_type': 2, 'elset_num': 9999, 'inclination': 0.0648, 'RAAN': 244.9151, 'eccentricity': 0.0001074, 'perigee': 55.1899, 'mean_anomaly': 175.5941, 'mean_motion': 1.00266617, 'rev_num': 0, 'line1': '1 47613U 21010A   25280.77935690 +.00000000 +00000+0 +00000+0 2 99997', 'line2': '2 47613   0.0648 244.9151 0001074  55.1899 175.5941  1.00266617000007', 'epoch': datetime.datetime(2025, 10, 7, 18, 42, 16, 436160)}"
b43c4140-e265-4b1c-8d6f-b2908db48883,U//PR-EXO-ELSETS,27711,2025-10-07T17:25:00.678536Z,1.002697707303148,27711,False,0.009358818705504203,11.9641087692178,31.82652661790214,2.368672949096676,35.79345574836339,0.0,0.0,0.0,42165.2986957536,1436.12575306771,42559.91608191059,41770.68130959661,27711,1 27711U 03012A   25280.72570230 +.00000000 +00000+0 +00000+0 2 99996,2 27711  11.9641  31.8265 0093588   2.3687  35.7935  1.00269770000000,2025-10-07T17:45:28.922Z,system.exo,EXO,REAL,2,OPS1,"{'NORAD_ID': 27711, 'classification': 'U', 'COSPAR_ID': '03012A', 'BC': 0.0, 'n_ddot': 0.0, 'B_star': 0.0, 'ephemeris_type': 2, 'elset_num': 9999, 'inclination': 11.9641, 'RAAN': 31.8265, 'eccentricity': 0.0093588, 'perigee': 2.3687, 'mean_anomaly': 35.7935, 'mean_motion': 1.0026977, 'rev_num': 0, 'line1': '1 27711U 03012A   25280.72570230 +.00000000 +00000+0 +00000+0 2 99996', 'line2': '2 27711  11.9641  31.8265 0093588   2.3687  35.7935  1.00269770000000', 'epoch': datetime.datetime(2025, 10, 7, 17, 25, 0, 678720)}"
bf752d10-8f78-4a18-8ebe-b274b2f383e0,U//PR-EXO-ELSETS,26719,2025-10-07T17:23:18.929460Z,0.9878975016814876,26719,False,0.0002954311865757554,6.740789005176157,70.18441748235115,243.8988416397538,149.1029500040146,0.0,0.0,0.0,42585.38759477867,1457.641098949025,42597.96864636658,42572.80654319075,26719,1 26719U 01011A   25280.72452465 +.00000000 +00000+0 +00000+0 2 99999,2 26719   6.7408  70.1844 0002954 243.8988 149.1030  0.98789750000009,2025-10-07T17:54:28.663Z,system.exo,EXO,REAL,2,OPS1,"{'NORAD_ID': 26719, 'classification': 'U', 'COSPAR_ID': '01011A', 'BC': 0.0, 'n_ddot': 0.0, 'B_star': 0.0, 'ephemeris_type': 2, 'elset_num': 9999, 'inclination': 6.7408, 'RAAN': 70.1844, 'eccentricity': 0.0002954, 'perigee': 243.8988, 'mean_anomaly': 149.103, 'mean_motion': 0.9878975, 'rev_num': 0, 'line1': '1 26719U 01011A   25280.72452465 +.00000000 +00000+0 +00000+0 2 99999', 'line2': '2 26719   6.7408  70.1844 0002954 243.8988 149.1030  0.98789750000009', 'epoch': datetime.datetime(2025, 10, 7, 17, 23, 18, 929760)}"
91526881-cd92-4733-b703-2bc37bbb8758,U//PR-EXO-ELSETS,20253,2025-10-07T17:29:54.753465Z,1.00259887213627,20253,False,0.0005186989638025734,12.49294858493739,352.6637979641097,225.2363473152996,186.7722144173536,0.0,0.0,0.0,42168.06972478093,1436.267324869163,42189.94225885273,42146.19719070914,20253,1 20253U 89077A   25280.72910594 +.00000000 +00000+0 +00000+0 2 99996,2 20253  12.4929 352.6638 0005186 225.2363 186.7722  1.00259887000000,2025-10-07T17:42:31.175Z,system.exo,EXO,REAL,2,OPS1,"{'NORAD_ID': 20253, 'classification': 'U', 'COSPAR_ID': '89077A', 'BC': 0.0, 'n_ddot': 0.0, 'B_star': 0.0, 'ephemeris_type': 2, 'elset_num': 9999, 'inclination': 12.4929, 'RAAN': 352.6638, 'eccentricity': 0.0005186, 'perigee': 225.2363, 'mean_anomaly': 186.7722, 'mean_motion': 1.00259887, 'rev_num': 0, 'line1': '1 20253U 89077A   25280.72910594 +.00000000 +00000+0 +00000+0 2 99996', 'line2': '2 20253  12.4929 352.6638 0005186 225.2363 186.7722  1.00259887000000', 'epoch': datetime.datetime(2025, 10, 7, 17, 29, 54, 753216)}"
e776411d-4fcf-45a4-b8a2-7245083bc9fd,U//PR-EXO-ELSETS,28089,2025-10-07T17:51:11.332982Z,1.00268023062458,28089,False,0.0006315587706492971,5.701783182071201,73.99118532400752,142.7924333069633,231.1682459055955,0.0,0.0,0.0,42165.78865403998,1436.150784685372,42192.41882768578,42139.15848039417,28089,1 28089U 03053A   25280.74388117 +.00000000 +00000+0 +00000+0 2 99993,2 28089   5.7018  73.9912 0006315 142.7924 231.1682  1.00268023000000,2025-10-07T18:33:28.325Z,system.exo,EXO,REAL,2,OPS1,"{'NORAD_ID': 28089, 'classification': 'U', 'COSPAR_ID': '03053A', 'BC': 0.0, 'n_ddot': 0.0, 'B_star': 0.0, 'ephemeris_type': 2, 'elset_num': 9999, 'inclination': 5.7018, 'RAAN': 73.9912, 'eccentricity': 0.0006315, 'perigee': 142.7924, 'mean_anomaly': 231.1682, 'mean_motion': 1.00268023, 'rev_num': 0, 'line1': '1 28089U 03053A   25280.74388117 +.00000000 +00000+0 +00000+0 2 99993', 'line2': '2 28089   5.7018  73.9912 0006315 142.7924 231.1682  1.00268023000000', 'epoch': datetime.datetime(2025, 10, 7, 17, 51, 11, 333088)}"
92c424e6-7eec-400e-ad6e-c11d3e219104,U//PR-EXO-ELSETS,54230,2025-10-07T18:38:08.269021Z,1.002679060889303,54230,False,0.0007517164446392897,0.01247235685796654,234.3184837617309,354.6253346624049,230.6530788774324,0.0,0.0,0.0,42165.82144805006,1436.152460113035,42197.51818943429,42134.12470666583,54230,1 54230U 22148A   25280.77648460 +.00000000 +00000+0 +00000+0 2 99999,2 54230   0.0125 234.3185 0007517 354.6253 230.6531  1.00267906000009,2025-10-07T20:18:29.248Z,system.exo,EXO,REAL,2,OPS1,"{'NORAD_ID': 54230, 'classification': 'U', 'COSPAR_ID': '22148A', 'BC': 0.0, 'n_ddot': 0.0, 'B_star': 0.0, 'ephemeris_type': 2, 'elset_num': 9999, 'inclination': 0.0125, 'RAAN': 234.3185, 'eccentricity': 0.0007517, 'perigee': 354.6253, 'mean_anomaly': 230.6531, 'mean_motion': 1.00267906, 'rev_num': 0, 'line1': '1 54230U 22148A   25280.77648460 +.00000000 +00000+0 +00000+0 2 99999', 'line2': '2 54230   0.0125 234.3185 0007517 354.6253 230.6531  1.00267906000009', 'epoch': datetime.datetime(2025, 10, 7, 18, 38, 8, 269440)}"
1bb08c6c-66e4-4245-8a4f-f01450daaf67,U//PR-EXO-ELSETS,26098,2025-10-07T18:11:17.213909Z,0.9825447762389639,26098,False,0.0003427032591113036,12.78715838122198,25.09931292060454,65.22719905811157,356.441687420014,0.0,0.0,0.0,42739.91247271131,1465.582062847158,42754.55958000984,42725.26536541278,26098,1 26098U 00013A   25280.75783812 +.00000000 +00000+0 +00000+0 2 99996,2 26098  12.7872  25.0993 0003427  65.2272 356.4417  0.98254477000008,2025-10-07T20:54:27.654Z,system.exo,EXO,REAL,2,OPS1,"{'NORAD_ID': 26098, 'classification': 'U', 'COSPAR_ID': '00013A', 'BC': 0.0, 'n_ddot': 0.0, 'B_star': 0.0, 'ephemeris_type': 2, 'elset_num': 9999, 'inclination': 12.7872, 'RAAN': 25.0993, 'eccentricity': 0.0003427, 'perigee': 65.2272, 'mean_anomaly': 356.4417, 'mean_motion': 0.98254477, 'rev_num': 0, 'line1': '1 26098U 00013A   25280.75783812 +.00000000 +00000+0 +00000+0 2 99996', 'line2': '2 26098  12.7872  25.0993 0003427  65.2272 356.4417  0.98254477000008', 'epoch': datetime.datetime(2025, 10, 7, 18, 11, 17, 213568)}"
47158970-2399-422f-baf9-076a8c35ead0,U//PR-EXO-ELSETS,49819,2025-10-07T18:19:59.505986Z,0.948171987939882,49819,False,0.02893277339595226,3.821601545007415,81.62133857412435,199.4158529464108,176.1172064987323,0.0,0.0,0.0,43766.69796942653,1518.711814223415,45032.98992406504,42500.40601478803,49819,1 49819U 21118C   25280.76388317 +.00000000 +00000+0 +00000+0 2 99993,2 49819   3.8216  81.6213 0289327 199.4159 176.1172  0.94817198000005,2025-10-07T20:03:28.671Z,system.exo,EXO,REAL,2,OPS1,"{'NORAD_ID': 49819, 'classification': 'U', 'COSPAR_ID': '21118C', 'BC': 0.0, 'n_ddot': 0.0, 'B_star': 0.0, 'ephemeris_type': 2, 'elset_num': 9999, 'inclination': 3.8216, 'RAAN': 81.6213, 'eccentricity': 0.0289327, 'perigee': 199.4159, 'mean_anomaly': 176.1172, 'mean_motion': 0.94817198, 'rev_num': 0, 'line1': '1 49819U 21118C   25280.76388317 +.00000000 +00000+0 +00000+0 2 99993', 'line2': '2 49819   3.8216  81.6213 0289327 199.4159 176.1172  0.94817198000005', 'epoch': datetime.datetime(2025, 10, 7, 18, 19, 59, 505888)}"
8941227e-0e30-4b9c-b5e4-7792ec603ebb,U//PR-EXO-ELSETS,26638,2025-10-07T20:05:57.892741Z,0.9899984762402607,26638,False,0.0005092874765464043,9.916718793489562,51.23144593100048,178.8397433996967,228.221811152988,0.0,0.0,0.0,42525.11646388303,1454.547693314358,42546.77397313676,42503.4589546293,26638,1 26638U 00081A   25280.83747561 +.00000000 +00000+0 +00000+0 2 99991,2 26638   9.9167  51.2314 0005092 178.8397 228.2218  0.98999847000002,2025-10-07T20:42:30.306Z,system.exo,EXO,REAL,2,OPS1,"{'NORAD_ID': 26638, 'classification': 'U', 'COSPAR_ID': '00081A', 'BC': 0.0, 'n_ddot': 0.0, 'B_star': 0.0, 'ephemeris_type': 2, 'elset_num': 9999, 'inclination': 9.9167, 'RAAN': 51.2314, 'eccentricity': 0.0005092, 'perigee': 178.8397, 'mean_anomaly': 228.2218, 'mean_motion': 0.98999847, 'rev_num': 0, 'line1': '1 26638U 00081A   25280.83747561 +.00000000 +00000+0 +00000+0 2 99991', 'line2': '2 26638   9.9167  51.2314 0005092 178.8397 228.2218  0.98999847000002', 'epoch': datetime.datetime(2025, 10, 7, 20, 5, 57, 892704)}"
949f7eb1-b077-4997-a69f-ef944c5dc2c5,U//PR-EXO-ELSETS,36287,2025-10-07T18:47:02.190043Z,1.002651804058712,36287,False,0.0002692463980611632,3.698657701235176,60.76980115680931,239.5506910697027,138.5723461238933,0.0,0.0,0.0,42166.58562257213,1436.19150154711,42177.93882386955,42155.23242127471,36287,1 36287U 10001A   25280.78266424 +.00000000 +00000+0 +00000+0 2 99993,2 36287   3.6987  60.7698 0002692 239.5507 138.5723  1.00265180000009,2025-10-07T20:00:29.823Z,system.exo,EXO,REAL,2,OPS1,"{'NORAD_ID': 36287, 'classification': 'U', 'COSPAR_ID': '10001A', 'BC': 0.0, 'n_ddot': 0.0, 'B_star': 0.0, 'ephemeris_type': 2, 'elset_num': 9999, 'inclination': 3.6987, 'RAAN': 60.7698, 'eccentricity': 0.0002692, 'perigee': 239.5507, 'mean_anomaly': 138.5723, 'mean_motion': 1.0026518, 'rev_num': 0, 'line1': '1 36287U 10001A   25280.78266424 +.00000000 +00000+0 +00000+0 2 99993', 'line2': '2 36287   3.6987  60.7698 0002692 239.5507 138.5723  1.00265180000009', 'epoch': datetime.datetime(2025, 10, 7, 18, 47, 2, 190336)}"
22a3044a-b30f-43fb-af63-e2e3f3f99dac,U//PR-EXO-ELSETS,27951,2025-10-07T17:36:09.201967Z,1.007905048183156,27951,False,0.001351427318543742,9.13318102871193,56.5872343058177,230.1561569349633,148.1311625679627,0.0,0.0,0.0,42019.94202303661,1428.706010150198,42076.72892061016,41963.15512546305,27951,1 27951U 03043E   25280.73343984 +.00000000 +00000+0 +00000+0 2 99991,2 27951   9.1332  56.5872 0013514 230.1562 148.1312  1.00790504000006,2025-10-07T21:00:33.053Z,system.exo,EXO,REAL,2,OPS1,"{'NORAD_ID': 27951, 'classification': 'U', 'COSPAR_ID': '03043E', 'BC': 0.0, 'n_ddot': 0.0, 'B_star': 0.0, 'ephemeris_type': 2, 'elset_num': 9999, 'inclination': 9.1332, 'RAAN': 56.5872, 'eccentricity': 0.0013514, 'perigee': 230.1562, 'mean_anomaly': 148.1312, 'mean_motion': 1.00790504, 'rev_num': 0, 'line1': '1 27951U 03043E   25280.73343984 +.00000000 +00000+0 +00000+0 2 99991', 'line2': '2 27951   9.1332  56.5872 0013514 230.1562 148.1312  1.00790504000006', 'epoch': datetime.datetime(2025, 10, 7, 17, 36, 9, 202176)}"
57dab9f4-c177-46e7-a07e-16c14848b454,U//PR-EXO-ELSETS,40892,2025-10-07T20:42:29.640740Z,1.002691766587026,40892,False,0.0003739269298895723,0.05451063340770217,66.88989818648295,166.1560664748326,249.3719608135059,0.0,0.0,0.0,42165.46524199827,1436.134261779658,42181.23204496357,42149.69843903296,40892,1 40892U 15046A   25280.86284306 +.00000000 +00000+0 +00000+0 2 99992,2 40892   0.0545  66.8899 0003739 166.1561 249.3720  1.00269176000002,2025-10-07T21:00:33.065Z,system.exo,EXO,REAL,2,OPS1,"{'NORAD_ID': 40892, 'classification': 'U', 'COSPAR_ID': '15046A', 'BC': 0.0, 'n_ddot': 0.0, 'B_star': 0.0, 'ephemeris_type': 2, 'elset_num': 9999, 'inclination': 0.0545, 'RAAN': 66.8899, 'eccentricity': 0.0003739, 'perigee': 166.1561, 'mean_anomaly': 249.372, 'mean_motion': 1.00269176, 'rev_num': 0, 'line1': '1 40892U 15046A   25280.86284306 +.00000000 +00000+0 +00000+0 2 99992', 'line2': '2 40892   0.0545  66.8899 0003739 166.1561 249.3720  1.00269176000002', 'epoch': datetime.datetime(2025, 10, 7, 20, 42, 29, 640384)}"
62b8321c-385a-475c-802c-0f68a767465b,U//PR-EXO-ELSETS,21016,2025-10-07T20:22:56.910791Z,1.002337759729358,21016,False,0.0003594906156388936,13.06343373992043,339.6615668513466,146.7583639696471,286.9254013404379,0.0,0.0,0.0,42175.39269090291,1436.641477408589,42190.55434878618,42160.23103301965,21016,1 21016U 90112A   25280.84926980 +.00000000 +00000+0 +00000+0 2 99995,2 21016  13.0634 339.6616 0003594 146.7584 286.9254  1.00233775000003,2025-10-07T21:15:28.996Z,system.exo,EXO,REAL,2,OPS1,"{'NORAD_ID': 21016, 'classification': 'U', 'COSPAR_ID': '90112A', 'BC': 0.0, 'n_ddot': 0.0, 'B_star': 0.0, 'ephemeris_type': 2, 'elset_num': 9999, 'inclination': 13.0634, 'RAAN': 339.6616, 'eccentricity': 0.0003594, 'perigee': 146.7584, 'mean_anomaly': 286.9254, 'mean_motion': 1.00233775, 'rev_num': 0, 'line1': '1 21016U 90112A   25280.84926980 +.00000000 +00000+0 +00000+0 2 99995', 'line2': '2 21016  13.0634 339.6616 0003594 146.7584 286.9254  1.00233775000003', 'epoch': datetime.datetime(2025, 10, 7, 20, 22, 56, 910720)}"
b06f0424-af72-4ba0-a43f-a03d3da0c8a3,U//PR-EXO-ELSETS,26038,2025-10-07T18:27:07.191938Z,0.9902234281299962,26038,False,0.0004938820725677836,6.09803622460637,73.63347509204256,321.6667092857579,63.23758739914705,0.0,0.0,0.0,42518.67585174922,1454.217259552616,42539.67506350172,42497.67663999672,26038,1 26038U 99071A   25280.76883324 +.00000000 +00000+0 +00000+0 2 99992,2 26038   6.0980  73.6335 0004938 321.6667  63.2376  0.99022342000004,2025-10-07T19:39:28.730Z,system.exo,EXO,REAL,2,OPS1,"{'NORAD_ID': 26038, 'classification': 'U', 'COSPAR_ID': '99071A', 'BC': 0.0, 'n_ddot': 0.0, 'B_star': 0.0, 'ephemeris_type': 2, 'elset_num': 9999, 'inclination': 6.098, 'RAAN': 73.6335, 'eccentricity': 0.0004938, 'perigee': 321.6667, 'mean_anomaly': 63.2376, 'mean_motion': 0.99022342, 'rev_num': 0, 'line1': '1 26038U 99071A   25280.76883324 +.00000000 +00000+0 +00000+0 2 99992', 'line2': '2 26038   6.0980  73.6335 0004938 321.6667  63.2376  0.99022342000004', 'epoch': datetime.datetime(2025, 10, 7, 18, 27, 7, 191936)}"
5679bf4a-c382-44a8-a968-06949c2deea6,U//PR-EXO-ELSETS,43339,2025-10-07T18:55:55.111112Z,1.002659063768584,43339,False,7.293772434004943e-05,0.001845322468755585,262.2646746446456,16.91873713007174,155.6056375251762,0.0,0.0,0.0,42166.38208542549,1436.181102864248,42169.45760537845,42163.30656547253,43339,1 43339U 18036A   25280.78883230 +.00000000 +00000+0 +00000+0 2 99995,2 43339   0.0018 262.2647 0000729  16.9187 155.6056  1.00265906000009,2025-10-07T19:51:28.193Z,system.exo,EXO,REAL,2,OPS1,"{'NORAD_ID': 43339, 'classification': 'U', 'COSPAR_ID': '18036A', 'BC': 0.0, 'n_ddot': 0.0, 'B_star': 0.0, 'ephemeris_type': 2, 'elset_num': 9999, 'inclination': 0.0018, 'RAAN': 262.2647, 'eccentricity': 7.29e-05, 'perigee': 16.9187, 'mean_anomaly': 155.6056, 'mean_motion': 1.00265906, 'rev_num': 0, 'line1': '1 43339U 18036A   25280.78883230 +.00000000 +00000+0 +00000+0 2 99995', 'line2': '2 43339   0.0018 262.2647 0000729  16.9187 155.6056  1.00265906000009', 'epoch': datetime.datetime(2025, 10, 7, 18, 55, 55, 110720)}"
d18cc026-1b8e-4bd6-8b4a-b428b12c29a2,U//PR-EXO-ELSETS,55239,2025-10-07T20:50:43.319334Z,1.002639746196529,55239,False,0.0001877198289771414,0.0516674580493458,91.89483633488959,0.5970225542988256,10.97622938120506,0.0,0.0,0.0,42166.92368873597,1436.20877335312,42174.83925643932,42159.00812103263,55239,1 55239U 23005A   25280.86855694 +.00000000 +00000+0 +00000+0 2 99991,2 55239   0.0517  91.8948 0001877   0.5970  10.9762  1.00263974000009,2025-10-07T21:48:31.832Z,system.exo,EXO,REAL,2,OPS1,"{'NORAD_ID': 55239, 'classification': 'U', 'COSPAR_ID': '23005A', 'BC': 0.0, 'n_ddot': 0.0, 'B_star': 0.0, 'ephemeris_type': 2, 'elset_num': 9999, 'inclination': 0.0517, 'RAAN': 91.8948, 'eccentricity': 0.0001877, 'perigee': 0.597, 'mean_anomaly': 10.9762, 'mean_motion': 1.00263974, 'rev_num': 0, 'line1': '1 55239U 23005A   25280.86855694 +.00000000 +00000+0 +00000+0 2 99991', 'line2': '2 55239   0.0517  91.8948 0001877   0.5970  10.9762  1.00263974000009', 'epoch': datetime.datetime(2025, 10, 7, 20, 50, 43, 319616)}"
c4450f55-6c18-4331-af8c-75aeeaa5a07c,U//PR-EXO-ELSETS,26575,2025-10-07T18:27:08.000946Z,1.00273285814446,26575,False,0.0001887385595653909,11.18738012607225,37.43454551146313,169.2220214405127,221.1392737224348,0.0,0.0,0.0,42164.31328581725,1436.075409620759,42172.27131757187,42156.35525406262,26575,1 26575U 00065A   25280.76884260 +.00000000 +00000+0 +00000+0 2 99993,2 26575  11.1874  37.4345 0001887 169.2220 221.1393  1.00273285000000,2025-10-07T21:00:33.052Z,system.exo,EXO,REAL,2,OPS1,"{'NORAD_ID': 26575, 'classification': 'U', 'COSPAR_ID': '00065A', 'BC': 0.0, 'n_ddot': 0.0, 'B_star': 0.0, 'ephemeris_type': 2, 'elset_num': 9999, 'inclination': 11.1874, 'RAAN': 37.4345, 'eccentricity': 0.0001887, 'perigee': 169.222, 'mean_anomaly': 221.1393, 'mean_motion': 1.00273285, 'rev_num': 0, 'line1': '1 26575U 00065A   25280.76884260 +.00000000 +00000+0 +00000+0 2 99993', 'line2': '2 26575  11.1874  37.4345 0001887 169.2220 221.1393  1.00273285000000', 'epoch': datetime.datetime(2025, 10, 7, 18, 27, 8, 640)}"
fec788b8-b0fd-483e-90dc-8c7b256c14c6,U//PR-EXO-ELSETS,43450,2025-10-07T20:50:43.319334Z,1.00264922132354,43450,False,0.000362897134379001,0.04669366081588996,356.2579078158126,258.3160624407176,208.8832415283633,0.0,0.0,0.0,42166.65803412257,1436.195201048616,42181.96019348949,42151.35587475565,43450,1 43450U 18041A   25280.86855694 +.00000000 +00000+0 +00000+0 2 99997,2 43450   0.0467 356.2579 0003628 258.3161 208.8832  1.00264922000004,2025-10-07T21:24:29.304Z,system.exo,EXO,REAL,2,OPS1,"{'NORAD_ID': 43450, 'classification': 'U', 'COSPAR_ID': '18041A', 'BC': 0.0, 'n_ddot': 0.0, 'B_star': 0.0, 'ephemeris_type': 2, 'elset_num': 9999, 'inclination': 0.0467, 'RAAN': 356.2579, 'eccentricity': 0.0003628, 'perigee': 258.3161, 'mean_anomaly': 208.8832, 'mean_motion': 1.00264922, 'rev_num': 0, 'line1': '1 43450U 18041A   25280.86855694 +.00000000 +00000+0 +00000+0 2 99997', 'line2': '2 43450   0.0467 356.2579 0003628 258.3161 208.8832  1.00264922000004', 'epoch': datetime.datetime(2025, 10, 7, 20, 50, 43, 319616)}"
c52f0d00-ebfd-4631-9985-2be93faaa9db,U//PR-EXO-ELSETS,45863,2025-10-07T20:50:20.912375Z,1.002676211595017,45863,False,0.0004467213487666788,0.02105981205983664,225.6427166133247,353.7857487776237,243.9420424548856,0.0,0.0,0.0,42165.90132945535,1436.156541212149,42184.73773776921,42147.06492114149,45863,1 45863U 20045A   25280.86829760 +.00000000 +00000+0 +00000+0 2 99999,2 45863   0.0211 225.6427 0004467 353.7857 243.9420  1.00267621000008,2025-10-07T22:00:28.134Z,system.exo,EXO,REAL,2,OPS1,"{'NORAD_ID': 45863, 'classification': 'U', 'COSPAR_ID': '20045A', 'BC': 0.0, 'n_ddot': 0.0, 'B_star': 0.0, 'ephemeris_type': 2, 'elset_num': 9999, 'inclination': 0.0211, 'RAAN': 225.6427, 'eccentricity': 0.0004467, 'perigee': 353.7857, 'mean_anomaly': 243.942, 'mean_motion': 1.00267621, 'rev_num': 0, 'line1': '1 45863U 20045A   25280.86829760 +.00000000 +00000+0 +00000+0 2 99999', 'line2': '2 45863   0.0211 225.6427 0004467 353.7857 243.9420  1.00267621000008', 'epoch': datetime.datetime(2025, 10, 7, 20, 50, 20, 912640)}"
8330a424-3585-4349-9b00-c4271ac1edce,U//PR-EXO-ELSETS,64470,2025-10-07T20:57:03.504438Z,1.002656072554751,64470,False,0.0005580397371373749,0.02034292744649684,140.2190114835431,105.9819146413949,177.0502115069188,0.0,0.0,0.0,42166.46594841441,1436.185387408968,42189.99651198828,42142.93538484054,64470,1 64470U 25132A   25280.87295723 +.00000000 +00000+0 +00000+0 2 99993,2 64470   0.0203 140.2190 0005580 105.9819 177.0502  1.00265607000005,2025-10-07T21:42:29.640Z,system.exo,EXO,REAL,2,OPS1,"{'NORAD_ID': 64470, 'classification': 'U', 'COSPAR_ID': '25132A', 'BC': 0.0, 'n_ddot': 0.0, 'B_star': 0.0, 'ephemeris_type': 2, 'elset_num': 9999, 'inclination': 0.0203, 'RAAN': 140.219, 'eccentricity': 0.000558, 'perigee': 105.9819, 'mean_anomaly': 177.0502, 'mean_motion': 1.00265607, 'rev_num': 0, 'line1': '1 64470U 25132A   25280.87295723 +.00000000 +00000+0 +00000+0 2 99993', 'line2': '2 64470   0.0203 140.2190 0005580 105.9819 177.0502  1.00265607000005', 'epoch': datetime.datetime(2025, 10, 7, 20, 57, 3, 504672)}"
c513e01f-9ef2-4393-8c2e-0c5787d47477,U//PR-EXO-ELSETS,41309,2025-10-07T16:37:59.735841Z,2.386289103318943,41309,False,0.7179286997602221,0.5140516662987825,195.6290906173784,338.0605177071777,180.5927850067625,0.0,0.0,0.0,23654.82959004976,603.4474188383931,40637.31064068381,6672.348539415707,41309,1 41309U 16004B   25280.69305250 +.00000000 +00000+0 +00000+0 2 99994,2 41309   0.5141 195.6291 7179286 338.0605 180.5928  2.38628910000000,2025-10-07T17:57:28.349Z,system.exo,EXO,REAL,2,OPS1,"{'NORAD_ID': 41309, 'classification': 'U', 'COSPAR_ID': '16004B', 'BC': 0.0, 'n_ddot': 0.0, 'B_star': 0.0, 'ephemeris_type': 2, 'elset_num': 9999, 'inclination': 0.5141, 'RAAN': 195.6291, 'eccentricity': 0.7179286, 'perigee': 338.0605, 'mean_anomaly': 180.5928, 'mean_motion': 2.3862891, 'rev_num': 0, 'line1': '1 41309U 16004B   25280.69305250 +.00000000 +00000+0 +00000+0 2 99994', 'line2': '2 41309   0.5141 195.6291 7179286 338.0605 180.5928  2.38628910000000', 'epoch': datetime.datetime(2025, 10, 7, 16, 37, 59, 736000)}"
7b970db8-6efe-4764-9285-ccbe288c811c,U//PR-EXO-ELSETS,39017,2025-10-07T20:53:50.199994Z,1.002680521057141,39017,False,0.0002966613191405911,0.01256058350489412,148.8218135178895,59.63117705643381,209.2779215451928,0.0,0.0,0.0,42165.78051165341,1436.15036869549,42178.28946772259,42153.27155558422,39017,1 39017U 12067A   25280.87071991 +.00000000 +00000+0 +00000+0 2 99994,2 39017   0.0126 148.8218 0002966  59.6312 209.2779  1.00268052000002,2025-10-07T21:33:28.646Z,system.exo,EXO,REAL,2,OPS1,"{'NORAD_ID': 39017, 'classification': 'U', 'COSPAR_ID': '12067A', 'BC': 0.0, 'n_ddot': 0.0, 'B_star': 0.0, 'ephemeris_type': 2, 'elset_num': 9999, 'inclination': 0.0126, 'RAAN': 148.8218, 'eccentricity': 0.0002966, 'perigee': 59.6312, 'mean_anomaly': 209.2779, 'mean_motion': 1.00268052, 'rev_num': 0, 'line1': '1 39017U 12067A   25280.87071991 +.00000000 +00000+0 +00000+0 2 99994', 'line2': '2 39017   0.0126 148.8218 0002966  59.6312 209.2779  1.00268052000002', 'epoch': datetime.datetime(2025, 10, 7, 20, 53, 50, 200224)}"
f5755773-7350-41fc-aabf-060d8e738b40,U//PR-EXO-ELSETS,37606,2025-10-07T20:53:50.199994Z,1.002671243668746,37606,False,0.0002189398565431537,0.000831354607901843,207.7081632224912,22.37009018296435,188.1775914307808,0.0,0.0,0.0,42166.0406086839,1436.163656924158,42175.27243556576,42156.80878180204,37606,1 37606U 11022B   25280.87071991 +.00000000 +00000+0 +00000+0 2 99996,2 37606   0.0008 207.7082 0002189  22.3701 188.1776  1.00267124000004,2025-10-07T21:39:38.108Z,system.exo,EXO,REAL,2,OPS1,"{'NORAD_ID': 37606, 'classification': 'U', 'COSPAR_ID': '11022B', 'BC': 0.0, 'n_ddot': 0.0, 'B_star': 0.0, 'ephemeris_type': 2, 'elset_num': 9999, 'inclination': 0.0008, 'RAAN': 207.7082, 'eccentricity': 0.0002189, 'perigee': 22.3701, 'mean_anomaly': 188.1776, 'mean_motion': 1.00267124, 'rev_num': 0, 'line1': '1 37606U 11022B   25280.87071991 +.00000000 +00000+0 +00000+0 2 99996', 'line2': '2 37606   0.0008 207.7082 0002189  22.3701 188.1776  1.00267124000004', 'epoch': datetime.datetime(2025, 10, 7, 20, 53, 50, 200224)}"
fd072c1c-2ae0-4c92-b6ec-2c4cf1510148,U//PR-EXO-ELSETS,50005,2025-10-07T18:41:49.020831Z,1.002651568952122,50005,False,0.0004526778110098862,0.144831269454347,94.3119287671969,144.8431608270136,228.9671671063493,0.0,0.0,0.0,42166.59221418851,1436.19183831224,42185.68009484978,42147.50433352724,50005,1 50005U 21124A   25280.77903959 +.00000000 +00000+0 +00000+0 2 99995,2 50005   0.1448  94.3119 0004526 144.8432 228.9672  1.00265156000001,2025-10-07T19:42:28.141Z,system.exo,EXO,REAL,2,OPS1,"{'NORAD_ID': 50005, 'classification': 'U', 'COSPAR_ID': '21124A', 'BC': 0.0, 'n_ddot': 0.0, 'B_star': 0.0, 'ephemeris_type': 2, 'elset_num': 9999, 'inclination': 0.1448, 'RAAN': 94.3119, 'eccentricity': 0.0004526, 'perigee': 144.8432, 'mean_anomaly': 228.9672, 'mean_motion': 1.00265156, 'rev_num': 0, 'line1': '1 50005U 21124A   25280.77903959 +.00000000 +00000+0 +00000+0 2 99995', 'line2': '2 50005   0.1448  94.3119 0004526 144.8432 228.9672  1.00265156000001', 'epoch': datetime.datetime(2025, 10, 7, 18, 41, 49, 20576)}"
92bb1c63-b326-4094-b4dd-ac5098612c27,U//PR-EXO-ELSETS,40147,2025-10-07T20:26:35.633282Z,1.002655724200427,40147,False,7.578568057961553e-05,0.01674198359169355,30.10630795531634,127.9689286355949,256.821968841683,0.0,0.0,0.0,42166.47571505685,1436.185886385216,42169.67133011656,42163.28009999714,40147,1 40147U 14054B   25280.85180131 +.00000000 +00000+0 +00000+0 2 99993,2 40147   0.0167  30.1063 0000757 127.9689 256.8220  1.00265572000009,2025-10-07T21:09:39.112Z,system.exo,EXO,REAL,2,OPS1,"{'NORAD_ID': 40147, 'classification': 'U', 'COSPAR_ID': '14054B', 'BC': 0.0, 'n_ddot': 0.0, 'B_star': 0.0, 'ephemeris_type': 2, 'elset_num': 9999, 'inclination': 0.0167, 'RAAN': 30.1063, 'eccentricity': 7.57e-05, 'perigee': 127.9689, 'mean_anomaly': 256.822, 'mean_motion': 1.00265572, 'rev_num': 0, 'line1': '1 40147U 14054B   25280.85180131 +.00000000 +00000+0 +00000+0 2 99993', 'line2': '2 40147   0.0167  30.1063 0000757 127.9689 256.8220  1.00265572000009', 'epoch': datetime.datetime(2025, 10, 7, 20, 26, 35, 633184)}"
1fe5506e-e5c0-4456-9fbe-addd9d9bf140,U//PR-EXO-ELSETS,52904,2025-10-07T20:57:03.504438Z,1.002678853497465,52904,False,0.0002644478249795023,0.04610681874830904,343.2411913656476,266.9702884354751,172.3490784958131,0.0,0.0,0.0,42165.82726237228,1436.152757163578,42176.97792368028,42154.67660106429,52904,1 52904U 22067B   25280.87295723 +.00000000 +00000+0 +00000+0 2 99996,2 52904   0.0461 343.2412 0002644 266.9703 172.3491  1.00267885000005,2025-10-07T21:54:32.246Z,system.exo,EXO,REAL,2,OPS1,"{'NORAD_ID': 52904, 'classification': 'U', 'COSPAR_ID': '22067B', 'BC': 0.0, 'n_ddot': 0.0, 'B_star': 0.0, 'ephemeris_type': 2, 'elset_num': 9999, 'inclination': 0.0461, 'RAAN': 343.2412, 'eccentricity': 0.0002644, 'perigee': 266.9703, 'mean_anomaly': 172.3491, 'mean_motion': 1.00267885, 'rev_num': 0, 'line1': '1 52904U 22067B   25280.87295723 +.00000000 +00000+0 +00000+0 2 99996', 'line2': '2 52904   0.0461 343.2412 0002644 266.9703 172.3491  1.00267885000005', 'epoch': datetime.datetime(2025, 10, 7, 20, 57, 3, 504672)}"
050ef3c4-cc54-455e-b040-7d08cc244c3a,U//PR-EXO-ELSETS,33051,2025-10-07T20:56:56.366114Z,1.002662674500708,33051,False,0.000625289383652499,0.1227512144533318,89.87515802376178,133.9874858502982,199.5762105175121,0.0,0.0,0.0,42166.28085390427,1436.175930970075,42192.64698167032,42139.91472613821,33051,1 33051U 08028A   25280.87287461 +.00000000 +00000+0 +00000+0 2 99999,2 33051   0.1228  89.8752 0006252 133.9875 199.5762  1.00266267000006,2025-10-07T21:39:38.104Z,system.exo,EXO,REAL,2,OPS1,"{'NORAD_ID': 33051, 'classification': 'U', 'COSPAR_ID': '08028A', 'BC': 0.0, 'n_ddot': 0.0, 'B_star': 0.0, 'ephemeris_type': 2, 'elset_num': 9999, 'inclination': 0.1228, 'RAAN': 89.8752, 'eccentricity': 0.0006252, 'perigee': 133.9875, 'mean_anomaly': 199.5762, 'mean_motion': 1.00266267, 'rev_num': 0, 'line1': '1 33051U 08028A   25280.87287461 +.00000000 +00000+0 +00000+0 2 99999', 'line2': '2 33051   0.1228  89.8752 0006252 133.9875 199.5762  1.00266267000006', 'epoch': datetime.datetime(2025, 10, 7, 20, 56, 56, 366304)}"
7b940b11-3b99-4169-b12a-6821f93f7967,U//PR-EXO-ELSETS,25913,2025-10-07T17:21:37.593941Z,0.9874502107830392,25913,False,0.0004091972024348942,11.51159368214612,38.07526990550527,185.3689449218736,211.8613849157582,0.0,0.0,0.0,42598.24671976445,1458.301374869415,42615.67780315081,42580.81563637809,25913,1 25913U 99050A   25280.72335178 +.00000000 +00000+0 +00000+0 2 99995,2 25913  11.5116  38.0753 0004091 185.3689 211.8614  0.98745021000006,2025-10-07T17:51:27.125Z,system.exo,EXO,REAL,2,OPS1,"{'NORAD_ID': 25913, 'classification': 'U', 'COSPAR_ID': '99050A', 'BC': 0.0, 'n_ddot': 0.0, 'B_star': 0.0, 'ephemeris_type': 2, 'elset_num': 9999, 'inclination': 11.5116, 'RAAN': 38.0753, 'eccentricity': 0.0004091, 'perigee': 185.3689, 'mean_anomaly': 211.8614, 'mean_motion': 0.98745021, 'rev_num': 0, 'line1': '1 25913U 99050A   25280.72335178 +.00000000 +00000+0 +00000+0 2 99995', 'line2': '2 25913  11.5116  38.0753 0004091 185.3689 211.8614  0.98745021000006', 'epoch': datetime.datetime(2025, 10, 7, 17, 21, 37, 593792)}"
60ee68c4-4197-4201-8271-bb33c756a230,U//PR-EXO-ELSETS,28364,2025-10-07T18:44:33.799820Z,0.9901209882819185,28364,False,0.0001467089572570466,6.326965123463892,72.72910380612585,140.797155624505,266.7766714671797,0.0,0.0,0.0,42521.60851125456,1454.367715705858,42527.84681210014,42515.37021040898,28364,1 28364U 04024A   25280.78094676 +.00000000 +00000+0 +00000+0 2 99996,2 28364   6.3270  72.7291 0001467 140.7972 266.7767  0.99012098000008,2025-10-07T19:27:29.226Z,system.exo,EXO,REAL,2,OPS1,"{'NORAD_ID': 28364, 'classification': 'U', 'COSPAR_ID': '04024A', 'BC': 0.0, 'n_ddot': 0.0, 'B_star': 0.0, 'ephemeris_type': 2, 'elset_num': 9999, 'inclination': 6.327, 'RAAN': 72.7291, 'eccentricity': 0.0001467, 'perigee': 140.7972, 'mean_anomaly': 266.7767, 'mean_motion': 0.99012098, 'rev_num': 0, 'line1': '1 28364U 04024A   25280.78094676 +.00000000 +00000+0 +00000+0 2 99996', 'line2': '2 28364   6.3270  72.7291 0001467 140.7972 266.7767  0.99012098000008', 'epoch': datetime.datetime(2025, 10, 7, 18, 44, 33, 800064)}"
81e6362c-052e-4fef-b9e9-fc606f849db0,U//PR-EXO-ELSETS,32779,2025-10-07T20:21:53.297094Z,0.9741031766268714,32779,False,0.0008945964319031413,9.532228834662135,61.9483732139312,208.3439200953442,182.130518673559,0.0,0.0,0.0,42986.48054829941,1478.2828293266,43024.936100418,42948.02499618083,32779,1 32779U 08019A   25280.84853353 +.00000000 +00000+0 +00000+0 2 99991,2 32779   9.5322  61.9484 0008945 208.3439 182.1305  0.97410317000000,2025-10-07T21:30:29.155Z,system.exo,EXO,REAL,2,OPS1,"{'NORAD_ID': 32779, 'classification': 'U', 'COSPAR_ID': '08019A', 'BC': 0.0, 'n_ddot': 0.0, 'B_star': 0.0, 'ephemeris_type': 2, 'elset_num': 9999, 'inclination': 9.5322, 'RAAN': 61.9484, 'eccentricity': 0.0008945, 'perigee': 208.3439, 'mean_anomaly': 182.1305, 'mean_motion': 0.97410317, 'rev_num': 0, 'line1': '1 32779U 08019A   25280.84853353 +.00000000 +00000+0 +00000+0 2 99991', 'line2': '2 32779   9.5322  61.9484 0008945 208.3439 182.1305  0.97410317000000', 'epoch': datetime.datetime(2025, 10, 7, 20, 21, 53, 296992)}"
f7707bb9-ebf3-4cbf-833c-5edbb023c514,U//PR-EXO-ELSETS,41744,2025-10-07T19:01:09.948913Z,1.003915238171688,41744,False,0.0001451458947598797,3.54487403963034,80.4002723633512,225.1130405949544,129.7463536900526,0.0,0.0,0.0,42131.20024250485,1434.384044834802,42137.31541326136,42125.08507174834,41744,1 41744U 16052A   25280.79247626 +.00000000 +00000+0 +00000+0 2 99993,2 41744   3.5449  80.4003 0001451 225.1130 129.7464  1.00391523000004,2025-10-07T19:54:28.846Z,system.exo,EXO,REAL,2,OPS1,"{'NORAD_ID': 41744, 'classification': 'U', 'COSPAR_ID': '16052A', 'BC': 0.0, 'n_ddot': 0.0, 'B_star': 0.0, 'ephemeris_type': 2, 'elset_num': 9999, 'inclination': 3.5449, 'RAAN': 80.4003, 'eccentricity': 0.0001451, 'perigee': 225.113, 'mean_anomaly': 129.7464, 'mean_motion': 1.00391523, 'rev_num': 0, 'line1': '1 41744U 16052A   25280.79247626 +.00000000 +00000+0 +00000+0 2 99993', 'line2': '2 41744   3.5449  80.4003 0001451 225.1130 129.7464  1.00391523000004', 'epoch': datetime.datetime(2025, 10, 7, 19, 1, 9, 948864)}"
c67b370f-1400-4b76-9635-5856d50ba837,U//PR-EXO-ELSETS,14548,2025-10-07T16:35:30.316052Z,1.002606075912514,14548,False,0.004708578543130665,9.031610535534924,312.6004670367024,336.8778974776723,67.52432947330134,0.0,0.0,0.0,42167.86773803858,1436.257005214532,42366.41845527948,41969.31702079768,14548,1 14548U 83118F   25280.69132310 +.00000000 +00000+0 +00000+0 2 99994,2 14548   9.0316 312.6005 0047085 336.8779  67.5243  1.00260607000006,2025-10-07T17:00:30.428Z,system.exo,EXO,REAL,2,OPS1,"{'NORAD_ID': 14548, 'classification': 'U', 'COSPAR_ID': '83118F', 'BC': 0.0, 'n_ddot': 0.0, 'B_star': 0.0, 'ephemeris_type': 2, 'elset_num': 9999, 'inclination': 9.0316, 'RAAN': 312.6005, 'eccentricity': 0.0047085, 'perigee': 336.8779, 'mean_anomaly': 67.5243, 'mean_motion': 1.00260607, 'rev_num': 0, 'line1': '1 14548U 83118F   25280.69132310 +.00000000 +00000+0 +00000+0 2 99994', 'line2': '2 14548   9.0316 312.6005 0047085 336.8779  67.5243  1.00260607000006', 'epoch': datetime.datetime(2025, 10, 7, 16, 35, 30, 315840)}"
5f3b2c42-f333-44a1-bd50-c90fb66cd2ed,U//PR-EXO-ELSETS,13554,2025-10-07T16:35:30.316052Z,1.003221389744075,13554,False,0.002654470918533234,7.655648732459001,301.5141473410921,1.212956184462712,54.5537741351662,0.0,0.0,0.0,42150.62387037947,1435.376094171346,42262.51147564143,42038.73626511752,13554,1 13554U 82093A   25280.69132310 +.00000000 +00000+0 +00000+0 2 99991,2 13554   7.6556 301.5141 0026544   1.2130  54.5538  1.00322138000002,2025-10-07T17:18:29.543Z,system.exo,EXO,REAL,2,OPS1,"{'NORAD_ID': 13554, 'classification': 'U', 'COSPAR_ID': '82093A', 'BC': 0.0, 'n_ddot': 0.0, 'B_star': 0.0, 'ephemeris_type': 2, 'elset_num': 9999, 'inclination': 7.6556, 'RAAN': 301.5141, 'eccentricity': 0.0026544, 'perigee': 1.213, 'mean_anomaly': 54.5538, 'mean_motion': 1.00322138, 'rev_num': 0, 'line1': '1 13554U 82093A   25280.69132310 +.00000000 +00000+0 +00000+0 2 99991', 'line2': '2 13554   7.6556 301.5141 0026544   1.2130  54.5538  1.00322138000002', 'epoch': datetime.datetime(2025, 10, 7, 16, 35, 30, 315840)}"
fc8ec60b-9b30-49d2-86ce-a19bdc44aafe,U//PR-EXO-ELSETS,19330,2025-10-07T19:38:27.591976Z,1.002845813994926,19330,False,0.0008733594910683734,11.66444639982463,329.4445284453294,181.5031308510513,252.9696142658152,0.0,0.0,0.0,42161.14709934226,1435.913656819916,42197.9689373158,42124.32526136872,19330,1 19330U 88063A   25280.81837491 +.00000000 +00000+0 +00000+0 2 99998,2 19330  11.6644 329.4445 0008733 181.5031 252.9696  1.00284581000009,2025-10-07T23:24:28.929Z,system.exo,EXO,REAL,2,OPS1,"{'NORAD_ID': 19330, 'classification': 'U', 'COSPAR_ID': '88063A', 'BC': 0.0, 'n_ddot': 0.0, 'B_star': 0.0, 'ephemeris_type': 2, 'elset_num': 9999, 'inclination': 11.6644, 'RAAN': 329.4445, 'eccentricity': 0.0008733, 'perigee': 181.5031, 'mean_anomaly': 252.9696, 'mean_motion': 1.00284581, 'rev_num': 0, 'line1': '1 19330U 88063A   25280.81837491 +.00000000 +00000+0 +00000+0 2 99998', 'line2': '2 19330  11.6644 329.4445 0008733 181.5031 252.9696  1.00284581000009', 'epoch': datetime.datetime(2025, 10, 7, 19, 38, 27, 592224)}"
42d9be6f-f645-4e34-b5b7-3eaae3f6f619,U//PR-EXO-ELSETS,26372,2025-10-07T20:33:44.058236Z,1.002243227964471,26372,False,0.0004694737505563044,13.74978320192501,8.62174254110051,215.2888335830268,237.259651451666,0.0,0.0,0.0,42178.04464305907,1436.776981695952,42197.84612786879,42158.24315824937,26372,1 26372U 00029A   25280.85675993 +.00000000 +00000+0 +00000+0 2 99999,2 26372  13.7498   8.6217 0004694 215.2888 237.2597  1.00224322000006,2025-10-07T21:51:31.418Z,system.exo,EXO,REAL,2,OPS1,"{'NORAD_ID': 26372, 'classification': 'U', 'COSPAR_ID': '00029A', 'BC': 0.0, 'n_ddot': 0.0, 'B_star': 0.0, 'ephemeris_type': 2, 'elset_num': 9999, 'inclination': 13.7498, 'RAAN': 8.6217, 'eccentricity': 0.0004694, 'perigee': 215.2888, 'mean_anomaly': 237.2597, 'mean_motion': 1.00224322, 'rev_num': 0, 'line1': '1 26372U 00029A   25280.85675993 +.00000000 +00000+0 +00000+0 2 99999', 'line2': '2 26372  13.7498   8.6217 0004694 215.2888 237.2597  1.00224322000006', 'epoch': datetime.datetime(2025, 10, 7, 20, 33, 44, 57952)}"
8ad4b467-c2b9-4e07-af31-f45891539dfd,U//PR-EXO-ELSETS,26382,2025-10-07T18:12:36.021005Z,1.000989334504248,26382,False,0.0003234527243733451,13.02217316499191,18.72731868530692,249.001324570961,163.7345575140873,0.0,0.0,0.0,42213.2602956739,1438.576766368023,42226.91428972122,42199.60630162658,26382,1 26382U 00032A   25280.75875024 +.00000000 +00000+0 +00000+0 2 99990,2 26382  13.0222  18.7273 0003234 249.0013 163.7346  1.00098933000005,2025-10-07T18:48:29.937Z,system.exo,EXO,REAL,2,OPS1,"{'NORAD_ID': 26382, 'classification': 'U', 'COSPAR_ID': '00032A', 'BC': 0.0, 'n_ddot': 0.0, 'B_star': 0.0, 'ephemeris_type': 2, 'elset_num': 9999, 'inclination': 13.0222, 'RAAN': 18.7273, 'eccentricity': 0.0003234, 'perigee': 249.0013, 'mean_anomaly': 163.7346, 'mean_motion': 1.00098933, 'rev_num': 0, 'line1': '1 26382U 00032A   25280.75875024 +.00000000 +00000+0 +00000+0 2 99990', 'line2': '2 26382  13.0222  18.7273 0003234 249.0013 163.7346  1.00098933000005', 'epoch': datetime.datetime(2025, 10, 7, 18, 12, 36, 20736)}"
6d3faae4-7d3d-46e4-af9f-93482272a64c,U//PR-EXO-ELSETS,53813,2025-10-07T20:42:37.548966Z,1.002666589222123,53813,False,0.0004295321075154032,0.05415947280296993,50.16255410424864,210.4673016577788,148.2189265501826,0.0,0.0,0.0,42166.17110033856,1436.170323693705,42184.28282467714,42148.05937599998,53813,1 53813U 22112A   25280.86293459 +.00000000 +00000+0 +00000+0 2 99990,2 53813   0.0542  50.1626 0004295 210.4673 148.2189  1.00266658000003,2025-10-07T21:36:29.821Z,system.exo,EXO,REAL,2,OPS1,"{'NORAD_ID': 53813, 'classification': 'U', 'COSPAR_ID': '22112A', 'BC': 0.0, 'n_ddot': 0.0, 'B_star': 0.0, 'ephemeris_type': 2, 'elset_num': 9999, 'inclination': 0.0542, 'RAAN': 50.1626, 'eccentricity': 0.0004295, 'perigee': 210.4673, 'mean_anomaly': 148.2189, 'mean_motion': 1.00266658, 'rev_num': 0, 'line1': '1 53813U 22112A   25280.86293459 +.00000000 +00000+0 +00000+0 2 99990', 'line2': '2 53813   0.0542  50.1626 0004295 210.4673 148.2189  1.00266658000003', 'epoch': datetime.datetime(2025, 10, 7, 20, 42, 37, 548576)}"
0d041cd9-21b6-4904-acc3-85067fdc7833,U//PR-EXO-ELSETS,58990,2025-10-07T20:44:17.705010Z,1.00267968351047,58990,False,0.0001576279684408934,0.04679745573267103,61.68941543835705,145.5274823741383,202.7078594506204,0.0,0.0,0.0,42165.80399260137,1436.151568323827,42172.4505026224,42159.15748258033,58990,1 58990U 24033A   25280.86409381 +.00000000 +00000+0 +00000+0 2 99998,2 58990   0.0468  61.6894 0001576 145.5275 202.7079  1.00267968000009,2025-10-07T21:48:31.840Z,system.exo,EXO,REAL,2,OPS1,"{'NORAD_ID': 58990, 'classification': 'U', 'COSPAR_ID': '24033A', 'BC': 0.0, 'n_ddot': 0.0, 'B_star': 0.0, 'ephemeris_type': 2, 'elset_num': 9999, 'inclination': 0.0468, 'RAAN': 61.6894, 'eccentricity': 0.0001576, 'perigee': 145.5275, 'mean_anomaly': 202.7079, 'mean_motion': 1.00267968, 'rev_num': 0, 'line1': '1 58990U 24033A   25280.86409381 +.00000000 +00000+0 +00000+0 2 99998', 'line2': '2 58990   0.0468  61.6894 0001576 145.5275 202.7079  1.00267968000009', 'epoch': datetime.datetime(2025, 10, 7, 20, 44, 17, 705184)}"
5098a447-c7f2-4e6a-a8c8-f548254ce82f,U//PR-EXO-ELSETS,28946,2025-10-07T16:35:37.201108Z,0.98111136954681,28946,False,0.001024284262708189,1.418205734677346,87.9857318252116,174.6630163390739,94.8090849771928,0.0,0.0,0.0,42781.53110399258,1467.723282694357,42825.35155303696,42737.7106549482,28946,1 28946U 06007B   25280.69140279 +.00000000 +00000+0 +00000+0 2 99996,2 28946   1.4182  87.9857 0010242 174.6630  94.8091  0.98111136000008,2025-10-07T18:21:30.265Z,system.exo,EXO,REAL,2,OPS1,"{'NORAD_ID': 28946, 'classification': 'U', 'COSPAR_ID': '06007B', 'BC': 0.0, 'n_ddot': 0.0, 'B_star': 0.0, 'ephemeris_type': 2, 'elset_num': 9999, 'inclination': 1.4182, 'RAAN': 87.9857, 'eccentricity': 0.0010242, 'perigee': 174.663, 'mean_anomaly': 94.8091, 'mean_motion': 0.98111136, 'rev_num': 0, 'line1': '1 28946U 06007B   25280.69140279 +.00000000 +00000+0 +00000+0 2 99996', 'line2': '2 28946   1.4182  87.9857 0010242 174.6630  94.8091  0.98111136000008', 'epoch': datetime.datetime(2025, 10, 7, 16, 35, 37, 201056)}"
ad18378a-1148-4ec5-89f7-8b6b81271afc,U//PR-EXO-ELSETS,43633,2025-10-07T18:44:35.925900Z,1.002672163911402,43633,False,0.0001671511676031452,0.01292282056885929,260.1174068819636,26.54088558240221,180.1813195667715,0.0,0.0,0.0,42166.01480896156,1436.162338827271,42173.06290757005,42158.96671035307,43633,1 43633U 18074B   25280.78097136 +.00000000 +00000+0 +00000+0 2 99996,2 43633   0.0129 260.1174 0001671  26.5409 180.1813  1.00267216000002,2025-10-07T20:03:28.667Z,system.exo,EXO,REAL,2,OPS1,"{'NORAD_ID': 43633, 'classification': 'U', 'COSPAR_ID': '18074B', 'BC': 0.0, 'n_ddot': 0.0, 'B_star': 0.0, 'ephemeris_type': 2, 'elset_num': 9999, 'inclination': 0.0129, 'RAAN': 260.1174, 'eccentricity': 0.0001671, 'perigee': 26.5409, 'mean_anomaly': 180.1813, 'mean_motion': 1.00267216, 'rev_num': 0, 'line1': '1 43633U 18074B   25280.78097136 +.00000000 +00000+0 +00000+0 2 99996', 'line2': '2 43633   0.0129 260.1174 0001671  26.5409 180.1813  1.00267216000002', 'epoch': datetime.datetime(2025, 10, 7, 18, 44, 35, 925504)}"
0a97025c-7425-4e6d-bb9f-ee60d2195aa9,U//PR-EXO-ELSETS,25937,2025-10-07T18:29:58.990001Z,0.9895843890094065,25937,False,0.0006082710104744965,10.11609604465096,50.78587976810095,197.4180822133906,183.6438211528694,0.0,0.0,0.0,42536.97860187859,1455.156342392859,42562.85261283528,42511.1045909219,25937,1 25937U 99056A   25280.77082164 +.00000000 +00000+0 +00000+0 2 99996,2 25937  10.1161  50.7859 0006082 197.4181 183.6438  0.98958438000006,2025-10-07T20:12:29.972Z,system.exo,EXO,REAL,2,OPS1,"{'NORAD_ID': 25937, 'classification': 'U', 'COSPAR_ID': '99056A', 'BC': 0.0, 'n_ddot': 0.0, 'B_star': 0.0, 'ephemeris_type': 2, 'elset_num': 9999, 'inclination': 10.1161, 'RAAN': 50.7859, 'eccentricity': 0.0006082, 'perigee': 197.4181, 'mean_anomaly': 183.6438, 'mean_motion': 0.98958438, 'rev_num': 0, 'line1': '1 25937U 99056A   25280.77082164 +.00000000 +00000+0 +00000+0 2 99996', 'line2': '2 25937  10.1161  50.7859 0006082 197.4181 183.6438  0.98958438000006', 'epoch': datetime.datetime(2025, 10, 7, 18, 29, 58, 989696)}"
ec3bfae5-9145-4b1a-9d45-f527a50ffd71,U//PR-EXO-ELSETS,24652,2025-10-07T20:05:57.892741Z,0.9941162563780125,24652,False,0.0006152127934548361,10.03965605786517,51.10717002731919,151.2476101123366,255.3746861383193,0.0,0.0,0.0,42407.60492875396,1448.522736411666,42433.69462984592,42381.51522766201,24652,1 24652U 96063A   25280.83747561 +.00000000 +00000+0 +00000+0 2 99990,2 24652  10.0397  51.1072 0006152 151.2476 255.3747  0.99411625000007,2025-10-07T20:39:28.375Z,system.exo,EXO,REAL,2,OPS1,"{'NORAD_ID': 24652, 'classification': 'U', 'COSPAR_ID': '96063A', 'BC': 0.0, 'n_ddot': 0.0, 'B_star': 0.0, 'ephemeris_type': 2, 'elset_num': 9999, 'inclination': 10.0397, 'RAAN': 51.1072, 'eccentricity': 0.0006152, 'perigee': 151.2476, 'mean_anomaly': 255.3747, 'mean_motion': 0.99411625, 'rev_num': 0, 'line1': '1 24652U 96063A   25280.83747561 +.00000000 +00000+0 +00000+0 2 99990', 'line2': '2 24652  10.0397  51.1072 0006152 151.2476 255.3747  0.99411625000007', 'epoch': datetime.datetime(2025, 10, 7, 20, 5, 57, 892704)}"
25ab3acc-fd50-42d8-a3ed-a9073674a308,U//PR-EXO-ELSETS,16732,2025-10-07T18:40:54.867996Z,1.013652421631031,16732,False,0.002113436170556199,9.193498384604835,315.3133979285101,179.8943822630496,342.2505751488388,0.0,0.0,0.0,41860.95715401691,1420.605297507156,41949.42761500031,41772.48669303351,16732,1 16732U 86038D   25280.77841282 +.00000000 +00000+0 +00000+0 2 99999,2 16732   9.1935 315.3134 0021134 179.8944 342.2506  1.01365242000007,2025-10-07T19:39:28.726Z,system.exo,EXO,REAL,2,OPS1,"{'NORAD_ID': 16732, 'classification': 'U', 'COSPAR_ID': '86038D', 'BC': 0.0, 'n_ddot': 0.0, 'B_star': 0.0, 'ephemeris_type': 2, 'elset_num': 9999, 'inclination': 9.1935, 'RAAN': 315.3134, 'eccentricity': 0.0021134, 'perigee': 179.8944, 'mean_anomaly': 342.2506, 'mean_motion': 1.01365242, 'rev_num': 0, 'line1': '1 16732U 86038D   25280.77841282 +.00000000 +00000+0 +00000+0 2 99999', 'line2': '2 16732   9.1935 315.3134 0021134 179.8944 342.2506  1.01365242000007', 'epoch': datetime.datetime(2025, 10, 7, 18, 40, 54, 867648)}"
6c122e3c-e8f8-4e0d-841a-33ef14eefe65,U//PR-EXO-ELSETS,20083,2025-10-07T20:50:18.689574Z,0.9870642781670769,20083,False,0.00190879978320776,12.98959297745558,336.8771095955772,151.5059663665189,334.9027851879242,0.0,0.0,0.0,42609.34966548924,1458.871556646746,42690.68238289335,42528.01694808513,20083,1 20083U 89048A   25280.86827187 +.00000000 +00000+0 +00000+0 2 99995,2 20083  12.9896 336.8771 0019087 151.5060 334.9028  0.98706427000000,2025-10-07T21:21:29.527Z,system.exo,EXO,REAL,2,OPS1,"{'NORAD_ID': 20083, 'classification': 'U', 'COSPAR_ID': '89048A', 'BC': 0.0, 'n_ddot': 0.0, 'B_star': 0.0, 'ephemeris_type': 2, 'elset_num': 9999, 'inclination': 12.9896, 'RAAN': 336.8771, 'eccentricity': 0.0019087, 'perigee': 151.506, 'mean_anomaly': 334.9028, 'mean_motion': 0.98706427, 'rev_num': 0, 'line1': '1 20083U 89048A   25280.86827187 +.00000000 +00000+0 +00000+0 2 99995', 'line2': '2 20083  12.9896 336.8771 0019087 151.5060 334.9028  0.98706427000000', 'epoch': datetime.datetime(2025, 10, 7, 20, 50, 18, 689568)}"
a02cddbf-8679-4120-987e-c4d1f4d01391,U//PR-EXO-ELSETS,47321,2025-10-07T20:35:40.872730Z,1.002653119992168,47321,False,0.0005679366174516284,2.041538857376253,325.8448995110562,274.6589535601977,166.6744263042052,0.0,0.0,0.0,42166.5487281688,1436.189616615613,42190.49665522309,42142.60080111452,47321,1 47321U 21003A   25280.85811195 +.00000000 +00000+0 +00000+0 2 99997,2 47321   2.0415 325.8449 0005679 274.6590 166.6744  1.00265311000009,2025-10-07T20:54:27.676Z,system.exo,EXO,REAL,2,OPS1,"{'NORAD_ID': 47321, 'classification': 'U', 'COSPAR_ID': '21003A', 'BC': 0.0, 'n_ddot': 0.0, 'B_star': 0.0, 'ephemeris_type': 2, 'elset_num': 9999, 'inclination': 2.0415, 'RAAN': 325.8449, 'eccentricity': 0.0005679, 'perigee': 274.659, 'mean_anomaly': 166.6744, 'mean_motion': 1.00265311, 'rev_num': 0, 'line1': '1 47321U 21003A   25280.85811195 +.00000000 +00000+0 +00000+0 2 99997', 'line2': '2 47321   2.0415 325.8449 0005679 274.6590 166.6744  1.00265311000009', 'epoch': datetime.datetime(2025, 10, 7, 20, 35, 40, 872480)}"
e657acbd-02b2-41bd-9796-b06bcdb8e075,U//PR-EXO-ELSETS,39206,2025-10-07T18:44:33.799820Z,1.002668101107881,39206,False,0.005680094323497952,4.495167714253077,44.77293348400664,178.3382954701759,257.6852709689117,0.0,0.0,0.0,42166.12871313221,1436.168158146147,42405.63630147956,41926.62112478486,39206,1 39206U 13036A   25280.78094676 +.00000000 +00000+0 +00000+0 2 99996,2 39206   4.4952  44.7729 0056800 178.3383 257.6853  1.00266810000001,2025-10-07T21:15:29.013Z,system.exo,EXO,REAL,2,OPS1,"{'NORAD_ID': 39206, 'classification': 'U', 'COSPAR_ID': '13036A', 'BC': 0.0, 'n_ddot': 0.0, 'B_star': 0.0, 'ephemeris_type': 2, 'elset_num': 9999, 'inclination': 4.4952, 'RAAN': 44.7729, 'eccentricity': 0.00568, 'perigee': 178.3383, 'mean_anomaly': 257.6853, 'mean_motion': 1.0026681, 'rev_num': 0, 'line1': '1 39206U 13036A   25280.78094676 +.00000000 +00000+0 +00000+0 2 99996', 'line2': '2 39206   4.4952  44.7729 0056800 178.3383 257.6853  1.00266810000001', 'epoch': datetime.datetime(2025, 10, 7, 18, 44, 33, 800064)}"
2ad6dbc6-8bb3-4318-947c-cf5254f278c5,U//PR-EXO-ELSETS,37951,2025-10-07T18:29:05.890953Z,1.002654806158427,37951,False,0.0005243799575878114,8.106430393785278,77.55886193697741,139.1548513921522,244.1723189056315,0.0,0.0,0.0,42166.50145378537,1436.187201373141,42188.61272202933,42144.39018554141,37951,1 37951U 11074B   25280.77020707 +.00000000 +00000+0 +00000+0 2 99994,2 37951   8.1064  77.5589 0005243 139.1549 244.1723  1.00265480000002,2025-10-07T19:51:28.189Z,system.exo,EXO,REAL,2,OPS1,"{'NORAD_ID': 37951, 'classification': 'U', 'COSPAR_ID': '11074B', 'BC': 0.0, 'n_ddot': 0.0, 'B_star': 0.0, 'ephemeris_type': 2, 'elset_num': 9999, 'inclination': 8.1064, 'RAAN': 77.5589, 'eccentricity': 0.0005243, 'perigee': 139.1549, 'mean_anomaly': 244.1723, 'mean_motion': 1.0026548, 'rev_num': 0, 'line1': '1 37951U 11074B   25280.77020707 +.00000000 +00000+0 +00000+0 2 99994', 'line2': '2 37951   8.1064  77.5589 0005243 139.1549 244.1723  1.00265480000002', 'epoch': datetime.datetime(2025, 10, 7, 18, 29, 5, 890848)}"
4a31a87b-29bd-4d03-97b3-c93c243b4acd,U//PR-EXO-ELSETS,37737,2025-10-07T18:23:01.403531Z,0.989957413452866,37737,False,0.0006020326607170219,4.912612128088067,69.61504705835262,218.722694700574,177.5210862227457,0.0,0.0,0.0,42526.292398471,1454.608027003337,42551.89461543408,42500.69018150792,37737,1 37737U 11032A   25280.76598847 +.00000000 +00000+0 +00000+0 2 99994,2 37737   4.9126  69.6150 0006020 218.7227 177.5211  0.98995741000001,2025-10-07T18:54:28.916Z,system.exo,EXO,REAL,2,OPS1,"{'NORAD_ID': 37737, 'classification': 'U', 'COSPAR_ID': '11032A', 'BC': 0.0, 'n_ddot': 0.0, 'B_star': 0.0, 'ephemeris_type': 2, 'elset_num': 9999, 'inclination': 4.9126, 'RAAN': 69.615, 'eccentricity': 0.000602, 'perigee': 218.7227, 'mean_anomaly': 177.5211, 'mean_motion': 0.98995741, 'rev_num': 0, 'line1': '1 37737U 11032A   25280.76598847 +.00000000 +00000+0 +00000+0 2 99994', 'line2': '2 37737   4.9126  69.6150 0006020 218.7227 177.5211  0.98995741000001', 'epoch': datetime.datetime(2025, 10, 7, 18, 23, 1, 403808)}"
00fa2763-4290-4d21-9dc7-782b63c93285,U//PR-EXO-ELSETS,52903,2025-10-07T20:47:26.538748Z,1.002675502927323,52903,False,0.0004835784623010182,0.04242529408400159,260.3446589117338,225.2784792056993,286.0252010559184,0.0,0.0,0.0,42165.92119737103,1436.157556254145,42186.31172870516,42145.5306660369,52903,1 52903U 22067A   25280.86627938 +.00000000 +00000+0 +00000+0 2 99991,2 52903   0.0424 260.3447 0004835 225.2785 286.0252  1.00267550000009,2025-10-07T22:00:28.135Z,system.exo,EXO,REAL,2,OPS1,"{'NORAD_ID': 52903, 'classification': 'U', 'COSPAR_ID': '22067A', 'BC': 0.0, 'n_ddot': 0.0, 'B_star': 0.0, 'ephemeris_type': 2, 'elset_num': 9999, 'inclination': 0.0424, 'RAAN': 260.3447, 'eccentricity': 0.0004835, 'perigee': 225.2785, 'mean_anomaly': 286.0252, 'mean_motion': 1.0026755, 'rev_num': 0, 'line1': '1 52903U 22067A   25280.86627938 +.00000000 +00000+0 +00000+0 2 99991', 'line2': '2 52903   0.0424 260.3447 0004835 225.2785 286.0252  1.00267550000009', 'epoch': datetime.datetime(2025, 10, 7, 20, 47, 26, 538432)}"
a98c5030-d5f1-4e10-a88a-7e92dbe87c55,U//PR-EXO-ELSETS,38779,2025-10-07T20:47:26.538748Z,1.002688086611038,38779,False,0.0002904338858744252,0.04127332549561811,96.66897226666966,164.554773761061,150.3957873947191,0.0,0.0,0.0,42165.5684098772,1436.139532550967,42177.81471976058,42153.32209999381,38779,1 38779U 12051B   25280.86627938 +.00000000 +00000+0 +00000+0 2 99998,2 38779   0.0413  96.6690 0002904 164.5548 150.3958  1.00268808000002,2025-10-07T22:03:28.046Z,system.exo,EXO,REAL,2,OPS1,"{'NORAD_ID': 38779, 'classification': 'U', 'COSPAR_ID': '12051B', 'BC': 0.0, 'n_ddot': 0.0, 'B_star': 0.0, 'ephemeris_type': 2, 'elset_num': 9999, 'inclination': 0.0413, 'RAAN': 96.669, 'eccentricity': 0.0002904, 'perigee': 164.5548, 'mean_anomaly': 150.3958, 'mean_motion': 1.00268808, 'rev_num': 0, 'line1': '1 38779U 12051B   25280.86627938 +.00000000 +00000+0 +00000+0 2 99998', 'line2': '2 38779   0.0413  96.6690 0002904 164.5548 150.3958  1.00268808000002', 'epoch': datetime.datetime(2025, 10, 7, 20, 47, 26, 538432)}"
a2ac3eab-7c40-4266-8ccb-7a63de1fa606,U//PR-EXO-ELSETS,45026,2025-10-07T20:47:26.538748Z,1.002669339030624,45026,False,0.0001874138875715212,0.06484943508656359,89.32597159160453,86.38599966997768,235.9207203105402,0.0,0.0,0.0,42166.09400682813,1436.166385014012,42173.99651842965,42158.1914952266,45026,1 45026U 20005A   25280.86627938 +.00000000 +00000+0 +00000+0 2 99999,2 45026   0.0648  89.3260 0001874  86.3860 235.9207  1.00266933000004,2025-10-07T21:48:31.827Z,system.exo,EXO,REAL,2,OPS1,"{'NORAD_ID': 45026, 'classification': 'U', 'COSPAR_ID': '20005A', 'BC': 0.0, 'n_ddot': 0.0, 'B_star': 0.0, 'ephemeris_type': 2, 'elset_num': 9999, 'inclination': 0.0648, 'RAAN': 89.326, 'eccentricity': 0.0001874, 'perigee': 86.386, 'mean_anomaly': 235.9207, 'mean_motion': 1.00266933, 'rev_num': 0, 'line1': '1 45026U 20005A   25280.86627938 +.00000000 +00000+0 +00000+0 2 99999', 'line2': '2 45026   0.0648  89.3260 0001874  86.3860 235.9207  1.00266933000004', 'epoch': datetime.datetime(2025, 10, 7, 20, 47, 26, 538432)}"
97bd36da-0202-4c94-a49e-c63673b5e15b,U//PR-EXO-ELSETS,47256,2025-10-07T20:47:26.538748Z,1.002672509153517,47256,False,0.0007624816727847956,0.09081480814879785,89.7017104930432,167.3299165210904,154.6061575403479,0.0,0.0,0.0,42166.0051298391,1436.161844325109,42198.15593596515,42133.85432371305,47256,1 47256U 20099A   25280.86627938 +.00000000 +00000+0 +00000+0 2 99999,2 47256   0.0908  89.7017 0007624 167.3299 154.6062  1.00267250000008,2025-10-07T21:48:31.828Z,system.exo,EXO,REAL,2,OPS1,"{'NORAD_ID': 47256, 'classification': 'U', 'COSPAR_ID': '20099A', 'BC': 0.0, 'n_ddot': 0.0, 'B_star': 0.0, 'ephemeris_type': 2, 'elset_num': 9999, 'inclination': 0.0908, 'RAAN': 89.7017, 'eccentricity': 0.0007624, 'perigee': 167.3299, 'mean_anomaly': 154.6062, 'mean_motion': 1.0026725, 'rev_num': 0, 'line1': '1 47256U 20099A   25280.86627938 +.00000000 +00000+0 +00000+0 2 99999', 'line2': '2 47256   0.0908  89.7017 0007624 167.3299 154.6062  1.00267250000008', 'epoch': datetime.datetime(2025, 10, 7, 20, 47, 26, 538432)}"
dd3b820c-d897-49ea-9c04-c44f653321c7,U//PR-EXO-ELSETS,44637,2025-10-07T20:50:16.610326Z,1.002666115309726,44637,False,0.0002970748585456642,0.07739886980910209,87.10394492545664,132.2005521660211,193.5788965752492,0.0,0.0,0.0,42166.18438696131,1436.171002502842,42178.71090022348,42153.65787369915,44637,1 44637U 19070A   25280.86824780 +.00000000 +00000+0 +00000+0 2 99990,2 44637   0.0774  87.1039 0002970 132.2006 193.5789  1.00266611000009,2025-10-07T21:48:31.826Z,system.exo,EXO,REAL,2,OPS1,"{'NORAD_ID': 44637, 'classification': 'U', 'COSPAR_ID': '19070A', 'BC': 0.0, 'n_ddot': 0.0, 'B_star': 0.0, 'ephemeris_type': 2, 'elset_num': 9999, 'inclination': 0.0774, 'RAAN': 87.1039, 'eccentricity': 0.000297, 'perigee': 132.2006, 'mean_anomaly': 193.5789, 'mean_motion': 1.00266611, 'rev_num': 0, 'line1': '1 44637U 19070A   25280.86824780 +.00000000 +00000+0 +00000+0 2 99990', 'line2': '2 44637   0.0774  87.1039 0002970 132.2006 193.5789  1.00266611000009', 'epoch': datetime.datetime(2025, 10, 7, 20, 50, 16, 609920)}"
2a79ce7c-958a-4ffd-852f-9d7f7656d4b7,U//PR-EXO-ELSETS,37834,2025-10-07T15:38:18.298015Z,1.002673788180582,37834,False,0.0001953605064431719,0.04566198801192777,35.12704779639189,163.2002954049919,232.8233507629222,0.0,0.0,0.0,42165.96927140148,1436.160012333598,42174.206836513,42157.73170628995,37834,1 37834U 11056A   25280.65160067 +.00000000 +00000+0 +00000+0 2 99995,2 37834   0.0457  35.1270 0001953 163.2003 232.8234  1.00267378000002,2025-10-07T16:06:30.449Z,system.exo,EXO,REAL,2,OPS1,"{'NORAD_ID': 37834, 'classification': 'U', 'COSPAR_ID': '11056A', 'BC': 0.0, 'n_ddot': 0.0, 'B_star': 0.0, 'ephemeris_type': 2, 'elset_num': 9999, 'inclination': 0.0457, 'RAAN': 35.127, 'eccentricity': 0.0001953, 'perigee': 163.2003, 'mean_anomaly': 232.8234, 'mean_motion': 1.00267378, 'rev_num': 0, 'line1': '1 37834U 11056A   25280.65160067 +.00000000 +00000+0 +00000+0 2 99995', 'line2': '2 37834   0.0457  35.1270 0001953 163.2003 232.8234  1.00267378000002', 'epoch': datetime.datetime(2025, 10, 7, 15, 38, 18, 297888)}"
afbf3fcb-4bee-4488-84ab-3cb30d9f302d,U//PR-EXO-ELSETS,29520,2025-10-07T19:58:20.374402Z,0.9881265068807841,29520,False,0.0003028880555886294,2.18616774804826,84.27025901839188,302.0697408225008,82.83673017275008,0.0,0.0,0.0,42578.80770051269,1457.303280473311,42591.70431278638,42565.911088239,29520,1 29520U 06049A   25280.83218026 +.00000000 +00000+0 +00000+0 2 99993,2 29520   2.1862  84.2703 0003028 302.0697  82.8367  0.98812650000006,2025-10-07T21:21:29.535Z,system.exo,EXO,REAL,2,OPS1,"{'NORAD_ID': 29520, 'classification': 'U', 'COSPAR_ID': '06049A', 'BC': 0.0, 'n_ddot': 0.0, 'B_star': 0.0, 'ephemeris_type': 2, 'elset_num': 9999, 'inclination': 2.1862, 'RAAN': 84.2703, 'eccentricity': 0.0003028, 'perigee': 302.0697, 'mean_anomaly': 82.8367, 'mean_motion': 0.9881265, 'rev_num': 0, 'line1': '1 29520U 06049A   25280.83218026 +.00000000 +00000+0 +00000+0 2 99993', 'line2': '2 29520   2.1862  84.2703 0003028 302.0697  82.8367  0.98812650000006', 'epoch': datetime.datetime(2025, 10, 7, 19, 58, 20, 374464)}"
77edce36-44ae-4c37-8dc7-5f5e61a1c683,U//PR-EXO-ELSETS,23613,2025-10-07T16:40:16.879977Z,1.002678941319665,23613,False,0.0006470058403171861,13.48316954598162,349.9137261220723,109.2692777697178,256.6407894814679,0.0,0.0,0.0,42165.82480023769,1436.152631374465,42193.10633514523,42138.54326533014,23613,1 23613U 95035B   25280.69463981 +.00000000 +00000+0 +00000+0 2 99999,2 23613  13.4832 349.9137 0006470 109.2693 256.6408  1.00267894000009,2025-10-07T17:12:29.088Z,system.exo,EXO,REAL,2,OPS1,"{'NORAD_ID': 23613, 'classification': 'U', 'COSPAR_ID': '95035B', 'BC': 0.0, 'n_ddot': 0.0, 'B_star': 0.0, 'ephemeris_type': 2, 'elset_num': 9999, 'inclination': 13.4832, 'RAAN': 349.9137, 'eccentricity': 0.000647, 'perigee': 109.2693, 'mean_anomaly': 256.6408, 'mean_motion': 1.00267894, 'rev_num': 0, 'line1': '1 23613U 95035B   25280.69463981 +.00000000 +00000+0 +00000+0 2 99999', 'line2': '2 23613  13.4832 349.9137 0006470 109.2693 256.6408  1.00267894000009', 'epoch': datetime.datetime(2025, 10, 7, 16, 40, 16, 879584)}"
d74a3929-1ff9-46cb-8b42-510995a9104e,U//PR-EXO-ELSETS,32050,2025-10-07T19:06:10.101298Z,0.9921819632113629,32050,False,0.0003712187538280214,6.220028173312305,72.80959914272054,153.4525390636901,221.0906671224685,0.0,0.0,0.0,42462.703767177,1451.346681750996,42478.46671915362,42446.94081520038,32050,1 32050U 07037A   25280.79595025 +.00000000 +00000+0 +00000+0 2 99995,2 32050   6.2200  72.8096 0003712 153.4525 221.0907  0.99218196000008,2025-10-07T21:18:27.868Z,system.exo,EXO,REAL,2,OPS1,"{'NORAD_ID': 32050, 'classification': 'U', 'COSPAR_ID': '07037A', 'BC': 0.0, 'n_ddot': 0.0, 'B_star': 0.0, 'ephemeris_type': 2, 'elset_num': 9999, 'inclination': 6.22, 'RAAN': 72.8096, 'eccentricity': 0.0003712, 'perigee': 153.4525, 'mean_anomaly': 221.0907, 'mean_motion': 0.99218196, 'rev_num': 0, 'line1': '1 32050U 07037A   25280.79595025 +.00000000 +00000+0 +00000+0 2 99995', 'line2': '2 32050   6.2200  72.8096 0003712 153.4525 221.0907  0.99218196000008', 'epoch': datetime.datetime(2025, 10, 7, 19, 6, 10, 101600)}"
f491b8d2-4ab9-4661-a17d-92113fb8ac1a,U//PR-EXO-ELSETS,37950,2025-10-07T18:36:09.364978Z,1.002738108479579,37950,False,0.0002371217600292052,8.213736345620704,63.49109282006,115.126518226539,246.1567315036295,0.0,0.0,0.0,42164.16610417121,1436.06789033223,42174.164145448,42154.16806289443,37950,1 37950U 11074A   25280.77510839 +.00000000 +00000+0 +00000+0 2 99993,2 37950   8.2137  63.4911 0002371 115.1265 246.1567  1.00273810000008,2025-10-07T21:09:39.098Z,system.exo,EXO,REAL,2,OPS1,"{'NORAD_ID': 37950, 'classification': 'U', 'COSPAR_ID': '11074A', 'BC': 0.0, 'n_ddot': 0.0, 'B_star': 0.0, 'ephemeris_type': 2, 'elset_num': 9999, 'inclination': 8.2137, 'RAAN': 63.4911, 'eccentricity': 0.0002371, 'perigee': 115.1265, 'mean_anomaly': 246.1567, 'mean_motion': 1.0027381, 'rev_num': 0, 'line1': '1 37950U 11074A   25280.77510839 +.00000000 +00000+0 +00000+0 2 99993', 'line2': '2 37950   8.2137  63.4911 0002371 115.1265 246.1567  1.00273810000008', 'epoch': datetime.datetime(2025, 10, 7, 18, 36, 9, 364896)}"
308681ac-1bab-4ed6-851b-1da45796b4e7,U//PR-EXO-ELSETS,63299,2025-10-07T20:15:40.516175Z,0.9887121902697974,63299,False,0.001891375112511887,0.5562563617409428,88.91655794275447,67.58132852556643,296.5970497814984,0.0,0.0,0.0,42561.99110255464,1456.440017804429,42642.49179326496,42481.49041184432,63299,1 63299U 25045C   25280.84421894 +.00000000 +00000+0 +00000+0 2 99991,2 63299   0.5563  88.9166 0018913  67.5813 296.5970  0.98871219000003,2025-10-07T21:00:33.083Z,system.exo,EXO,REAL,2,OPS1,"{'NORAD_ID': 63299, 'classification': 'U', 'COSPAR_ID': '25045C', 'BC': 0.0, 'n_ddot': 0.0, 'B_star': 0.0, 'ephemeris_type': 2, 'elset_num': 9999, 'inclination': 0.5563, 'RAAN': 88.9166, 'eccentricity': 0.0018913, 'perigee': 67.5813, 'mean_anomaly': 296.597, 'mean_motion': 0.98871219, 'rev_num': 0, 'line1': '1 63299U 25045C   25280.84421894 +.00000000 +00000+0 +00000+0 2 99991', 'line2': '2 63299   0.5563  88.9166 0018913  67.5813 296.5970  0.98871219000003', 'epoch': datetime.datetime(2025, 10, 7, 20, 15, 40, 516416)}"
9a0b8bdb-8783-4ad4-9c5d-7e7a26b2aeb5,U//PR-EXO-ELSETS,44076,2025-10-07T20:38:59.930190Z,1.002676688148286,44076,False,0.0004039714230629617,0.1236466906072237,278.323652827739,299.4620958516852,185.7196374052243,0.0,0.0,0.0,42165.88796901726,1436.155858634103,42182.92178278482,42148.8541552497,44076,1 44076U 19017A   25280.86041586 +.00000000 +00000+0 +00000+0 2 99993,2 44076   0.1236 278.3237 0004039 299.4621 185.7196  1.00267668000009,2025-10-07T21:27:29.021Z,system.exo,EXO,REAL,2,OPS1,"{'NORAD_ID': 44076, 'classification': 'U', 'COSPAR_ID': '19017A', 'BC': 0.0, 'n_ddot': 0.0, 'B_star': 0.0, 'ephemeris_type': 2, 'elset_num': 9999, 'inclination': 0.1236, 'RAAN': 278.3237, 'eccentricity': 0.0004039, 'perigee': 299.4621, 'mean_anomaly': 185.7196, 'mean_motion': 1.00267668, 'rev_num': 0, 'line1': '1 44076U 19017A   25280.86041586 +.00000000 +00000+0 +00000+0 2 99993', 'line2': '2 44076   0.1236 278.3237 0004039 299.4621 185.7196  1.00267668000009', 'epoch': datetime.datetime(2025, 10, 7, 20, 38, 59, 930304)}"
99e0dd39-74f9-4b27-ab58-145eac7381ee,U//PR-EXO-ELSETS,37677,2025-10-07T20:40:14.867462Z,1.002664247278981,37677,False,0.0005606543616320346,0.3884252254352372,87.06547550283139,119.7158595287587,196.6851357114446,0.0,0.0,0.0,42166.23675923157,1436.173678185749,42189.87744378424,42142.5960746789,37677,1 37677U 11026A   25280.86128319 +.00000000 +00000+0 +00000+0 2 99994,2 37677   0.3884  87.0655 0005606 119.7159 196.6851  1.00266424000007,2025-10-07T21:24:29.297Z,system.exo,EXO,REAL,2,OPS1,"{'NORAD_ID': 37677, 'classification': 'U', 'COSPAR_ID': '11026A', 'BC': 0.0, 'n_ddot': 0.0, 'B_star': 0.0, 'ephemeris_type': 2, 'elset_num': 9999, 'inclination': 0.3884, 'RAAN': 87.0655, 'eccentricity': 0.0005606, 'perigee': 119.7159, 'mean_anomaly': 196.6851, 'mean_motion': 1.00266424, 'rev_num': 0, 'line1': '1 37677U 11026A   25280.86128319 +.00000000 +00000+0 +00000+0 2 99994', 'line2': '2 37677   0.3884  87.0655 0005606 119.7159 196.6851  1.00266424000007', 'epoch': datetime.datetime(2025, 10, 7, 20, 40, 14, 867616)}"
8e43b433-84e3-4036-8427-e3eb1e57892c,U//PR-EXO-ELSETS,38107,2025-10-07T20:40:14.867462Z,1.002674211962617,38107,False,0.0002840351917757279,0.004311766295377385,181.3557977951175,36.56101143590629,185.4101152370982,0.0,0.0,0.0,42165.95739038615,1436.15940533802,42177.93400617993,42153.98077459236,38107,1 38107U 12013A   25280.86128319 +.00000000 +00000+0 +00000+0 2 99990,2 38107   0.0043 181.3558 0002840  36.5610 185.4101  1.00267421000007,2025-10-07T21:51:31.431Z,system.exo,EXO,REAL,2,OPS1,"{'NORAD_ID': 38107, 'classification': 'U', 'COSPAR_ID': '12013A', 'BC': 0.0, 'n_ddot': 0.0, 'B_star': 0.0, 'ephemeris_type': 2, 'elset_num': 9999, 'inclination': 0.0043, 'RAAN': 181.3558, 'eccentricity': 0.000284, 'perigee': 36.561, 'mean_anomaly': 185.4101, 'mean_motion': 1.00267421, 'rev_num': 0, 'line1': '1 38107U 12013A   25280.86128319 +.00000000 +00000+0 +00000+0 2 99990', 'line2': '2 38107   0.0043 181.3558 0002840  36.5610 185.4101  1.00267421000007', 'epoch': datetime.datetime(2025, 10, 7, 20, 40, 14, 867616)}"
91e890a4-2526-4b8a-b901-b165e38136e1,U//PR-EXO-ELSETS,51282,2025-10-07T19:52:50.002426Z,0.9499911164454778,51282,False,0.02642021060879313,3.906550420873399,78.64572961861843,8.296592986667381,358.6120991984131,0.0,0.0,0.0,43710.80784732966,1515.803648130898,44865.6565965366,42555.95909812272,51282,1 51282U 22006C   25280.82835651 +.00000000 +00000+0 +00000+0 2 99992,2 51282   3.9066  78.6457 0264202   8.2966 358.6121  0.94999111000007,2025-10-07T20:39:28.385Z,system.exo,EXO,REAL,2,OPS1,"{'NORAD_ID': 51282, 'classification': 'U', 'COSPAR_ID': '22006C', 'BC': 0.0, 'n_ddot': 0.0, 'B_star': 0.0, 'ephemeris_type': 2, 'elset_num': 9999, 'inclination': 3.9066, 'RAAN': 78.6457, 'eccentricity': 0.0264202, 'perigee': 8.2966, 'mean_anomaly': 358.6121, 'mean_motion': 0.94999111, 'rev_num': 0, 'line1': '1 51282U 22006C   25280.82835651 +.00000000 +00000+0 +00000+0 2 99992', 'line2': '2 51282   3.9066  78.6457 0264202   8.2966 358.6121  0.94999111000007', 'epoch': datetime.datetime(2025, 10, 7, 19, 52, 50, 2464)}"
5b450fdc-9220-43f2-9325-21612cce0c62,U//PR-EXO-ELSETS,20923,2025-10-07T18:42:51.449098Z,1.002707869557207,20923,False,0.0008166736117830981,12.97916488968198,338.5402625387158,252.3690597979183,213.2645411184119,0.0,0.0,0.0,42165.01380373631,1436.111198205615,42199.44885785029,42130.57874962233,20923,1 20923U 90094A   25280.77976214 +.00000000 +00000+0 +00000+0 2 99997,2 20923  12.9792 338.5403 0008166 252.3691 213.2645  1.00270786000007,2025-10-07T20:12:29.969Z,system.exo,EXO,REAL,2,OPS1,"{'NORAD_ID': 20923, 'classification': 'U', 'COSPAR_ID': '90094A', 'BC': 0.0, 'n_ddot': 0.0, 'B_star': 0.0, 'ephemeris_type': 2, 'elset_num': 9999, 'inclination': 12.9792, 'RAAN': 338.5403, 'eccentricity': 0.0008166, 'perigee': 252.3691, 'mean_anomaly': 213.2645, 'mean_motion': 1.00270786, 'rev_num': 0, 'line1': '1 20923U 90094A   25280.77976214 +.00000000 +00000+0 +00000+0 2 99997', 'line2': '2 20923  12.9792 338.5403 0008166 252.3691 213.2645  1.00270786000007', 'epoch': datetime.datetime(2025, 10, 7, 18, 42, 51, 448896)}"
fb32d2ca-94b3-4aa3-adc7-6c1920809572,U//PR-EXO-ELSETS,37749,2025-10-07T16:01:43.519763Z,1.00268427222741,37749,False,0.000166526115053279,0.03965418929738937,329.7748442125605,281.8055168681262,91.95516618692857,0.0,0.0,0.0,42165.67534653132,1436.144995873044,42172.69703263538,42158.65366042727,37749,1 37749U 11035B   25280.66786481 +.00000000 +00000+0 +00000+0 2 99992,2 37749   0.0397 329.7748 0001665 281.8055  91.9552  1.00268427000009,2025-10-07T16:51:27.749Z,system.exo,EXO,REAL,2,OPS1,"{'NORAD_ID': 37749, 'classification': 'U', 'COSPAR_ID': '11035B', 'BC': 0.0, 'n_ddot': 0.0, 'B_star': 0.0, 'ephemeris_type': 2, 'elset_num': 9999, 'inclination': 0.0397, 'RAAN': 329.7748, 'eccentricity': 0.0001665, 'perigee': 281.8055, 'mean_anomaly': 91.9552, 'mean_motion': 1.00268427, 'rev_num': 0, 'line1': '1 37749U 11035B   25280.66786481 +.00000000 +00000+0 +00000+0 2 99992', 'line2': '2 37749   0.0397 329.7748 0001665 281.8055  91.9552  1.00268427000009', 'epoch': datetime.datetime(2025, 10, 7, 16, 1, 43, 519584)}"
0339ad0a-4911-499d-84a3-2c8bcae2225f,U//PR-EXO-ELSETS,25258,2025-10-07T18:01:58.428004Z,1.003271070214406,25258,False,0.0006241736381441944,10.82340742539941,24.22906311492109,232.6850121720516,163.4954429370775,0.0,0.0,0.0,42149.23236867824,1435.3050165119,42175.54080839079,42122.9239289657,25258,1 25258U 98016A   25280.75137069 +.00000000 +00000+0 +00000+0 2 99990,2 25258  10.8234  24.2291 0006241 232.6850 163.4954  1.00327107000004,2025-10-07T18:54:28.912Z,system.exo,EXO,REAL,2,OPS1,"{'NORAD_ID': 25258, 'classification': 'U', 'COSPAR_ID': '98016A', 'BC': 0.0, 'n_ddot': 0.0, 'B_star': 0.0, 'ephemeris_type': 2, 'elset_num': 9999, 'inclination': 10.8234, 'RAAN': 24.2291, 'eccentricity': 0.0006241, 'perigee': 232.685, 'mean_anomaly': 163.4954, 'mean_motion': 1.00327107, 'rev_num': 0, 'line1': '1 25258U 98016A   25280.75137069 +.00000000 +00000+0 +00000+0 2 99990', 'line2': '2 25258  10.8234  24.2291 0006241 232.6850 163.4954  1.00327107000004', 'epoch': datetime.datetime(2025, 10, 7, 18, 1, 58, 427616)}"
d0637084-c29a-43da-9354-34ddeda3d815,U//PR-EXO-ELSETS,13637,2025-10-07T18:42:41.415920Z,0.9782481761540097,13637,False,0.002084297455350049,12.69332445301718,335.3927984245648,199.1365068023525,269.6438788301494,0.0,0.0,0.0,42864.9674105728,1472.019100164716,42954.31075307032,42775.62406807527,13637,1 13637U 82106B   25280.77964602 +.00000000 +00000+0 +00000+0 2 99994,2 13637  12.6933 335.3928 0020842 199.1365 269.6439  0.97824817000004,2025-10-07T23:03:28.469Z,system.exo,EXO,REAL,2,OPS1,"{'NORAD_ID': 13637, 'classification': 'U', 'COSPAR_ID': '82106B', 'BC': 0.0, 'n_ddot': 0.0, 'B_star': 0.0, 'ephemeris_type': 2, 'elset_num': 9999, 'inclination': 12.6933, 'RAAN': 335.3928, 'eccentricity': 0.0020842, 'perigee': 199.1365, 'mean_anomaly': 269.6439, 'mean_motion': 0.97824817, 'rev_num': 0, 'line1': '1 13637U 82106B   25280.77964602 +.00000000 +00000+0 +00000+0 2 99994', 'line2': '2 13637  12.6933 335.3928 0020842 199.1365 269.6439  0.97824817000004', 'epoch': datetime.datetime(2025, 10, 7, 18, 42, 41, 416128)}"
27fb5b2d-1c6b-4917-820a-87afeba03154,U//PR-EXO-ELSETS,21533,2025-10-07T17:43:46.299025Z,0.9890743958135279,21533,False,0.0007107875409012238,13.92807431399251,343.2568485919512,302.8693451959818,143.4905974756267,0.0,0.0,0.0,42551.59948101011,1455.9066598985,42581.84462776663,42521.35433425358,21533,1 21533U 91046A   25280.73873031 +.00000000 +00000+0 +00000+0 2 99992,2 21533  13.9281 343.2568 0007107 302.8693 143.4906  0.98907439000003,2025-10-07T20:09:28.787Z,system.exo,EXO,REAL,2,OPS1,"{'NORAD_ID': 21533, 'classification': 'U', 'COSPAR_ID': '91046A', 'BC': 0.0, 'n_ddot': 0.0, 'B_star': 0.0, 'ephemeris_type': 2, 'elset_num': 9999, 'inclination': 13.9281, 'RAAN': 343.2568, 'eccentricity': 0.0007107, 'perigee': 302.8693, 'mean_anomaly': 143.4906, 'mean_motion': 0.98907439, 'rev_num': 0, 'line1': '1 21533U 91046A   25280.73873031 +.00000000 +00000+0 +00000+0 2 99992', 'line2': '2 21533  13.9281 343.2568 0007107 302.8693 143.4906  0.98907439000003', 'epoch': datetime.datetime(2025, 10, 7, 17, 43, 46, 298784)}"
e5e6cbc9-27bb-4a3b-aa86-33ac8626c7bd,U//PR-EXO-ELSETS,50319,2025-10-07T20:50:16.610326Z,1.002661081808584,50319,False,2.030081247453478e-05,0.004691301445542516,216.605190697034,46.27801949271321,150.2234214059454,0.0,0.0,0.0,42166.32550700248,1436.178212285403,42167.18151766934,42165.46949633562,50319,1 50319U 21128A   25280.86824780 +.00000000 +00000+0 +00000+0 2 99991,2 50319   0.0047 216.6052 0000203  46.2780 150.2234  1.00266108000006,2025-10-07T21:27:29.023Z,system.exo,EXO,REAL,2,OPS1,"{'NORAD_ID': 50319, 'classification': 'U', 'COSPAR_ID': '21128A', 'BC': 0.0, 'n_ddot': 0.0, 'B_star': 0.0, 'ephemeris_type': 2, 'elset_num': 9999, 'inclination': 0.0047, 'RAAN': 216.6052, 'eccentricity': 2.03e-05, 'perigee': 46.278, 'mean_anomaly': 150.2234, 'mean_motion': 1.00266108, 'rev_num': 0, 'line1': '1 50319U 21128A   25280.86824780 +.00000000 +00000+0 +00000+0 2 99991', 'line2': '2 50319   0.0047 216.6052 0000203  46.2780 150.2234  1.00266108000006', 'epoch': datetime.datetime(2025, 10, 7, 20, 50, 16, 609920)}"
196f6751-2c48-49ca-b88f-ee34b7a45493,U//PR-EXO-ELSETS,24768,2025-10-07T18:01:58.428004Z,0.9874997804981168,24768,False,0.008585804980837731,12.67157969592586,27.01510665930049,46.43882823135935,347.3781882106273,0.0,0.0,0.0,42596.82116628705,1458.22817223679,42962.54916562441,42231.09316694969,24768,1 24768U 97016A   25280.75137069 +.00000000 +00000+0 +00000+0 2 99994,2 24768  12.6716  27.0151 0085858  46.4388 347.3782  0.98749978000000,2025-10-07T19:42:28.127Z,system.exo,EXO,REAL,2,OPS1,"{'NORAD_ID': 24768, 'classification': 'U', 'COSPAR_ID': '97016A', 'BC': 0.0, 'n_ddot': 0.0, 'B_star': 0.0, 'ephemeris_type': 2, 'elset_num': 9999, 'inclination': 12.6716, 'RAAN': 27.0151, 'eccentricity': 0.0085858, 'perigee': 46.4388, 'mean_anomaly': 347.3782, 'mean_motion': 0.98749978, 'rev_num': 0, 'line1': '1 24768U 97016A   25280.75137069 +.00000000 +00000+0 +00000+0 2 99994', 'line2': '2 24768  12.6716  27.0151 0085858  46.4388 347.3782  0.98749978000000', 'epoch': datetime.datetime(2025, 10, 7, 18, 1, 58, 427616)}"
22044fde-ce68-4eec-9b53-507d4b35c53d,U//PR-EXO-ELSETS,15422,2025-10-07T19:00:33.132376Z,1.02330026168412,15422,False,0.146212910427917,6.635119564020438,330.1201017352039,175.7892336874166,318.1756766665307,0.0,0.0,0.0,41597.42738988729,1407.211601441484,47679.50831487666,35515.34646489792,15422,1 15422U 77038C   25280.79205014 +.00000000 +00000+0 +00000+0 2 99993,2 15422   6.6351 330.1201 1462129 175.7892 318.1757  1.02330026000000,2025-10-07T22:42:29.759Z,system.exo,EXO,REAL,2,OPS1,"{'NORAD_ID': 15422, 'classification': 'U', 'COSPAR_ID': '77038C', 'BC': 0.0, 'n_ddot': 0.0, 'B_star': 0.0, 'ephemeris_type': 2, 'elset_num': 9999, 'inclination': 6.6351, 'RAAN': 330.1201, 'eccentricity': 0.1462129, 'perigee': 175.7892, 'mean_anomaly': 318.1757, 'mean_motion': 1.02330026, 'rev_num': 0, 'line1': '1 15422U 77038C   25280.79205014 +.00000000 +00000+0 +00000+0 2 99993', 'line2': '2 15422   6.6351 330.1201 1462129 175.7892 318.1757  1.02330026000000', 'epoch': datetime.datetime(2025, 10, 7, 19, 0, 33, 132096)}"
a48c6dc0-e0b6-43f5-8352-6ed64924fa4f,U//PR-EXO-ELSETS,28629,2025-10-07T18:32:04.095739Z,0.9903996347206289,28629,False,0.002263480315352312,9.122518919924628,57.76072651363574,109.6078866592343,302.2349267397039,0.0,0.0,0.0,42513.63257236775,1453.958533018032,42609.86134282943,42417.40380190608,28629,1 28629U 05010A   25280.77226963 +.00000000 +00000+0 +00000+0 2 99991,2 28629   9.1225  57.7607 0022634 109.6079 302.2349  0.99039963000000,2025-10-07T19:51:28.185Z,system.exo,EXO,REAL,2,OPS1,"{'NORAD_ID': 28629, 'classification': 'U', 'COSPAR_ID': '05010A', 'BC': 0.0, 'n_ddot': 0.0, 'B_star': 0.0, 'ephemeris_type': 2, 'elset_num': 9999, 'inclination': 9.1225, 'RAAN': 57.7607, 'eccentricity': 0.0022634, 'perigee': 109.6079, 'mean_anomaly': 302.2349, 'mean_motion': 0.99039963, 'rev_num': 0, 'line1': '1 28629U 05010A   25280.77226963 +.00000000 +00000+0 +00000+0 2 99991', 'line2': '2 28629   9.1225  57.7607 0022634 109.6079 302.2349  0.99039963000000', 'epoch': datetime.datetime(2025, 10, 7, 18, 32, 4, 96032)}"
07b5d71c-ef5d-4c71-9c17-8573bbfdaa25,U//PR-EXO-ELSETS,38070,2025-10-07T20:53:44.286689Z,1.002638146699104,38070,False,8.072023871991455e-05,0.03303975004268606,58.73520012002189,213.5731870269878,146.3194331193811,0.0,0.0,0.0,42166.96853433864,1436.211064520917,42170.37226210483,42163.56480657245,38070,1 38070U 12003A   25280.87065147 +.00000000 +00000+0 +00000+0 2 99998,2 38070   0.0330  58.7352 0000807 213.5732 146.3194  1.00263814000007,2025-10-07T22:06:28.929Z,system.exo,EXO,REAL,2,OPS1,"{'NORAD_ID': 38070, 'classification': 'U', 'COSPAR_ID': '12003A', 'BC': 0.0, 'n_ddot': 0.0, 'B_star': 0.0, 'ephemeris_type': 2, 'elset_num': 9999, 'inclination': 0.033, 'RAAN': 58.7352, 'eccentricity': 8.07e-05, 'perigee': 213.5732, 'mean_anomaly': 146.3194, 'mean_motion': 1.00263814, 'rev_num': 0, 'line1': '1 38070U 12003A   25280.87065147 +.00000000 +00000+0 +00000+0 2 99998', 'line2': '2 38070   0.0330  58.7352 0000807 213.5732 146.3194  1.00263814000007', 'epoch': datetime.datetime(2025, 10, 7, 20, 53, 44, 287008)}"
42977bef-f427-4722-bf1c-e1ada5116fe6,U//PR-EXO-ELSETS,38730,2025-10-07T18:35:35.676004Z,0.9892073445759689,38730,False,0.002004849005121851,5.220297848837865,65.6278553544344,136.1067362951368,287.7258336424896,0.0,0.0,0.0,42547.78679249764,1455.710987080536,42633.08868051872,42462.48490447656,38730,1 38730U 12040A   25280.77471847 +.00000000 +00000+0 +00000+0 2 99999,2 38730   5.2203  65.6279 0020048 136.1067 287.7258  0.98920734000009,2025-10-07T22:12:29.934Z,system.exo,EXO,REAL,2,OPS1,"{'NORAD_ID': 38730, 'classification': 'U', 'COSPAR_ID': '12040A', 'BC': 0.0, 'n_ddot': 0.0, 'B_star': 0.0, 'ephemeris_type': 2, 'elset_num': 9999, 'inclination': 5.2203, 'RAAN': 65.6279, 'eccentricity': 0.0020048, 'perigee': 136.1067, 'mean_anomaly': 287.7258, 'mean_motion': 0.98920734, 'rev_num': 0, 'line1': '1 38730U 12040A   25280.77471847 +.00000000 +00000+0 +00000+0 2 99999', 'line2': '2 38730   5.2203  65.6279 0020048 136.1067 287.7258  0.98920734000009', 'epoch': datetime.datetime(2025, 10, 7, 18, 35, 35, 675808)}"
bc96c8a3-a46c-4895-8610-8da5e4e2428c,U//PR-EXO-ELSETS,36106,2025-10-07T20:49:06.806802Z,1.002668245527442,36106,False,0.0002407569965665816,0.04406117218636905,32.43366648048173,170.7531958206755,211.0229382995186,0.0,0.0,0.0,42166.12466419313,1436.167951287322,42176.27645372413,42155.97287466213,36106,1 36106U 09067A   25280.86743989 +.00000000 +00000+0 +00000+0 2 99998,2 36106   0.0441  32.4337 0002407 170.7532 211.0229  1.00266824000003,2025-10-07T21:57:29.823Z,system.exo,EXO,REAL,2,OPS1,"{'NORAD_ID': 36106, 'classification': 'U', 'COSPAR_ID': '09067A', 'BC': 0.0, 'n_ddot': 0.0, 'B_star': 0.0, 'ephemeris_type': 2, 'elset_num': 9999, 'inclination': 0.0441, 'RAAN': 32.4337, 'eccentricity': 0.0002407, 'perigee': 170.7532, 'mean_anomaly': 211.0229, 'mean_motion': 1.00266824, 'rev_num': 0, 'line1': '1 36106U 09067A   25280.86743989 +.00000000 +00000+0 +00000+0 2 99998', 'line2': '2 36106   0.0441  32.4337 0002407 170.7532 211.0229  1.00266824000003', 'epoch': datetime.datetime(2025, 10, 7, 20, 49, 6, 806496)}"
b0bb3dad-d62e-4500-96ac-3459cf3f2f1c,U//PR-EXO-ELSETS,44910,2025-10-07T20:48:30.053028Z,1.002676743942711,44910,False,0.0003020816165517891,4.268263085295967,78.15581001341498,174.2371203939054,154.460538489229,0.0,0.0,0.0,42165.88640478997,1436.155778718526,42178.62394391846,42153.14886566147,44910,1 44910U 19097A   25280.86701450 +.00000000 +00000+0 +00000+0 2 99991,2 44910   4.2683  78.1558 0003020 174.2371 154.4605  1.00267674000005,2025-10-07T21:45:30.621Z,system.exo,EXO,REAL,2,OPS1,"{'NORAD_ID': 44910, 'classification': 'U', 'COSPAR_ID': '19097A', 'BC': 0.0, 'n_ddot': 0.0, 'B_star': 0.0, 'ephemeris_type': 2, 'elset_num': 9999, 'inclination': 4.2683, 'RAAN': 78.1558, 'eccentricity': 0.000302, 'perigee': 174.2371, 'mean_anomaly': 154.4605, 'mean_motion': 1.00267674, 'rev_num': 0, 'line1': '1 44910U 19097A   25280.86701450 +.00000000 +00000+0 +00000+0 2 99991', 'line2': '2 44910   4.2683  78.1558 0003020 174.2371 154.4605  1.00267674000005', 'epoch': datetime.datetime(2025, 10, 7, 20, 48, 30, 52800)}"
21cbdfba-88d5-4f8b-bfb0-46101c175505,U//PR-EXO-ELSETS,23680,2025-10-07T17:51:24.632005Z,1.002682005291771,23680,False,0.0008276960752311469,14.99899149107986,1.235648975553138,160.1774374057244,200.7685281110724,0.0,0.0,0.0,42165.73890063634,1436.148242813008,42200.63931723362,42130.83848403906,23680,1 23680U 95054A   25280.74403509 +.00000000 +00000+0 +00000+0 2 99990,2 23680  14.9990   1.2356 0008276 160.1774 200.7685  1.00268200000006,2025-10-07T19:15:29.291Z,system.exo,EXO,REAL,2,OPS1,"{'NORAD_ID': 23680, 'classification': 'U', 'COSPAR_ID': '95054A', 'BC': 0.0, 'n_ddot': 0.0, 'B_star': 0.0, 'ephemeris_type': 2, 'elset_num': 9999, 'inclination': 14.999, 'RAAN': 1.2356, 'eccentricity': 0.0008276, 'perigee': 160.1774, 'mean_anomaly': 200.7685, 'mean_motion': 1.002682, 'rev_num': 0, 'line1': '1 23680U 95054A   25280.74403509 +.00000000 +00000+0 +00000+0 2 99990', 'line2': '2 23680  14.9990   1.2356 0008276 160.1774 200.7685  1.00268200000006', 'epoch': datetime.datetime(2025, 10, 7, 17, 51, 24, 631776)}"
3ef46f87-2538-42cd-af97-2667318396a0,U//PR-EXO-ELSETS,22245,2025-10-07T16:59:27.809924Z,1.001374291979147,22245,False,0.0009395050158454922,13.86900480569481,345.8193699421419,17.76707743481266,357.0702619834581,0.0,0.0,0.0,42202.44093034036,1438.023735514459,42242.09033527533,42162.79152540538,22245,1 22245U 92082A   25280.70796076 +.00000000 +00000+0 +00000+0 2 99994,2 22245  13.8690 345.8194 0009395  17.7671 357.0703  1.00137429000005,2025-10-07T19:03:29.892Z,system.exo,EXO,REAL,2,OPS1,"{'NORAD_ID': 22245, 'classification': 'U', 'COSPAR_ID': '92082A', 'BC': 0.0, 'n_ddot': 0.0, 'B_star': 0.0, 'ephemeris_type': 2, 'elset_num': 9999, 'inclination': 13.869, 'RAAN': 345.8194, 'eccentricity': 0.0009395, 'perigee': 17.7671, 'mean_anomaly': 357.0703, 'mean_motion': 1.00137429, 'rev_num': 0, 'line1': '1 22245U 92082A   25280.70796076 +.00000000 +00000+0 +00000+0 2 99994', 'line2': '2 22245  13.8690 345.8194 0009395  17.7671 357.0703  1.00137429000005', 'epoch': datetime.datetime(2025, 10, 7, 16, 59, 27, 809664)}"
24c6deb9-a553-4ec7-a9a7-d07c6a8e1944,U//PR-EXO-ELSETS,21765,2025-10-07T17:19:57.855033Z,0.9958950358767258,21765,False,0.0002898015036735757,13.1379837049443,18.74021035391737,223.7826129455117,167.0356169981328,0.0,0.0,0.0,42357.09341305865,1445.935513407104,42369.368562421,42344.81826369631,21765,1 21765U 91075A   25280.72219740 +.00000000 +00000+0 +00000+0 2 99991,2 21765  13.1380  18.7402 0002898 223.7826 167.0356  0.99589503000004,2025-10-07T18:09:28.835Z,system.exo,EXO,REAL,2,OPS1,"{'NORAD_ID': 21765, 'classification': 'U', 'COSPAR_ID': '91075A', 'BC': 0.0, 'n_ddot': 0.0, 'B_star': 0.0, 'ephemeris_type': 2, 'elset_num': 9999, 'inclination': 13.138, 'RAAN': 18.7402, 'eccentricity': 0.0002898, 'perigee': 223.7826, 'mean_anomaly': 167.0356, 'mean_motion': 0.99589503, 'rev_num': 0, 'line1': '1 21765U 91075A   25280.72219740 +.00000000 +00000+0 +00000+0 2 99991', 'line2': '2 21765  13.1380  18.7402 0002898 223.7826 167.0356  0.99589503000004', 'epoch': datetime.datetime(2025, 10, 7, 17, 19, 57, 855360)}"
5d28aba0-c9f7-4d28-aabd-97f68eae23c1,U//PR-EXO-ELSETS,21922,2025-10-07T20:22:56.910791Z,0.9983851284449299,21922,False,0.002452750542098103,13.69741216812498,344.3989672635913,113.9878142060478,313.7931837743214,0.0,0.0,0.0,42286.63498110837,1442.329176359951,42390.35354798179,42182.91641423495,21922,1 21922U 92017A   25280.84926980 +.00000000 +00000+0 +00000+0 2 99997,2 21922  13.6974 344.3990 0024527 113.9878 313.7932  0.99838512000000,2025-10-07T21:33:28.639Z,system.exo,EXO,REAL,2,OPS1,"{'NORAD_ID': 21922, 'classification': 'U', 'COSPAR_ID': '92017A', 'BC': 0.0, 'n_ddot': 0.0, 'B_star': 0.0, 'ephemeris_type': 2, 'elset_num': 9999, 'inclination': 13.6974, 'RAAN': 344.399, 'eccentricity': 0.0024527, 'perigee': 113.9878, 'mean_anomaly': 313.7932, 'mean_motion': 0.99838512, 'rev_num': 0, 'line1': '1 21922U 92017A   25280.84926980 +.00000000 +00000+0 +00000+0 2 99997', 'line2': '2 21922  13.6974 344.3990 0024527 113.9878 313.7932  0.99838512000000', 'epoch': datetime.datetime(2025, 10, 7, 20, 22, 56, 910720)}"
5f316c17-1ab3-4591-8843-d226970b698f,U//PR-EXO-ELSETS,8513,2025-10-07T20:22:40.942139Z,1.002691640656482,8513,False,0.0006292991706809012,3.459936176479861,270.7803033370689,284.1177316637709,213.2366203129452,0.0,0.0,0.0,42165.46877244215,1436.134442147342,42192.00346697201,42138.93407791228,8513,1 08513U 75123A   25280.84908498 +.00000000 +00000+0 +00000+0 2 99991,2 08513   3.4599 270.7803 0006292 284.1177 213.2366  1.00269164000007,2025-10-07T22:57:29.274Z,system.exo,EXO,REAL,2,OPS1,"{'NORAD_ID': 8513, 'classification': 'U', 'COSPAR_ID': '75123A', 'BC': 0.0, 'n_ddot': 0.0, 'B_star': 0.0, 'ephemeris_type': 2, 'elset_num': 9999, 'inclination': 3.4599, 'RAAN': 270.7803, 'eccentricity': 0.0006292, 'perigee': 284.1177, 'mean_anomaly': 213.2366, 'mean_motion': 1.00269164, 'rev_num': 0, 'line1': '1 08513U 75123A   25280.84908498 +.00000000 +00000+0 +00000+0 2 99991', 'line2': '2 08513   3.4599 270.7803 0006292 284.1177 213.2366  1.00269164000007', 'epoch': datetime.datetime(2025, 10, 7, 20, 22, 40, 942272)}"
cb8dbe64-f43c-423d-acd3-41301bff3223,U//PR-EXO-ELSETS,19777,2025-10-07T17:29:23.955966Z,0.9793225844304608,19777,False,0.001753959268684421,13.00416189059704,335.3721597147246,255.4405068996095,134.6168218252912,0.0,0.0,0.0,42833.6104286437,1470.404157826558,42908.73883666623,42758.48202062116,19777,1 19777U 88095F   25280.72874949 +.00000000 +00000+0 +00000+0 2 99997,2 19777  13.0042 335.3722 0017539 255.4405 134.6168  0.97932258000002,2025-10-07T18:48:29.933Z,system.exo,EXO,REAL,2,OPS1,"{'NORAD_ID': 19777, 'classification': 'U', 'COSPAR_ID': '88095F', 'BC': 0.0, 'n_ddot': 0.0, 'B_star': 0.0, 'ephemeris_type': 2, 'elset_num': 9999, 'inclination': 13.0042, 'RAAN': 335.3722, 'eccentricity': 0.0017539, 'perigee': 255.4405, 'mean_anomaly': 134.6168, 'mean_motion': 0.97932258, 'rev_num': 0, 'line1': '1 19777U 88095F   25280.72874949 +.00000000 +00000+0 +00000+0 2 99997', 'line2': '2 19777  13.0042 335.3722 0017539 255.4405 134.6168  0.97932258000002', 'epoch': datetime.datetime(2025, 10, 7, 17, 29, 23, 955936)}"
74afde0e-48f0-40ed-b893-97de085878d3,U//PR-EXO-ELSETS,41469,2025-10-07T20:23:39.849886Z,1.002734842021061,41469,False,0.0003282306135059038,4.569791273159535,103.8275629530304,43.67148957584124,304.6857323660278,0.0,0.0,0.0,42164.25767203076,1436.072568394661,42178.09727219448,42150.41807186705,41469,1 41469U 16027A   25280.84976678 +.00000000 +00000+0 +00000+0 2 99991,2 41469   4.5698 103.8276 0003282  43.6715 304.6857  1.00273484000008,2025-10-07T20:57:28.683Z,system.exo,EXO,REAL,2,OPS1,"{'NORAD_ID': 41469, 'classification': 'U', 'COSPAR_ID': '16027A', 'BC': 0.0, 'n_ddot': 0.0, 'B_star': 0.0, 'ephemeris_type': 2, 'elset_num': 9999, 'inclination': 4.5698, 'RAAN': 103.8276, 'eccentricity': 0.0003282, 'perigee': 43.6715, 'mean_anomaly': 304.6857, 'mean_motion': 1.00273484, 'rev_num': 0, 'line1': '1 41469U 16027A   25280.84976678 +.00000000 +00000+0 +00000+0 2 99991', 'line2': '2 41469   4.5698 103.8276 0003282  43.6715 304.6857  1.00273484000008', 'epoch': datetime.datetime(2025, 10, 7, 20, 23, 39, 849792)}"
d1c6f09e-e4b4-4f66-84f0-2b5e823efef1,U//PR-EXO-ELSETS,62804,2025-10-07T20:59:14.142393Z,1.002661328527559,62804,False,0.0003678391632494268,1.394285299025532,286.4025300852848,340.3655365537802,83.20661778119114,0.0,0.0,0.0,42166.3185899224,1436.177858893478,42181.82901326982,42150.80816657498,62804,1 62804U 25017A   25280.87446924 +.00000000 +00000+0 +00000+0 2 99995,2 62804   1.3943 286.4025 0003678 340.3655  83.2066  1.00266132000005,2025-10-07T21:12:27.968Z,system.exo,EXO,REAL,2,OPS1,"{'NORAD_ID': 62804, 'classification': 'U', 'COSPAR_ID': '25017A', 'BC': 0.0, 'n_ddot': 0.0, 'B_star': 0.0, 'ephemeris_type': 2, 'elset_num': 9999, 'inclination': 1.3943, 'RAAN': 286.4025, 'eccentricity': 0.0003678, 'perigee': 340.3655, 'mean_anomaly': 83.2066, 'mean_motion': 1.00266132, 'rev_num': 0, 'line1': '1 62804U 25017A   25280.87446924 +.00000000 +00000+0 +00000+0 2 99995', 'line2': '2 62804   1.3943 286.4025 0003678 340.3655  83.2066  1.00266132000005', 'epoch': datetime.datetime(2025, 10, 7, 20, 59, 14, 142336)}"
d856895c-14db-4c22-8ce6-8f89507727bd,U//PR-EXO-ELSETS,39476,2025-10-07T03:04:41.160535Z,1.002667476069785,39476,False,6.059687092136558e-05,0.007616332577299304,206.0779562457234,2.121873073251295,276.6461553052767,0.0,0.0,0.0,42166.14623667795,1436.169053417842,42168.7013731987,42163.59110015719,39476,1 39476U 13073A   25280.12825417 +.00000000 +00000+0 +00000+0 2 99999,2 39476   0.0076 206.0780 0000605   2.1219 276.6462  1.00266747000009,2025-10-07T04:03:30.013Z,system.exo,EXO,REAL,2,OPS1,"{'NORAD_ID': 39476, 'classification': 'U', 'COSPAR_ID': '13073A', 'BC': 0.0, 'n_ddot': 0.0, 'B_star': 0.0, 'ephemeris_type': 2, 'elset_num': 9999, 'inclination': 0.0076, 'RAAN': 206.078, 'eccentricity': 6.05e-05, 'perigee': 2.1219, 'mean_anomaly': 276.6462, 'mean_motion': 1.00266747, 'rev_num': 0, 'line1': '1 39476U 13073A   25280.12825417 +.00000000 +00000+0 +00000+0 2 99999', 'line2': '2 39476   0.0076 206.0780 0000605   2.1219 276.6462  1.00266747000009', 'epoch': datetime.datetime(2025, 10, 7, 3, 4, 41, 160288)}"
e76f8265-b165-47c3-81fb-705b49469a90,U//PR-EXO-ELSETS,43864,2025-10-07T18:08:05.144301Z,1.002669112970579,43864,False,0.0002397571710497347,0.1009611237533902,83.23986570195923,123.2764292591023,144.9747430799974,0.0,0.0,0.0,42166.10034462434,1436.166708809603,42176.20996955717,42155.99071969152,43864,1 43864U 18105A   25280.75561510 +.00000000 +00000+0 +00000+0 2 99996,2 43864   0.1010  83.2399 0002397 123.2764 144.9747  1.00266911000001,2025-10-07T18:48:29.957Z,system.exo,EXO,REAL,2,OPS1,"{'NORAD_ID': 43864, 'classification': 'U', 'COSPAR_ID': '18105A', 'BC': 0.0, 'n_ddot': 0.0, 'B_star': 0.0, 'ephemeris_type': 2, 'elset_num': 9999, 'inclination': 0.101, 'RAAN': 83.2399, 'eccentricity': 0.0002397, 'perigee': 123.2764, 'mean_anomaly': 144.9747, 'mean_motion': 1.00266911, 'rev_num': 0, 'line1': '1 43864U 18105A   25280.75561510 +.00000000 +00000+0 +00000+0 2 99996', 'line2': '2 43864   0.1010  83.2399 0002397 123.2764 144.9747  1.00266911000001', 'epoch': datetime.datetime(2025, 10, 7, 18, 8, 5, 144640)}"
c9ad4b4d-3abb-4abb-9ea5-306d6b87b116,U//PR-EXO-ELSETS,64467,2025-10-07T19:29:57.437109Z,1.002343842105853,64467,False,0.3650047690458751,0.6487261070368461,283.686755627054,172.5568136607682,309.555805949505,0.0,0.0,0.0,42175.22207288685,1436.63275964729,57569.3792650594,26781.06488071429,64467,1 64467U 25131A   25280.81247034 +.00000000 +00000+0 +00000+0 2 99994,2 64467   0.6487 283.6868 3650047 172.5568 309.5558  1.00234384000004,2025-10-07T19:54:28.853Z,system.exo,EXO,REAL,2,OPS1,"{'NORAD_ID': 64467, 'classification': 'U', 'COSPAR_ID': '25131A', 'BC': 0.0, 'n_ddot': 0.0, 'B_star': 0.0, 'ephemeris_type': 2, 'elset_num': 9999, 'inclination': 0.6487, 'RAAN': 283.6868, 'eccentricity': 0.3650047, 'perigee': 172.5568, 'mean_anomaly': 309.5558, 'mean_motion': 1.00234384, 'rev_num': 0, 'line1': '1 64467U 25131A   25280.81247034 +.00000000 +00000+0 +00000+0 2 99994', 'line2': '2 64467   0.6487 283.6868 3650047 172.5568 309.5558  1.00234384000004', 'epoch': datetime.datetime(2025, 10, 7, 19, 29, 57, 437376)}"
ac1ef645-ea08-4392-aabd-b99ea7e91b51,U//PR-EXO-ELSETS,34713,2025-10-07T18:13:13.172885Z,1.002671566381597,34713,False,3.180458500993913e-05,0.00155613287323853,99.41936237988222,118.273525061008,129.8126333124859,0.0,0.0,0.0,42166.03156117231,1436.163194690578,42167.37263430763,42164.69048803699,34713,1 34713U 09017A   25280.75918024 +.00000000 +00000+0 +00000+0 2 99997,2 34713   0.0016  99.4194 0000318 118.2735 129.8126  1.00267156000009,2025-10-07T18:36:30.733Z,system.exo,EXO,REAL,2,OPS1,"{'NORAD_ID': 34713, 'classification': 'U', 'COSPAR_ID': '09017A', 'BC': 0.0, 'n_ddot': 0.0, 'B_star': 0.0, 'ephemeris_type': 2, 'elset_num': 9999, 'inclination': 0.0016, 'RAAN': 99.4194, 'eccentricity': 3.18e-05, 'perigee': 118.2735, 'mean_anomaly': 129.8126, 'mean_motion': 1.00267156, 'rev_num': 0, 'line1': '1 34713U 09017A   25280.75918024 +.00000000 +00000+0 +00000+0 2 99997', 'line2': '2 34713   0.0016  99.4194 0000318 118.2735 129.8126  1.00267156000009', 'epoch': datetime.datetime(2025, 10, 7, 18, 13, 13, 172736)}"
d4aea5a8-19e0-4350-9d07-a81a377f2b24,U//PR-EXO-ELSETS,36032,2025-10-07T18:53:59.620127Z,1.002683698139526,36032,False,0.0003219086244777414,0.08297890835539974,68.28224827439577,132.877753393613,156.0462664967455,0.0,0.0,0.0,42165.69144120545,1436.145818139771,42179.26494093744,42152.11794147346,36032,1 36032U 09058A   25280.78749560 +.00000000 +00000+0 +00000+0 2 99998,2 36032   0.0830  68.2822 0003219 132.8778 156.0463  1.00268369000006,2025-10-07T19:36:29.096Z,system.exo,EXO,REAL,2,OPS1,"{'NORAD_ID': 36032, 'classification': 'U', 'COSPAR_ID': '09058A', 'BC': 0.0, 'n_ddot': 0.0, 'B_star': 0.0, 'ephemeris_type': 2, 'elset_num': 9999, 'inclination': 0.083, 'RAAN': 68.2822, 'eccentricity': 0.0003219, 'perigee': 132.8778, 'mean_anomaly': 156.0463, 'mean_motion': 1.00268369, 'rev_num': 0, 'line1': '1 36032U 09058A   25280.78749560 +.00000000 +00000+0 +00000+0 2 99998', 'line2': '2 36032   0.0830  68.2822 0003219 132.8778 156.0463  1.00268369000006', 'epoch': datetime.datetime(2025, 10, 7, 18, 53, 59, 619840)}"
9d28c467-4482-4ca3-87a3-0e604e803439,U//PR-EXO-ELSETS,54221,2025-10-07T18:44:27.175998Z,0.9810330758891607,54221,False,0.005614495956283181,5.354658468705698,64.95559204315958,208.7318758080866,224.3225026258178,0.0,0.0,0.0,42783.80726102275,1467.840417811452,43024.01677388416,42543.59774816134,54221,1 54221U 22144C   25280.78087009 +.00000000 +00000+0 +00000+0 2 99992,2 54221   5.3547  64.9556 0056144 208.7319 224.3225  0.98103307000006,2025-10-07T22:15:28.240Z,system.exo,EXO,REAL,2,OPS1,"{'NORAD_ID': 54221, 'classification': 'U', 'COSPAR_ID': '22144C', 'BC': 0.0, 'n_ddot': 0.0, 'B_star': 0.0, 'ephemeris_type': 2, 'elset_num': 9999, 'inclination': 5.3547, 'RAAN': 64.9556, 'eccentricity': 0.0056144, 'perigee': 208.7319, 'mean_anomaly': 224.3225, 'mean_motion': 0.98103307, 'rev_num': 0, 'line1': '1 54221U 22144C   25280.78087009 +.00000000 +00000+0 +00000+0 2 99992', 'line2': '2 54221   5.3547  64.9556 0056144 208.7319 224.3225  0.98103307000006', 'epoch': datetime.datetime(2025, 10, 7, 18, 44, 27, 175776)}"
b21360ba-2e78-483f-ba74-d06f3b31de21,U//PR-EXO-ELSETS,44476,2025-10-07T18:29:02.418350Z,1.002656030372848,44476,False,3.738290600781137e-05,0.009957173439841673,241.1956582853556,90.25070272082674,24.43897668157317,0.0,0.0,0.0,42166.46713104784,1436.185447829523,42168.04343612528,42164.8908259704,44476,1 44476U 19049B   25280.77016688 +.00000000 +00000+0 +00000+0 2 99997,2 44476   0.0100 241.1957 0000373  90.2507  24.4390  1.00265603000008,2025-10-07T19:36:29.100Z,system.exo,EXO,REAL,2,OPS1,"{'NORAD_ID': 44476, 'classification': 'U', 'COSPAR_ID': '19049B', 'BC': 0.0, 'n_ddot': 0.0, 'B_star': 0.0, 'ephemeris_type': 2, 'elset_num': 9999, 'inclination': 0.01, 'RAAN': 241.1957, 'eccentricity': 3.73e-05, 'perigee': 90.2507, 'mean_anomaly': 24.439, 'mean_motion': 1.00265603, 'rev_num': 0, 'line1': '1 44476U 19049B   25280.77016688 +.00000000 +00000+0 +00000+0 2 99997', 'line2': '2 44476   0.0100 241.1957 0000373  90.2507  24.4390  1.00265603000008', 'epoch': datetime.datetime(2025, 10, 7, 18, 29, 2, 418432)}"
408825c9-3788-40b4-a7a7-7bc4bd8b986b,U//PR-EXO-ELSETS,13092,2025-10-07T20:06:53.310184Z,0.9852779836768818,13092,False,0.003442152436527655,8.915691822531597,303.1231203607978,251.2469004175179,161.5154037562282,0.0,0.0,0.0,42660.834199284,1461.516469317803,42807.67929366737,42513.98910490063,13092,1 13092U 82020A   25280.83811702 +.00000000 +00000+0 +00000+0 2 99993,2 13092   8.9157 303.1231 0034421 251.2469 161.5154  0.98527798000001,2025-10-07T21:57:29.814Z,system.exo,EXO,REAL,2,OPS1,"{'NORAD_ID': 13092, 'classification': 'U', 'COSPAR_ID': '82020A', 'BC': 0.0, 'n_ddot': 0.0, 'B_star': 0.0, 'ephemeris_type': 2, 'elset_num': 9999, 'inclination': 8.9157, 'RAAN': 303.1231, 'eccentricity': 0.0034421, 'perigee': 251.2469, 'mean_anomaly': 161.5154, 'mean_motion': 0.98527798, 'rev_num': 0, 'line1': '1 13092U 82020A   25280.83811702 +.00000000 +00000+0 +00000+0 2 99993', 'line2': '2 13092   8.9157 303.1231 0034421 251.2469 161.5154  0.98527798000001', 'epoch': datetime.datetime(2025, 10, 7, 20, 6, 53, 310528)}"
abb703cc-b466-4a04-b36c-d7d300ccd4a5,U//PR-EXO-ELSETS,59915,2025-10-07T20:38:53.004297Z,1.002679298131741,59915,False,0.0002197814828709199,0.0121349148623642,223.6159841529377,343.2814875706583,157.7477983176696,0.0,0.0,0.0,42165.8147968555,1436.152120307166,42175.08206215801,42156.54753155298,59915,1 59915U 24104A   25280.86033570 +.00000000 +00000+0 +00000+0 2 99998,2 59915   0.0121 223.6160 0002197 343.2815 157.7478  1.00267929000005,2025-10-07T21:21:29.548Z,system.exo,EXO,REAL,2,OPS1,"{'NORAD_ID': 59915, 'classification': 'U', 'COSPAR_ID': '24104A', 'BC': 0.0, 'n_ddot': 0.0, 'B_star': 0.0, 'ephemeris_type': 2, 'elset_num': 9999, 'inclination': 0.0121, 'RAAN': 223.616, 'eccentricity': 0.0002197, 'perigee': 343.2815, 'mean_anomaly': 157.7478, 'mean_motion': 1.00267929, 'rev_num': 0, 'line1': '1 59915U 24104A   25280.86033570 +.00000000 +00000+0 +00000+0 2 99998', 'line2': '2 59915   0.0121 223.6160 0002197 343.2815 157.7478  1.00267929000005', 'epoch': datetime.datetime(2025, 10, 7, 20, 38, 53, 4480)}"
0c256b07-1b55-4d70-aa7d-3afa07390153,U//PR-EXO-ELSETS,39509,2025-10-07T20:38:53.004297Z,1.002691701687961,39509,False,0.00015348857920967,0.004898213552752138,173.3275224212802,51.5940445548968,139.3657287150179,0.0,0.0,0.0,42165.46706143372,1436.134354733226,42171.93897906468,42158.99514380274,39509,1 39509U 14006B   25280.86033570 +.00000000 +00000+0 +00000+0 2 99995,2 39509   0.0049 173.3275 0001534  51.5940 139.3657  1.00269170000006,2025-10-07T21:00:33.061Z,system.exo,EXO,REAL,2,OPS1,"{'NORAD_ID': 39509, 'classification': 'U', 'COSPAR_ID': '14006B', 'BC': 0.0, 'n_ddot': 0.0, 'B_star': 0.0, 'ephemeris_type': 2, 'elset_num': 9999, 'inclination': 0.0049, 'RAAN': 173.3275, 'eccentricity': 0.0001534, 'perigee': 51.594, 'mean_anomaly': 139.3657, 'mean_motion': 1.0026917, 'rev_num': 0, 'line1': '1 39509U 14006B   25280.86033570 +.00000000 +00000+0 +00000+0 2 99995', 'line2': '2 39509   0.0049 173.3275 0001534  51.5940 139.3657  1.00269170000006', 'epoch': datetime.datetime(2025, 10, 7, 20, 38, 53, 4480)}"
92647824-f0f9-4d8c-b08c-1e977304bfbf,U//PR-EXO-ELSETS,37779,2025-10-07T20:38:53.004297Z,1.002668930940144,37779,False,0.0001098859606686988,0.04726118924028055,61.05513237135274,105.4825653525628,197.8656985379729,0.0,0.0,0.0,42166.10544801263,1436.166969539782,42170.73891101744,42161.47198500781,37779,1 37779U 11042A   25280.86033570 +.00000000 +00000+0 +00000+0 2 99999,2 37779   0.0473  61.0551 0001098 105.4826 197.8657  1.00266893000009,2025-10-07T21:00:33.057Z,system.exo,EXO,REAL,2,OPS1,"{'NORAD_ID': 37779, 'classification': 'U', 'COSPAR_ID': '11042A', 'BC': 0.0, 'n_ddot': 0.0, 'B_star': 0.0, 'ephemeris_type': 2, 'elset_num': 9999, 'inclination': 0.0473, 'RAAN': 61.0551, 'eccentricity': 0.0001098, 'perigee': 105.4826, 'mean_anomaly': 197.8657, 'mean_motion': 1.00266893, 'rev_num': 0, 'line1': '1 37779U 11042A   25280.86033570 +.00000000 +00000+0 +00000+0 2 99999', 'line2': '2 37779   0.0473  61.0551 0001098 105.4826 197.8657  1.00266893000009', 'epoch': datetime.datetime(2025, 10, 7, 20, 38, 53, 4480)}"
5bd2415e-7144-4d30-9978-215adc22fd9b,U//PR-EXO-ELSETS,55841,2025-10-07T18:29:25.909351Z,1.002684905438921,55841,False,0.0001062448360808765,0.03703889440919552,66.84928695658958,276.1810899394538,13.01501736516746,0.0,0.0,0.0,42165.65759433177,1436.144088924572,42170.13747771113,42161.17771095242,55841,1 55841U 23031A   25280.77043877 +.00000000 +00000+0 +00000+0 2 99991,2 55841   0.0370  66.8493 0001062 276.1811  13.0150  1.00268490000006,2025-10-07T19:27:29.238Z,system.exo,EXO,REAL,2,OPS1,"{'NORAD_ID': 55841, 'classification': 'U', 'COSPAR_ID': '23031A', 'BC': 0.0, 'n_ddot': 0.0, 'B_star': 0.0, 'ephemeris_type': 2, 'elset_num': 9999, 'inclination': 0.037, 'RAAN': 66.8493, 'eccentricity': 0.0001062, 'perigee': 276.1811, 'mean_anomaly': 13.015, 'mean_motion': 1.0026849, 'rev_num': 0, 'line1': '1 55841U 23031A   25280.77043877 +.00000000 +00000+0 +00000+0 2 99991', 'line2': '2 55841   0.0370  66.8493 0001062 276.1811  13.0150  1.00268490000006', 'epoch': datetime.datetime(2025, 10, 7, 18, 29, 25, 909728)}"
f3e7bc7a-4e79-403c-8281-f0f907a7a4ed,U//PR-EXO-ELSETS,27501,2025-10-07T17:34:20.535850Z,0.9850752434518744,27501,False,0.0009045282431177298,8.196038373660668,64.49313999406021,76.06203616723079,307.7482390530791,0.0,0.0,0.0,42666.68740391922,1461.817266825213,42705.28062771634,42628.0941801221,27501,1 27501U 02039A   25280.73218213 +.00000000 +00000+0 +00000+0 2 99992,2 27501   8.1960  64.4931 0009045  76.0620 307.7482  0.98507524000008,2025-10-07T18:48:29.940Z,system.exo,EXO,REAL,2,OPS1,"{'NORAD_ID': 27501, 'classification': 'U', 'COSPAR_ID': '02039A', 'BC': 0.0, 'n_ddot': 0.0, 'B_star': 0.0, 'ephemeris_type': 2, 'elset_num': 9999, 'inclination': 8.196, 'RAAN': 64.4931, 'eccentricity': 0.0009045, 'perigee': 76.062, 'mean_anomaly': 307.7482, 'mean_motion': 0.98507524, 'rev_num': 0, 'line1': '1 27501U 02039A   25280.73218213 +.00000000 +00000+0 +00000+0 2 99992', 'line2': '2 27501   8.1960  64.4931 0009045  76.0620 307.7482  0.98507524000008', 'epoch': datetime.datetime(2025, 10, 7, 17, 34, 20, 536032)}"
157befec-8ab6-46c5-8382-db12bf85a0b6,U//PR-EXO-ELSETS,57213,2025-10-07T20:38:53.004297Z,0.9977226211729895,57213,False,0.0001525866830931931,0.08298451850782196,248.9929232956582,18.51700310600368,96.80530381873555,0.0,0.0,0.0,42305.35234340318,1443.286911052533,42311.80757679434,42298.89711001202,57213,1 57213U 23093A   25280.86033570 +.00000000 +00000+0 +00000+0 2 99993,2 57213   0.0830 248.9929 0001525  18.5170  96.8053  0.99772262000004,2025-10-07T21:06:29.799Z,system.exo,EXO,REAL,2,OPS1,"{'NORAD_ID': 57213, 'classification': 'U', 'COSPAR_ID': '23093A', 'BC': 0.0, 'n_ddot': 0.0, 'B_star': 0.0, 'ephemeris_type': 2, 'elset_num': 9999, 'inclination': 0.083, 'RAAN': 248.9929, 'eccentricity': 0.0001525, 'perigee': 18.517, 'mean_anomaly': 96.8053, 'mean_motion': 0.99772262, 'rev_num': 0, 'line1': '1 57213U 23093A   25280.86033570 +.00000000 +00000+0 +00000+0 2 99993', 'line2': '2 57213   0.0830 248.9929 0001525  18.5170  96.8053  0.99772262000004', 'epoch': datetime.datetime(2025, 10, 7, 20, 38, 53, 4480)}"
0390738a-3361-40a1-8fe1-14926c227bb3,U//PR-EXO-ELSETS,35755,2025-10-07T20:14:59.990143Z,1.002699461331446,35755,False,0.0001793856333106489,0.4502435742436262,87.37995878679317,39.50890338280521,325.6640277944241,0.0,0.0,0.0,42165.24952239607,1436.12324084415,42172.81336238534,42157.68568240679,35755,1 35755U 09044A   25280.84374989 +.00000000 +00000+0 +00000+0 2 99990,2 35755   0.4502  87.3800 0001793  39.5089 325.6640  1.00269946000001,2025-10-07T20:45:28.036Z,system.exo,EXO,REAL,2,OPS1,"{'NORAD_ID': 35755, 'classification': 'U', 'COSPAR_ID': '09044A', 'BC': 0.0, 'n_ddot': 0.0, 'B_star': 0.0, 'ephemeris_type': 2, 'elset_num': 9999, 'inclination': 0.4502, 'RAAN': 87.38, 'eccentricity': 0.0001793, 'perigee': 39.5089, 'mean_anomaly': 325.664, 'mean_motion': 1.00269946, 'rev_num': 0, 'line1': '1 35755U 09044A   25280.84374989 +.00000000 +00000+0 +00000+0 2 99990', 'line2': '2 35755   0.4502  87.3800 0001793  39.5089 325.6640  1.00269946000001', 'epoch': datetime.datetime(2025, 10, 7, 20, 14, 59, 990496)}"
01a4f9d9-3cf9-4132-a053-911e03a38692,U//PR-EXO-ELSETS,38332,2025-10-07T20:14:59.990143Z,1.002668203332907,38332,False,0.0002186051359891826,0.0312113716812208,342.2571783077396,220.9940247465957,249.1047218355583,0.0,0.0,0.0,42166.12584715675,1436.168011724502,42175.3435788317,42156.9081154818,38332,1 38332U 12023B   25280.84374989 +.00000000 +00000+0 +00000+0 2 99995,2 38332   0.0312 342.2572 0002186 220.9940 249.1047  1.00266820000007,2025-10-07T20:48:29.233Z,system.exo,EXO,REAL,2,OPS1,"{'NORAD_ID': 38332, 'classification': 'U', 'COSPAR_ID': '12023B', 'BC': 0.0, 'n_ddot': 0.0, 'B_star': 0.0, 'ephemeris_type': 2, 'elset_num': 9999, 'inclination': 0.0312, 'RAAN': 342.2572, 'eccentricity': 0.0002186, 'perigee': 220.994, 'mean_anomaly': 249.1047, 'mean_motion': 1.0026682, 'rev_num': 0, 'line1': '1 38332U 12023B   25280.84374989 +.00000000 +00000+0 +00000+0 2 99995', 'line2': '2 38332   0.0312 342.2572 0002186 220.9940 249.1047  1.00266820000007', 'epoch': datetime.datetime(2025, 10, 7, 20, 14, 59, 990496)}"
662e50a4-a61a-412b-8630-7f4a48e6e167,U//PR-EXO-ELSETS,32767,2025-10-07T20:15:40.516175Z,1.002657021208125,32767,False,0.0002378931380180821,0.04076068273244393,19.08909468915219,207.1845559291103,226.3463790384593,0.0,0.0,0.0,42166.43935150532,1436.1840285773,42176.47045808169,42156.40824492894,32767,1 32767U 08018A   25280.84421894 +.00000000 +00000+0 +00000+0 2 99998,2 32767   0.0408  19.0891 0002378 207.1846 226.3464  1.00265702000005,2025-10-07T22:21:31.326Z,system.exo,EXO,REAL,2,OPS1,"{'NORAD_ID': 32767, 'classification': 'U', 'COSPAR_ID': '08018A', 'BC': 0.0, 'n_ddot': 0.0, 'B_star': 0.0, 'ephemeris_type': 2, 'elset_num': 9999, 'inclination': 0.0408, 'RAAN': 19.0891, 'eccentricity': 0.0002378, 'perigee': 207.1846, 'mean_anomaly': 226.3464, 'mean_motion': 1.00265702, 'rev_num': 0, 'line1': '1 32767U 08018A   25280.84421894 +.00000000 +00000+0 +00000+0 2 99998', 'line2': '2 32767   0.0408  19.0891 0002378 207.1846 226.3464  1.00265702000005', 'epoch': datetime.datetime(2025, 10, 7, 20, 15, 40, 516416)}"
154154b1-e35b-451f-adda-d815f26e3d22,U//PR-EXO-ELSETS,29045,2025-10-07T20:15:40.516175Z,1.002763317381552,29045,False,0.0002102734269763899,0.04459259207340289,33.50375701047119,206.5818082280156,212.6515172304419,0.0,0.0,0.0,42163.45944570375,1436.031788398656,42172.32530081458,42154.59359059291,29045,1 29045U 06010A   25280.84421894 +.00000000 +00000+0 +00000+0 2 99993,2 29045   0.0446  33.5038 0002102 206.5818 212.6515  1.00276331000008,2025-10-07T20:57:28.671Z,system.exo,EXO,REAL,2,OPS1,"{'NORAD_ID': 29045, 'classification': 'U', 'COSPAR_ID': '06010A', 'BC': 0.0, 'n_ddot': 0.0, 'B_star': 0.0, 'ephemeris_type': 2, 'elset_num': 9999, 'inclination': 0.0446, 'RAAN': 33.5038, 'eccentricity': 0.0002102, 'perigee': 206.5818, 'mean_anomaly': 212.6515, 'mean_motion': 1.00276331, 'rev_num': 0, 'line1': '1 29045U 06010A   25280.84421894 +.00000000 +00000+0 +00000+0 2 99993', 'line2': '2 29045   0.0446  33.5038 0002102 206.5818 212.6515  1.00276331000008', 'epoch': datetime.datetime(2025, 10, 7, 20, 15, 40, 516416)}"
ca446f94-23b2-4d66-bdec-9b8a241a19de,U//PR-EXO-ELSETS,41191,2025-10-07T02:20:32.120146Z,1.002693988678479,41191,False,0.0002920438026025668,0.01397928730646667,131.4071331631187,85.60304551207585,230.242764918146,0.0,0.0,0.0,42165.40294611963,1436.131079132006,42177.71709073429,42153.08880150498,41191,1 41191U 15082A   25280.09759398 +.00000000 +00000+0 +00000+0 2 99998,2 41191   0.0140 131.4071 0002920  85.6030 230.2428  1.00269398000004,2025-10-07T03:33:29.302Z,system.exo,EXO,REAL,2,OPS1,"{'NORAD_ID': 41191, 'classification': 'U', 'COSPAR_ID': '15082A', 'BC': 0.0, 'n_ddot': 0.0, 'B_star': 0.0, 'ephemeris_type': 2, 'elset_num': 9999, 'inclination': 0.014, 'RAAN': 131.4071, 'eccentricity': 0.000292, 'perigee': 85.603, 'mean_anomaly': 230.2428, 'mean_motion': 1.00269398, 'rev_num': 0, 'line1': '1 41191U 15082A   25280.09759398 +.00000000 +00000+0 +00000+0 2 99998', 'line2': '2 41191   0.0140 131.4071 0002920  85.6030 230.2428  1.00269398000004', 'epoch': datetime.datetime(2025, 10, 7, 2, 20, 32, 119872)}"
8eceb6aa-a871-4a25-97ab-2258128ad0fd,U//PR-EXO-ELSETS,59346,2025-10-07T20:42:13.790816Z,1.002663206307741,59346,False,2.575708684751968e-05,0.002289846067701805,241.9364141754209,11.68473285639591,109.5440614895376,0.0,0.0,0.0,42166.26594406113,1436.175169230286,42167.35202423509,42165.17986388718,59346,1 59346U 24059A   25280.86265962 +.00000000 +00000+0 +00000+0 2 99997,2 59346   0.0023 241.9364 0000257  11.6847 109.5441  1.00266320000008,2025-10-07T21:06:29.800Z,system.exo,EXO,REAL,2,OPS1,"{'NORAD_ID': 59346, 'classification': 'U', 'COSPAR_ID': '24059A', 'BC': 0.0, 'n_ddot': 0.0, 'B_star': 0.0, 'ephemeris_type': 2, 'elset_num': 9999, 'inclination': 0.0023, 'RAAN': 241.9364, 'eccentricity': 2.57e-05, 'perigee': 11.6847, 'mean_anomaly': 109.5441, 'mean_motion': 1.0026632, 'rev_num': 0, 'line1': '1 59346U 24059A   25280.86265962 +.00000000 +00000+0 +00000+0 2 99997', 'line2': '2 59346   0.0023 241.9364 0000257  11.6847 109.5441  1.00266320000008', 'epoch': datetime.datetime(2025, 10, 7, 20, 42, 13, 791168)}"
7592b0a5-fc05-4a5b-a35b-42d1aa95bf6c,U//PR-EXO-ELSETS,27414,2025-10-07T17:57:28.827495Z,0.9908074191679391,27414,False,0.0005384078604369301,8.718018723388026,60.25357620543193,144.8796736611892,260.1178983427037,0.0,0.0,0.0,42501.96694342192,1453.360130477509,42524.85033650829,42479.08355033556,27414,1 27414U 02019A   25280.74825032 +.00000000 +00000+0 +00000+0 2 99997,2 27414   8.7180  60.2536 0005384 144.8797 260.1179  0.99080741000000,2025-10-07T20:09:28.794Z,system.exo,EXO,REAL,2,OPS1,"{'NORAD_ID': 27414, 'classification': 'U', 'COSPAR_ID': '02019A', 'BC': 0.0, 'n_ddot': 0.0, 'B_star': 0.0, 'ephemeris_type': 2, 'elset_num': 9999, 'inclination': 8.718, 'RAAN': 60.2536, 'eccentricity': 0.0005384, 'perigee': 144.8797, 'mean_anomaly': 260.1179, 'mean_motion': 0.99080741, 'rev_num': 0, 'line1': '1 27414U 02019A   25280.74825032 +.00000000 +00000+0 +00000+0 2 99997', 'line2': '2 27414   8.7180  60.2536 0005384 144.8797 260.1179  0.99080741000000', 'epoch': datetime.datetime(2025, 10, 7, 17, 57, 28, 827648)}"
9efed470-3aaf-4297-803d-9e2c92074009,U//PR-EXO-ELSETS,26761,2025-10-07T17:35:27.086444Z,0.9900443009620353,26761,False,0.000207435011208339,8.221750889848629,64.44755604706026,207.8816514663551,185.8725821563475,0.0,0.0,0.0,42523.80425548887,1454.480368808485,42532.62518130122,42514.98332967651,26761,1 26761U 01018A   25280.73295239 +.00000000 +00000+0 +00000+0 2 99998,2 26761   8.2218  64.4476 0002074 207.8817 185.8726  0.99004430000008,2025-10-07T20:00:29.818Z,system.exo,EXO,REAL,2,OPS1,"{'NORAD_ID': 26761, 'classification': 'U', 'COSPAR_ID': '01018A', 'BC': 0.0, 'n_ddot': 0.0, 'B_star': 0.0, 'ephemeris_type': 2, 'elset_num': 9999, 'inclination': 8.2218, 'RAAN': 64.4476, 'eccentricity': 0.0002074, 'perigee': 207.8817, 'mean_anomaly': 185.8726, 'mean_motion': 0.9900443, 'rev_num': 0, 'line1': '1 26761U 01018A   25280.73295239 +.00000000 +00000+0 +00000+0 2 99998', 'line2': '2 26761   8.2218  64.4476 0002074 207.8817 185.8726  0.99004430000008', 'epoch': datetime.datetime(2025, 10, 7, 17, 35, 27, 86496)}"
1d43c370-fe08-40dc-b17f-a971fc9d00ae,U//PR-EXO-ELSETS,44800,2025-10-07T20:42:13.790816Z,1.00267323040677,44800,False,0.000248177535674687,0.05690495500473333,21.08013424618391,185.7949950657184,155.9400041349465,0.0,0.0,0.0,42165.98490897944,1436.160811250353,42176.44955920345,42155.52025875544,44800,1 44800U 19080A   25280.86265962 +.00000000 +00000+0 +00000+0 2 99994,2 44800   0.0569  21.0801 0002481 185.7950 155.9400  1.00267323000008,2025-10-07T21:06:29.794Z,system.exo,EXO,REAL,2,OPS1,"{'NORAD_ID': 44800, 'classification': 'U', 'COSPAR_ID': '19080A', 'BC': 0.0, 'n_ddot': 0.0, 'B_star': 0.0, 'ephemeris_type': 2, 'elset_num': 9999, 'inclination': 0.0569, 'RAAN': 21.0801, 'eccentricity': 0.0002481, 'perigee': 185.795, 'mean_anomaly': 155.94, 'mean_motion': 1.00267323, 'rev_num': 0, 'line1': '1 44800U 19080A   25280.86265962 +.00000000 +00000+0 +00000+0 2 99994', 'line2': '2 44800   0.0569  21.0801 0002481 185.7950 155.9400  1.00267323000008', 'epoch': datetime.datetime(2025, 10, 7, 20, 42, 13, 791168)}"
2fe8d0c3-aef0-48ed-b2b3-3e70b21457e4,U//PR-EXO-ELSETS,14867,2025-10-07T17:23:50.267975Z,1.002664220407982,14867,False,0.002324076269993058,9.166290610591375,313.078000570135,7.953083356009937,37.85503628850697,0.0,0.0,0.0,42166.23751259038,1436.173716674627,42264.23506458828,42068.23996059247,14867,1 14867U 84031A   25280.72488736 +.00000000 +00000+0 +00000+0 2 99993,2 14867   9.1663 313.0780 0023240   7.9531  37.8550  1.00266422000002,2025-10-07T19:00:30.555Z,system.exo,EXO,REAL,2,OPS1,"{'NORAD_ID': 14867, 'classification': 'U', 'COSPAR_ID': '84031A', 'BC': 0.0, 'n_ddot': 0.0, 'B_star': 0.0, 'ephemeris_type': 2, 'elset_num': 9999, 'inclination': 9.1663, 'RAAN': 313.078, 'eccentricity': 0.002324, 'perigee': 7.9531, 'mean_anomaly': 37.855, 'mean_motion': 1.00266422, 'rev_num': 0, 'line1': '1 14867U 84031A   25280.72488736 +.00000000 +00000+0 +00000+0 2 99993', 'line2': '2 14867   9.1663 313.0780 0023240   7.9531  37.8550  1.00266422000002', 'epoch': datetime.datetime(2025, 10, 7, 17, 23, 50, 267904)}"
a0ad9dd5-1075-49db-b3ad-a101c4bea140,U//PR-EXO-ELSETS,63361,2025-10-07T20:44:51.186704Z,1.00269010946892,63361,False,0.003375794035162795,5.028572650436563,277.8893746460136,356.9947277975363,133.0744784226483,0.0,0.0,0.0,42165.51169911465,1436.136635238881,42307.85378199811,42023.16961623119,63361,1 63361U 25062A   25280.86448133 +.00000000 +00000+0 +00000+0 2 99997,2 63361   5.0286 277.8894 0033757 356.9947 133.0745  1.00269010000007,2025-10-07T21:09:39.144Z,system.exo,EXO,REAL,2,OPS1,"{'NORAD_ID': 63361, 'classification': 'U', 'COSPAR_ID': '25062A', 'BC': 0.0, 'n_ddot': 0.0, 'B_star': 0.0, 'ephemeris_type': 2, 'elset_num': 9999, 'inclination': 5.0286, 'RAAN': 277.8894, 'eccentricity': 0.0033757, 'perigee': 356.9947, 'mean_anomaly': 133.0745, 'mean_motion': 1.0026901, 'rev_num': 0, 'line1': '1 63361U 25062A   25280.86448133 +.00000000 +00000+0 +00000+0 2 99997', 'line2': '2 63361   5.0286 277.8894 0033757 356.9947 133.0745  1.00269010000007', 'epoch': datetime.datetime(2025, 10, 7, 20, 44, 51, 186912)}"
e867bbbf-fc60-4e0e-8a67-659c9a43e8c8,U//PR-EXO-ELSETS,10365,2025-10-07T17:26:03.373992Z,1.003215469512278,10365,False,0.003935841189388114,4.890390762054109,278.0561372452892,356.0763835597523,84.61388554684463,0.0,0.0,0.0,42150.78969797805,1435.384564693832,42316.68851223659,41984.8908837195,10365,1 10365U 77092A   25280.72642794 +.00000000 +00000+0 +00000+0 2 99997,2 10365   4.8904 278.0561 0039358 356.0764  84.6139  1.00321546000003,2025-10-07T18:30:29.412Z,system.exo,EXO,REAL,2,OPS1,"{'NORAD_ID': 10365, 'classification': 'U', 'COSPAR_ID': '77092A', 'BC': 0.0, 'n_ddot': 0.0, 'B_star': 0.0, 'ephemeris_type': 2, 'elset_num': 9999, 'inclination': 4.8904, 'RAAN': 278.0561, 'eccentricity': 0.0039358, 'perigee': 356.0764, 'mean_anomaly': 84.6139, 'mean_motion': 1.00321546, 'rev_num': 0, 'line1': '1 10365U 77092A   25280.72642794 +.00000000 +00000+0 +00000+0 2 99997', 'line2': '2 10365   4.8904 278.0561 0039358 356.0764  84.6139  1.00321546000003', 'epoch': datetime.datetime(2025, 10, 7, 17, 26, 3, 374016)}"
5afbad22-12f6-49e9-a146-5dff7a556fa1,U//PR-EXO-ELSETS,17125,2025-10-07T17:24:10.708017Z,1.003722722474523,17125,False,0.001003458570070094,10.73427544030544,324.3366432242917,189.5957030115334,206.1307268057185,0.0,0.0,0.0,42136.58729342793,1434.659162093992,42178.86961306103,42094.30497379483,17125,1 17125U 86090D   25280.72512394 +.00000000 +00000+0 +00000+0 2 99998,2 17125  10.7343 324.3366 0010034 189.5957 206.1307  1.00372272000008,2025-10-07T18:42:28.363Z,system.exo,EXO,REAL,2,OPS1,"{'NORAD_ID': 17125, 'classification': 'U', 'COSPAR_ID': '86090D', 'BC': 0.0, 'n_ddot': 0.0, 'B_star': 0.0, 'ephemeris_type': 2, 'elset_num': 9999, 'inclination': 10.7343, 'RAAN': 324.3366, 'eccentricity': 0.0010034, 'perigee': 189.5957, 'mean_anomaly': 206.1307, 'mean_motion': 1.00372272, 'rev_num': 0, 'line1': '1 17125U 86090D   25280.72512394 +.00000000 +00000+0 +00000+0 2 99998', 'line2': '2 17125  10.7343 324.3366 0010034 189.5957 206.1307  1.00372272000008', 'epoch': datetime.datetime(2025, 10, 7, 17, 24, 10, 708416)}"
3594085d-ee26-40ee-a0aa-87cad2410a1c,U//PR-EXO-ELSETS,19596,2025-10-07T20:52:51.186675Z,1.002394832119796,19596,False,0.0007160248833072378,11.86604871691514,331.7920734919464,202.8067322603931,287.6143314499131,0.0,0.0,0.0,42173.79180919888,1436.559680734573,42203.98929355768,42143.59432484007,19596,1 19596U 88095A   25280.87003688 +.00000000 +00000+0 +00000+0 2 99996,2 19596  11.8660 331.7921 0007160 202.8067 287.6143  1.00239483000000,2025-10-07T21:48:31.781Z,system.exo,EXO,REAL,2,OPS1,"{'NORAD_ID': 19596, 'classification': 'U', 'COSPAR_ID': '88095A', 'BC': 0.0, 'n_ddot': 0.0, 'B_star': 0.0, 'ephemeris_type': 2, 'elset_num': 9999, 'inclination': 11.866, 'RAAN': 331.7921, 'eccentricity': 0.000716, 'perigee': 202.8067, 'mean_anomaly': 287.6143, 'mean_motion': 1.00239483, 'rev_num': 0, 'line1': '1 19596U 88095A   25280.87003688 +.00000000 +00000+0 +00000+0 2 99996', 'line2': '2 19596  11.8660 331.7921 0007160 202.8067 287.6143  1.00239483000000', 'epoch': datetime.datetime(2025, 10, 7, 20, 52, 51, 186432)}"
1705d124-b36c-454e-aa8e-2ac009fc6fbf,U//PR-EXO-ELSETS,41384,2025-10-07T20:55:22.781266Z,1.002681834647871,41384,False,0.002056472073277415,4.711862514899819,102.9943733476994,172.9708644799286,87.02773462697635,0.0,0.0,0.0,42165.74368469024,1436.148487227466,42252.45635902678,42079.0310103537,41384,1 41384U 16015A   25280.87179145 +.00000000 +00000+0 +00000+0 2 99991,2 41384   4.7119 102.9944 0020564 172.9709  87.0277  1.00268183000005,2025-10-07T21:21:29.543Z,system.exo,EXO,REAL,2,OPS1,"{'NORAD_ID': 41384, 'classification': 'U', 'COSPAR_ID': '16015A', 'BC': 0.0, 'n_ddot': 0.0, 'B_star': 0.0, 'ephemeris_type': 2, 'elset_num': 9999, 'inclination': 4.7119, 'RAAN': 102.9944, 'eccentricity': 0.0020564, 'perigee': 172.9709, 'mean_anomaly': 87.0277, 'mean_motion': 1.00268183, 'rev_num': 0, 'line1': '1 41384U 16015A   25280.87179145 +.00000000 +00000+0 +00000+0 2 99991', 'line2': '2 41384   4.7119 102.9944 0020564 172.9709  87.0277  1.00268183000005', 'epoch': datetime.datetime(2025, 10, 7, 20, 55, 22, 781280)}"
9c52c013-4094-4b45-b3bd-97857491d4ab,U//PR-EXO-ELSETS,9785,2025-10-07T16:50:55.176093Z,0.9526632129986752,9785,False,0.003891670618229758,8.727010970559911,312.1157342869618,42.80636751745148,111.0775134414034,0.0,0.0,0.0,43629.03416501342,1511.552015814011,43798.82399537515,43459.2443346517,9785,1 09785U 77005A   25280.70202750 +.00000000 +00000+0 +00000+0 2 99997,2 09785   8.7270 312.1157 0038916  42.8064 111.0775  0.95266321000002,2025-10-07T17:21:30.172Z,system.exo,EXO,REAL,2,OPS1,"{'NORAD_ID': 9785, 'classification': 'U', 'COSPAR_ID': '77005A', 'BC': 0.0, 'n_ddot': 0.0, 'B_star': 0.0, 'ephemeris_type': 2, 'elset_num': 9999, 'inclination': 8.727, 'RAAN': 312.1157, 'eccentricity': 0.0038916, 'perigee': 42.8064, 'mean_anomaly': 111.0775, 'mean_motion': 0.95266321, 'rev_num': 0, 'line1': '1 09785U 77005A   25280.70202750 +.00000000 +00000+0 +00000+0 2 99997', 'line2': '2 09785   8.7270 312.1157 0038916  42.8064 111.0775  0.95266321000002', 'epoch': datetime.datetime(2025, 10, 7, 16, 50, 55, 176000)}"
4f9331ec-0712-4950-8ac2-fc1f869380ba,U//PR-EXO-ELSETS,43874,2025-10-07T18:38:34.401086Z,1.002682843099084,43874,False,0.0001944989678937301,1.888052133359661,83.52333331800683,102.9856430437912,168.8084113401903,0.0,0.0,0.0,42165.71541247185,1436.147042816909,42173.91660060007,42157.51422434363,43874,1 43874U 18110A   25280.77678705 +.00000000 +00000+0 +00000+0 2 99990,2 43874   1.8881  83.5233 0001944 102.9856 168.8084  1.00268284000003,2025-10-07T18:57:28.760Z,system.exo,EXO,REAL,2,OPS1,"{'NORAD_ID': 43874, 'classification': 'U', 'COSPAR_ID': '18110A', 'BC': 0.0, 'n_ddot': 0.0, 'B_star': 0.0, 'ephemeris_type': 2, 'elset_num': 9999, 'inclination': 1.8881, 'RAAN': 83.5233, 'eccentricity': 0.0001944, 'perigee': 102.9856, 'mean_anomaly': 168.8084, 'mean_motion': 1.00268284, 'rev_num': 0, 'line1': '1 43874U 18110A   25280.77678705 +.00000000 +00000+0 +00000+0 2 99990', 'line2': '2 43874   1.8881  83.5233 0001944 102.9856 168.8084  1.00268284000003', 'epoch': datetime.datetime(2025, 10, 7, 18, 38, 34, 401120)}"
1f9b750f-4cd0-4a9b-926a-91e6c385fa6c,U//PR-EXO-ELSETS,43920,2025-10-07T20:53:33.201655Z,1.002654240935897,43920,False,0.0002969781610593039,0.02942860983788704,60.10886298448222,192.6255451392687,207.4323783157155,0.0,0.0,0.0,42166.51730069345,1436.188010989587,42179.03983545968,42153.99476592721,43920,1 43920U 19001A   25280.87052317 +.00000000 +00000+0 +00000+0 2 99998,2 43920   0.0294  60.1089 0002969 192.6255 207.4324  1.00265424000001,2025-10-07T21:51:31.438Z,system.exo,EXO,REAL,2,OPS1,"{'NORAD_ID': 43920, 'classification': 'U', 'COSPAR_ID': '19001A', 'BC': 0.0, 'n_ddot': 0.0, 'B_star': 0.0, 'ephemeris_type': 2, 'elset_num': 9999, 'inclination': 0.0294, 'RAAN': 60.1089, 'eccentricity': 0.0002969, 'perigee': 192.6255, 'mean_anomaly': 207.4324, 'mean_motion': 1.00265424, 'rev_num': 0, 'line1': '1 43920U 19001A   25280.87052317 +.00000000 +00000+0 +00000+0 2 99998', 'line2': '2 43920   0.0294  60.1089 0002969 192.6255 207.4324  1.00265424000001', 'epoch': datetime.datetime(2025, 10, 7, 20, 53, 33, 201888)}"
d647299b-4ec0-4418-91ee-b4848e2c27bd,U//PR-EXO-ELSETS,49505,2025-10-07T20:53:33.201655Z,1.002650165047699,49505,False,0.0003055417004380494,0.01134574625278516,334.4619940289668,300.7875034676422,185.0743596668517,0.0,0.0,0.0,42166.63157510991,1436.193849258974,42179.51523942311,42153.74791079671,49505,1 49505U 21114A   25280.87052317 +.00000000 +00000+0 +00000+0 2 99991,2 49505   0.0113 334.4620 0003055 300.7875 185.0744  1.00265016000005,2025-10-07T21:51:31.447Z,system.exo,EXO,REAL,2,OPS1,"{'NORAD_ID': 49505, 'classification': 'U', 'COSPAR_ID': '21114A', 'BC': 0.0, 'n_ddot': 0.0, 'B_star': 0.0, 'ephemeris_type': 2, 'elset_num': 9999, 'inclination': 0.0113, 'RAAN': 334.462, 'eccentricity': 0.0003055, 'perigee': 300.7875, 'mean_anomaly': 185.0744, 'mean_motion': 1.00265016, 'rev_num': 0, 'line1': '1 49505U 21114A   25280.87052317 +.00000000 +00000+0 +00000+0 2 99991', 'line2': '2 49505   0.0113 334.4620 0003055 300.7875 185.0744  1.00265016000005', 'epoch': datetime.datetime(2025, 10, 7, 20, 53, 33, 201888)}"
aece23e7-bb5e-41f7-a3de-78a4ac325828,U//PR-EXO-ELSETS,22653,2025-10-07T16:51:49.005091Z,0.988380718081664,22653,False,0.0002517415479991403,12.50411223433365,27.41373293467458,146.3173692224696,228.7555742979304,0.0,0.0,0.0,42571.50655047254,1456.928462541113,42582.22356743221,42560.78953351286,22653,1 22653U 93031A   25280.70265052 +.00000000 +00000+0 +00000+0 2 99997,2 22653  12.5041  27.4137 0002517 146.3174 228.7556  0.98838071000007,2025-10-07T18:06:29.159Z,system.exo,EXO,REAL,2,OPS1,"{'NORAD_ID': 22653, 'classification': 'U', 'COSPAR_ID': '93031A', 'BC': 0.0, 'n_ddot': 0.0, 'B_star': 0.0, 'ephemeris_type': 2, 'elset_num': 9999, 'inclination': 12.5041, 'RAAN': 27.4137, 'eccentricity': 0.0002517, 'perigee': 146.3174, 'mean_anomaly': 228.7556, 'mean_motion': 0.98838071, 'rev_num': 0, 'line1': '1 22653U 93031A   25280.70265052 +.00000000 +00000+0 +00000+0 2 99997', 'line2': '2 22653  12.5041  27.4137 0002517 146.3174 228.7556  0.98838071000007', 'epoch': datetime.datetime(2025, 10, 7, 16, 51, 49, 4928)}"
0eb05150-73b6-401d-bbc4-a9055b755e80,U//PR-EXO-ELSETS,40259,2025-10-07T20:21:47.390870Z,0.9168373432400959,40259,False,0.06418401135624033,9.826860832144254,62.08259434270835,192.9518373545096,200.1474257029611,0.0,0.0,0.0,44758.30861168486,1570.616653670597,47631.07639990335,41885.54082346637,40259,1 40259U 14058B   25280.84846517 +.00000000 +00000+0 +00000+0 2 99997,2 40259   9.8269  62.0826 0641840 192.9518 200.1474  0.91683734000007,2025-10-07T21:06:29.786Z,system.exo,EXO,REAL,2,OPS1,"{'NORAD_ID': 40259, 'classification': 'U', 'COSPAR_ID': '14058B', 'BC': 0.0, 'n_ddot': 0.0, 'B_star': 0.0, 'ephemeris_type': 2, 'elset_num': 9999, 'inclination': 9.8269, 'RAAN': 62.0826, 'eccentricity': 0.064184, 'perigee': 192.9518, 'mean_anomaly': 200.1474, 'mean_motion': 0.91683734, 'rev_num': 0, 'line1': '1 40259U 14058B   25280.84846517 +.00000000 +00000+0 +00000+0 2 99997', 'line2': '2 40259   9.8269  62.0826 0641840 192.9518 200.1474  0.91683734000007', 'epoch': datetime.datetime(2025, 10, 7, 20, 21, 47, 390688)}"
8a6aae56-dd13-4b81-bfd1-0ec299987c40,U//PR-EXO-ELSETS,38091,2025-10-07T18:30:35.372020Z,1.002692661521266,38091,False,0.000841405918553974,2.93900483730681,70.91245028625585,220.7355715991526,61.39557730539126,0.0,0.0,0.0,42165.44015267251,1436.132979985372,42200.91840357541,42129.96190176962,38091,1 38091U 12008A   25280.77124273 +.00000000 +00000+0 +00000+0 2 99991,2 38091   2.9390  70.9125 0008414 220.7356  61.3956  1.00269266000004,2025-10-07T19:03:29.905Z,system.exo,EXO,REAL,2,OPS1,"{'NORAD_ID': 38091, 'classification': 'U', 'COSPAR_ID': '12008A', 'BC': 0.0, 'n_ddot': 0.0, 'B_star': 0.0, 'ephemeris_type': 2, 'elset_num': 9999, 'inclination': 2.939, 'RAAN': 70.9125, 'eccentricity': 0.0008414, 'perigee': 220.7356, 'mean_anomaly': 61.3956, 'mean_motion': 1.00269266, 'rev_num': 0, 'line1': '1 38091U 12008A   25280.77124273 +.00000000 +00000+0 +00000+0 2 99991', 'line2': '2 38091   2.9390  70.9125 0008414 220.7356  61.3956  1.00269266000004', 'epoch': datetime.datetime(2025, 10, 7, 18, 30, 35, 371872)}"
3fc38703-9f33-4bf3-be0b-b6559482b6c3,U//PR-EXO-ELSETS,40258,2025-10-07T20:58:54.804095Z,1.002695009399756,40258,False,0.0002536788728457799,1.235747508076748,86.10479491086897,176.6101410725811,134.3308205992967,0.0,0.0,0.0,42165.3743304849,1436.129617182426,42176.07079511818,42154.67786585162,40258,1 40258U 14058A   25280.87424542 +.00000000 +00000+0 +00000+0 2 99999,2 40258   1.2357  86.1048 0002536 176.6101 134.3308  1.00269500000009,2025-10-07T21:39:38.111Z,system.exo,EXO,REAL,2,OPS1,"{'NORAD_ID': 40258, 'classification': 'U', 'COSPAR_ID': '14058A', 'BC': 0.0, 'n_ddot': 0.0, 'B_star': 0.0, 'ephemeris_type': 2, 'elset_num': 9999, 'inclination': 1.2357, 'RAAN': 86.1048, 'eccentricity': 0.0002536, 'perigee': 176.6101, 'mean_anomaly': 134.3308, 'mean_motion': 1.002695, 'rev_num': 0, 'line1': '1 40258U 14058A   25280.87424542 +.00000000 +00000+0 +00000+0 2 99999', 'line2': '2 40258   1.2357  86.1048 0002536 176.6101 134.3308  1.00269500000009', 'epoch': datetime.datetime(2025, 10, 7, 20, 58, 54, 804288)}"
e29a68ef-16e3-4e4d-a13a-cbf5746329b6,U//PR-EXO-ELSETS,29270,2025-10-07T19:39:12.235951Z,1.002677870353361,29270,False,0.0003912600637685303,1.003726171373791,84.95103757543137,109.9415002827013,149.7180179908991,0.0,0.0,0.0,42165.85482528084,1436.154165337786,42182.35264032864,42149.35701023304,29270,1 29270U 06032A   25280.81889162 +.00000000 +00000+0 +00000+0 2 99990,2 29270   1.0037  84.9510 0003912 109.9415 149.7180  1.00267787000002,2025-10-07T20:18:29.234Z,system.exo,EXO,REAL,2,OPS1,"{'NORAD_ID': 29270, 'classification': 'U', 'COSPAR_ID': '06032A', 'BC': 0.0, 'n_ddot': 0.0, 'B_star': 0.0, 'ephemeris_type': 2, 'elset_num': 9999, 'inclination': 1.0037, 'RAAN': 84.951, 'eccentricity': 0.0003912, 'perigee': 109.9415, 'mean_anomaly': 149.718, 'mean_motion': 1.00267787, 'rev_num': 0, 'line1': '1 29270U 06032A   25280.81889162 +.00000000 +00000+0 +00000+0 2 99990', 'line2': '2 29270   1.0037  84.9510 0003912 109.9415 149.7180  1.00267787000002', 'epoch': datetime.datetime(2025, 10, 7, 19, 39, 12, 235968)}"
926a2cda-d8ed-4c5a-9d6b-dd86bb842de2,U//PR-EXO-ELSETS,28638,2025-10-07T20:55:23.645796Z,0.9856787384222854,28638,False,0.0005034362608258089,6.716024030703147,72.23050214096558,284.5244802403043,101.0544745405048,0.0,0.0,0.0,42649.27012686577,1460.922249682405,42670.74131594539,42627.79893778615,28638,1 28638U 05012A   25280.87180146 +.00000000 +00000+0 +00000+0 2 99996,2 28638   6.7160  72.2305 0005034 284.5245 101.0545  0.98567873000009,2025-10-07T23:00:27.595Z,system.exo,EXO,REAL,2,OPS1,"{'NORAD_ID': 28638, 'classification': 'U', 'COSPAR_ID': '05012A', 'BC': 0.0, 'n_ddot': 0.0, 'B_star': 0.0, 'ephemeris_type': 2, 'elset_num': 9999, 'inclination': 6.716, 'RAAN': 72.2305, 'eccentricity': 0.0005034, 'perigee': 284.5245, 'mean_anomaly': 101.0545, 'mean_motion': 0.98567873, 'rev_num': 0, 'line1': '1 28638U 05012A   25280.87180146 +.00000000 +00000+0 +00000+0 2 99996', 'line2': '2 28638   6.7160  72.2305 0005034 284.5245 101.0545  0.98567873000009', 'epoch': datetime.datetime(2025, 10, 7, 20, 55, 23, 646144)}"
80b4dda5-51e1-4f00-8b77-eddc618e9e97,U//PR-EXO-ELSETS,39612,2025-10-07T01:50:46.696557Z,1.00267988379692,39612,False,6.111267552195086e-05,0.004509160392046264,220.3796133358091,292.5131830628933,306.8255405033865,0.0,0.0,0.0,42165.79837748955,1436.151281450913,42168.37524224391,42163.22151273518,39612,1 39612U 14010A   25280.07692936 +.00000000 +00000+0 +00000+0 2 99995,2 39612   0.0045 220.3796 0000611 292.5132 306.8255  1.00267988000003,2025-10-07T03:33:29.301Z,system.exo,EXO,REAL,2,OPS1,"{'NORAD_ID': 39612, 'classification': 'U', 'COSPAR_ID': '14010A', 'BC': 0.0, 'n_ddot': 0.0, 'B_star': 0.0, 'ephemeris_type': 2, 'elset_num': 9999, 'inclination': 0.0045, 'RAAN': 220.3796, 'eccentricity': 6.11e-05, 'perigee': 292.5132, 'mean_anomaly': 306.8255, 'mean_motion': 1.00267988, 'rev_num': 0, 'line1': '1 39612U 14010A   25280.07692936 +.00000000 +00000+0 +00000+0 2 99995', 'line2': '2 39612   0.0045 220.3796 0000611 292.5132 306.8255  1.00267988000003', 'epoch': datetime.datetime(2025, 10, 7, 1, 50, 46, 696704)}"
1228bcb7-c04a-4fad-9e59-a1d87b3d1009,U//PR-EXO-ELSETS,42698,2025-10-07T18:53:59.620127Z,1.00267036420978,42698,False,3.921648086373569e-05,0.04394720770329387,33.20932099652585,208.7738328162893,114.7110558622717,0.0,0.0,0.0,42166.06526504046,1436.164916607349,42167.71886973203,42164.41166034889,42698,1 42698U 17025A   25280.78749560 +.00000000 +00000+0 +00000+0 2 99996,2 42698   0.0439  33.2093 0000392 208.7738 114.7111  1.00267036000007,2025-10-07T19:18:29.139Z,system.exo,EXO,REAL,2,OPS1,"{'NORAD_ID': 42698, 'classification': 'U', 'COSPAR_ID': '17025A', 'BC': 0.0, 'n_ddot': 0.0, 'B_star': 0.0, 'ephemeris_type': 2, 'elset_num': 9999, 'inclination': 0.0439, 'RAAN': 33.2093, 'eccentricity': 3.92e-05, 'perigee': 208.7738, 'mean_anomaly': 114.7111, 'mean_motion': 1.00267036, 'rev_num': 0, 'line1': '1 42698U 17025A   25280.78749560 +.00000000 +00000+0 +00000+0 2 99996', 'line2': '2 42698   0.0439  33.2093 0000392 208.7738 114.7111  1.00267036000007', 'epoch': datetime.datetime(2025, 10, 7, 18, 53, 59, 619840)}"
35a5e921-5b3e-4566-9949-2f7bcc5e0370,U//PR-EXO-ELSETS,26378,2025-10-07T18:40:13.537945Z,0.9876653346513158,26378,False,0.001182470732258261,11.88525701922965,34.14311535553421,194.5660140058728,240.7372403871059,0.0,0.0,0.0,42592.06093193233,1457.983741535665,42642.4247974109,42541.69706645375,26378,1 26378U 00031A   25280.77793447 +.00000000 +00000+0 +00000+0 2 99994,2 26378  11.8853  34.1431 0011824 194.5660 240.7372  0.98766533000009,2025-10-07T21:00:33.051Z,system.exo,EXO,REAL,2,OPS1,"{'NORAD_ID': 26378, 'classification': 'U', 'COSPAR_ID': '00031A', 'BC': 0.0, 'n_ddot': 0.0, 'B_star': 0.0, 'ephemeris_type': 2, 'elset_num': 9999, 'inclination': 11.8853, 'RAAN': 34.1431, 'eccentricity': 0.0011824, 'perigee': 194.566, 'mean_anomaly': 240.7372, 'mean_motion': 0.98766533, 'rev_num': 0, 'line1': '1 26378U 00031A   25280.77793447 +.00000000 +00000+0 +00000+0 2 99994', 'line2': '2 26378  11.8853  34.1431 0011824 194.5660 240.7372  0.98766533000009', 'epoch': datetime.datetime(2025, 10, 7, 18, 40, 13, 538208)}"
d9adba3a-56be-4a66-8ade-fba4360606aa,U//PR-EXO-ELSETS,38992,2025-10-07T20:06:15.134410Z,1.002652878547859,38992,False,0.0002919636472901456,0.07246404131496408,20.7886173488663,185.0724550203654,134.0264124705895,0.0,0.0,0.0,42166.55549745925,1436.189962457945,42178.86659879595,42154.24439612255,38992,1 38992U 12062B   25280.83767517 +.00000000 +00000+0 +00000+0 2 99992,2 38992   0.0725  20.7886 0002919 185.0725 134.0264  1.00265287000008,2025-10-07T20:33:29.146Z,system.exo,EXO,REAL,2,OPS1,"{'NORAD_ID': 38992, 'classification': 'U', 'COSPAR_ID': '12062B', 'BC': 0.0, 'n_ddot': 0.0, 'B_star': 0.0, 'ephemeris_type': 2, 'elset_num': 9999, 'inclination': 0.0725, 'RAAN': 20.7886, 'eccentricity': 0.0002919, 'perigee': 185.0725, 'mean_anomaly': 134.0264, 'mean_motion': 1.00265287, 'rev_num': 0, 'line1': '1 38992U 12062B   25280.83767517 +.00000000 +00000+0 +00000+0 2 99992', 'line2': '2 38992   0.0725  20.7886 0002919 185.0725 134.0264  1.00265287000008', 'epoch': datetime.datetime(2025, 10, 7, 20, 6, 15, 134688)}"
1e22d7cd-095b-4fa2-9d5f-a3393022f0e6,U//PR-EXO-ELSETS,23467,2025-10-07T17:06:26.695804Z,1.002721935034843,23467,False,0.0004514196770197979,9.696659528954116,14.0290397283682,189.0622406482074,242.6055569778236,0.0,0.0,0.0,42164.61949538785,1436.091053448394,42183.65343430212,42145.58555647358,23467,1 23467U 95003A   25280.71280898 +.00000000 +00000+0 +00000+0 2 99998,2 23467   9.6967  14.0290 0004514 189.0622 242.6056  1.00272193000009,2025-10-07T17:30:29.085Z,system.exo,EXO,REAL,2,OPS1,"{'NORAD_ID': 23467, 'classification': 'U', 'COSPAR_ID': '95003A', 'BC': 0.0, 'n_ddot': 0.0, 'B_star': 0.0, 'ephemeris_type': 2, 'elset_num': 9999, 'inclination': 9.6967, 'RAAN': 14.029, 'eccentricity': 0.0004514, 'perigee': 189.0622, 'mean_anomaly': 242.6056, 'mean_motion': 1.00272193, 'rev_num': 0, 'line1': '1 23467U 95003A   25280.71280898 +.00000000 +00000+0 +00000+0 2 99998', 'line2': '2 23467   9.6967  14.0290 0004514 189.0622 242.6056  1.00272193000009', 'epoch': datetime.datetime(2025, 10, 7, 17, 6, 26, 695872)}"
2ec29020-6089-4f95-bc60-0b9201970e8d,U//PR-EXO-ELSETS,39216,2025-10-07T20:28:31.562003Z,1.00266289120433,39216,False,0.0002002476511670858,1.267958967316057,85.81444119968809,142.2711328868787,225.3562672637089,0.0,0.0,0.0,42166.27477835872,1436.175620572106,42174.71847584155,42157.83108087588,39216,1 39216U 13038B   25280.85314308 +.00000000 +00000+0 +00000+0 2 99994,2 39216   1.2680  85.8144 0002002 142.2711 225.3563  1.00266289000002,2025-10-07T21:39:38.110Z,system.exo,EXO,REAL,2,OPS1,"{'NORAD_ID': 39216, 'classification': 'U', 'COSPAR_ID': '13038B', 'BC': 0.0, 'n_ddot': 0.0, 'B_star': 0.0, 'ephemeris_type': 2, 'elset_num': 9999, 'inclination': 1.268, 'RAAN': 85.8144, 'eccentricity': 0.0002002, 'perigee': 142.2711, 'mean_anomaly': 225.3563, 'mean_motion': 1.00266289, 'rev_num': 0, 'line1': '1 39216U 13038B   25280.85314308 +.00000000 +00000+0 +00000+0 2 99994', 'line2': '2 39216   1.2680  85.8144 0002002 142.2711 225.3563  1.00266289000002', 'epoch': datetime.datetime(2025, 10, 7, 20, 28, 31, 562112)}"
0347b9f5-d8f3-4534-b31d-ccfb92f0b3fe,U//PR-EXO-ELSETS,33414,2025-10-07T16:23:38.875775Z,0.9927050567290673,33414,False,0.006625843976897838,5.106396048481372,76.03444549933043,184.9670529324829,154.3885100892304,0.0,0.0,0.0,42447.78566294536,1450.58191276345,42729.03806791284,42166.53325797788,33414,1 33414U 08055A   25280.68308884 +.00000000 +00000+0 +00000+0 2 99994,2 33414   5.1064  76.0344 0066258 184.9671 154.3885  0.99270505000001,2025-10-07T17:09:30.344Z,system.exo,EXO,REAL,2,OPS1,"{'NORAD_ID': 33414, 'classification': 'U', 'COSPAR_ID': '08055A', 'BC': 0.0, 'n_ddot': 0.0, 'B_star': 0.0, 'ephemeris_type': 2, 'elset_num': 9999, 'inclination': 5.1064, 'RAAN': 76.0344, 'eccentricity': 0.0066258, 'perigee': 184.9671, 'mean_anomaly': 154.3885, 'mean_motion': 0.99270505, 'rev_num': 0, 'line1': '1 33414U 08055A   25280.68308884 +.00000000 +00000+0 +00000+0 2 99994', 'line2': '2 33414   5.1064  76.0344 0066258 184.9671 154.3885  0.99270505000001', 'epoch': datetime.datetime(2025, 10, 7, 16, 23, 38, 875776)}"
0686dca6-75ab-46b9-bc80-ed30da8177fd,U//PR-EXO-ELSETS,42741,2025-10-07T18:27:53.107924Z,1.002688023375809,42741,False,1.71260870800408e-05,0.0167102848938436,177.9754824212851,66.78482014401092,220.8879068884754,0.0,0.0,0.0,42165.57018267812,1436.139623122123,42166.29231390484,42164.84805145139,42741,1 42741U 17029B   25280.76936468 +.00000000 +00000+0 +00000+0 2 99992,2 42741   0.0167 177.9755 0000171  66.7848 220.8879  1.00268802000006,2025-10-07T19:21:29.406Z,system.exo,EXO,REAL,2,OPS1,"{'NORAD_ID': 42741, 'classification': 'U', 'COSPAR_ID': '17029B', 'BC': 0.0, 'n_ddot': 0.0, 'B_star': 0.0, 'ephemeris_type': 2, 'elset_num': 9999, 'inclination': 0.0167, 'RAAN': 177.9755, 'eccentricity': 1.71e-05, 'perigee': 66.7848, 'mean_anomaly': 220.8879, 'mean_motion': 1.00268802, 'rev_num': 0, 'line1': '1 42741U 17029B   25280.76936468 +.00000000 +00000+0 +00000+0 2 99992', 'line2': '2 42741   0.0167 177.9755 0000171  66.7848 220.8879  1.00268802000006', 'epoch': datetime.datetime(2025, 10, 7, 18, 27, 53, 108352)}"
6d903778-54c7-483c-8884-aa663ac4b175,U//PR-EXO-ELSETS,13974,2025-10-07T20:34:57.109017Z,1.002554185380992,13974,False,0.0002268383621901625,8.72244061558135,308.0514290587627,302.8423610236456,158.0502068322555,0.0,0.0,0.0,42169.32275112873,1436.331343480222,42178.88837123627,42159.7571310212,13974,1 13974U 83028A   25280.85760543 +.00000000 +00000+0 +00000+0 2 99999,2 13974   8.7224 308.0514 0002268 302.8424 158.0502  1.00255418000008,2025-10-08T00:00:28.244Z,system.exo,EXO,REAL,2,OPS1,"{'NORAD_ID': 13974, 'classification': 'U', 'COSPAR_ID': '83028A', 'BC': 0.0, 'n_ddot': 0.0, 'B_star': 0.0, 'ephemeris_type': 2, 'elset_num': 9999, 'inclination': 8.7224, 'RAAN': 308.0514, 'eccentricity': 0.0002268, 'perigee': 302.8424, 'mean_anomaly': 158.0502, 'mean_motion': 1.00255418, 'rev_num': 0, 'line1': '1 13974U 83028A   25280.85760543 +.00000000 +00000+0 +00000+0 2 99999', 'line2': '2 13974   8.7224 308.0514 0002268 302.8424 158.0502  1.00255418000008', 'epoch': datetime.datetime(2025, 10, 7, 20, 34, 57, 109152)}"
44af7aeb-f1f9-4c03-ac7b-d9ec27a3d39a,U//PR-EXO-ELSETS,12564,2025-10-07T17:29:57.498049Z,1.003207986536833,12564,False,0.0003333262344063981,7.130816713153777,295.2355260690344,23.17487814001563,45.08317828088415,0.0,0.0,0.0,42150.99930086294,1435.395271294653,42165.04933473636,42136.94926698951,12564,1 12564U 81061A   25280.72913771 +.00000000 +00000+0 +00000+0 2 99997,2 12564   7.1308 295.2355 0003333  23.1749  45.0832  1.00320798000000,2025-10-07T17:57:28.340Z,system.exo,EXO,REAL,2,OPS1,"{'NORAD_ID': 12564, 'classification': 'U', 'COSPAR_ID': '81061A', 'BC': 0.0, 'n_ddot': 0.0, 'B_star': 0.0, 'ephemeris_type': 2, 'elset_num': 9999, 'inclination': 7.1308, 'RAAN': 295.2355, 'eccentricity': 0.0003333, 'perigee': 23.1749, 'mean_anomaly': 45.0832, 'mean_motion': 1.00320798, 'rev_num': 0, 'line1': '1 12564U 81061A   25280.72913771 +.00000000 +00000+0 +00000+0 2 99997', 'line2': '2 12564   7.1308 295.2355 0003333  23.1749  45.0832  1.00320798000000', 'epoch': datetime.datetime(2025, 10, 7, 17, 29, 57, 498144)}"
acf799d3-5e9a-45c7-9d29-e07c8390ab87,U//PR-EXO-ELSETS,36744,2025-10-07T19:51:53.746847Z,1.002720365058149,36744,False,0.0001619127787415838,4.175576639596902,78.66385841172097,151.48345074225,212.7211687618607,0.0,0.0,0.0,42164.66350729451,1436.093301961103,42171.49050512767,42157.83650946134,36744,1 36744U 10032A   25280.82770540 +.00000000 +00000+0 +00000+0 2 99999,2 36744   4.1756  78.6639 0001619 151.4835 212.7212  1.00272036000000,2025-10-07T21:42:29.623Z,system.exo,EXO,REAL,2,OPS1,"{'NORAD_ID': 36744, 'classification': 'U', 'COSPAR_ID': '10032A', 'BC': 0.0, 'n_ddot': 0.0, 'B_star': 0.0, 'ephemeris_type': 2, 'elset_num': 9999, 'inclination': 4.1756, 'RAAN': 78.6639, 'eccentricity': 0.0001619, 'perigee': 151.4835, 'mean_anomaly': 212.7212, 'mean_motion': 1.00272036, 'rev_num': 0, 'line1': '1 36744U 10032A   25280.82770540 +.00000000 +00000+0 +00000+0 2 99999', 'line2': '2 36744   4.1756  78.6639 0001619 151.4835 212.7212  1.00272036000000', 'epoch': datetime.datetime(2025, 10, 7, 19, 51, 53, 746560)}"
64b47e08-830c-4e6d-8bd8-feb7c861a016,U//PR-EXO-ELSETS,55131,2025-10-07T21:05:25.841202Z,1.000812323936941,55131,False,0.0002668498579289034,3.064128477577792,81.51349761910446,146.2185614820966,129.237776076824,0.0,0.0,0.0,42218.23756778741,1438.831202972608,42229.50349848437,42206.97163709044,55131,1 55131U 23002A   25280.87877131 +.00000000 +00000+0 +00000+0 2 99990,2 55131   3.0641  81.5135 0002668 146.2186 129.2378  1.00081232000003,2025-10-07T21:27:29.025Z,system.exo,EXO,REAL,2,OPS1,"{'NORAD_ID': 55131, 'classification': 'U', 'COSPAR_ID': '23002A', 'BC': 0.0, 'n_ddot': 0.0, 'B_star': 0.0, 'ephemeris_type': 2, 'elset_num': 9999, 'inclination': 3.0641, 'RAAN': 81.5135, 'eccentricity': 0.0002668, 'perigee': 146.2186, 'mean_anomaly': 129.2378, 'mean_motion': 1.00081232, 'rev_num': 0, 'line1': '1 55131U 23002A   25280.87877131 +.00000000 +00000+0 +00000+0 2 99990', 'line2': '2 55131   3.0641  81.5135 0002668 146.2186 129.2378  1.00081232000003', 'epoch': datetime.datetime(2025, 10, 7, 21, 5, 25, 841184)}"
518427c0-66f4-4964-9960-2177edbe902c,U//PR-EXO-ELSETS,64062,2025-10-07T18:49:49.706053Z,1.00267465691978,64062,False,0.0007610709120577163,0.03708276357521654,0.7352117982346739,222.8514226230649,242.8365972074538,0.0,0.0,0.0,42165.94491572083,1436.158768013231,42198.03618987562,42133.85364156605,64062,1 64062U 25106A   25280.78460308 +.00000000 +00000+0 +00000+0 2 99994,2 64062   0.0371   0.7352 0007610 222.8514 242.8366  1.00267465000008,2025-10-07T20:03:28.673Z,system.exo,EXO,REAL,2,OPS1,"{'NORAD_ID': 64062, 'classification': 'U', 'COSPAR_ID': '25106A', 'BC': 0.0, 'n_ddot': 0.0, 'B_star': 0.0, 'ephemeris_type': 2, 'elset_num': 9999, 'inclination': 0.0371, 'RAAN': 0.7352, 'eccentricity': 0.000761, 'perigee': 222.8514, 'mean_anomaly': 242.8366, 'mean_motion': 1.00267465, 'rev_num': 0, 'line1': '1 64062U 25106A   25280.78460308 +.00000000 +00000+0 +00000+0 2 99994', 'line2': '2 64062   0.0371   0.7352 0007610 222.8514 242.8366  1.00267465000008', 'epoch': datetime.datetime(2025, 10, 7, 18, 49, 49, 706112)}"
37b430e3-6e47-4d20-b8a4-e704f5bd0eb3,U//PR-EXO-ELSETS,32019,2025-10-07T17:39:08.715015Z,0.9913974254113335,32019,False,0.000608632583047929,0.9950476474824831,94.95841162275912,107.8390380142456,255.0674832943411,0.0,0.0,0.0,42485.10259071464,1452.495198282909,42510.96040844548,42459.24477298379,32019,1 32019U 07036B   25280.73551753 +.00000000 +00000+0 +00000+0 2 99993,2 32019   0.9950  94.9584 0006086 107.8390 255.0675  0.99139742000001,2025-10-07T18:21:30.267Z,system.exo,EXO,REAL,2,OPS1,"{'NORAD_ID': 32019, 'classification': 'U', 'COSPAR_ID': '07036B', 'BC': 0.0, 'n_ddot': 0.0, 'B_star': 0.0, 'ephemeris_type': 2, 'elset_num': 9999, 'inclination': 0.995, 'RAAN': 94.9584, 'eccentricity': 0.0006086, 'perigee': 107.839, 'mean_anomaly': 255.0675, 'mean_motion': 0.99139742, 'rev_num': 0, 'line1': '1 32019U 07036B   25280.73551753 +.00000000 +00000+0 +00000+0 2 99993', 'line2': '2 32019   0.9950  94.9584 0006086 107.8390 255.0675  0.99139742000001', 'epoch': datetime.datetime(2025, 10, 7, 17, 39, 8, 714592)}"
19d17646-5563-4249-8d0c-f81ec1732359,U//PR-EXO-ELSETS,37393,2025-10-07T04:37:42.051930Z,1.002676776065944,37393,False,0.0002924350714996693,0.003706904562307608,203.309167396548,10.80486903442019,283.9152360412021,0.0,0.0,0.0,42165.88550419758,1436.15573270772,42178.21628793985,42153.55472045531,37393,1 37393U 11016B   25280.19284782 +.00000000 +00000+0 +00000+0 2 99991,2 37393   0.0037 203.3092 0002924  10.8049 283.9152  1.00267677000001,2025-10-07T05:18:28.402Z,system.exo,EXO,REAL,2,OPS1,"{'NORAD_ID': 37393, 'classification': 'U', 'COSPAR_ID': '11016B', 'BC': 0.0, 'n_ddot': 0.0, 'B_star': 0.0, 'ephemeris_type': 2, 'elset_num': 9999, 'inclination': 0.0037, 'RAAN': 203.3092, 'eccentricity': 0.0002924, 'perigee': 10.8049, 'mean_anomaly': 283.9152, 'mean_motion': 1.00267677, 'rev_num': 0, 'line1': '1 37393U 11016B   25280.19284782 +.00000000 +00000+0 +00000+0 2 99991', 'line2': '2 37393   0.0037 203.3092 0002924  10.8049 283.9152  1.00267677000001', 'epoch': datetime.datetime(2025, 10, 7, 4, 37, 42, 51648)}"
f5da233d-7732-46d1-b739-8c691df4adbb,U//PR-EXO-ELSETS,32405,2025-10-07T18:40:15.083380Z,2.251482956432625,32405,False,0.7136796100781349,5.768649284915888,73.4097989612929,155.9791248718243,277.3921189665275,0.0,0.0,0.0,24589.86172727884,639.5784591155051,42139.14465667845,7040.578797879226,32405,1 32405U 08001B   25280.77795235 +.00000000 +00000+0 +00000+0 2 99994,2 32405   5.7686  73.4098 7136796 155.9791 277.3921  2.25148295000004,2025-10-07T21:39:38.103Z,system.exo,EXO,REAL,2,OPS1,"{'NORAD_ID': 32405, 'classification': 'U', 'COSPAR_ID': '08001B', 'BC': 0.0, 'n_ddot': 0.0, 'B_star': 0.0, 'ephemeris_type': 2, 'elset_num': 9999, 'inclination': 5.7686, 'RAAN': 73.4098, 'eccentricity': 0.7136796, 'perigee': 155.9791, 'mean_anomaly': 277.3921, 'mean_motion': 2.25148295, 'rev_num': 0, 'line1': '1 32405U 08001B   25280.77795235 +.00000000 +00000+0 +00000+0 2 99994', 'line2': '2 32405   5.7686  73.4098 7136796 155.9791 277.3921  2.25148295000004', 'epoch': datetime.datetime(2025, 10, 7, 18, 40, 15, 83040)}"
fe377434-7393-42b9-855b-5fa6e69b3492,U//PR-EXO-ELSETS,40277,2025-10-07T19:02:27.047187Z,1.002681261093245,40277,False,0.0001370602287101398,0.007093921898163735,231.3347132773012,326.1023183134436,157.8763238365684,0.0,0.0,0.0,42165.75976447951,1436.1493087344,42171.53901315657,42159.98051580245,40277,1 40277U 14064A   25280.79336860 +.00000000 +00000+0 +00000+0 2 99993,2 40277   0.0071 231.3347 0001370 326.1023 157.8763  1.00268126000004,2025-10-07T19:33:28.485Z,system.exo,EXO,REAL,2,OPS1,"{'NORAD_ID': 40277, 'classification': 'U', 'COSPAR_ID': '14064A', 'BC': 0.0, 'n_ddot': 0.0, 'B_star': 0.0, 'ephemeris_type': 2, 'elset_num': 9999, 'inclination': 0.0071, 'RAAN': 231.3347, 'eccentricity': 0.000137, 'perigee': 326.1023, 'mean_anomaly': 157.8763, 'mean_motion': 1.00268126, 'rev_num': 0, 'line1': '1 40277U 14064A   25280.79336860 +.00000000 +00000+0 +00000+0 2 99993', 'line2': '2 40277   0.0071 231.3347 0001370 326.1023 157.8763  1.00268126000004', 'epoch': datetime.datetime(2025, 10, 7, 19, 2, 27, 47040)}"
c42d78a6-ac0c-4c0e-aafc-eb15e2a3fd54,U//PR-EXO-ELSETS,39034,2025-10-07T19:09:48.437189Z,1.002648987644742,39034,False,0.0004364239757123879,0.08133918129385859,10.33907565993702,198.855917730948,147.7262587480856,0.0,0.0,0.0,42166.66458573649,1436.195535770311,42185.06712913753,42148.26204233545,39034,1 39034U 12075A   25280.79847728 +.00000000 +00000+0 +00000+0 2 99992,2 39034   0.0813  10.3391 0004364 198.8559 147.7263  1.00264898000000,2025-10-07T19:30:30.278Z,system.exo,EXO,REAL,2,OPS1,"{'NORAD_ID': 39034, 'classification': 'U', 'COSPAR_ID': '12075A', 'BC': 0.0, 'n_ddot': 0.0, 'B_star': 0.0, 'ephemeris_type': 2, 'elset_num': 9999, 'inclination': 0.0813, 'RAAN': 10.3391, 'eccentricity': 0.0004364, 'perigee': 198.8559, 'mean_anomaly': 147.7263, 'mean_motion': 1.00264898, 'rev_num': 0, 'line1': '1 39034U 12075A   25280.79847728 +.00000000 +00000+0 +00000+0 2 99992', 'line2': '2 39034   0.0813  10.3391 0004364 198.8559 147.7263  1.00264898000000', 'epoch': datetime.datetime(2025, 10, 7, 19, 9, 48, 436992)}"
d654d090-4bd3-4c59-adf6-27c56cb7ad28,U//PR-EXO-ELSETS,59069,2025-10-07T20:44:03.633713Z,1.002691385630564,59069,False,0.000162379400591197,0.05640475329966586,299.2489039110214,327.7015979563255,94.44806041883197,0.0,0.0,0.0,42165.47592205772,1436.134807415768,42172.32272676358,42158.62911735185,59069,1 59069U 24040A   25280.86393095 +.00000000 +00000+0 +00000+0 2 99998,2 59069   0.0564 299.2489 0001623 327.7016  94.4481  1.00269138000007,2025-10-07T21:03:29.137Z,system.exo,EXO,REAL,2,OPS1,"{'NORAD_ID': 59069, 'classification': 'U', 'COSPAR_ID': '24040A', 'BC': 0.0, 'n_ddot': 0.0, 'B_star': 0.0, 'ephemeris_type': 2, 'elset_num': 9999, 'inclination': 0.0564, 'RAAN': 299.2489, 'eccentricity': 0.0001623, 'perigee': 327.7016, 'mean_anomaly': 94.4481, 'mean_motion': 1.00269138, 'rev_num': 0, 'line1': '1 59069U 24040A   25280.86393095 +.00000000 +00000+0 +00000+0 2 99998', 'line2': '2 59069   0.0564 299.2489 0001623 327.7016  94.4481  1.00269138000007', 'epoch': datetime.datetime(2025, 10, 7, 20, 44, 3, 634080)}"
5919e4e1-3c2c-4ee9-b9d4-6ee7051e9d05,U//PR-EXO-ELSETS,20367,2025-10-07T17:57:43.227336Z,1.003284350005216,20367,False,0.0004084631936779505,12.78000328320064,335.5724412944939,261.3529143893532,111.6444552957107,0.0,0.0,0.0,42148.86043409262,1435.286018358119,42166.07669223542,42131.64417594982,20367,1 20367U 89098A   25280.74841698 +.00000000 +00000+0 +00000+0 2 99995,2 20367  12.7800 335.5724 0004084 261.3529 111.6445  1.00328435000009,2025-10-07T21:06:29.761Z,system.exo,EXO,REAL,2,OPS1,"{'NORAD_ID': 20367, 'classification': 'U', 'COSPAR_ID': '89098A', 'BC': 0.0, 'n_ddot': 0.0, 'B_star': 0.0, 'ephemeris_type': 2, 'elset_num': 9999, 'inclination': 12.78, 'RAAN': 335.5724, 'eccentricity': 0.0004084, 'perigee': 261.3529, 'mean_anomaly': 111.6445, 'mean_motion': 1.00328435, 'rev_num': 0, 'line1': '1 20367U 89098A   25280.74841698 +.00000000 +00000+0 +00000+0 2 99995', 'line2': '2 20367  12.7800 335.5724 0004084 261.3529 111.6445  1.00328435000009', 'epoch': datetime.datetime(2025, 10, 7, 17, 57, 43, 227072)}"
3fa613fb-f5a1-42c3-a329-896c65306bda,U//PR-EXO-ELSETS,41911,2025-10-07T20:52:49.156350Z,1.002665619631254,41911,False,0.0002033375376191889,0.1741926833764439,89.63478145187673,155.7285509654765,151.0882179234669,0.0,0.0,0.0,42166.19828382965,1436.171712489337,42174.77225475944,42157.62431289985,41911,1 41911U 17001A   25280.87001338 +.00000000 +00000+0 +00000+0 2 99991,2 41911   0.1742  89.6348 0002033 155.7286 151.0882  1.00266561000004,2025-10-07T21:39:38.124Z,system.exo,EXO,REAL,2,OPS1,"{'NORAD_ID': 41911, 'classification': 'U', 'COSPAR_ID': '17001A', 'BC': 0.0, 'n_ddot': 0.0, 'B_star': 0.0, 'ephemeris_type': 2, 'elset_num': 9999, 'inclination': 0.1742, 'RAAN': 89.6348, 'eccentricity': 0.0002033, 'perigee': 155.7286, 'mean_anomaly': 151.0882, 'mean_motion': 1.00266561, 'rev_num': 0, 'line1': '1 41911U 17001A   25280.87001338 +.00000000 +00000+0 +00000+0 2 99991', 'line2': '2 41911   0.1742  89.6348 0002033 155.7286 151.0882  1.00266561000004', 'epoch': datetime.datetime(2025, 10, 7, 20, 52, 49, 156032)}"
9fbc0574-7e8d-4a5d-9556-edd1f4327437,U//PR-EXO-ELSETS,37238,2025-10-07T20:53:14.146599Z,1.002686640938433,37238,False,0.0003058597592262368,0.01574924974475082,220.7754376833942,354.909341735601,180.4075896914099,0.0,0.0,0.0,42165.60893938397,1436.141603175523,42178.5057023818,42152.71217638614,37238,1 37238U 10065B   25280.87030262 +.00000000 +00000+0 +00000+0 2 99999,2 37238   0.0157 220.7754 0003058 354.9093 180.4076  1.00268664000003,2025-10-07T21:36:29.807Z,system.exo,EXO,REAL,2,OPS1,"{'NORAD_ID': 37238, 'classification': 'U', 'COSPAR_ID': '10065B', 'BC': 0.0, 'n_ddot': 0.0, 'B_star': 0.0, 'ephemeris_type': 2, 'elset_num': 9999, 'inclination': 0.0157, 'RAAN': 220.7754, 'eccentricity': 0.0003058, 'perigee': 354.9093, 'mean_anomaly': 180.4076, 'mean_motion': 1.00268664, 'rev_num': 0, 'line1': '1 37238U 10065B   25280.87030262 +.00000000 +00000+0 +00000+0 2 99999', 'line2': '2 37238   0.0157 220.7754 0003058 354.9093 180.4076  1.00268664000003', 'epoch': datetime.datetime(2025, 10, 7, 20, 53, 14, 146368)}"
d707aa1f-c4b0-4d8d-8fe3-b3737a4fc77b,U//PR-EXO-ELSETS,40746,2025-10-07T18:38:06.059417Z,1.00267910797469,40746,False,5.234142124632755e-05,0.003461546151364796,220.1322842275958,30.2471073819245,220.8472372074246,0.0,0.0,0.0,42165.82012799064,1436.152392671923,42168.02714694415,42163.61310903712,40746,1 40746U 15036A   25280.77645902 +.00000000 +00000+0 +00000+0 2 99992,2 40746   0.0035 220.1323 0000523  30.2471 220.8472  1.00267910000002,2025-10-07T21:15:29.014Z,system.exo,EXO,REAL,2,OPS1,"{'NORAD_ID': 40746, 'classification': 'U', 'COSPAR_ID': '15036A', 'BC': 0.0, 'n_ddot': 0.0, 'B_star': 0.0, 'ephemeris_type': 2, 'elset_num': 9999, 'inclination': 0.0035, 'RAAN': 220.1323, 'eccentricity': 5.23e-05, 'perigee': 30.2471, 'mean_anomaly': 220.8472, 'mean_motion': 1.0026791, 'rev_num': 0, 'line1': '1 40746U 15036A   25280.77645902 +.00000000 +00000+0 +00000+0 2 99992', 'line2': '2 40746   0.0035 220.1323 0000523  30.2471 220.8472  1.00267910000002', 'epoch': datetime.datetime(2025, 10, 7, 18, 38, 6, 59328)}"
09c81f92-68a8-4a7d-85eb-61cc8ec22bf8,U//PR-EXO-ELSETS,16769,2025-10-07T18:28:39.830020Z,1.003177951588444,16769,False,0.0005279911190713282,10.45521186210115,322.7191621686653,287.0515227124317,93.25202630824688,0.0,0.0,0.0,42151.84062502304,1435.438246743648,42174.09642252557,42129.58482752052,16769,1 16769U 86044A   25280.76990544 +.00000000 +00000+0 +00000+0 2 99991,2 16769  10.4552 322.7192 0005279 287.0515  93.2520  1.00317795000009,2025-10-07T19:12:29.729Z,system.exo,EXO,REAL,2,OPS1,"{'NORAD_ID': 16769, 'classification': 'U', 'COSPAR_ID': '86044A', 'BC': 0.0, 'n_ddot': 0.0, 'B_star': 0.0, 'ephemeris_type': 2, 'elset_num': 9999, 'inclination': 10.4552, 'RAAN': 322.7192, 'eccentricity': 0.0005279, 'perigee': 287.0515, 'mean_anomaly': 93.252, 'mean_motion': 1.00317795, 'rev_num': 0, 'line1': '1 16769U 86044A   25280.76990544 +.00000000 +00000+0 +00000+0 2 99991', 'line2': '2 16769  10.4552 322.7192 0005279 287.0515  93.2520  1.00317795000009', 'epoch': datetime.datetime(2025, 10, 7, 18, 28, 39, 830016)}"
97c91e1f-ae70-4df9-bf1d-99331f023de0,U//PR-EXO-ELSETS,44307,2025-10-07T19:07:49.153990Z,1.002681594392249,44307,False,0.0002477375943852817,0.001476970419401388,187.1452010616025,10.59447192918439,154.9244638047294,0.0,0.0,0.0,42165.75042033236,1436.148831347424,42176.19646190694,42155.30437875778,44307,1 44307U 19031A   25280.79709669 +.00000000 +00000+0 +00000+0 2 99991,2 44307   0.0015 187.1452 0002477  10.5945 154.9245  1.00268159000000,2025-10-07T19:45:29.894Z,system.exo,EXO,REAL,2,OPS1,"{'NORAD_ID': 44307, 'classification': 'U', 'COSPAR_ID': '19031A', 'BC': 0.0, 'n_ddot': 0.0, 'B_star': 0.0, 'ephemeris_type': 2, 'elset_num': 9999, 'inclination': 0.0015, 'RAAN': 187.1452, 'eccentricity': 0.0002477, 'perigee': 10.5945, 'mean_anomaly': 154.9245, 'mean_motion': 1.00268159, 'rev_num': 0, 'line1': '1 44307U 19031A   25280.79709669 +.00000000 +00000+0 +00000+0 2 99991', 'line2': '2 44307   0.0015 187.1452 0002477  10.5945 154.9245  1.00268159000000', 'epoch': datetime.datetime(2025, 10, 7, 19, 7, 49, 154016)}"
d457315e-c43b-40f5-9434-03d410261ffa,U//PR-EXO-ELSETS,14333,2025-10-07T16:57:42.556864Z,0.9761288754129152,14333,False,0.001426074898486946,10.31643909593227,315.0728630868664,147.8732779644548,349.8677037101762,0.0,0.0,0.0,42926.98853567203,1475.215042061799,42988.20563649038,42865.77143485367,14333,1 14333U 83088F   25280.70674256 +.00000000 +00000+0 +00000+0 2 99994,2 14333  10.3164 315.0729 0014260 147.8733 349.8677  0.97612887000006,2025-10-07T17:18:29.544Z,system.exo,EXO,REAL,2,OPS1,"{'NORAD_ID': 14333, 'classification': 'U', 'COSPAR_ID': '83088F', 'BC': 0.0, 'n_ddot': 0.0, 'B_star': 0.0, 'ephemeris_type': 2, 'elset_num': 9999, 'inclination': 10.3164, 'RAAN': 315.0729, 'eccentricity': 0.001426, 'perigee': 147.8733, 'mean_anomaly': 349.8677, 'mean_motion': 0.97612887, 'rev_num': 0, 'line1': '1 14333U 83088F   25280.70674256 +.00000000 +00000+0 +00000+0 2 99994', 'line2': '2 14333  10.3164 315.0729 0014260 147.8733 349.8677  0.97612887000006', 'epoch': datetime.datetime(2025, 10, 7, 16, 57, 42, 557184)}"
1f9ee2ad-2487-4fff-b840-888882eceba5,U//PR-EXO-ELSETS,32294,2025-10-07T20:19:32.574462Z,1.002693186540161,32294,False,0.0004031213434999683,4.604873061083115,76.50925626243026,123.7151153582998,146.5022296058104,0.0,0.0,0.0,42165.42543387652,1436.132228013623,42182.42321682668,42148.42765092637,32294,1 32294U 07056B   25280.84690480 +.00000000 +00000+0 +00000+0 2 99993,2 32294   4.6049  76.5093 0004031 123.7151 146.5022  1.00269318000003,2025-10-07T20:54:27.664Z,system.exo,EXO,REAL,2,OPS1,"{'NORAD_ID': 32294, 'classification': 'U', 'COSPAR_ID': '07056B', 'BC': 0.0, 'n_ddot': 0.0, 'B_star': 0.0, 'ephemeris_type': 2, 'elset_num': 9999, 'inclination': 4.6049, 'RAAN': 76.5093, 'eccentricity': 0.0004031, 'perigee': 123.7151, 'mean_anomaly': 146.5022, 'mean_motion': 1.00269318, 'rev_num': 0, 'line1': '1 32294U 07056B   25280.84690480 +.00000000 +00000+0 +00000+0 2 99993', 'line2': '2 32294   4.6049  76.5093 0004031 123.7151 146.5022  1.00269318000003', 'epoch': datetime.datetime(2025, 10, 7, 20, 19, 32, 574720)}"
5068ceb5-3e9a-4a62-8217-fda9dc028e79,U//PR-EXO-ELSETS,39215,2025-10-07T20:40:19.103207Z,1.002674388135648,39215,False,0.0004300310810169907,2.957338062277281,3.323306694336754,208.2150987324965,140.1866030357288,0.0,0.0,0.0,42165.95245125881,1436.159153000314,42184.08512137354,42147.81978114408,39215,1 39215U 13038A   25280.86133221 +.00000000 +00000+0 +00000+0 2 99997,2 39215   2.9573   3.3233 0004300 208.2151 140.1866  1.00267438000005,2025-10-07T22:00:28.126Z,system.exo,EXO,REAL,2,OPS1,"{'NORAD_ID': 39215, 'classification': 'U', 'COSPAR_ID': '13038A', 'BC': 0.0, 'n_ddot': 0.0, 'B_star': 0.0, 'ephemeris_type': 2, 'elset_num': 9999, 'inclination': 2.9573, 'RAAN': 3.3233, 'eccentricity': 0.00043, 'perigee': 208.2151, 'mean_anomaly': 140.1866, 'mean_motion': 1.00267438, 'rev_num': 0, 'line1': '1 39215U 13038A   25280.86133221 +.00000000 +00000+0 +00000+0 2 99997', 'line2': '2 39215   2.9573   3.3233 0004300 208.2151 140.1866  1.00267438000005', 'epoch': datetime.datetime(2025, 10, 7, 20, 40, 19, 102944)}"
43ba4708-06fc-42ba-ad95-bd747ee4f818,U//PR-EXO-ELSETS,44067,2025-10-07T20:23:39.679298Z,1.002672184382674,44067,False,0.0005992708709638667,0.06132479156189961,56.69525132005331,17.29616861410182,19.16181731828423,0.0,0.0,0.0,42166.01423503389,1436.162309505554,42191.28309910959,42140.74537095818,44067,1 44067U 19012A   25280.84976481 +.00000000 +00000+0 +00000+0 2 99997,2 44067   0.0613  56.6953 0005992  17.2962  19.1618  1.00267218000002,2025-10-07T20:48:29.241Z,system.exo,EXO,REAL,2,OPS1,"{'NORAD_ID': 44067, 'classification': 'U', 'COSPAR_ID': '19012A', 'BC': 0.0, 'n_ddot': 0.0, 'B_star': 0.0, 'ephemeris_type': 2, 'elset_num': 9999, 'inclination': 0.0613, 'RAAN': 56.6953, 'eccentricity': 0.0005992, 'perigee': 17.2962, 'mean_anomaly': 19.1618, 'mean_motion': 1.00267218, 'rev_num': 0, 'line1': '1 44067U 19012A   25280.84976481 +.00000000 +00000+0 +00000+0 2 99997', 'line2': '2 44067   0.0613  56.6953 0005992  17.2962  19.1618  1.00267218000002', 'epoch': datetime.datetime(2025, 10, 7, 20, 23, 39, 679584)}"
d1660d55-121a-4bc3-8f8d-4f6a3ed61fe4,U//PR-EXO-ELSETS,36411,2025-10-07T03:19:59.150003Z,1.002687790538558,36411,False,0.0005846335663539389,0.6366988711879393,85.53648180130922,144.4969016144581,257.391831935994,0.0,0.0,0.0,42165.57671027665,1436.139956612571,42190.22812176616,42140.92529878715,36411,1 36411U 10008A   25280.13887905 +.00000000 +00000+0 +00000+0 2 99991,2 36411   0.6367  85.5365 0005846 144.4969 257.3918  1.00268779000006,2025-10-07T04:24:30.390Z,system.exo,EXO,REAL,2,OPS1,"{'NORAD_ID': 36411, 'classification': 'U', 'COSPAR_ID': '10008A', 'BC': 0.0, 'n_ddot': 0.0, 'B_star': 0.0, 'ephemeris_type': 2, 'elset_num': 9999, 'inclination': 0.6367, 'RAAN': 85.5365, 'eccentricity': 0.0005846, 'perigee': 144.4969, 'mean_anomaly': 257.3918, 'mean_motion': 1.00268779, 'rev_num': 0, 'line1': '1 36411U 10008A   25280.13887905 +.00000000 +00000+0 +00000+0 2 99991', 'line2': '2 36411   0.6367  85.5365 0005846 144.4969 257.3918  1.00268779000006', 'epoch': datetime.datetime(2025, 10, 7, 3, 19, 59, 149920)}"
a2c85646-8aa1-4b0a-b279-1fbfd5d535e0,U//PR-EXO-ELSETS,29640,2025-10-07T17:20:17.478986Z,0.9819092381647282,29640,False,0.0007922342365499474,10.49318004363707,42.93881418891555,38.41517052444553,0.9619779737005567,0.0,0.0,0.0,42758.35267829832,1466.530656836962,42792.22730918854,42724.47804740809,29640,1 29640U 06053A   25280.72242453 +.00000000 +00000+0 +00000+0 2 99990,2 29640  10.4932  42.9388 0007922  38.4152   0.9620  0.98190923000007,2025-10-07T18:57:28.750Z,system.exo,EXO,REAL,2,OPS1,"{'NORAD_ID': 29640, 'classification': 'U', 'COSPAR_ID': '06053A', 'BC': 0.0, 'n_ddot': 0.0, 'B_star': 0.0, 'ephemeris_type': 2, 'elset_num': 9999, 'inclination': 10.4932, 'RAAN': 42.9388, 'eccentricity': 0.0007922, 'perigee': 38.4152, 'mean_anomaly': 0.962, 'mean_motion': 0.98190923, 'rev_num': 0, 'line1': '1 29640U 06053A   25280.72242453 +.00000000 +00000+0 +00000+0 2 99990', 'line2': '2 29640  10.4932  42.9388 0007922  38.4152   0.9620  0.98190923000007', 'epoch': datetime.datetime(2025, 10, 7, 17, 20, 17, 479392)}"
f47c4a79-38d1-4aee-a063-2e901d24f535,U//PR-EXO-ELSETS,43432,2025-10-07T20:56:41.047911Z,1.002705913209421,43432,False,4.798217323775522e-05,0.02049463573148154,125.1843774963792,134.9860751793647,198.8623125707474,0.0,0.0,0.0,42165.06864826813,1436.114000156741,42167.0918198966,42163.04547663967,43432,1 43432U 18037A   25280.87269731 +.00000000 +00000+0 +00000+0 2 99994,2 43432   0.0205 125.1844 0000479 134.9861 198.8623  1.00270591000004,2025-10-07T21:27:29.020Z,system.exo,EXO,REAL,2,OPS1,"{'NORAD_ID': 43432, 'classification': 'U', 'COSPAR_ID': '18037A', 'BC': 0.0, 'n_ddot': 0.0, 'B_star': 0.0, 'ephemeris_type': 2, 'elset_num': 9999, 'inclination': 0.0205, 'RAAN': 125.1844, 'eccentricity': 4.79e-05, 'perigee': 134.9861, 'mean_anomaly': 198.8623, 'mean_motion': 1.00270591, 'rev_num': 0, 'line1': '1 43432U 18037A   25280.87269731 +.00000000 +00000+0 +00000+0 2 99994', 'line2': '2 43432   0.0205 125.1844 0000479 134.9861 198.8623  1.00270591000004', 'epoch': datetime.datetime(2025, 10, 7, 20, 56, 41, 47584)}"
a32b10f3-846f-4642-b68a-d25fba07cd4d,U//PR-EXO-ELSETS,29272,2025-10-07T20:56:58.756284Z,1.002674815465441,29272,False,0.0002651924328053605,0.009894952333100733,251.1238520195638,318.9825872731236,248.9221893859542,0.0,0.0,0.0,42165.94047079168,1436.158540923912,42177.12255912666,42154.7583824567,29272,1 29272U 06033A   25280.87290227 +.00000000 +00000+0 +00000+0 2 99997,2 29272   0.0099 251.1239 0002651 318.9826 248.9222  1.00267481000004,2025-10-07T22:21:31.325Z,system.exo,EXO,REAL,2,OPS1,"{'NORAD_ID': 29272, 'classification': 'U', 'COSPAR_ID': '06033A', 'BC': 0.0, 'n_ddot': 0.0, 'B_star': 0.0, 'ephemeris_type': 2, 'elset_num': 9999, 'inclination': 0.0099, 'RAAN': 251.1239, 'eccentricity': 0.0002651, 'perigee': 318.9826, 'mean_anomaly': 248.9222, 'mean_motion': 1.00267481, 'rev_num': 0, 'line1': '1 29272U 06033A   25280.87290227 +.00000000 +00000+0 +00000+0 2 99997', 'line2': '2 29272   0.0099 251.1239 0002651 318.9826 248.9222  1.00267481000004', 'epoch': datetime.datetime(2025, 10, 7, 20, 56, 58, 756128)}"
6b8e7a1d-d50b-46a5-9c30-61ed50431f58,U//PR-EXO-ELSETS,42738,2025-10-07T18:36:42.517042Z,1.002523829170313,42738,False,0.07463152207250909,39.82443699868907,246.8482197582281,270.6689528117069,278.2972684412723,0.0,0.0,0.0,42170.17399898159,1436.374835291189,45317.39827058814,39022.94972737505,42738,1 42738U 17028A   25280.77549210 +.00000000 +00000+0 +00000+0 2 99993,2 42738  39.8244 246.8482 0746315 270.6690 278.2973  1.00252382000007,2025-10-07T19:00:30.569Z,system.exo,EXO,REAL,2,OPS1,"{'NORAD_ID': 42738, 'classification': 'U', 'COSPAR_ID': '17028A', 'BC': 0.0, 'n_ddot': 0.0, 'B_star': 0.0, 'ephemeris_type': 2, 'elset_num': 9999, 'inclination': 39.8244, 'RAAN': 246.8482, 'eccentricity': 0.0746315, 'perigee': 270.669, 'mean_anomaly': 278.2973, 'mean_motion': 1.00252382, 'rev_num': 0, 'line1': '1 42738U 17028A   25280.77549210 +.00000000 +00000+0 +00000+0 2 99993', 'line2': '2 42738  39.8244 246.8482 0746315 270.6690 278.2973  1.00252382000007', 'epoch': datetime.datetime(2025, 10, 7, 18, 36, 42, 517440)}"
a6857cea-b4ce-4ce0-af7c-3f4719dc40ee,U//PR-EXO-ELSETS,45246,2025-10-07T20:56:58.756284Z,1.002644587711099,45246,False,0.0001259230966243685,0.03274524119723736,52.62946666749011,95.66993955987138,310.9832344483365,0.0,0.0,0.0,42166.78794642528,1436.201838267859,42172.0977189382,42161.47817391236,45246,1 45246U 20013B   25280.87290227 +.00000000 +00000+0 +00000+0 2 99990,2 45246   0.0327  52.6295 0001259  95.6699 310.9832  1.00264458000001,2025-10-07T22:54:28.373Z,system.exo,EXO,REAL,2,OPS1,"{'NORAD_ID': 45246, 'classification': 'U', 'COSPAR_ID': '20013B', 'BC': 0.0, 'n_ddot': 0.0, 'B_star': 0.0, 'ephemeris_type': 2, 'elset_num': 9999, 'inclination': 0.0327, 'RAAN': 52.6295, 'eccentricity': 0.0001259, 'perigee': 95.6699, 'mean_anomaly': 310.9832, 'mean_motion': 1.00264458, 'rev_num': 0, 'line1': '1 45246U 20013B   25280.87290227 +.00000000 +00000+0 +00000+0 2 99990', 'line2': '2 45246   0.0327  52.6295 0001259  95.6699 310.9832  1.00264458000001', 'epoch': datetime.datetime(2025, 10, 7, 20, 56, 58, 756128)}"
76320ca1-fade-4a91-81ee-37b17f46bfd3,U//PR-EXO-ELSETS,41034,2025-10-07T20:26:57.523326Z,1.002674890888414,41034,False,0.0002452174304699472,0.03606081265273403,44.06199579370517,88.23650899344449,319.7201364276609,0.0,0.0,0.0,42165.93835626072,1436.158432893534,42176.27817931779,42155.59853320364,41034,1 41034U 15067A   25280.85205467 +.00000000 +00000+0 +00000+0 2 99994,2 41034   0.0361  44.0620 0002452  88.2365 319.7201  1.00267489000005,2025-10-07T21:39:38.118Z,system.exo,EXO,REAL,2,OPS1,"{'NORAD_ID': 41034, 'classification': 'U', 'COSPAR_ID': '15067A', 'BC': 0.0, 'n_ddot': 0.0, 'B_star': 0.0, 'ephemeris_type': 2, 'elset_num': 9999, 'inclination': 0.0361, 'RAAN': 44.062, 'eccentricity': 0.0002452, 'perigee': 88.2365, 'mean_anomaly': 319.7201, 'mean_motion': 1.00267489, 'rev_num': 0, 'line1': '1 41034U 15067A   25280.85205467 +.00000000 +00000+0 +00000+0 2 99994', 'line2': '2 41034   0.0361  44.0620 0002452  88.2365 319.7201  1.00267489000005', 'epoch': datetime.datetime(2025, 10, 7, 20, 26, 57, 523488)}"
88bb2e20-04e8-411e-b11a-886c5433263d,U//PR-EXO-ELSETS,43823,2025-10-07T19:14:34.562372Z,1.002657939297799,43823,False,0.0002089282931217074,0.04403004914822778,331.0737463396975,270.4979482969927,192.0394016043662,0.0,0.0,0.0,42166.41361153495,1436.182713526897,42175.22336835787,42157.60385471203,43823,1 43823U 18100A   25280.80178892 +.00000000 +00000+0 +00000+0 2 99999,2 43823   0.0440 331.0737 0002089 270.4979 192.0394  1.00265793000002,2025-10-07T20:30:29.798Z,system.exo,EXO,REAL,2,OPS1,"{'NORAD_ID': 43823, 'classification': 'U', 'COSPAR_ID': '18100A', 'BC': 0.0, 'n_ddot': 0.0, 'B_star': 0.0, 'ephemeris_type': 2, 'elset_num': 9999, 'inclination': 0.044, 'RAAN': 331.0737, 'eccentricity': 0.0002089, 'perigee': 270.4979, 'mean_anomaly': 192.0394, 'mean_motion': 1.00265793, 'rev_num': 0, 'line1': '1 43823U 18100A   25280.80178892 +.00000000 +00000+0 +00000+0 2 99999', 'line2': '2 43823   0.0440 331.0737 0002089 270.4979 192.0394  1.00265793000002', 'epoch': datetime.datetime(2025, 10, 7, 19, 14, 34, 562688)}"
7d86b185-afb3-476e-b6b6-85acceb43fc1,U//PR-EXO-ELSETS,22907,2025-10-07T16:59:53.572046Z,1.001594160432946,22907,False,0.0009006472878593727,14.10398478223239,349.195355172993,345.0213111673222,117.3960002912392,0.0,0.0,0.0,42196.26455983129,1437.708062692329,42234.2685110649,42158.26060859768,22907,1 22907U 93072A   25280.70825894 +.00000000 +00000+0 +00000+0 2 99990,2 22907  14.1040 349.1954 0009006 345.0213 117.3960  1.00159416000004,2025-10-07T17:36:29.952Z,system.exo,EXO,REAL,2,OPS1,"{'NORAD_ID': 22907, 'classification': 'U', 'COSPAR_ID': '93072A', 'BC': 0.0, 'n_ddot': 0.0, 'B_star': 0.0, 'ephemeris_type': 2, 'elset_num': 9999, 'inclination': 14.104, 'RAAN': 349.1954, 'eccentricity': 0.0009006, 'perigee': 345.0213, 'mean_anomaly': 117.396, 'mean_motion': 1.00159416, 'rev_num': 0, 'line1': '1 22907U 93072A   25280.70825894 +.00000000 +00000+0 +00000+0 2 99990', 'line2': '2 22907  14.1040 349.1954 0009006 345.0213 117.3960  1.00159416000004', 'epoch': datetime.datetime(2025, 10, 7, 16, 59, 53, 572416)}"
eb2b589d-f6a5-4b46-ab98-947251bc2a98,U//PR-EXO-ELSETS,15383,2025-10-07T16:59:27.809924Z,0.9890010014638583,15383,False,0.002228885871863401,13.77369943593878,343.4058248742122,19.12729277475124,358.074140204867,0.0,0.0,0.0,42553.70464122786,1456.014703593425,42648.55199229813,42458.85729015758,15383,1 15383U 84113B   25280.70796076 +.00000000 +00000+0 +00000+0 2 99995,2 15383  13.7737 343.4058 0022288  19.1273 358.0741  0.98900100000007,2025-10-07T17:45:28.917Z,system.exo,EXO,REAL,2,OPS1,"{'NORAD_ID': 15383, 'classification': 'U', 'COSPAR_ID': '84113B', 'BC': 0.0, 'n_ddot': 0.0, 'B_star': 0.0, 'ephemeris_type': 2, 'elset_num': 9999, 'inclination': 13.7737, 'RAAN': 343.4058, 'eccentricity': 0.0022288, 'perigee': 19.1273, 'mean_anomaly': 358.0741, 'mean_motion': 0.989001, 'rev_num': 0, 'line1': '1 15383U 84113B   25280.70796076 +.00000000 +00000+0 +00000+0 2 99995', 'line2': '2 15383  13.7737 343.4058 0022288  19.1273 358.0741  0.98900100000007', 'epoch': datetime.datetime(2025, 10, 7, 16, 59, 27, 809664)}"
da00d39c-b969-418a-a561-bce8325d1b0f,U//PR-EXO-ELSETS,28234,2025-10-07T18:12:33.249465Z,0.9923524030827509,28234,False,0.0005252943414213861,12.66835566935428,25.14216666266114,255.797623419935,187.5237514505548,0.0,0.0,0.0,42457.84155295078,1451.097408064543,42480.14441686752,42435.53868903405,28234,1 28234U 04015A   25280.75871817 +.00000000 +00000+0 +00000+0 2 99999,2 28234  12.6684  25.1422 0005252 255.7976 187.5238  0.99235240000007,2025-10-07T22:00:28.121Z,system.exo,EXO,REAL,2,OPS1,"{'NORAD_ID': 28234, 'classification': 'U', 'COSPAR_ID': '04015A', 'BC': 0.0, 'n_ddot': 0.0, 'B_star': 0.0, 'ephemeris_type': 2, 'elset_num': 9999, 'inclination': 12.6684, 'RAAN': 25.1422, 'eccentricity': 0.0005252, 'perigee': 255.7976, 'mean_anomaly': 187.5238, 'mean_motion': 0.9923524, 'rev_num': 0, 'line1': '1 28234U 04015A   25280.75871817 +.00000000 +00000+0 +00000+0 2 99999', 'line2': '2 28234  12.6684  25.1422 0005252 255.7976 187.5238  0.99235240000007', 'epoch': datetime.datetime(2025, 10, 7, 18, 12, 33, 249888)}"
3e9de299-5627-41ff-88da-e818c6ea6ff8,U//PR-EXO-ELSETS,39375,2025-10-07T20:44:59.824275Z,1.002684753403371,39375,False,0.0002566981604570081,5.316816862694315,75.4114282809324,297.2322814685899,350.3747379471521,0.0,0.0,0.0,42165.66185667428,1436.144306684895,42176.48570450734,42154.83800884122,39375,1 39375U 13062A   25280.86458130 +.00000000 +00000+0 +00000+0 2 99990,2 39375   5.3168  75.4114 0002566 297.2323 350.3747  1.00268475000003,2025-10-07T21:03:29.125Z,system.exo,EXO,REAL,2,OPS1,"{'NORAD_ID': 39375, 'classification': 'U', 'COSPAR_ID': '13062A', 'BC': 0.0, 'n_ddot': 0.0, 'B_star': 0.0, 'ephemeris_type': 2, 'elset_num': 9999, 'inclination': 5.3168, 'RAAN': 75.4114, 'eccentricity': 0.0002566, 'perigee': 297.2323, 'mean_anomaly': 350.3747, 'mean_motion': 1.00268475, 'rev_num': 0, 'line1': '1 39375U 13062A   25280.86458130 +.00000000 +00000+0 +00000+0 2 99990', 'line2': '2 39375   5.3168  75.4114 0002566 297.2323 350.3747  1.00268475000003', 'epoch': datetime.datetime(2025, 10, 7, 20, 44, 59, 824320)}"
e0a8adab-3656-45e1-9e03-25e228279b53,U//PR-EXO-ELSETS,43698,2025-10-07T18:05:00.206861Z,1.002667563799162,43698,False,0.0002516179658978314,0.04710905210496223,88.02220311383418,124.6482384791066,130.2587386540669,0.0,0.0,0.0,42166.14377709917,1436.16892775883,42176.75353642611,42155.53401777222,43698,1 43698U 18089A   25280.75347462 +.00000000 +00000+0 +00000+0 2 99990,2 43698   0.0471  88.0222 0002516 124.6482 130.2587  1.00266756000006,2025-10-07T19:03:29.915Z,system.exo,EXO,REAL,2,OPS1,"{'NORAD_ID': 43698, 'classification': 'U', 'COSPAR_ID': '18089A', 'BC': 0.0, 'n_ddot': 0.0, 'B_star': 0.0, 'ephemeris_type': 2, 'elset_num': 9999, 'inclination': 0.0471, 'RAAN': 88.0222, 'eccentricity': 0.0002516, 'perigee': 124.6482, 'mean_anomaly': 130.2587, 'mean_motion': 1.00266756, 'rev_num': 0, 'line1': '1 43698U 18089A   25280.75347462 +.00000000 +00000+0 +00000+0 2 99990', 'line2': '2 43698   0.0471  88.0222 0002516 124.6482 130.2587  1.00266756000006', 'epoch': datetime.datetime(2025, 10, 7, 18, 5, 0, 207168)}"
3df28b88-b0e5-4c51-a67c-c9d7ecc29505,U//PR-EXO-ELSETS,40332,2025-10-07T03:01:05.104736Z,1.002673209678296,40332,False,0.0004664657431412194,0.06926056841605589,88.12595177857749,31.75918025351153,356.4995138762582,0.0,0.0,0.0,42165.98549011698,1436.160840940409,42185.65447787391,42146.31650236005,40332,1 40332U 14078A   25280.12575353 +.00000000 +00000+0 +00000+0 2 99999,2 40332   0.0693  88.1260 0004664  31.7592 356.4995  1.00267320000006,2025-10-07T04:21:33.604Z,system.exo,EXO,REAL,2,OPS1,"{'NORAD_ID': 40332, 'classification': 'U', 'COSPAR_ID': '14078A', 'BC': 0.0, 'n_ddot': 0.0, 'B_star': 0.0, 'ephemeris_type': 2, 'elset_num': 9999, 'inclination': 0.0693, 'RAAN': 88.126, 'eccentricity': 0.0004664, 'perigee': 31.7592, 'mean_anomaly': 356.4995, 'mean_motion': 1.0026732, 'rev_num': 0, 'line1': '1 40332U 14078A   25280.12575353 +.00000000 +00000+0 +00000+0 2 99999', 'line2': '2 40332   0.0693  88.1260 0004664  31.7592 356.4995  1.00267320000006', 'epoch': datetime.datetime(2025, 10, 7, 3, 1, 5, 104992)}"
61698cc1-95fc-4caa-a986-c39e728513ed,U//PR-EXO-ELSETS,39022,2025-10-07T18:47:45.518273Z,1.002681063043662,39022,False,0.0003992862916909067,0.6116275406213966,87.52602453554282,117.8570451701273,148.1554036312122,0.0,0.0,0.0,42165.76531686709,1436.149592402639,42182.60152893677,42148.92910479741,39022,1 39022U 12070A   25280.78316572 +.00000000 +00000+0 +00000+0 2 99991,2 39022   0.6116  87.5260 0003992 117.8570 148.1554  1.00268106000004,2025-10-07T19:39:28.737Z,system.exo,EXO,REAL,2,OPS1,"{'NORAD_ID': 39022, 'classification': 'U', 'COSPAR_ID': '12070A', 'BC': 0.0, 'n_ddot': 0.0, 'B_star': 0.0, 'ephemeris_type': 2, 'elset_num': 9999, 'inclination': 0.6116, 'RAAN': 87.526, 'eccentricity': 0.0003992, 'perigee': 117.857, 'mean_anomaly': 148.1554, 'mean_motion': 1.00268106, 'rev_num': 0, 'line1': '1 39022U 12070A   25280.78316572 +.00000000 +00000+0 +00000+0 2 99991', 'line2': '2 39022   0.6116  87.5260 0003992 117.8570 148.1554  1.00268106000004', 'epoch': datetime.datetime(2025, 10, 7, 18, 47, 45, 518208)}"
652e6b3a-d9cf-4aa6-8a7d-5bccfac3077a,U//PR-EXO-ELSETS,37605,2025-10-07T18:57:05.178565Z,1.002667218523288,37605,False,0.0007567938789048612,1.472899120475021,84.96385388630064,159.854970437293,111.2329725639677,0.0,0.0,0.0,42166.15345724762,1436.169422314223,42198.06454408103,42134.24237041422,37605,1 37605U 11022A   25280.78964327 +.00000000 +00000+0 +00000+0 2 99999,2 37605   1.4729  84.9639 0007567 159.8550 111.2330  1.00266721000009,2025-10-07T19:15:29.295Z,system.exo,EXO,REAL,2,OPS1,"{'NORAD_ID': 37605, 'classification': 'U', 'COSPAR_ID': '11022A', 'BC': 0.0, 'n_ddot': 0.0, 'B_star': 0.0, 'ephemeris_type': 2, 'elset_num': 9999, 'inclination': 1.4729, 'RAAN': 84.9639, 'eccentricity': 0.0007567, 'perigee': 159.855, 'mean_anomaly': 111.233, 'mean_motion': 1.00266721, 'rev_num': 0, 'line1': '1 37605U 11022A   25280.78964327 +.00000000 +00000+0 +00000+0 2 99999', 'line2': '2 37605   1.4729  84.9639 0007567 159.8550 111.2330  1.00266721000009', 'epoch': datetime.datetime(2025, 10, 7, 18, 57, 5, 178528)}"
2b2c3f63-1a69-4385-b060-4a4c8ae14273,U//PR-EXO-ELSETS,12994,2025-10-07T16:59:55.968975Z,0.994582005310611,12994,False,0.004957804223497757,11.60905469537873,328.70687484009,258.8616645562178,97.94267250642186,0.0,0.0,0.0,42394.36463384412,1447.844413342551,42604.54759387829,42184.18167380994,12994,1 12994U 81119A   25280.70828668 +.00000000 +00000+0 +00000+0 2 99996,2 12994  11.6091 328.7069 0049578 258.8617  97.9427  0.99458200000005,2025-10-07T17:30:29.077Z,system.exo,EXO,REAL,2,OPS1,"{'NORAD_ID': 12994, 'classification': 'U', 'COSPAR_ID': '81119A', 'BC': 0.0, 'n_ddot': 0.0, 'B_star': 0.0, 'ephemeris_type': 2, 'elset_num': 9999, 'inclination': 11.6091, 'RAAN': 328.7069, 'eccentricity': 0.0049578, 'perigee': 258.8617, 'mean_anomaly': 97.9427, 'mean_motion': 0.994582, 'rev_num': 0, 'line1': '1 12994U 81119A   25280.70828668 +.00000000 +00000+0 +00000+0 2 99996', 'line2': '2 12994  11.6091 328.7069 0049578 258.8617  97.9427  0.99458200000005', 'epoch': datetime.datetime(2025, 10, 7, 16, 59, 55, 969152)}"
fc2146d1-2586-4a6e-b426-f0dc28900dd6,U//PR-EXO-ELSETS,62483,2025-10-07T18:28:37.431803Z,1.002670188771531,62483,False,2.160035059925879e-05,0.04312113484307403,36.94778089670805,210.3120624930312,90.87700498949143,0.0,0.0,0.0,42166.0701836006,1436.165167894623,42166.98098549996,42165.15938170125,62483,1 62483U 25001A   25280.76987768 +.00000000 +00000+0 +00000+0 2 99995,2 62483   0.0431  36.9478 0000216 210.3121  90.8770  1.00267018000005,2025-10-07T19:15:29.308Z,system.exo,EXO,REAL,2,OPS1,"{'NORAD_ID': 62483, 'classification': 'U', 'COSPAR_ID': '25001A', 'BC': 0.0, 'n_ddot': 0.0, 'B_star': 0.0, 'ephemeris_type': 2, 'elset_num': 9999, 'inclination': 0.0431, 'RAAN': 36.9478, 'eccentricity': 2.16e-05, 'perigee': 210.3121, 'mean_anomaly': 90.877, 'mean_motion': 1.00267018, 'rev_num': 0, 'line1': '1 62483U 25001A   25280.76987768 +.00000000 +00000+0 +00000+0 2 99995', 'line2': '2 62483   0.0431  36.9478 0000216 210.3121  90.8770  1.00267018000005', 'epoch': datetime.datetime(2025, 10, 7, 18, 28, 37, 431552)}"
ab9ca749-f38f-490f-b07d-f876d3d7e67f,U//PR-EXO-ELSETS,42907,2025-10-07T19:21:37.671081Z,1.002693471456053,42907,False,6.91336375456291e-05,0.03453384349214506,93.01411084358048,216.5397751890529,42.58280050967456,0.0,0.0,0.0,42165.41744632383,1436.131819935873,42168.33249501052,42162.50239763714,42907,1 42907U 17046A   25280.80668601 +.00000000 +00000+0 +00000+0 2 99991,2 42907   0.0345  93.0141 0000691 216.5398  42.5828  1.00269347000005,2025-10-07T20:39:28.382Z,system.exo,EXO,REAL,2,OPS1,"{'NORAD_ID': 42907, 'classification': 'U', 'COSPAR_ID': '17046A', 'BC': 0.0, 'n_ddot': 0.0, 'B_star': 0.0, 'ephemeris_type': 2, 'elset_num': 9999, 'inclination': 0.0345, 'RAAN': 93.0141, 'eccentricity': 6.91e-05, 'perigee': 216.5398, 'mean_anomaly': 42.5828, 'mean_motion': 1.00269347, 'rev_num': 0, 'line1': '1 42907U 17046A   25280.80668601 +.00000000 +00000+0 +00000+0 2 99991', 'line2': '2 42907   0.0345  93.0141 0000691 216.5398  42.5828  1.00269347000005', 'epoch': datetime.datetime(2025, 10, 7, 19, 21, 37, 671264)}"
87865cd6-4747-48bf-bcec-b0853359d39a,U//PR-EXO-ELSETS,49333,2025-10-07T16:59:53.566896Z,1.002679512643939,49333,False,0.0001461551597569051,0.00791291630054508,249.55274086881,299.5856217055124,127.9699837770514,0.0,0.0,0.0,42165.80878291529,1436.151813058294,42171.97153343423,42159.64603239634,49333,1 49333U 21095B   25280.70825888 +.00000000 +00000+0 +00000+0 2 99991,2 49333   0.0079 249.5527 0001461 299.5856 127.9700  1.00267951000007,2025-10-07T18:15:29.033Z,system.exo,EXO,REAL,2,OPS1,"{'NORAD_ID': 49333, 'classification': 'U', 'COSPAR_ID': '21095B', 'BC': 0.0, 'n_ddot': 0.0, 'B_star': 0.0, 'ephemeris_type': 2, 'elset_num': 9999, 'inclination': 0.0079, 'RAAN': 249.5527, 'eccentricity': 0.0001461, 'perigee': 299.5856, 'mean_anomaly': 127.97, 'mean_motion': 1.00267951, 'rev_num': 0, 'line1': '1 49333U 21095B   25280.70825888 +.00000000 +00000+0 +00000+0 2 99991', 'line2': '2 49333   0.0079 249.5527 0001461 299.5856 127.9700  1.00267951000007', 'epoch': datetime.datetime(2025, 10, 7, 16, 59, 53, 567232)}"
e14ba13c-842d-450a-8ec8-62554fd62bf5,U//PR-EXO-ELSETS,43632,2025-10-07T19:21:37.671081Z,1.002674014991948,43632,False,0.0001557475500228074,0.004426846407670018,244.940522830084,319.0807651224422,148.2162913053705,0.0,0.0,0.0,42165.96291259075,1436.159687464888,42172.53015800875,42159.39566717276,43632,1 43632U 18074A   25280.80668601 +.00000000 +00000+0 +00000+0 2 99999,2 43632   0.0044 244.9405 0001557 319.0808 148.2163  1.00267401000009,2025-10-07T20:27:27.940Z,system.exo,EXO,REAL,2,OPS1,"{'NORAD_ID': 43632, 'classification': 'U', 'COSPAR_ID': '18074A', 'BC': 0.0, 'n_ddot': 0.0, 'B_star': 0.0, 'ephemeris_type': 2, 'elset_num': 9999, 'inclination': 0.0044, 'RAAN': 244.9405, 'eccentricity': 0.0001557, 'perigee': 319.0808, 'mean_anomaly': 148.2163, 'mean_motion': 1.00267401, 'rev_num': 0, 'line1': '1 43632U 18074A   25280.80668601 +.00000000 +00000+0 +00000+0 2 99999', 'line2': '2 43632   0.0044 244.9405 0001557 319.0808 148.2163  1.00267401000009', 'epoch': datetime.datetime(2025, 10, 7, 19, 21, 37, 671264)}"
aa3bd966-0203-4a03-be0f-522b28ac0b64,U//PR-EXO-ELSETS,15581,2025-10-07T17:50:52.310997Z,0.994037844102873,15581,False,0.002694753323465587,10.09811823559673,317.8978630025819,249.3968762663427,275.7499795774453,0.0,0.0,0.0,42409.83504711361,1448.636999630141,42524.11909105445,42295.55100317277,15581,1 15581U 85016F   25280.74366101 +.00000000 +00000+0 +00000+0 2 99994,2 15581  10.0981 317.8979 0026947 249.3969 275.7500  0.99403784000005,2025-10-07T22:00:28.117Z,system.exo,EXO,REAL,2,OPS1,"{'NORAD_ID': 15581, 'classification': 'U', 'COSPAR_ID': '85016F', 'BC': 0.0, 'n_ddot': 0.0, 'B_star': 0.0, 'ephemeris_type': 2, 'elset_num': 9999, 'inclination': 10.0981, 'RAAN': 317.8979, 'eccentricity': 0.0026947, 'perigee': 249.3969, 'mean_anomaly': 275.75, 'mean_motion': 0.99403784, 'rev_num': 0, 'line1': '1 15581U 85016F   25280.74366101 +.00000000 +00000+0 +00000+0 2 99994', 'line2': '2 15581  10.0981 317.8979 0026947 249.3969 275.7500  0.99403784000005', 'epoch': datetime.datetime(2025, 10, 7, 17, 50, 52, 311264)}"
01f5f83b-58a9-419e-97a1-ff9bce785499,U//PR-EXO-ELSETS,14943,2025-10-07T19:47:49.531073Z,0.9862419443690195,14943,False,0.001604040428582731,10.06075313214934,316.6165562652617,220.2329720749349,160.9579771976366,0.0,0.0,0.0,42633.03164403249,1460.087971538553,42701.41675038256,42564.64653768241,14943,1 14943U 84041D   25280.82487883 +.00000000 +00000+0 +00000+0 2 99992,2 14943  10.0608 316.6166 0016040 220.2330 160.9580  0.98624194000002,2025-10-07T22:06:28.924Z,system.exo,EXO,REAL,2,OPS1,"{'NORAD_ID': 14943, 'classification': 'U', 'COSPAR_ID': '84041D', 'BC': 0.0, 'n_ddot': 0.0, 'B_star': 0.0, 'ephemeris_type': 2, 'elset_num': 9999, 'inclination': 10.0608, 'RAAN': 316.6166, 'eccentricity': 0.001604, 'perigee': 220.233, 'mean_anomaly': 160.958, 'mean_motion': 0.98624194, 'rev_num': 0, 'line1': '1 14943U 84041D   25280.82487883 +.00000000 +00000+0 +00000+0 2 99992', 'line2': '2 14943  10.0608 316.6166 0016040 220.2330 160.9580  0.98624194000002', 'epoch': datetime.datetime(2025, 10, 7, 19, 47, 49, 530912)}"
418e15f1-c2a6-43f3-90df-e1c8384a9780,U//PR-EXO-ELSETS,15963,2025-10-07T17:21:20.465046Z,0.9779875742109678,15963,False,0.001158770772795773,11.20832021635469,322.6902173474018,188.0366521877461,213.4577467992716,0.0,0.0,0.0,42872.58182071077,1472.411345473157,42922.2613154789,42822.90232594263,15963,1 15963U 85070F   25280.72315353 +.00000000 +00000+0 +00000+0 2 99999,2 15963  11.2083 322.6902 0011587 188.0367 213.4577  0.97798757000008,2025-10-07T20:15:28.349Z,system.exo,EXO,REAL,2,OPS1,"{'NORAD_ID': 15963, 'classification': 'U', 'COSPAR_ID': '85070F', 'BC': 0.0, 'n_ddot': 0.0, 'B_star': 0.0, 'ephemeris_type': 2, 'elset_num': 9999, 'inclination': 11.2083, 'RAAN': 322.6902, 'eccentricity': 0.0011587, 'perigee': 188.0367, 'mean_anomaly': 213.4577, 'mean_motion': 0.97798757, 'rev_num': 0, 'line1': '1 15963U 85070F   25280.72315353 +.00000000 +00000+0 +00000+0 2 99999', 'line2': '2 15963  11.2083 322.6902 0011587 188.0367 213.4577  0.97798757000008', 'epoch': datetime.datetime(2025, 10, 7, 17, 21, 20, 464992)}"
7f8047f5-5cae-43cc-9668-3b7bcbbd4c3c,U//PR-EXO-ELSETS,40505,2025-10-07T20:35:32.360686Z,1.002667067741805,40505,False,0.0003175263845583294,0.04428258901839079,31.43843585485844,183.1892450386084,151.0086558348331,0.0,0.0,0.0,42166.15768455643,1436.169638285967,42179.54655215672,42152.76881695614,40505,1 40505U 15012A   25280.85801343 +.00000000 +00000+0 +00000+0 2 99991,2 40505   0.0443  31.4384 0003175 183.1892 151.0087  1.00266706000008,2025-10-07T21:12:27.954Z,system.exo,EXO,REAL,2,OPS1,"{'NORAD_ID': 40505, 'classification': 'U', 'COSPAR_ID': '15012A', 'BC': 0.0, 'n_ddot': 0.0, 'B_star': 0.0, 'ephemeris_type': 2, 'elset_num': 9999, 'inclination': 0.0443, 'RAAN': 31.4384, 'eccentricity': 0.0003175, 'perigee': 183.1892, 'mean_anomaly': 151.0087, 'mean_motion': 1.00266706, 'rev_num': 0, 'line1': '1 40505U 15012A   25280.85801343 +.00000000 +00000+0 +00000+0 2 99991', 'line2': '2 40505   0.0443  31.4384 0003175 183.1892 151.0087  1.00266706000008', 'epoch': datetime.datetime(2025, 10, 7, 20, 35, 32, 360352)}"
d1f694e8-e032-4161-bdde-8e165dc4ba01,U//PR-EXO-ELSETS,17972,2025-10-07T17:49:34.634975Z,1.030098981399011,17972,False,0.001797572751520122,8.181884250596658,310.0284487265152,311.6392421566775,181.8066390671011,0.0,0.0,0.0,41414.19499242556,1397.923914111913,41488.64002087008,41339.74996398103,17972,1 17972U 87040D   25280.74276198 +.00000000 +00000+0 +00000+0 2 99995,2 17972   8.1819 310.0284 0017975 311.6392 181.8066  1.03009898000005,2025-10-07T19:39:28.727Z,system.exo,EXO,REAL,2,OPS1,"{'NORAD_ID': 17972, 'classification': 'U', 'COSPAR_ID': '87040D', 'BC': 0.0, 'n_ddot': 0.0, 'B_star': 0.0, 'ephemeris_type': 2, 'elset_num': 9999, 'inclination': 8.1819, 'RAAN': 310.0284, 'eccentricity': 0.0017975, 'perigee': 311.6392, 'mean_anomaly': 181.8066, 'mean_motion': 1.03009898, 'rev_num': 0, 'line1': '1 17972U 87040D   25280.74276198 +.00000000 +00000+0 +00000+0 2 99995', 'line2': '2 17972   8.1819 310.0284 0017975 311.6392 181.8066  1.03009898000005', 'epoch': datetime.datetime(2025, 10, 7, 17, 49, 34, 635072)}"
f710805a-e8cb-44d3-be88-5f30e0014118,U//PR-EXO-ELSETS,10024,2025-10-07T20:27:06.131929Z,0.9944135013496028,10024,False,0.001496126928485216,9.395035812836195,312.7757153814924,264.9044588798621,234.8703719531312,0.0,0.0,0.0,42399.15366551778,1448.089751442085,42462.58818106174,42335.71914997381,10024,1 10024U 77041A   25280.85215430 +.00000000 +00000+0 +00000+0 2 99990,2 10024   9.3950 312.7757 0014961 264.9045 234.8704  0.99441350000001,2025-10-07T22:12:29.916Z,system.exo,EXO,REAL,2,OPS1,"{'NORAD_ID': 10024, 'classification': 'U', 'COSPAR_ID': '77041A', 'BC': 0.0, 'n_ddot': 0.0, 'B_star': 0.0, 'ephemeris_type': 2, 'elset_num': 9999, 'inclination': 9.395, 'RAAN': 312.7757, 'eccentricity': 0.0014961, 'perigee': 264.9045, 'mean_anomaly': 234.8704, 'mean_motion': 0.9944135, 'rev_num': 0, 'line1': '1 10024U 77041A   25280.85215430 +.00000000 +00000+0 +00000+0 2 99990', 'line2': '2 10024   9.3950 312.7757 0014961 264.9045 234.8704  0.99441350000001', 'epoch': datetime.datetime(2025, 10, 7, 20, 27, 6, 131520)}"
d49b2e74-2264-4c01-b350-bdf08dafca9e,U//PR-EXO-ELSETS,15057,2025-10-07T20:27:06.131929Z,1.002597485065417,15057,False,0.0005036146885411566,9.218988313546916,313.4214691546414,232.9589474669485,266.1999552785634,0.0,0.0,0.0,42168.10861714986,1436.26931191239,42189.34509603745,42146.87213826226,15057,1 15057U 84063A   25280.85215430 +.00000000 +00000+0 +00000+0 2 99993,2 15057   9.2190 313.4215 0005036 232.9589 266.2000  1.00259748000004,2025-10-07T22:21:31.317Z,system.exo,EXO,REAL,2,OPS1,"{'NORAD_ID': 15057, 'classification': 'U', 'COSPAR_ID': '84063A', 'BC': 0.0, 'n_ddot': 0.0, 'B_star': 0.0, 'ephemeris_type': 2, 'elset_num': 9999, 'inclination': 9.219, 'RAAN': 313.4215, 'eccentricity': 0.0005036, 'perigee': 232.9589, 'mean_anomaly': 266.2, 'mean_motion': 1.00259748, 'rev_num': 0, 'line1': '1 15057U 84063A   25280.85215430 +.00000000 +00000+0 +00000+0 2 99993', 'line2': '2 15057   9.2190 313.4215 0005036 232.9589 266.2000  1.00259748000004', 'epoch': datetime.datetime(2025, 10, 7, 20, 27, 6, 131520)}"
2ad25407-976f-4a2a-9509-dfc90de76338,U//PR-EXO-ELSETS,3334,2025-10-07T17:03:13.363962Z,0.992453053733615,3334,False,0.09118828203409443,6.570260061394466,285.0984093848487,224.6432692962834,211.8384102869155,0.0,0.0,0.0,42454.97090054339,1450.950243523067,46326.36676077141,38583.57504031537,3334,1 03334U 68063A   25280.71057134 +.00000000 +00000+0 +00000+0 2 99990,2 03334   6.5703 285.0984 0911882 224.6433 211.8384  0.99245305000009,2025-10-07T19:18:29.120Z,system.exo,EXO,REAL,2,OPS1,"{'NORAD_ID': 3334, 'classification': 'U', 'COSPAR_ID': '68063A', 'BC': 0.0, 'n_ddot': 0.0, 'B_star': 0.0, 'ephemeris_type': 2, 'elset_num': 9999, 'inclination': 6.5703, 'RAAN': 285.0984, 'eccentricity': 0.0911882, 'perigee': 224.6433, 'mean_anomaly': 211.8384, 'mean_motion': 0.99245305, 'rev_num': 0, 'line1': '1 03334U 68063A   25280.71057134 +.00000000 +00000+0 +00000+0 2 99990', 'line2': '2 03334   6.5703 285.0984 0911882 224.6433 211.8384  0.99245305000009', 'epoch': datetime.datetime(2025, 10, 7, 17, 3, 13, 363776)}"
9efa2ac3-9fde-4cb2-b0ce-fa0aa7bf8e36,U//PR-EXO-ELSETS,63662,2025-10-07T20:58:00.677976Z,1.002673621028772,63662,False,0.0001035921338144028,5.096448879298633,282.6282235796534,342.0080711330049,87.05090414921213,0.0,0.0,0.0,42165.97395761758,1436.160251750234,42170.34202083421,42161.60589440095,63662,1 63662U 25084A   25280.87361896 +.00000000 +00000+0 +00000+0 2 99996,2 63662   5.0964 282.6282 0001035 342.0081  87.0509  1.00267362000002,2025-10-07T21:24:29.313Z,system.exo,EXO,REAL,2,OPS1,"{'NORAD_ID': 63662, 'classification': 'U', 'COSPAR_ID': '25084A', 'BC': 0.0, 'n_ddot': 0.0, 'B_star': 0.0, 'ephemeris_type': 2, 'elset_num': 9999, 'inclination': 5.0964, 'RAAN': 282.6282, 'eccentricity': 0.0001035, 'perigee': 342.0081, 'mean_anomaly': 87.0509, 'mean_motion': 1.00267362, 'rev_num': 0, 'line1': '1 63662U 25084A   25280.87361896 +.00000000 +00000+0 +00000+0 2 99996', 'line2': '2 63662   5.0964 282.6282 0001035 342.0081  87.0509  1.00267362000002', 'epoch': datetime.datetime(2025, 10, 7, 20, 58, 0, 678144)}"
6557af7f-8aaa-429a-91db-629f58b4b47e,U//PR-EXO-ELSETS,14005,2025-10-07T17:03:56.814179Z,0.9766866352567894,14005,False,0.0005480789518206313,7.880778554934169,295.0853155896056,271.6546425108803,253.0846126915023,0.0,0.0,0.0,42910.64400304379,1474.372585861582,42934.16242383092,42887.12558225665,14005,1 14005U 79062D   25280.71107424 +.00000000 +00000+0 +00000+0 2 99996,2 14005   7.8808 295.0853 0005480 271.6546 253.0846  0.97668663000002,2025-10-07T17:39:29.842Z,system.exo,EXO,REAL,2,OPS1,"{'NORAD_ID': 14005, 'classification': 'U', 'COSPAR_ID': '79062D', 'BC': 0.0, 'n_ddot': 0.0, 'B_star': 0.0, 'ephemeris_type': 2, 'elset_num': 9999, 'inclination': 7.8808, 'RAAN': 295.0853, 'eccentricity': 0.000548, 'perigee': 271.6546, 'mean_anomaly': 253.0846, 'mean_motion': 0.97668663, 'rev_num': 0, 'line1': '1 14005U 79062D   25280.71107424 +.00000000 +00000+0 +00000+0 2 99996', 'line2': '2 14005   7.8808 295.0853 0005480 271.6546 253.0846  0.97668663000002', 'epoch': datetime.datetime(2025, 10, 7, 17, 3, 56, 814336)}"
01bcda0d-9b95-4572-891e-ed328f41db96,U//PR-EXO-ELSETS,42917,2025-10-07T20:42:32.390756Z,1.002674027951507,42917,False,0.0002356033833623617,0.06123382723273222,149.947563011777,54.09154061139345,250.4136764931667,0.0,0.0,0.0,42165.96254926079,1436.159668902528,42175.89699270012,42156.02810582145,42917,1 42917U 17048A   25280.86287489 +.00000000 +00000+0 +00000+0 2 99991,2 42917   0.0612 149.9476 0002356  54.0915 250.4137  1.00267402000008,2025-10-07T21:57:29.834Z,system.exo,EXO,REAL,2,OPS1,"{'NORAD_ID': 42917, 'classification': 'U', 'COSPAR_ID': '17048A', 'BC': 0.0, 'n_ddot': 0.0, 'B_star': 0.0, 'ephemeris_type': 2, 'elset_num': 9999, 'inclination': 0.0612, 'RAAN': 149.9476, 'eccentricity': 0.0002356, 'perigee': 54.0915, 'mean_anomaly': 250.4137, 'mean_motion': 1.00267402, 'rev_num': 0, 'line1': '1 42917U 17048A   25280.86287489 +.00000000 +00000+0 +00000+0 2 99991', 'line2': '2 42917   0.0612 149.9476 0002356  54.0915 250.4137  1.00267402000008', 'epoch': datetime.datetime(2025, 10, 7, 20, 42, 32, 390496)}"
b4952e39-45e5-44bc-9942-e652d83b58ae,U//PR-EXO-ELSETS,62485,2025-10-07T20:55:23.645796Z,1.002808411168135,62485,False,0.005600561662164138,4.541984345496618,62.66243952454744,167.2713875806144,228.5102886884345,0.0,0.0,0.0,42162.19544600685,1435.967213640138,42398.32742141443,41926.06347059927,62485,1 62485U 25002A   25280.87180146 +.00000000 +00000+0 +00000+0 2 99995,2 62485   4.5420  62.6624 0056005 167.2714 228.5103  1.00280841000007,2025-10-07T21:21:29.549Z,system.exo,EXO,REAL,2,OPS1,"{'NORAD_ID': 62485, 'classification': 'U', 'COSPAR_ID': '25002A', 'BC': 0.0, 'n_ddot': 0.0, 'B_star': 0.0, 'ephemeris_type': 2, 'elset_num': 9999, 'inclination': 4.542, 'RAAN': 62.6624, 'eccentricity': 0.0056005, 'perigee': 167.2714, 'mean_anomaly': 228.5103, 'mean_motion': 1.00280841, 'rev_num': 0, 'line1': '1 62485U 25002A   25280.87180146 +.00000000 +00000+0 +00000+0 2 99995', 'line2': '2 62485   4.5420  62.6624 0056005 167.2714 228.5103  1.00280841000007', 'epoch': datetime.datetime(2025, 10, 7, 20, 55, 23, 646144)}"
af8ac07a-7cec-4b7c-a96a-eac518bb702a,U//PR-EXO-ELSETS,26356,2025-10-07T17:04:46.308338Z,1.002791228054125,26356,False,0.0002719345565181384,12.97956549568581,13.60272974526832,224.0772303493557,230.2185779857807,0.0,0.0,0.0,42162.67708546943,1435.99181934834,42174.14257436428,42151.21159657458,26356,1 26356U 00024A   25280.71164709 +.00000000 +00000+0 +00000+0 2 99999,2 26356  12.9796  13.6027 0002719 224.0772 230.2186  1.00279122000006,2025-10-07T17:45:28.921Z,system.exo,EXO,REAL,2,OPS1,"{'NORAD_ID': 26356, 'classification': 'U', 'COSPAR_ID': '00024A', 'BC': 0.0, 'n_ddot': 0.0, 'B_star': 0.0, 'ephemeris_type': 2, 'elset_num': 9999, 'inclination': 12.9796, 'RAAN': 13.6027, 'eccentricity': 0.0002719, 'perigee': 224.0772, 'mean_anomaly': 230.2186, 'mean_motion': 1.00279122, 'rev_num': 0, 'line1': '1 26356U 00024A   25280.71164709 +.00000000 +00000+0 +00000+0 2 99999', 'line2': '2 26356  12.9796  13.6027 0002719 224.0772 230.2186  1.00279122000006', 'epoch': datetime.datetime(2025, 10, 7, 17, 4, 46, 308576)}"
df1465b0-d2fa-41f0-a1e4-80702cef41f6,U//PR-EXO-ELSETS,25460,2025-10-07T17:50:29.851010Z,0.9874411232246249,25460,False,0.0005131605707185134,10.53705834165885,47.52014703086758,300.0759761074009,63.51077350951174,0.0,0.0,0.0,42598.5080777685,1458.314795820415,42620.36795248545,42576.64820305155,25460,1 25460U 98049A   25280.74340105 +.00000000 +00000+0 +00000+0 2 99997,2 25460  10.5371  47.5201 0005131 300.0760  63.5108  0.98744112000000,2025-10-07T20:36:32.078Z,system.exo,EXO,REAL,2,OPS1,"{'NORAD_ID': 25460, 'classification': 'U', 'COSPAR_ID': '98049A', 'BC': 0.0, 'n_ddot': 0.0, 'B_star': 0.0, 'ephemeris_type': 2, 'elset_num': 9999, 'inclination': 10.5371, 'RAAN': 47.5201, 'eccentricity': 0.0005131, 'perigee': 300.076, 'mean_anomaly': 63.5108, 'mean_motion': 0.98744112, 'rev_num': 0, 'line1': '1 25460U 98049A   25280.74340105 +.00000000 +00000+0 +00000+0 2 99997', 'line2': '2 25460  10.5371  47.5201 0005131 300.0760  63.5108  0.98744112000000', 'epoch': datetime.datetime(2025, 10, 7, 17, 50, 29, 850720)}"
25cc392a-5846-43fb-8fd9-2052511da596,U//PR-EXO-ELSETS,55263,2025-10-07T20:29:41.906904Z,1.002676860687229,55263,False,0.0001236332594593306,0.04452787821308905,30.62858918605267,220.2242256679805,97.14204460685907,0.0,0.0,0.0,42165.88313179386,1436.155611502825,42171.09623736343,42160.6700262243,55263,1 55263U 23008A   25280.85395726 +.00000000 +00000+0 +00000+0 2 99995,2 55263   0.0445  30.6286 0001236 220.2242  97.1420  1.00267686000006,2025-10-07T21:12:27.966Z,system.exo,EXO,REAL,2,OPS1,"{'NORAD_ID': 55263, 'classification': 'U', 'COSPAR_ID': '23008A', 'BC': 0.0, 'n_ddot': 0.0, 'B_star': 0.0, 'ephemeris_type': 2, 'elset_num': 9999, 'inclination': 0.0445, 'RAAN': 30.6286, 'eccentricity': 0.0001236, 'perigee': 220.2242, 'mean_anomaly': 97.142, 'mean_motion': 1.00267686, 'rev_num': 0, 'line1': '1 55263U 23008A   25280.85395726 +.00000000 +00000+0 +00000+0 2 99995', 'line2': '2 55263   0.0445  30.6286 0001236 220.2242  97.1420  1.00267686000006', 'epoch': datetime.datetime(2025, 10, 7, 20, 29, 41, 907264)}"
65dc71a0-6cbc-4ff1-871c-23ca92db028d,U//PR-EXO-ELSETS,39020,2025-10-07T20:39:50.578879Z,1.002667883303797,39020,False,0.0004341070684878164,0.065893664998415,12.74977826907645,189.0243988741013,195.4519166138112,0.0,0.0,0.0,42166.13481947767,1436.168470117135,42184.43943665361,42147.83020230172,39020,1 39020U 12069A   25280.86100207 +.00000000 +00000+0 +00000+0 2 99992,2 39020   0.0659  12.7498 0004341 189.0244 195.4519  1.00266788000009,2025-10-07T21:06:29.781Z,system.exo,EXO,REAL,2,OPS1,"{'NORAD_ID': 39020, 'classification': 'U', 'COSPAR_ID': '12069A', 'BC': 0.0, 'n_ddot': 0.0, 'B_star': 0.0, 'ephemeris_type': 2, 'elset_num': 9999, 'inclination': 0.0659, 'RAAN': 12.7498, 'eccentricity': 0.0004341, 'perigee': 189.0244, 'mean_anomaly': 195.4519, 'mean_motion': 1.00266788, 'rev_num': 0, 'line1': '1 39020U 12069A   25280.86100207 +.00000000 +00000+0 +00000+0 2 99992', 'line2': '2 39020   0.0659  12.7498 0004341 189.0244 195.4519  1.00266788000009', 'epoch': datetime.datetime(2025, 10, 7, 20, 39, 50, 578848)}"
ecc7207a-1568-42d7-b494-73db5ed0e0d3,U//PR-EXO-ELSETS,43867,2025-10-07T21:10:21.285023Z,1.002694901752118,43867,False,2.303485369369145e-05,0.02110421266141657,128.1122295881673,92.34906605747868,183.928455626662,0.0,0.0,0.0,42165.37734835393,1436.129771362886,42166.34862165209,42164.40607505578,43867,1 43867U 18107A   25280.88219080 +.00000000 +00000+0 +00000+0 2 99997,2 43867   0.0211 128.1122 0000230  92.3491 183.9285  1.00269490000001,2025-10-07T22:06:28.937Z,system.exo,EXO,REAL,2,OPS1,"{'NORAD_ID': 43867, 'classification': 'U', 'COSPAR_ID': '18107A', 'BC': 0.0, 'n_ddot': 0.0, 'B_star': 0.0, 'ephemeris_type': 2, 'elset_num': 9999, 'inclination': 0.0211, 'RAAN': 128.1122, 'eccentricity': 2.3e-05, 'perigee': 92.3491, 'mean_anomaly': 183.9285, 'mean_motion': 1.0026949, 'rev_num': 0, 'line1': '1 43867U 18107A   25280.88219080 +.00000000 +00000+0 +00000+0 2 99997', 'line2': '2 43867   0.0211 128.1122 0000230  92.3491 183.9285  1.00269490000001', 'epoch': datetime.datetime(2025, 10, 7, 21, 10, 21, 285120)}"
4a7fc9aa-f88d-4324-baf7-5e6e24ef9c99,U//PR-EXO-ELSETS,41748,2025-10-07T20:42:32.390756Z,1.002328957918765,41748,False,0.00243940998200318,0.915791215183487,88.14894031171701,179.7355886498575,185.8987647187566,0.0,0.0,0.0,42175.63959538932,1436.654093073411,42278.52327161568,42072.75591916296,41748,1 41748U 16053B   25280.86287489 +.00000000 +00000+0 +00000+0 2 99997,2 41748   0.9158  88.1489 0024394 179.7356 185.8988  1.00232895000004,2025-10-07T23:00:27.602Z,system.exo,EXO,REAL,2,OPS1,"{'NORAD_ID': 41748, 'classification': 'U', 'COSPAR_ID': '16053B', 'BC': 0.0, 'n_ddot': 0.0, 'B_star': 0.0, 'ephemeris_type': 2, 'elset_num': 9999, 'inclination': 0.9158, 'RAAN': 88.1489, 'eccentricity': 0.0024394, 'perigee': 179.7356, 'mean_anomaly': 185.8988, 'mean_motion': 1.00232895, 'rev_num': 0, 'line1': '1 41748U 16053B   25280.86287489 +.00000000 +00000+0 +00000+0 2 99997', 'line2': '2 41748   0.9158  88.1489 0024394 179.7356 185.8988  1.00232895000004', 'epoch': datetime.datetime(2025, 10, 7, 20, 42, 32, 390496)}"
072d848c-fed4-4e08-9655-bb76958d2940,U//PR-EXO-ELSETS,56759,2025-10-07T20:23:39.849886Z,1.002598324694205,56759,False,0.0007765406049009343,2.787097480381437,253.7968491668493,352.416067264254,205.8035382785392,0.0,0.0,0.0,42168.08507461246,1436.268109104615,42200.83030490381,42135.33984432111,56759,1 56759U 23076A   25280.84976678 +.00000000 +00000+0 +00000+0 2 99991,2 56759   2.7871 253.7968 0007765 352.4161 205.8035  1.00259832000009,2025-10-07T20:51:28.067Z,system.exo,EXO,REAL,2,OPS1,"{'NORAD_ID': 56759, 'classification': 'U', 'COSPAR_ID': '23076A', 'BC': 0.0, 'n_ddot': 0.0, 'B_star': 0.0, 'ephemeris_type': 2, 'elset_num': 9999, 'inclination': 2.7871, 'RAAN': 253.7968, 'eccentricity': 0.0007765, 'perigee': 352.4161, 'mean_anomaly': 205.8035, 'mean_motion': 1.00259832, 'rev_num': 0, 'line1': '1 56759U 23076A   25280.84976678 +.00000000 +00000+0 +00000+0 2 99991', 'line2': '2 56759   2.7871 253.7968 0007765 352.4161 205.8035  1.00259832000009', 'epoch': datetime.datetime(2025, 10, 7, 20, 23, 39, 849792)}"
153dab2b-9912-471e-9cb8-47ac7815d4a1,U//PR-EXO-ELSETS,25473,2025-10-07T17:07:54.415304Z,0.9820787837911503,25473,False,0.001156941924826945,9.865677549521354,54.46897971464605,167.7690878514266,245.6432905082124,0.0,0.0,0.0,42753.43134855251,1466.277475663532,42802.89458570986,42703.96811139515,25473,1 25473U 98052A   25280.71382425 +.00000000 +00000+0 +00000+0 2 99993,2 25473   9.8657  54.4690 0011569 167.7691 245.6433  0.98207878000001,2025-10-07T20:45:28.031Z,system.exo,EXO,REAL,2,OPS1,"{'NORAD_ID': 25473, 'classification': 'U', 'COSPAR_ID': '98052A', 'BC': 0.0, 'n_ddot': 0.0, 'B_star': 0.0, 'ephemeris_type': 2, 'elset_num': 9999, 'inclination': 9.8657, 'RAAN': 54.469, 'eccentricity': 0.0011569, 'perigee': 167.7691, 'mean_anomaly': 245.6433, 'mean_motion': 0.98207878, 'rev_num': 0, 'line1': '1 25473U 98052A   25280.71382425 +.00000000 +00000+0 +00000+0 2 99993', 'line2': '2 25473   9.8657  54.4690 0011569 167.7691 245.6433  0.98207878000001', 'epoch': datetime.datetime(2025, 10, 7, 17, 7, 54, 415200)}"
d7a35593-73fe-47ac-9ff5-a58469eef9c1,U//PR-EXO-ELSETS,20659,2025-10-07T18:26:43.928979Z,1.002529404052543,20659,False,0.0007744553942534418,12.9292188211996,337.8295132163421,231.2584676814196,138.1869715844075,0.0,0.0,0.0,42170.01766509879,1436.366847874049,42202.67646275528,42137.35886744229,20659,1 20659U 90054A   25280.76856399 +.00000000 +00000+0 +00000+0 2 99999,2 20659  12.9292 337.8295 0007744 231.2585 138.1870  1.00252940000005,2025-10-07T18:54:28.906Z,system.exo,EXO,REAL,2,OPS1,"{'NORAD_ID': 20659, 'classification': 'U', 'COSPAR_ID': '90054A', 'BC': 0.0, 'n_ddot': 0.0, 'B_star': 0.0, 'ephemeris_type': 2, 'elset_num': 9999, 'inclination': 12.9292, 'RAAN': 337.8295, 'eccentricity': 0.0007744, 'perigee': 231.2585, 'mean_anomaly': 138.187, 'mean_motion': 1.0025294, 'rev_num': 0, 'line1': '1 20659U 90054A   25280.76856399 +.00000000 +00000+0 +00000+0 2 99999', 'line2': '2 20659  12.9292 337.8295 0007744 231.2585 138.1870  1.00252940000005', 'epoch': datetime.datetime(2025, 10, 7, 18, 26, 43, 928736)}"
ce77a961-236a-40c7-b2dc-1f5813163824,U//PR-EXO-ELSETS,36358,2025-10-07T18:35:50.002219Z,0.9896023384036005,36358,False,0.0005533664390126964,2.956772196616701,82.00625070583857,217.7650757942436,50.18081006330618,0.0,0.0,0.0,42536.46424355153,1455.129948786266,42560.00249529817,42512.92599180488,36358,1 36358U 10002A   25280.77488428 +.00000000 +00000+0 +00000+0 2 99992,2 36358   2.9568  82.0063 0005533 217.7651  50.1808  0.98960233000003,2025-10-07T19:39:28.736Z,system.exo,EXO,REAL,2,OPS1,"{'NORAD_ID': 36358, 'classification': 'U', 'COSPAR_ID': '10002A', 'BC': 0.0, 'n_ddot': 0.0, 'B_star': 0.0, 'ephemeris_type': 2, 'elset_num': 9999, 'inclination': 2.9568, 'RAAN': 82.0063, 'eccentricity': 0.0005533, 'perigee': 217.7651, 'mean_anomaly': 50.1808, 'mean_motion': 0.98960233, 'rev_num': 0, 'line1': '1 36358U 10002A   25280.77488428 +.00000000 +00000+0 +00000+0 2 99992', 'line2': '2 36358   2.9568  82.0063 0005533 217.7651  50.1808  0.98960233000003', 'epoch': datetime.datetime(2025, 10, 7, 18, 35, 50, 1792)}"
2b0f1a91-cd62-4917-9e17-3fed73235736,U//PR-EXO-ELSETS,17939,2025-10-07T17:58:48.535008Z,1.004607798322428,17939,False,0.004550317818460227,5.971334897897789,286.080236621158,340.0035665340761,203.4670182040226,0.0,0.0,0.0,42111.83497778197,1433.395203983707,42303.45721084942,41920.21274471451,17939,1 17939U 79087C   25280.74917286 +.00000000 +00000+0 +00000+0 2 99990,2 17939   5.9713 286.0802 0045503 340.0036 203.4670  1.00460779000001,2025-10-07T18:27:29.004Z,system.exo,EXO,REAL,2,OPS1,"{'NORAD_ID': 17939, 'classification': 'U', 'COSPAR_ID': '79087C', 'BC': 0.0, 'n_ddot': 0.0, 'B_star': 0.0, 'ephemeris_type': 2, 'elset_num': 9999, 'inclination': 5.9713, 'RAAN': 286.0802, 'eccentricity': 0.0045503, 'perigee': 340.0036, 'mean_anomaly': 203.467, 'mean_motion': 1.00460779, 'rev_num': 0, 'line1': '1 17939U 79087C   25280.74917286 +.00000000 +00000+0 +00000+0 2 99990', 'line2': '2 17939   5.9713 286.0802 0045503 340.0036 203.4670  1.00460779000001', 'epoch': datetime.datetime(2025, 10, 7, 17, 58, 48, 535104)}"
e7f008bd-4930-4d1f-ab0d-256eda5a1566,U//PR-EXO-ELSETS,13089,2025-10-07T17:27:40.379943Z,1.012571314871703,13089,False,0.001118895168681279,8.064172127298745,303.5027114357804,151.1405137956021,270.5242410988481,0.0,0.0,0.0,41890.74805280286,1422.122055849916,41937.61940841159,41843.87669719414,13089,1 13089U 82019B   25280.72755069 +.00000000 +00000+0 +00000+0 2 99998,2 13089   8.0642 303.5027 0011188 151.1405 270.5242  1.01257131000002,2025-10-07T17:45:28.915Z,system.exo,EXO,REAL,2,OPS1,"{'NORAD_ID': 13089, 'classification': 'U', 'COSPAR_ID': '82019B', 'BC': 0.0, 'n_ddot': 0.0, 'B_star': 0.0, 'ephemeris_type': 2, 'elset_num': 9999, 'inclination': 8.0642, 'RAAN': 303.5027, 'eccentricity': 0.0011188, 'perigee': 151.1405, 'mean_anomaly': 270.5242, 'mean_motion': 1.01257131, 'rev_num': 0, 'line1': '1 13089U 82019B   25280.72755069 +.00000000 +00000+0 +00000+0 2 99998', 'line2': '2 13089   8.0642 303.5027 0011188 151.1405 270.5242  1.01257131000002', 'epoch': datetime.datetime(2025, 10, 7, 17, 27, 40, 379616)}"
fed91251-1aa4-45d4-95ef-ada9196fb7b7,U//PR-EXO-ELSETS,35943,2025-10-06T23:50:14.715546Z,1.002678099754207,35943,False,0.0001647224265235345,0.006508439259379159,152.5749687972276,56.99368621044366,226.9092297172659,0.0,0.0,0.0,42165.84839391593,1436.153836762762,42172.7940547798,42158.90273305205,35943,1 35943U 09054B   25279.99322587 +.00000000 +00000+0 +00000+0 2 99991,2 35943   0.0065 152.5750 0001647  56.9937 226.9092  1.00267809000002,2025-10-07T00:21:29.552Z,system.exo,EXO,REAL,2,OPS1,"{'NORAD_ID': 35943, 'classification': 'U', 'COSPAR_ID': '09054B', 'BC': 0.0, 'n_ddot': 0.0, 'B_star': 0.0, 'ephemeris_type': 2, 'elset_num': 9999, 'inclination': 0.0065, 'RAAN': 152.575, 'eccentricity': 0.0001647, 'perigee': 56.9937, 'mean_anomaly': 226.9092, 'mean_motion': 1.00267809, 'rev_num': 0, 'line1': '1 35943U 09054B   25279.99322587 +.00000000 +00000+0 +00000+0 2 99991', 'line2': '2 35943   0.0065 152.5750 0001647  56.9937 226.9092  1.00267809000002', 'epoch': datetime.datetime(2025, 10, 6, 23, 50, 14, 715168)}"
4e3a1e08-fabb-4ebe-963b-1b22cb508adb,U//PR-EXO-ELSETS,55180,2025-10-07T20:53:37.465724Z,0.9935584245487129,55180,False,0.0002087954835924245,3.088389017283521,81.66980617311556,214.6645889778252,158.4967071223498,0.0,0.0,0.0,42423.47656627296,1449.336007244935,42432.33439657828,42414.61873596763,55180,1 55180U 23002C   25280.87057252 +.00000000 +00000+0 +00000+0 2 99998,2 55180   3.0884  81.6698 0002087 214.6646 158.4967  0.99355842000003,2025-10-07T22:09:30.141Z,system.exo,EXO,REAL,2,OPS1,"{'NORAD_ID': 55180, 'classification': 'U', 'COSPAR_ID': '23002C', 'BC': 0.0, 'n_ddot': 0.0, 'B_star': 0.0, 'ephemeris_type': 2, 'elset_num': 9999, 'inclination': 3.0884, 'RAAN': 81.6698, 'eccentricity': 0.0002087, 'perigee': 214.6646, 'mean_anomaly': 158.4967, 'mean_motion': 0.99355842, 'rev_num': 0, 'line1': '1 55180U 23002C   25280.87057252 +.00000000 +00000+0 +00000+0 2 99998', 'line2': '2 55180   3.0884  81.6698 0002087 214.6646 158.4967  0.99355842000003', 'epoch': datetime.datetime(2025, 10, 7, 20, 53, 37, 465728)}"
7a432ee5-1de1-4bc2-a729-1e0c2b55fd85,U//PR-EXO-ELSETS,50322,2025-10-07T20:53:37.465724Z,1.001066097335135,50322,False,0.0002804407656773948,3.017375329401708,83.42142376702532,165.1728794067012,206.5323983376734,0.0,0.0,0.0,42211.10229579469,1438.466454745915,42222.94000964261,42199.26458194677,50322,1 50322U 21129B   25280.87057252 +.00000000 +00000+0 +00000+0 2 99999,2 50322   3.0174  83.4214 0002804 165.1729 206.5324  1.00106609000001,2025-10-07T21:24:29.307Z,system.exo,EXO,REAL,2,OPS1,"{'NORAD_ID': 50322, 'classification': 'U', 'COSPAR_ID': '21129B', 'BC': 0.0, 'n_ddot': 0.0, 'B_star': 0.0, 'ephemeris_type': 2, 'elset_num': 9999, 'inclination': 3.0174, 'RAAN': 83.4214, 'eccentricity': 0.0002804, 'perigee': 165.1729, 'mean_anomaly': 206.5324, 'mean_motion': 1.00106609, 'rev_num': 0, 'line1': '1 50322U 21129B   25280.87057252 +.00000000 +00000+0 +00000+0 2 99999', 'line2': '2 50322   3.0174  83.4214 0002804 165.1729 206.5324  1.00106609000001', 'epoch': datetime.datetime(2025, 10, 7, 20, 53, 37, 465728)}"
f662989b-6f65-434f-b276-9b45b74699b8,U//PR-EXO-ELSETS,26643,2025-10-07T17:11:16.492180Z,0.9925036271309817,26643,False,0.007951350451729105,12.2271070318711,29.16823456797493,84.25261742924035,356.2397686870615,0.0,0.0,0.0,42453.52868223837,1450.876309805124,42791.09156670338,42115.96579777336,26643,1 26643U 00082A   25280.71616310 +.00000000 +00000+0 +00000+0 2 99992,2 26643  12.2271  29.1682 0079513  84.2526 356.2398  0.99250362000000,2025-10-07T21:18:27.859Z,system.exo,EXO,REAL,2,OPS1,"{'NORAD_ID': 26643, 'classification': 'U', 'COSPAR_ID': '00082A', 'BC': 0.0, 'n_ddot': 0.0, 'B_star': 0.0, 'ephemeris_type': 2, 'elset_num': 9999, 'inclination': 12.2271, 'RAAN': 29.1682, 'eccentricity': 0.0079513, 'perigee': 84.2526, 'mean_anomaly': 356.2398, 'mean_motion': 0.99250362, 'rev_num': 0, 'line1': '1 26643U 00082A   25280.71616310 +.00000000 +00000+0 +00000+0 2 99992', 'line2': '2 26643  12.2271  29.1682 0079513  84.2526 356.2398  0.99250362000000', 'epoch': datetime.datetime(2025, 10, 7, 17, 11, 16, 491840)}"
38ed19ac-d34d-4332-aff6-eead558ab69f,U//PR-EXO-ELSETS,43241,2025-10-07T20:12:51.428861Z,1.193097887052314,43241,False,0.1308173228290548,2.691060440285528,87.694114581309,99.49920332617383,274.5542928144233,0.0,0.0,0.0,37550.68046834954,1206.942041912157,42462.9599576283,32638.40097907077,43241,1 43241U 18027A   25280.84226191 +.00000000 +00000+0 +00000+0 2 99991,2 43241   2.6911  87.6941 1308173  99.4992 274.5543  1.19309788000001,2025-10-07T21:45:30.620Z,system.exo,EXO,REAL,2,OPS1,"{'NORAD_ID': 43241, 'classification': 'U', 'COSPAR_ID': '18027A', 'BC': 0.0, 'n_ddot': 0.0, 'B_star': 0.0, 'ephemeris_type': 2, 'elset_num': 9999, 'inclination': 2.6911, 'RAAN': 87.6941, 'eccentricity': 0.1308173, 'perigee': 99.4992, 'mean_anomaly': 274.5543, 'mean_motion': 1.19309788, 'rev_num': 0, 'line1': '1 43241U 18027A   25280.84226191 +.00000000 +00000+0 +00000+0 2 99991', 'line2': '2 43241   2.6911  87.6941 1308173  99.4992 274.5543  1.19309788000001', 'epoch': datetime.datetime(2025, 10, 7, 20, 12, 51, 429024)}"
7f9e6269-448d-4fd0-a975-683f366ed49c,U//PR-EXO-ELSETS,17969,2025-10-07T20:48:02.527770Z,0.9765668821112331,17969,False,0.003033005143590516,11.15950663021613,321.299243678617,210.1004806575064,296.4472489426894,0.0,0.0,0.0,42914.15192429579,1474.553383263289,43044.310767815,42783.99308077657,17969,1 17969U 87040A   25280.86669592 +.00000000 +00000+0 +00000+0 2 99998,2 17969  11.1595 321.2992 0030330 210.1005 296.4472  0.97656688000001,2025-10-07T22:30:29.329Z,system.exo,EXO,REAL,2,OPS1,"{'NORAD_ID': 17969, 'classification': 'U', 'COSPAR_ID': '87040A', 'BC': 0.0, 'n_ddot': 0.0, 'B_star': 0.0, 'ephemeris_type': 2, 'elset_num': 9999, 'inclination': 11.1595, 'RAAN': 321.2992, 'eccentricity': 0.003033, 'perigee': 210.1005, 'mean_anomaly': 296.4472, 'mean_motion': 0.97656688, 'rev_num': 0, 'line1': '1 17969U 87040A   25280.86669592 +.00000000 +00000+0 +00000+0 2 99998', 'line2': '2 17969  11.1595 321.2992 0030330 210.1005 296.4472  0.97656688000001', 'epoch': datetime.datetime(2025, 10, 7, 20, 48, 2, 527488)}"
709d1c3f-7220-4ea4-ab19-e91b8307bea4,U//PR-EXO-ELSETS,18384,2025-10-07T18:45:56.137897Z,1.002401385629049,18384,False,0.000461709319559941,11.15635181306577,327.6833572180623,240.1319422371547,230.1281354980221,0.0,0.0,0.0,42173.60799285546,1436.550288781115,42193.07994070523,42154.1360450057,18384,1 18384U 87084A   25280.78189974 +.00000000 +00000+0 +00000+0 2 99990,2 18384  11.1564 327.6834 0004617 240.1319 230.1281  1.00240138000001,2025-10-07T19:54:28.825Z,system.exo,EXO,REAL,2,OPS1,"{'NORAD_ID': 18384, 'classification': 'U', 'COSPAR_ID': '87084A', 'BC': 0.0, 'n_ddot': 0.0, 'B_star': 0.0, 'ephemeris_type': 2, 'elset_num': 9999, 'inclination': 11.1564, 'RAAN': 327.6834, 'eccentricity': 0.0004617, 'perigee': 240.1319, 'mean_anomaly': 230.1281, 'mean_motion': 1.00240138, 'rev_num': 0, 'line1': '1 18384U 87084A   25280.78189974 +.00000000 +00000+0 +00000+0 2 99990', 'line2': '2 18384  11.1564 327.6834 0004617 240.1319 230.1281  1.00240138000001', 'epoch': datetime.datetime(2025, 10, 7, 18, 45, 56, 137536)}"
4e77d9f2-b740-4d51-b642-2fbdc1938a4e,U//PR-EXO-ELSETS,40882,2025-10-07T17:34:10.546928Z,1.00257681874625,40882,False,7.170816971288402e-05,0.002740667928671725,212.0516911948836,191.6601840862677,56.02790168616389,0.0,0.0,0.0,42168.68809500545,1436.298918022821,42171.71193444794,42165.66425556297,40882,1 40882U 15042A   25280.73206652 +.00000000 +00000+0 +00000+0 2 99991,2 40882   0.0027 212.0517 0000717 191.6602  56.0279  1.00257681000000,2025-10-07T18:48:29.949Z,system.exo,EXO,REAL,2,OPS1,"{'NORAD_ID': 40882, 'classification': 'U', 'COSPAR_ID': '15042A', 'BC': 0.0, 'n_ddot': 0.0, 'B_star': 0.0, 'ephemeris_type': 2, 'elset_num': 9999, 'inclination': 0.0027, 'RAAN': 212.0517, 'eccentricity': 7.17e-05, 'perigee': 191.6602, 'mean_anomaly': 56.0279, 'mean_motion': 1.00257681, 'rev_num': 0, 'line1': '1 40882U 15042A   25280.73206652 +.00000000 +00000+0 +00000+0 2 99991', 'line2': '2 40882   0.0027 212.0517 0000717 191.6602  56.0279  1.00257681000000', 'epoch': datetime.datetime(2025, 10, 7, 17, 34, 10, 547328)}"
35c6ef28-b554-41c9-9289-4377e7866a92,U//PR-EXO-ELSETS,52255,2025-10-07T20:39:55.865192Z,1.00267945285455,52255,False,0.0002740811315984076,0.03797552811987113,244.5495430819302,355.6733355225151,211.6206449327652,0.0,0.0,0.0,42165.81045913586,1436.151898695472,42177.36731218127,42154.25360609046,52255,1 52255U 22038A   25280.86106325 +.00000000 +00000+0 +00000+0 2 99991,2 52255   0.0380 244.5495 0002740 355.6733 211.6206  1.00267945000002,2025-10-07T21:00:33.075Z,system.exo,EXO,REAL,2,OPS1,"{'NORAD_ID': 52255, 'classification': 'U', 'COSPAR_ID': '22038A', 'BC': 0.0, 'n_ddot': 0.0, 'B_star': 0.0, 'ephemeris_type': 2, 'elset_num': 9999, 'inclination': 0.038, 'RAAN': 244.5495, 'eccentricity': 0.000274, 'perigee': 355.6733, 'mean_anomaly': 211.6206, 'mean_motion': 1.00267945, 'rev_num': 0, 'line1': '1 52255U 22038A   25280.86106325 +.00000000 +00000+0 +00000+0 2 99991', 'line2': '2 52255   0.0380 244.5495 0002740 355.6733 211.6206  1.00267945000002', 'epoch': datetime.datetime(2025, 10, 7, 20, 39, 55, 864800)}"
4222ac13-1075-46e9-a462-903830a791dc,U//PR-EXO-ELSETS,55686,2025-10-07T20:39:55.865192Z,1.002664497809113,55686,False,0.0001180540156519489,0.06079812720389999,60.50076711590288,89.05544283286217,302.3042674756372,0.0,0.0,0.0,42166.22973533785,1436.173319337119,42171.20762808301,42161.25184259269,55686,1 55686U 23023A   25280.86106325 +.00000000 +00000+0 +00000+0 2 99997,2 55686   0.0608  60.5008 0001180  89.0554 302.3043  1.00266449000003,2025-10-07T22:03:28.055Z,system.exo,EXO,REAL,2,OPS1,"{'NORAD_ID': 55686, 'classification': 'U', 'COSPAR_ID': '23023A', 'BC': 0.0, 'n_ddot': 0.0, 'B_star': 0.0, 'ephemeris_type': 2, 'elset_num': 9999, 'inclination': 0.0608, 'RAAN': 60.5008, 'eccentricity': 0.000118, 'perigee': 89.0554, 'mean_anomaly': 302.3043, 'mean_motion': 1.00266449, 'rev_num': 0, 'line1': '1 55686U 23023A   25280.86106325 +.00000000 +00000+0 +00000+0 2 99997', 'line2': '2 55686   0.0608  60.5008 0001180  89.0554 302.3043  1.00266449000003', 'epoch': datetime.datetime(2025, 10, 7, 20, 39, 55, 864800)}"
e37649f3-2f9c-42bd-85f3-25774c33f580,U//PR-EXO-ELSETS,18634,2025-10-07T17:15:45.680018Z,1.033962560959789,18634,False,0.00183239992096974,10.13415317559644,321.4795523550688,261.4487791582555,249.3802845352771,0.0,0.0,0.0,41310.96311009749,1392.700330138938,41386.66131563562,41235.26490455937,18634,1 18634U 87100D   25280.71927870 +.00000000 +00000+0 +00000+0 2 99995,2 18634  10.1342 321.4796 0018323 261.4488 249.3803  1.03396256000001,2025-10-07T18:03:28.640Z,system.exo,EXO,REAL,2,OPS1,"{'NORAD_ID': 18634, 'classification': 'U', 'COSPAR_ID': '87100D', 'BC': 0.0, 'n_ddot': 0.0, 'B_star': 0.0, 'ephemeris_type': 2, 'elset_num': 9999, 'inclination': 10.1342, 'RAAN': 321.4796, 'eccentricity': 0.0018323, 'perigee': 261.4488, 'mean_anomaly': 249.3803, 'mean_motion': 1.03396256, 'rev_num': 0, 'line1': '1 18634U 87100D   25280.71927870 +.00000000 +00000+0 +00000+0 2 99995', 'line2': '2 18634  10.1342 321.4796 0018323 261.4488 249.3803  1.03396256000001', 'epoch': datetime.datetime(2025, 10, 7, 17, 15, 45, 679680)}"
956012a4-447d-4516-a3d2-0bd0faeaaa97,U//PR-EXO-ELSETS,21227,2025-10-07T18:14:52.929979Z,0.9956596799770386,21227,False,0.0005769993811726933,13.54023360984627,15.67724018124459,283.7678342257519,120.7480959426339,0.0,0.0,0.0,42363.76811615378,1446.277306351512,42388.21198414094,42339.32424816662,21227,1 21227U 91028A   25280.76033484 +.00000000 +00000+0 +00000+0 2 99995,2 21227  13.5402  15.6772 0005769 283.7678 120.7481  0.99565967000006,2025-10-07T18:48:29.935Z,system.exo,EXO,REAL,2,OPS1,"{'NORAD_ID': 21227, 'classification': 'U', 'COSPAR_ID': '91028A', 'BC': 0.0, 'n_ddot': 0.0, 'B_star': 0.0, 'ephemeris_type': 2, 'elset_num': 9999, 'inclination': 13.5402, 'RAAN': 15.6772, 'eccentricity': 0.0005769, 'perigee': 283.7678, 'mean_anomaly': 120.7481, 'mean_motion': 0.99565967, 'rev_num': 0, 'line1': '1 21227U 91028A   25280.76033484 +.00000000 +00000+0 +00000+0 2 99995', 'line2': '2 21227  13.5402  15.6772 0005769 283.7678 120.7481  0.99565967000006', 'epoch': datetime.datetime(2025, 10, 7, 18, 14, 52, 930176)}"
71d482fb-bf27-40a4-b74a-8d5265629419,U//PR-EXO-ELSETS,46916,2025-10-07T20:53:37.465724Z,1.002695770521616,46916,False,0.0002669527968302651,1.24597221509085,304.1214005181393,322.1785773262156,188.7927014619583,0.0,0.0,0.0,42165.35299267856,1436.128527051522,42176.60915158929,42154.09683376783,46916,1 46916U 20082A   25280.87057252 +.00000000 +00000+0 +00000+0 2 99990,2 46916   1.2460 304.1214 0002669 322.1786 188.7927  1.00269577000007,2025-10-07T22:30:29.353Z,system.exo,EXO,REAL,2,OPS1,"{'NORAD_ID': 46916, 'classification': 'U', 'COSPAR_ID': '20082A', 'BC': 0.0, 'n_ddot': 0.0, 'B_star': 0.0, 'ephemeris_type': 2, 'elset_num': 9999, 'inclination': 1.246, 'RAAN': 304.1214, 'eccentricity': 0.0002669, 'perigee': 322.1786, 'mean_anomaly': 188.7927, 'mean_motion': 1.00269577, 'rev_num': 0, 'line1': '1 46916U 20082A   25280.87057252 +.00000000 +00000+0 +00000+0 2 99990', 'line2': '2 46916   1.2460 304.1214 0002669 322.1786 188.7927  1.00269577000007', 'epoch': datetime.datetime(2025, 10, 7, 20, 53, 37, 465728)}"
c0896b69-37e5-40a2-b5db-43794f1a8128,U//PR-EXO-ELSETS,23775,2025-10-07T18:29:59.337776Z,0.9989042393585614,23775,False,0.002300095783123959,14.42788160421997,356.4615528428064,237.6564471607711,186.380584474578,0.0,0.0,0.0,42271.98335613532,1441.579626215907,42369.21296679706,42174.75374547359,23775,1 23775U 96005A   25280.77082567 +.00000000 +00000+0 +00000+0 2 99992,2 23775  14.4279 356.4616 0023000 237.6564 186.3806  0.99890423000008,2025-10-07T21:48:31.792Z,system.exo,EXO,REAL,2,OPS1,"{'NORAD_ID': 23775, 'classification': 'U', 'COSPAR_ID': '96005A', 'BC': 0.0, 'n_ddot': 0.0, 'B_star': 0.0, 'ephemeris_type': 2, 'elset_num': 9999, 'inclination': 14.4279, 'RAAN': 356.4616, 'eccentricity': 0.0023, 'perigee': 237.6564, 'mean_anomaly': 186.3806, 'mean_motion': 0.99890423, 'rev_num': 0, 'line1': '1 23775U 96005A   25280.77082567 +.00000000 +00000+0 +00000+0 2 99992', 'line2': '2 23775  14.4279 356.4616 0023000 237.6564 186.3806  0.99890423000008', 'epoch': datetime.datetime(2025, 10, 7, 18, 29, 59, 337888)}"
699990ae-667d-46e9-982a-eaaaf701226e,U//PR-EXO-ELSETS,27603,2025-10-07T17:17:42.150921Z,0.9912259393324256,27603,False,0.0007974413994811893,4.72247691619112,77.48678982241458,184.789497817021,205.9895072664765,0.0,0.0,0.0,42490.00251198668,1452.746485801023,42523.88579905379,42456.11922491956,27603,1 27603U 02057A   25280.72062675 +.00000000 +00000+0 +00000+0 2 99993,2 27603   4.7225  77.4868 0007974 184.7895 205.9895  0.99122593000007,2025-10-07T19:18:29.128Z,system.exo,EXO,REAL,2,OPS1,"{'NORAD_ID': 27603, 'classification': 'U', 'COSPAR_ID': '02057A', 'BC': 0.0, 'n_ddot': 0.0, 'B_star': 0.0, 'ephemeris_type': 2, 'elset_num': 9999, 'inclination': 4.7225, 'RAAN': 77.4868, 'eccentricity': 0.0007974, 'perigee': 184.7895, 'mean_anomaly': 205.9895, 'mean_motion': 0.99122593, 'rev_num': 0, 'line1': '1 27603U 02057A   25280.72062675 +.00000000 +00000+0 +00000+0 2 99993', 'line2': '2 27603   4.7225  77.4868 0007974 184.7895 205.9895  0.99122593000007', 'epoch': datetime.datetime(2025, 10, 7, 17, 17, 42, 151200)}"
4877bd9b-ad27-444c-9bb3-4bf26e564f03,U//PR-EXO-ELSETS,41882,2025-10-07T20:57:03.312606Z,1.0027012314161,41882,False,0.000594017979764852,1.675788032970158,82.96095029992927,160.1133677568043,211.7625587213387,0.0,0.0,0.0,42165.19989905149,1436.120705632633,42190.24678591191,42140.15301219108,41882,1 41882U 16077A   25280.87295501 +.00000000 +00000+0 +00000+0 2 99997,2 41882   1.6758  82.9610 0005940 160.1134 211.7626  1.00270123000003,2025-10-07T22:15:28.236Z,system.exo,EXO,REAL,2,OPS1,"{'NORAD_ID': 41882, 'classification': 'U', 'COSPAR_ID': '16077A', 'BC': 0.0, 'n_ddot': 0.0, 'B_star': 0.0, 'ephemeris_type': 2, 'elset_num': 9999, 'inclination': 1.6758, 'RAAN': 82.961, 'eccentricity': 0.000594, 'perigee': 160.1134, 'mean_anomaly': 211.7626, 'mean_motion': 1.00270123, 'rev_num': 0, 'line1': '1 41882U 16077A   25280.87295501 +.00000000 +00000+0 +00000+0 2 99997', 'line2': '2 41882   1.6758  82.9610 0005940 160.1134 211.7626  1.00270123000003', 'epoch': datetime.datetime(2025, 10, 7, 20, 57, 3, 312864)}"
a74f2d11-c341-4642-ab47-e007f8d8b613,U//PR-EXO-ELSETS,24714,2025-10-07T17:20:16.248938Z,0.9938554220213622,24714,False,0.0009625493792275532,12.11670084365969,30.31159648070591,187.4213796428341,204.7290238873458,0.0,0.0,0.0,42415.0244362083,1448.902896833065,42455.85099164929,42374.1978807673,24714,1 24714U 97002B   25280.72241029 +.00000000 +00000+0 +00000+0 2 99999,2 24714  12.1167  30.3116 0009625 187.4214 204.7290  0.99385542000000,2025-10-07T18:00:29.301Z,system.exo,EXO,REAL,2,OPS1,"{'NORAD_ID': 24714, 'classification': 'U', 'COSPAR_ID': '97002B', 'BC': 0.0, 'n_ddot': 0.0, 'B_star': 0.0, 'ephemeris_type': 2, 'elset_num': 9999, 'inclination': 12.1167, 'RAAN': 30.3116, 'eccentricity': 0.0009625, 'perigee': 187.4214, 'mean_anomaly': 204.729, 'mean_motion': 0.99385542, 'rev_num': 0, 'line1': '1 24714U 97002B   25280.72241029 +.00000000 +00000+0 +00000+0 2 99999', 'line2': '2 24714  12.1167  30.3116 0009625 187.4214 204.7290  0.99385542000000', 'epoch': datetime.datetime(2025, 10, 7, 17, 20, 16, 249056)}"
60421964-9b34-450d-bea4-d5aebd71c63f,U//PR-EXO-ELSETS,52942,2025-10-07T20:10:39.152612Z,0.9248447339444744,52942,False,0.04007663371325798,3.306343134394193,83.21912353469973,46.44617397188276,325.4009120277715,0.0,0.0,0.0,44499.586670512,1557.018110335539,46282.98030589748,42716.19303512651,52942,1 52942U 22073C   25280.84073093 +.00000000 +00000+0 +00000+0 2 99996,2 52942   3.3063  83.2191 0400766  46.4462 325.4009  0.92484473000006,2025-10-07T20:39:28.386Z,system.exo,EXO,REAL,2,OPS1,"{'NORAD_ID': 52942, 'classification': 'U', 'COSPAR_ID': '22073C', 'BC': 0.0, 'n_ddot': 0.0, 'B_star': 0.0, 'ephemeris_type': 2, 'elset_num': 9999, 'inclination': 3.3063, 'RAAN': 83.2191, 'eccentricity': 0.0400766, 'perigee': 46.4462, 'mean_anomaly': 325.4009, 'mean_motion': 0.92484473, 'rev_num': 0, 'line1': '1 52942U 22073C   25280.84073093 +.00000000 +00000+0 +00000+0 2 99996', 'line2': '2 52942   3.3063  83.2191 0400766  46.4462 325.4009  0.92484473000006', 'epoch': datetime.datetime(2025, 10, 7, 20, 10, 39, 152352)}"
b3e25fb5-9d7f-409b-8a92-6f142e4f9cc3,U//PR-EXO-ELSETS,15141,2025-10-07T17:22:06.223035Z,0.9761543644644683,15141,False,0.001061322035271116,10.22346032714066,314.9121228463751,195.7152374840306,269.2380574381112,0.0,0.0,0.0,42926.24126794098,1475.176521686715,42971.79983369001,42880.68270219195,15141,1 15141U 83066F   25280.72368314 +.00000000 +00000+0 +00000+0 2 99995,2 15141  10.2235 314.9121 0010613 195.7152 269.2381  0.97615436000001,2025-10-07T18:21:30.258Z,system.exo,EXO,REAL,2,OPS1,"{'NORAD_ID': 15141, 'classification': 'U', 'COSPAR_ID': '83066F', 'BC': 0.0, 'n_ddot': 0.0, 'B_star': 0.0, 'ephemeris_type': 2, 'elset_num': 9999, 'inclination': 10.2235, 'RAAN': 314.9121, 'eccentricity': 0.0010613, 'perigee': 195.7152, 'mean_anomaly': 269.2381, 'mean_motion': 0.97615436, 'rev_num': 0, 'line1': '1 15141U 83066F   25280.72368314 +.00000000 +00000+0 +00000+0 2 99995', 'line2': '2 15141  10.2235 314.9121 0010613 195.7152 269.2381  0.97615436000001', 'epoch': datetime.datetime(2025, 10, 7, 17, 22, 6, 223296)}"
32363053-420a-4641-9270-1f369b0d2819,U//PR-EXO-ELSETS,5204,2025-10-07T18:44:29.879021Z,0.9815869488092637,5204,False,0.00227024857662993,0.4558118110004898,300.1115316797975,340.5124146881778,186.6598135695313,0.0,0.0,0.0,42767.71154215671,1467.012170187088,42864.80487841101,42670.61820590241,5204,1 05204U 71039A   25280.78090138 +.00000000 +00000+0 +00000+0 2 99993,2 05204   0.4558 300.1115 0022702 340.5124 186.6598  0.98158694000001,2025-10-07T19:54:28.817Z,system.exo,EXO,REAL,2,OPS1,"{'NORAD_ID': 5204, 'classification': 'U', 'COSPAR_ID': '71039A', 'BC': 0.0, 'n_ddot': 0.0, 'B_star': 0.0, 'ephemeris_type': 2, 'elset_num': 9999, 'inclination': 0.4558, 'RAAN': 300.1115, 'eccentricity': 0.0022702, 'perigee': 340.5124, 'mean_anomaly': 186.6598, 'mean_motion': 0.98158694, 'rev_num': 0, 'line1': '1 05204U 71039A   25280.78090138 +.00000000 +00000+0 +00000+0 2 99993', 'line2': '2 05204   0.4558 300.1115 0022702 340.5124 186.6598  0.98158694000001', 'epoch': datetime.datetime(2025, 10, 7, 18, 44, 29, 879232)}"
cae20c7a-bbe4-412d-83a6-6797fe22006c,U//PR-EXO-ELSETS,12855,2025-10-07T17:22:01.814771Z,1.001528166221992,12855,False,0.0008866104988647847,10.66615764850107,323.079218473497,239.55182190274,259.7127526110368,0.0,0.0,0.0,42198.1181795944,1437.802798329707,42235.53147420476,42160.70488498404,12855,1 12855U 81096A   25280.72363212 +.00000000 +00000+0 +00000+0 2 99997,2 12855  10.6662 323.0792 0008866 239.5518 259.7128  1.00152816000009,2025-10-07T19:48:28.180Z,system.exo,EXO,REAL,2,OPS1,"{'NORAD_ID': 12855, 'classification': 'U', 'COSPAR_ID': '81096A', 'BC': 0.0, 'n_ddot': 0.0, 'B_star': 0.0, 'ephemeris_type': 2, 'elset_num': 9999, 'inclination': 10.6662, 'RAAN': 323.0792, 'eccentricity': 0.0008866, 'perigee': 239.5518, 'mean_anomaly': 259.7128, 'mean_motion': 1.00152816, 'rev_num': 0, 'line1': '1 12855U 81096A   25280.72363212 +.00000000 +00000+0 +00000+0 2 99997', 'line2': '2 12855  10.6662 323.0792 0008866 239.5518 259.7128  1.00152816000009', 'epoch': datetime.datetime(2025, 10, 7, 17, 22, 1, 815168)}"
fa6b3927-1c61-447f-be1e-1fc12c742e23,U//PR-EXO-ELSETS,3692,2025-10-07T19:44:06.725763Z,0.97531686908096,3692,False,0.0167402545346104,0.6440107404486924,74.11683348168889,37.4169554659357,325.4231345949114,0.0,0.0,0.0,42950.81132438937,1476.443241832688,43669.81883842767,42231.80381035106,3692,1 03692U 69013B   25280.82230007 +.00000000 +00000+0 +00000+0 2 99997,2 03692   0.6440  74.1168 0167402  37.4170 325.4231  0.97531686000000,2025-10-07T21:51:31.412Z,system.exo,EXO,REAL,2,OPS1,"{'NORAD_ID': 3692, 'classification': 'U', 'COSPAR_ID': '69013B', 'BC': 0.0, 'n_ddot': 0.0, 'B_star': 0.0, 'ephemeris_type': 2, 'elset_num': 9999, 'inclination': 0.644, 'RAAN': 74.1168, 'eccentricity': 0.0167402, 'perigee': 37.417, 'mean_anomaly': 325.4231, 'mean_motion': 0.97531686, 'rev_num': 0, 'line1': '1 03692U 69013B   25280.82230007 +.00000000 +00000+0 +00000+0 2 99997', 'line2': '2 03692   0.6440  74.1168 0167402  37.4170 325.4231  0.97531686000000', 'epoch': datetime.datetime(2025, 10, 7, 19, 44, 6, 726048)}"
dffc4f9c-ec14-4c2a-8cd8-a5952de48d83,U//PR-EXO-ELSETS,38331,2025-10-07T20:57:03.312606Z,1.002669280493824,38331,False,0.0002542260330126849,0.04779076452614977,74.17248263798513,134.7491785580127,246.1382947811059,0.0,0.0,0.0,42166.09564795961,1436.166468858791,42176.81536718382,42155.37592873539,38331,1 38331U 12023A   25280.87295501 +.00000000 +00000+0 +00000+0 2 99999,2 38331   0.0478  74.1725 0002542 134.7492 246.1383  1.00266928000009,2025-10-07T22:24:28.104Z,system.exo,EXO,REAL,2,OPS1,"{'NORAD_ID': 38331, 'classification': 'U', 'COSPAR_ID': '12023A', 'BC': 0.0, 'n_ddot': 0.0, 'B_star': 0.0, 'ephemeris_type': 2, 'elset_num': 9999, 'inclination': 0.0478, 'RAAN': 74.1725, 'eccentricity': 0.0002542, 'perigee': 134.7492, 'mean_anomaly': 246.1383, 'mean_motion': 1.00266928, 'rev_num': 0, 'line1': '1 38331U 12023A   25280.87295501 +.00000000 +00000+0 +00000+0 2 99999', 'line2': '2 38331   0.0478  74.1725 0002542 134.7492 246.1383  1.00266928000009', 'epoch': datetime.datetime(2025, 10, 7, 20, 57, 3, 312864)}"
596da938-9b72-4cf2-9d3a-0ed1e764c90d,U//PR-EXO-ELSETS,15574,2025-10-07T17:21:41.782049Z,1.002141188252754,15574,False,0.0008430400879098004,9.591931503741549,316.1191856311596,258.7946527609107,259.4403384756486,0.0,0.0,0.0,42180.90768772955,1436.923276759693,42216.46788385473,42145.34749160437,15574,1 15574U 85016A   25280.72340026 +.00000000 +00000+0 +00000+0 2 99992,2 15574   9.5919 316.1192 0008430 258.7947 259.4403  1.00214118000002,2025-10-07T17:48:28.361Z,system.exo,EXO,REAL,2,OPS1,"{'NORAD_ID': 15574, 'classification': 'U', 'COSPAR_ID': '85016A', 'BC': 0.0, 'n_ddot': 0.0, 'B_star': 0.0, 'ephemeris_type': 2, 'elset_num': 9999, 'inclination': 9.5919, 'RAAN': 316.1192, 'eccentricity': 0.000843, 'perigee': 258.7947, 'mean_anomaly': 259.4403, 'mean_motion': 1.00214118, 'rev_num': 0, 'line1': '1 15574U 85016A   25280.72340026 +.00000000 +00000+0 +00000+0 2 99992', 'line2': '2 15574   9.5919 316.1192 0008430 258.7947 259.4403  1.00214118000002', 'epoch': datetime.datetime(2025, 10, 7, 17, 21, 41, 782464)}"
73e9050f-ab98-4002-85b6-a788b6449877,U//PR-EXO-ELSETS,47851,2025-10-07T19:03:45.231756Z,1.002682691768028,47851,False,0.00145901402003075,17.08258906909023,305.6934051978941,10.81427165348694,133.0529620953183,0.0,0.0,0.0,42165.71965507828,1436.147259569077,42227.24003121972,42104.19927893683,47851,1 47851U 21019A   25280.79427352 +.00000000 +00000+0 +00000+0 2 99993,2 47851  17.0826 305.6934 0014590  10.8143 133.0530  1.00268269000006,2025-10-07T20:33:29.149Z,system.exo,EXO,REAL,2,OPS1,"{'NORAD_ID': 47851, 'classification': 'U', 'COSPAR_ID': '21019A', 'BC': 0.0, 'n_ddot': 0.0, 'B_star': 0.0, 'ephemeris_type': 2, 'elset_num': 9999, 'inclination': 17.0826, 'RAAN': 305.6934, 'eccentricity': 0.001459, 'perigee': 10.8143, 'mean_anomaly': 133.053, 'mean_motion': 1.00268269, 'rev_num': 0, 'line1': '1 47851U 21019A   25280.79427352 +.00000000 +00000+0 +00000+0 2 99993', 'line2': '2 47851  17.0826 305.6934 0014590  10.8143 133.0530  1.00268269000006', 'epoch': datetime.datetime(2025, 10, 7, 19, 3, 45, 232128)}"
cc3373d5-ebef-4b62-822e-f24d5fe268c0,U//PR-EXO-ELSETS,38104,2025-10-07T18:26:27.346973Z,1.002700993778278,38104,False,0.001042937708256343,8.251479530940275,59.01531019792777,287.5975617361091,126.5654051591067,0.0,0.0,0.0,42165.20656108797,1436.121045989928,42209.18224498695,42121.23087718899,38104,1 38104U 12012D   25280.76837207 +.00000000 +00000+0 +00000+0 2 99998,2 38104   8.2515  59.0153 0010429 287.5976 126.5654  1.00270099000009,2025-10-07T19:48:28.189Z,system.exo,EXO,REAL,2,OPS1,"{'NORAD_ID': 38104, 'classification': 'U', 'COSPAR_ID': '12012D', 'BC': 0.0, 'n_ddot': 0.0, 'B_star': 0.0, 'ephemeris_type': 2, 'elset_num': 9999, 'inclination': 8.2515, 'RAAN': 59.0153, 'eccentricity': 0.0010429, 'perigee': 287.5976, 'mean_anomaly': 126.5654, 'mean_motion': 1.00270099, 'rev_num': 0, 'line1': '1 38104U 12012D   25280.76837207 +.00000000 +00000+0 +00000+0 2 99998', 'line2': '2 38104   8.2515  59.0153 0010429 287.5976 126.5654  1.00270099000009', 'epoch': datetime.datetime(2025, 10, 7, 18, 26, 27, 346848)}"
022288ce-4ad2-436c-9669-c25652c2a7c5,U//PR-EXO-ELSETS,25492,2025-10-07T20:19:55.459713Z,0.9903132452910651,25492,False,0.0002941226045529225,11.35154485153347,36.24985767403385,148.9662195790198,258.2209990115995,0.0,0.0,0.0,42516.10497194305,1454.085368288461,42528.60991947284,42503.60002441326,25492,1 25492U 98056B   25280.84716967 +.00000000 +00000+0 +00000+0 2 99994,2 25492  11.3515  36.2499 0002941 148.9662 258.2210  0.99031324000006,2025-10-07T21:09:39.084Z,system.exo,EXO,REAL,2,OPS1,"{'NORAD_ID': 25492, 'classification': 'U', 'COSPAR_ID': '98056B', 'BC': 0.0, 'n_ddot': 0.0, 'B_star': 0.0, 'ephemeris_type': 2, 'elset_num': 9999, 'inclination': 11.3515, 'RAAN': 36.2499, 'eccentricity': 0.0002941, 'perigee': 148.9662, 'mean_anomaly': 258.221, 'mean_motion': 0.99031324, 'rev_num': 0, 'line1': '1 25492U 98056B   25280.84716967 +.00000000 +00000+0 +00000+0 2 99994', 'line2': '2 25492  11.3515  36.2499 0002941 148.9662 258.2210  0.99031324000006', 'epoch': datetime.datetime(2025, 10, 7, 20, 19, 55, 459488)}"
76e8b248-e69c-4340-b58c-3b98fb223818,U//PR-EXO-ELSETS,27441,2025-10-07T20:20:01.345338Z,0.9920126046547902,27441,False,0.0004624022079965006,11.21971657083936,38.41741239651991,124.7956763604811,281.1451562857562,0.0,0.0,0.0,42467.53651330504,1451.594458823539,42487.17359595696,42447.89943065311,27441,1 27441U 02029A   25280.84723779 +.00000000 +00000+0 +00000+0 2 99994,2 27441  11.2197  38.4174 0004624 124.7957 281.1452  0.99201260000001,2025-10-07T23:21:30.075Z,system.exo,EXO,REAL,2,OPS1,"{'NORAD_ID': 27441, 'classification': 'U', 'COSPAR_ID': '02029A', 'BC': 0.0, 'n_ddot': 0.0, 'B_star': 0.0, 'ephemeris_type': 2, 'elset_num': 9999, 'inclination': 11.2197, 'RAAN': 38.4174, 'eccentricity': 0.0004624, 'perigee': 124.7957, 'mean_anomaly': 281.1452, 'mean_motion': 0.9920126, 'rev_num': 0, 'line1': '1 27441U 02029A   25280.84723779 +.00000000 +00000+0 +00000+0 2 99994', 'line2': '2 27441  11.2197  38.4174 0004624 124.7957 281.1452  0.99201260000001', 'epoch': datetime.datetime(2025, 10, 7, 20, 20, 1, 345056)}"
0f8cf73e-9f1b-4431-9b34-ce9618178008,U//PR-EXO-ELSETS,13954,2025-10-07T18:54:43.522162Z,0.975687907515219,13954,False,0.002511019641327636,9.766953191485733,312.4041258669287,282.0920832120091,216.417137018167,0.0,0.0,0.0,42939.92163183396,1475.881774190728,43047.74461844857,42832.09864521935,13954,1 13954U 82113F   25280.78800373 +.00000000 +00000+0 +00000+0 2 99999,2 13954   9.7670 312.4041 0025110 282.0921 216.4171  0.97568790000004,2025-10-07T22:27:28.502Z,system.exo,EXO,REAL,2,OPS1,"{'NORAD_ID': 13954, 'classification': 'U', 'COSPAR_ID': '82113F', 'BC': 0.0, 'n_ddot': 0.0, 'B_star': 0.0, 'ephemeris_type': 2, 'elset_num': 9999, 'inclination': 9.767, 'RAAN': 312.4041, 'eccentricity': 0.002511, 'perigee': 282.0921, 'mean_anomaly': 216.4171, 'mean_motion': 0.9756879, 'rev_num': 0, 'line1': '1 13954U 82113F   25280.78800373 +.00000000 +00000+0 +00000+0 2 99999', 'line2': '2 13954   9.7670 312.4041 0025110 282.0921 216.4171  0.97568790000004', 'epoch': datetime.datetime(2025, 10, 7, 18, 54, 43, 522272)}"
b5b49914-7acd-4096-8ee7-d7457078a282,U//PR-EXO-ELSETS,58582,2025-10-07T20:22:20.258445Z,1.002656456054473,58582,False,0.001396360354422553,3.613925847464438,309.9104949677322,203.3335436251311,292.2258660878469,0.0,0.0,0.0,42166.45519642394,1436.184838091509,42225.33476274675,42107.57563010111,58582,1 58582U 23197A   25280.84884558 +.00000000 +00000+0 +00000+0 2 99996,2 58582   3.6139 309.9105 0013963 203.3335 292.2259  1.00265645000000,2025-10-07T21:00:33.078Z,system.exo,EXO,REAL,2,OPS1,"{'NORAD_ID': 58582, 'classification': 'U', 'COSPAR_ID': '23197A', 'BC': 0.0, 'n_ddot': 0.0, 'B_star': 0.0, 'ephemeris_type': 2, 'elset_num': 9999, 'inclination': 3.6139, 'RAAN': 309.9105, 'eccentricity': 0.0013963, 'perigee': 203.3335, 'mean_anomaly': 292.2259, 'mean_motion': 1.00265645, 'rev_num': 0, 'line1': '1 58582U 23197A   25280.84884558 +.00000000 +00000+0 +00000+0 2 99996', 'line2': '2 58582   3.6139 309.9105 0013963 203.3335 292.2259  1.00265645000000', 'epoch': datetime.datetime(2025, 10, 7, 20, 22, 20, 258112)}"
bef82376-20cb-4315-b661-9af546f59b26,U//PR-EXO-ELSETS,13983,2025-10-07T18:38:02.164045Z,1.000620605531307,13983,False,0.002550942328213311,8.753129347255701,308.1173800749833,218.8361813801194,304.9188758951424,0.0,0.0,0.0,42223.6300576777,1439.106882308696,42331.34010284265,42115.92001251275,13983,1 13983U 83028F   25280.77641394 +.00000000 +00000+0 +00000+0 2 99992,2 13983   8.7531 308.1174 0025509 218.8362 304.9189  1.00062060000004,2025-10-07T20:30:29.773Z,system.exo,EXO,REAL,2,OPS1,"{'NORAD_ID': 13983, 'classification': 'U', 'COSPAR_ID': '83028F', 'BC': 0.0, 'n_ddot': 0.0, 'B_star': 0.0, 'ephemeris_type': 2, 'elset_num': 9999, 'inclination': 8.7531, 'RAAN': 308.1174, 'eccentricity': 0.0025509, 'perigee': 218.8362, 'mean_anomaly': 304.9189, 'mean_motion': 1.0006206, 'rev_num': 0, 'line1': '1 13983U 83028F   25280.77641394 +.00000000 +00000+0 +00000+0 2 99992', 'line2': '2 13983   8.7531 308.1174 0025509 218.8362 304.9189  1.00062060000004', 'epoch': datetime.datetime(2025, 10, 7, 18, 38, 2, 164416)}"
4ec93184-0f4e-4419-84d0-635e9ca87e96,U//PR-EXO-ELSETS,42942,2025-10-07T19:43:00.697073Z,1.002672315910932,42942,False,0.0002067491461035928,0.002079451205097099,198.0858198034887,8.180523205719524,228.3284308951987,0.0,0.0,0.0,42166.01054753968,1436.162121113071,42174.72833421497,42157.29276086438,42942,1 42942U 17057A   25280.82153585 +.00000000 +00000+0 +00000+0 2 99994,2 42942   0.0021 198.0858 0002067   8.1805 228.3284  1.00267231000003,2025-10-07T20:18:29.242Z,system.exo,EXO,REAL,2,OPS1,"{'NORAD_ID': 42942, 'classification': 'U', 'COSPAR_ID': '17057A', 'BC': 0.0, 'n_ddot': 0.0, 'B_star': 0.0, 'ephemeris_type': 2, 'elset_num': 9999, 'inclination': 0.0021, 'RAAN': 198.0858, 'eccentricity': 0.0002067, 'perigee': 8.1805, 'mean_anomaly': 228.3284, 'mean_motion': 1.00267231, 'rev_num': 0, 'line1': '1 42942U 17057A   25280.82153585 +.00000000 +00000+0 +00000+0 2 99994', 'line2': '2 42942   0.0021 198.0858 0002067   8.1805 228.3284  1.00267231000003', 'epoch': datetime.datetime(2025, 10, 7, 19, 43, 0, 697440)}"
bd5ebf93-f6e7-4e43-bf23-64214e3d6f24,U//PR-EXO-ELSETS,4068,2025-10-07T20:28:25.778731Z,0.9949005974165814,4068,False,0.0006089467571387528,0.6090321392016566,247.1333733025641,17.45380423653453,189.055067828335,0.0,0.0,0.0,42385.31365870047,1447.380777274826,42411.12405800325,42359.50325939769,4068,1 04068U 69069A   25280.85307614 +.00000000 +00000+0 +00000+0 2 99998,2 04068   0.6090 247.1334 0006089  17.4538 189.0551  0.99490059000004,2025-10-07T21:06:29.753Z,system.exo,EXO,REAL,2,OPS1,"{'NORAD_ID': 4068, 'classification': 'U', 'COSPAR_ID': '69069A', 'BC': 0.0, 'n_ddot': 0.0, 'B_star': 0.0, 'ephemeris_type': 2, 'elset_num': 9999, 'inclination': 0.609, 'RAAN': 247.1334, 'eccentricity': 0.0006089, 'perigee': 17.4538, 'mean_anomaly': 189.0551, 'mean_motion': 0.99490059, 'rev_num': 0, 'line1': '1 04068U 69069A   25280.85307614 +.00000000 +00000+0 +00000+0 2 99998', 'line2': '2 04068   0.6090 247.1334 0006089  17.4538 189.0551  0.99490059000004', 'epoch': datetime.datetime(2025, 10, 7, 20, 28, 25, 778496)}"
078af050-9e1e-4692-8cc3-52ee0ef1e881,U//PR-EXO-ELSETS,26452,2025-10-07T19:43:40.521440Z,2.166911939509644,26452,False,0.6720257106623808,0.8019695674763859,140.9977213654337,134.2216581502607,215.3730287938296,0.0,0.0,0.0,25225.57188158583,664.5401567752964,42177.80475217351,8273.339010998141,26452,1 26452U 00043B   25280.82199678 +.00000000 +00000+0 +00000+0 2 99992,2 26452   0.8020 140.9977 6720257 134.2217 215.3730  2.16691193000006,2025-10-07T20:36:32.080Z,system.exo,EXO,REAL,2,OPS1,"{'NORAD_ID': 26452, 'classification': 'U', 'COSPAR_ID': '00043B', 'BC': 0.0, 'n_ddot': 0.0, 'B_star': 0.0, 'ephemeris_type': 2, 'elset_num': 9999, 'inclination': 0.802, 'RAAN': 140.9977, 'eccentricity': 0.6720257, 'perigee': 134.2217, 'mean_anomaly': 215.373, 'mean_motion': 2.16691193, 'rev_num': 0, 'line1': '1 26452U 00043B   25280.82199678 +.00000000 +00000+0 +00000+0 2 99992', 'line2': '2 26452   0.8020 140.9977 6720257 134.2217 215.3730  2.16691193000006', 'epoch': datetime.datetime(2025, 10, 7, 19, 43, 40, 521792)}"
6957fd6e-e9f0-41f6-a6c4-5f12e8cdeca8,U//PR-EXO-ELSETS,26559,2025-10-07T17:31:39.789990Z,0.9918089870972397,26559,False,0.0005370389525517061,6.148510806858511,73.17747627401666,73.81758300241974,290.8541734710059,0.0,0.0,0.0,42473.34868098688,1451.892469954821,42496.15852367388,42450.53883829987,26559,1 26559U 00060A   25280.73032164 +.00000000 +00000+0 +00000+0 2 99995,2 26559   6.1485  73.1775 0005370  73.8176 290.8542  0.99180898000002,2025-10-07T18:45:28.189Z,system.exo,EXO,REAL,2,OPS1,"{'NORAD_ID': 26559, 'classification': 'U', 'COSPAR_ID': '00060A', 'BC': 0.0, 'n_ddot': 0.0, 'B_star': 0.0, 'ephemeris_type': 2, 'elset_num': 9999, 'inclination': 6.1485, 'RAAN': 73.1775, 'eccentricity': 0.000537, 'perigee': 73.8176, 'mean_anomaly': 290.8542, 'mean_motion': 0.99180898, 'rev_num': 0, 'line1': '1 26559U 00060A   25280.73032164 +.00000000 +00000+0 +00000+0 2 99995', 'line2': '2 26559   6.1485  73.1775 0005370  73.8176 290.8542  0.99180898000002', 'epoch': datetime.datetime(2025, 10, 7, 17, 31, 39, 789696)}"
28bd84b7-277f-40b4-9cb3-84587090cb54,U//PR-EXO-ELSETS,37384,2025-10-07T18:59:55.013894Z,1.002866160686478,37384,False,0.003628259296993329,62.05778022189569,42.54579528309043,181.2073562619059,184.9322795518307,0.0,0.0,0.0,42160.57683863027,1435.88452422634,42313.54634351163,42007.60733374891,37384,1 37384U 11013A   25280.79160896 +.00000000 +00000+0 +00000+0 2 99993,2 37384  62.0578  42.5458 0036282 181.2074 184.9323  1.00286616000007,2025-10-07T19:15:29.294Z,system.exo,EXO,REAL,2,OPS1,"{'NORAD_ID': 37384, 'classification': 'U', 'COSPAR_ID': '11013A', 'BC': 0.0, 'n_ddot': 0.0, 'B_star': 0.0, 'ephemeris_type': 2, 'elset_num': 9999, 'inclination': 62.0578, 'RAAN': 42.5458, 'eccentricity': 0.0036282, 'perigee': 181.2074, 'mean_anomaly': 184.9323, 'mean_motion': 1.00286616, 'rev_num': 0, 'line1': '1 37384U 11013A   25280.79160896 +.00000000 +00000+0 +00000+0 2 99993', 'line2': '2 37384  62.0578  42.5458 0036282 181.2074 184.9323  1.00286616000007', 'epoch': datetime.datetime(2025, 10, 7, 18, 59, 55, 14144)}"
59183e68-73fe-4f2c-ba97-065ca41112c5,U//PR-EXO-ELSETS,17083,2025-10-07T18:33:20.362958Z,0.9672319290929285,17083,False,0.001448481105126151,12.59436857728793,330.3577198678323,348.3198397891362,168.5059842420998,0.0,0.0,0.0,43189.82517787698,1488.784599315734,43252.38482358084,43127.26553217313,17083,1 17083U 86090A   25280.77315235 +.00000000 +00000+0 +00000+0 2 99991,2 17083  12.5944 330.3577 0014484 348.3198 168.5060  0.96723192000006,2025-10-07T21:03:29.105Z,system.exo,EXO,REAL,2,OPS1,"{'NORAD_ID': 17083, 'classification': 'U', 'COSPAR_ID': '86090A', 'BC': 0.0, 'n_ddot': 0.0, 'B_star': 0.0, 'ephemeris_type': 2, 'elset_num': 9999, 'inclination': 12.5944, 'RAAN': 330.3577, 'eccentricity': 0.0014484, 'perigee': 348.3198, 'mean_anomaly': 168.506, 'mean_motion': 0.96723192, 'rev_num': 0, 'line1': '1 17083U 86090A   25280.77315235 +.00000000 +00000+0 +00000+0 2 99991', 'line2': '2 17083  12.5944 330.3577 0014484 348.3198 168.5060  0.96723192000006', 'epoch': datetime.datetime(2025, 10, 7, 18, 33, 20, 363040)}"
30fef25d-4161-4860-891b-551f3118f343,U//PR-EXO-ELSETS,40369,2025-10-07T17:34:25.792027Z,0.9958359167868582,40369,False,0.004912844996601149,6.917146283058399,71.6555250433863,165.1652576335092,165.3510772583488,0.0,0.0,0.0,42358.76978563758,1446.021353242883,42566.87185584113,42150.66771543403,40369,1 40369U 14090C   25280.73224296 +.00000000 +00000+0 +00000+0 2 99997,2 40369   6.9171  71.6555 0049128 165.1653 165.3511  0.99583591000009,2025-10-07T21:00:33.064Z,system.exo,EXO,REAL,2,OPS1,"{'NORAD_ID': 40369, 'classification': 'U', 'COSPAR_ID': '14090C', 'BC': 0.0, 'n_ddot': 0.0, 'B_star': 0.0, 'ephemeris_type': 2, 'elset_num': 9999, 'inclination': 6.9171, 'RAAN': 71.6555, 'eccentricity': 0.0049128, 'perigee': 165.1653, 'mean_anomaly': 165.3511, 'mean_motion': 0.99583591, 'rev_num': 0, 'line1': '1 40369U 14090C   25280.73224296 +.00000000 +00000+0 +00000+0 2 99997', 'line2': '2 40369   6.9171  71.6555 0049128 165.1653 165.3511  0.99583591000009', 'epoch': datetime.datetime(2025, 10, 7, 17, 34, 25, 791744)}"
e2948542-602a-431e-9f83-28f513b55a12,U//PR-EXO-ELSETS,29163,2025-10-07T19:19:31.827306Z,0.992010826302233,29163,False,0.0007434490999778899,5.362523327769328,75.78667642209575,142.3391013245778,209.6536831612955,0.0,0.0,0.0,42467.58726693768,1451.597061059976,42499.15975646952,42436.01477740584,29163,1 29163U 06020B   25280.80522948 +.00000000 +00000+0 +00000+0 2 99993,2 29163   5.3625  75.7867 0007434 142.3391 209.6537  0.99201082000008,2025-10-07T21:21:29.533Z,system.exo,EXO,REAL,2,OPS1,"{'NORAD_ID': 29163, 'classification': 'U', 'COSPAR_ID': '06020B', 'BC': 0.0, 'n_ddot': 0.0, 'B_star': 0.0, 'ephemeris_type': 2, 'elset_num': 9999, 'inclination': 5.3625, 'RAAN': 75.7867, 'eccentricity': 0.0007434, 'perigee': 142.3391, 'mean_anomaly': 209.6537, 'mean_motion': 0.99201082, 'rev_num': 0, 'line1': '1 29163U 06020B   25280.80522948 +.00000000 +00000+0 +00000+0 2 99993', 'line2': '2 29163   5.3625  75.7867 0007434 142.3391 209.6537  0.99201082000008', 'epoch': datetime.datetime(2025, 10, 7, 19, 19, 31, 827072)}"
16a8e872-2f86-4aa1-b4cb-3aa20755ed19,U//PR-EXO-ELSETS,40141,2025-10-07T19:58:14.949688Z,1.002665952163219,40141,False,0.000106290368024696,0.03249402641878983,91.65304411587954,117.1530987851003,227.4102240626866,0.0,0.0,0.0,42166.18896094432,1436.171236186137,42170.67082068718,42161.70710120146,40141,1 40141U 14052A   25280.83211747 +.00000000 +00000+0 +00000+0 2 99991,2 40141   0.0325  91.6530 0001062 117.1531 227.4102  1.00266595000006,2025-10-07T20:36:32.090Z,system.exo,EXO,REAL,2,OPS1,"{'NORAD_ID': 40141, 'classification': 'U', 'COSPAR_ID': '14052A', 'BC': 0.0, 'n_ddot': 0.0, 'B_star': 0.0, 'ephemeris_type': 2, 'elset_num': 9999, 'inclination': 0.0325, 'RAAN': 91.653, 'eccentricity': 0.0001062, 'perigee': 117.1531, 'mean_anomaly': 227.4102, 'mean_motion': 1.00266595, 'rev_num': 0, 'line1': '1 40141U 14052A   25280.83211747 +.00000000 +00000+0 +00000+0 2 99991', 'line2': '2 40141   0.0325  91.6530 0001062 117.1531 227.4102  1.00266595000006', 'epoch': datetime.datetime(2025, 10, 7, 19, 58, 14, 949408)}"
89e25348-50a1-4231-a090-f1d07b222e44,U//PR-EXO-ELSETS,28463,2025-10-07T20:25:30.175580Z,0.9919051714712069,28463,False,0.001224238379968915,10.97687966157805,42.02072700248412,222.3170460141255,178.5729252084257,0.0,0.0,0.0,42470.60289533594,1451.751680923463,42522.59703742083,42418.60875325106,28463,1 28463U 04043A   25280.85104370 +.00000000 +00000+0 +00000+0 2 99998,2 28463  10.9769  42.0207 0012242 222.3170 178.5729  0.99190517000000,2025-10-07T23:09:29.643Z,system.exo,EXO,REAL,2,OPS1,"{'NORAD_ID': 28463, 'classification': 'U', 'COSPAR_ID': '04043A', 'BC': 0.0, 'n_ddot': 0.0, 'B_star': 0.0, 'ephemeris_type': 2, 'elset_num': 9999, 'inclination': 10.9769, 'RAAN': 42.0207, 'eccentricity': 0.0012242, 'perigee': 222.317, 'mean_anomaly': 178.5729, 'mean_motion': 0.99190517, 'rev_num': 0, 'line1': '1 28463U 04043A   25280.85104370 +.00000000 +00000+0 +00000+0 2 99998', 'line2': '2 28463  10.9769  42.0207 0012242 222.3170 178.5729  0.99190517000000', 'epoch': datetime.datetime(2025, 10, 7, 20, 25, 30, 175680)}"
00a5d456-5c8c-4eb4-a057-2cb29e9e16b0,U//PR-EXO-ELSETS,28786,2025-10-07T19:58:14.949688Z,1.002668158451003,28786,False,0.0002652628434020891,0.04900293536393887,75.85169261429452,133.1026789405654,226.8574675933565,0.0,0.0,0.0,42166.12710546339,1436.16807601093,42177.31221223464,42154.94199869214,28786,1 28786U 05028A   25280.83211747 +.00000000 +00000+0 +00000+0 2 99995,2 28786   0.0490  75.8517 0002652 133.1027 226.8575  1.00266815000005,2025-10-07T20:39:28.376Z,system.exo,EXO,REAL,2,OPS1,"{'NORAD_ID': 28786, 'classification': 'U', 'COSPAR_ID': '05028A', 'BC': 0.0, 'n_ddot': 0.0, 'B_star': 0.0, 'ephemeris_type': 2, 'elset_num': 9999, 'inclination': 0.049, 'RAAN': 75.8517, 'eccentricity': 0.0002652, 'perigee': 133.1027, 'mean_anomaly': 226.8575, 'mean_motion': 1.00266815, 'rev_num': 0, 'line1': '1 28786U 05028A   25280.83211747 +.00000000 +00000+0 +00000+0 2 99995', 'line2': '2 28786   0.0490  75.8517 0002652 133.1027 226.8575  1.00266815000005', 'epoch': datetime.datetime(2025, 10, 7, 19, 58, 14, 949408)}"
9a395807-6c45-4a90-a435-5ccda54e86c3,U//PR-EXO-ELSETS,16250,2025-10-07T17:55:36.846006Z,1.001848428928688,16250,False,0.001518590549759369,10.03861527752078,319.9377555154712,228.5624156267317,271.8231351711993,0.0,0.0,0.0,42189.12466767452,1437.343173298024,42253.19267369748,42125.05666165157,16250,1 16250U 85107A   25280.74695424 +.00000000 +00000+0 +00000+0 2 99992,2 16250  10.0386 319.9378 0015185 228.5624 271.8231  1.00184842000005,2025-10-07T19:18:29.125Z,system.exo,EXO,REAL,2,OPS1,"{'NORAD_ID': 16250, 'classification': 'U', 'COSPAR_ID': '85107A', 'BC': 0.0, 'n_ddot': 0.0, 'B_star': 0.0, 'ephemeris_type': 2, 'elset_num': 9999, 'inclination': 10.0386, 'RAAN': 319.9378, 'eccentricity': 0.0015185, 'perigee': 228.5624, 'mean_anomaly': 271.8231, 'mean_motion': 1.00184842, 'rev_num': 0, 'line1': '1 16250U 85107A   25280.74695424 +.00000000 +00000+0 +00000+0 2 99992', 'line2': '2 16250  10.0386 319.9378 0015185 228.5624 271.8231  1.00184842000005', 'epoch': datetime.datetime(2025, 10, 7, 17, 55, 36, 846336)}"
22e6fa3d-a0ca-4a58-ab2f-6af409671459,U//PR-EXO-ELSETS,23429,2025-10-07T20:33:44.058236Z,1.0078678173633,23429,False,0.002838325752308687,14.60260621129776,356.0563075410927,138.992208703519,326.3455018740641,0.0,0.0,0.0,42020.97683284882,1428.758786809176,42140.24605353066,41901.70761216698,23429,1 23429U 94082D   25280.85675993 +.00000000 +00000+0 +00000+0 2 99991,2 23429  14.6026 356.0563 0028383 138.9922 326.3455  1.00786781000003,2025-10-08T00:03:30.456Z,system.exo,EXO,REAL,2,OPS1,"{'NORAD_ID': 23429, 'classification': 'U', 'COSPAR_ID': '94082D', 'BC': 0.0, 'n_ddot': 0.0, 'B_star': 0.0, 'ephemeris_type': 2, 'elset_num': 9999, 'inclination': 14.6026, 'RAAN': 356.0563, 'eccentricity': 0.0028383, 'perigee': 138.9922, 'mean_anomaly': 326.3455, 'mean_motion': 1.00786781, 'rev_num': 0, 'line1': '1 23429U 94082D   25280.85675993 +.00000000 +00000+0 +00000+0 2 99991', 'line2': '2 23429  14.6026 356.0563 0028383 138.9922 326.3455  1.00786781000003', 'epoch': datetime.datetime(2025, 10, 7, 20, 33, 44, 57952)}"
4ebe1efe-1872-4889-9e74-15cf875bf744,U//PR-EXO-ELSETS,23778,2025-10-07T17:37:56.186380Z,0.9766855430638276,23778,False,0.00159109204337467,15.31500832134667,359.2170989128401,189.9602968253924,227.340926939422,0.0,0.0,0.0,42910.67599334333,1474.374234600393,42978.95082849217,42842.40115819449,23778,1 23778U 96005D   25280.73467808 +.00000000 +00000+0 +00000+0 2 99996,2 23778  15.3150 359.2171 0015910 189.9603 227.3409  0.97668554000001,2025-10-07T18:24:28.050Z,system.exo,EXO,REAL,2,OPS1,"{'NORAD_ID': 23778, 'classification': 'U', 'COSPAR_ID': '96005D', 'BC': 0.0, 'n_ddot': 0.0, 'B_star': 0.0, 'ephemeris_type': 2, 'elset_num': 9999, 'inclination': 15.315, 'RAAN': 359.2171, 'eccentricity': 0.001591, 'perigee': 189.9603, 'mean_anomaly': 227.3409, 'mean_motion': 0.97668554, 'rev_num': 0, 'line1': '1 23778U 96005D   25280.73467808 +.00000000 +00000+0 +00000+0 2 99996', 'line2': '2 23778  15.3150 359.2171 0015910 189.9603 227.3409  0.97668554000001', 'epoch': datetime.datetime(2025, 10, 7, 17, 37, 56, 186112)}"
93b20773-71b5-485d-9d9e-973646ea7174,U//PR-EXO-ELSETS,52940,2025-10-07T18:35:54.468097Z,1.002663239885631,52940,False,0.0001554365634029824,3.056494726361359,81.77615226003967,77.67580457533322,255.4865616966093,0.0,0.0,0.0,42166.26500266545,1436.175121134643,42172.81918198901,42159.7108233419,52940,1 52940U 22073A   25280.77493597 +.00000000 +00000+0 +00000+0 2 99991,2 52940   3.0565  81.7762 0001554  77.6758 255.4866  1.00266323000006,2025-10-07T20:09:28.818Z,system.exo,EXO,REAL,2,OPS1,"{'NORAD_ID': 52940, 'classification': 'U', 'COSPAR_ID': '22073A', 'BC': 0.0, 'n_ddot': 0.0, 'B_star': 0.0, 'ephemeris_type': 2, 'elset_num': 9999, 'inclination': 3.0565, 'RAAN': 81.7762, 'eccentricity': 0.0001554, 'perigee': 77.6758, 'mean_anomaly': 255.4866, 'mean_motion': 1.00266323, 'rev_num': 0, 'line1': '1 52940U 22073A   25280.77493597 +.00000000 +00000+0 +00000+0 2 99991', 'line2': '2 52940   3.0565  81.7762 0001554  77.6758 255.4866  1.00266323000006', 'epoch': datetime.datetime(2025, 10, 7, 18, 35, 54, 467808)}"
205b1f45-93f6-4d93-bf94-5776c070d342,U//PR-EXO-ELSETS,27461,2025-10-07T18:36:36.904077Z,0.9894852113504986,27461,False,0.001240239411910929,10.5344702791075,46.28811015665956,183.1128844539134,184.9087416904376,0.0,0.0,0.0,42539.82091990734,1455.302195001597,42592.58048238784,42487.06135742684,27461,1 27461U 02035B   25280.77542713 +.00000000 +00000+0 +00000+0 2 99992,2 27461  10.5345  46.2881 0012402 183.1129 184.9087  0.98948521000006,2025-10-07T20:42:30.307Z,system.exo,EXO,REAL,2,OPS1,"{'NORAD_ID': 27461, 'classification': 'U', 'COSPAR_ID': '02035B', 'BC': 0.0, 'n_ddot': 0.0, 'B_star': 0.0, 'ephemeris_type': 2, 'elset_num': 9999, 'inclination': 10.5345, 'RAAN': 46.2881, 'eccentricity': 0.0012402, 'perigee': 183.1129, 'mean_anomaly': 184.9087, 'mean_motion': 0.98948521, 'rev_num': 0, 'line1': '1 27461U 02035B   25280.77542713 +.00000000 +00000+0 +00000+0 2 99992', 'line2': '2 27461  10.5345  46.2881 0012402 183.1129 184.9087  0.98948521000006', 'epoch': datetime.datetime(2025, 10, 7, 18, 36, 36, 904032)}"
49af3fdd-663e-4eaa-aaa7-d650ec7d2fc2,U//PR-EXO-ELSETS,33539,2025-10-07T20:54:17.773814Z,2.221434231882928,33539,False,0.7131226119596897,7.76221776333273,71.61850174057378,146.1001286490192,294.3979029471868,0.0,0.0,0.0,24811.1116162451,648.229859490114,42504.47633764521,7117.746894844996,33539,1 33539U 88081P   25280.87103905 +.00000000 +00000+0 +00000+0 2 99997,2 33539   7.7622  71.6185 7131226 146.1001 294.3979  2.22143423000008,2025-10-07T22:30:29.343Z,system.exo,EXO,REAL,2,OPS1,"{'NORAD_ID': 33539, 'classification': 'U', 'COSPAR_ID': '88081P', 'BC': 0.0, 'n_ddot': 0.0, 'B_star': 0.0, 'ephemeris_type': 2, 'elset_num': 9999, 'inclination': 7.7622, 'RAAN': 71.6185, 'eccentricity': 0.7131226, 'perigee': 146.1001, 'mean_anomaly': 294.3979, 'mean_motion': 2.22143423, 'rev_num': 0, 'line1': '1 33539U 88081P   25280.87103905 +.00000000 +00000+0 +00000+0 2 99997', 'line2': '2 33539   7.7622  71.6185 7131226 146.1001 294.3979  2.22143423000008', 'epoch': datetime.datetime(2025, 10, 7, 20, 54, 17, 773920)}"
1243fc82-cf78-4f98-aa05-aa12ad91762c,U//PR-EXO-ELSETS,27389,2025-10-07T20:51:30.721692Z,0.9898049765189805,27389,False,0.0007365526505579359,11.63419656575407,49.298479126646,151.3232820181369,121.3489173240041,0.0,0.0,0.0,42530.65851866245,1454.83204687887,42561.98458792434,42499.33244940056,27389,1 27389U 02011A   25280.86910558 +.00000000 +00000+0 +00000+0 2 99991,2 27389  11.6342  49.2985 0007365 151.3233 121.3489  0.98980497000006,2025-10-07T21:39:38.096Z,system.exo,EXO,REAL,2,OPS1,"{'NORAD_ID': 27389, 'classification': 'U', 'COSPAR_ID': '02011A', 'BC': 0.0, 'n_ddot': 0.0, 'B_star': 0.0, 'ephemeris_type': 2, 'elset_num': 9999, 'inclination': 11.6342, 'RAAN': 49.2985, 'eccentricity': 0.0007365, 'perigee': 151.3233, 'mean_anomaly': 121.3489, 'mean_motion': 0.98980497, 'rev_num': 0, 'line1': '1 27389U 02011A   25280.86910558 +.00000000 +00000+0 +00000+0 2 99991', 'line2': '2 27389  11.6342  49.2985 0007365 151.3233 121.3489  0.98980497000006', 'epoch': datetime.datetime(2025, 10, 7, 20, 51, 30, 722112)}"
46e745c7-1a04-4dc7-95db-d57c1c52c803,U//PR-EXO-ELSETS,26095,2025-10-07T19:36:46.426562Z,0.9884687849016792,26095,False,0.002030483278018168,7.655926024415509,67.4976200254711,148.8047468662016,212.591653402524,0.0,0.0,0.0,42568.9779304927,1456.79865868828,42655.41352834289,42482.54233264251,26095,1 26095U 00012A   25280.81720401 +.00000000 +00000+0 +00000+0 2 99994,2 26095   7.6559  67.4976 0020304 148.8047 212.5917  0.98846878000001,2025-10-07T20:03:28.652Z,system.exo,EXO,REAL,2,OPS1,"{'NORAD_ID': 26095, 'classification': 'U', 'COSPAR_ID': '00012A', 'BC': 0.0, 'n_ddot': 0.0, 'B_star': 0.0, 'ephemeris_type': 2, 'elset_num': 9999, 'inclination': 7.6559, 'RAAN': 67.4976, 'eccentricity': 0.0020304, 'perigee': 148.8047, 'mean_anomaly': 212.5917, 'mean_motion': 0.98846878, 'rev_num': 0, 'line1': '1 26095U 00012A   25280.81720401 +.00000000 +00000+0 +00000+0 2 99994', 'line2': '2 26095   7.6559  67.4976 0020304 148.8047 212.5917  0.98846878000001', 'epoch': datetime.datetime(2025, 10, 7, 19, 36, 46, 426464)}"
b6d368d6-c4d7-4834-bf4b-df34955f8423,U//PR-EXO-ELSETS,39617,2025-10-07T20:29:41.906904Z,1.002698319349735,39617,False,0.0003914299184282034,0.05857829583507132,338.1408302572848,237.452124800942,132.1077365491567,0.0,0.0,0.0,42165.28153729942,1436.12487645722,42181.78629001207,42148.77678458676,39617,1 39617U 14011B   25280.85395726 +.00000000 +00000+0 +00000+0 2 99994,2 39617   0.0586 338.1408 0003914 237.4521 132.1077  1.00269831000006,2025-10-07T21:33:28.648Z,system.exo,EXO,REAL,2,OPS1,"{'NORAD_ID': 39617, 'classification': 'U', 'COSPAR_ID': '14011B', 'BC': 0.0, 'n_ddot': 0.0, 'B_star': 0.0, 'ephemeris_type': 2, 'elset_num': 9999, 'inclination': 0.0586, 'RAAN': 338.1408, 'eccentricity': 0.0003914, 'perigee': 237.4521, 'mean_anomaly': 132.1077, 'mean_motion': 1.00269831, 'rev_num': 0, 'line1': '1 39617U 14011B   25280.85395726 +.00000000 +00000+0 +00000+0 2 99994', 'line2': '2 39617   0.0586 338.1408 0003914 237.4521 132.1077  1.00269831000006', 'epoch': datetime.datetime(2025, 10, 7, 20, 29, 41, 907264)}"
c3808cdf-370f-4e35-aba9-702ff6fdbb32,U//PR-EXO-ELSETS,36581,2025-10-07T19:46:16.615061Z,1.00265450724362,36581,False,0.0003156519496512659,0.8106524452257691,86.8121219000389,98.08803521003183,151.9034622484359,0.0,0.0,0.0,42166.50983433316,1436.187629534204,42179.81977537235,42153.19989329396,36581,1 36581U 10021A   25280.82380342 +.00000000 +00000+0 +00000+0 2 99993,2 36581   0.8107  86.8121 0003156  98.0880 151.9035  1.00265450000002,2025-10-07T20:36:32.085Z,system.exo,EXO,REAL,2,OPS1,"{'NORAD_ID': 36581, 'classification': 'U', 'COSPAR_ID': '10021A', 'BC': 0.0, 'n_ddot': 0.0, 'B_star': 0.0, 'ephemeris_type': 2, 'elset_num': 9999, 'inclination': 0.8107, 'RAAN': 86.8121, 'eccentricity': 0.0003156, 'perigee': 98.088, 'mean_anomaly': 151.9035, 'mean_motion': 1.0026545, 'rev_num': 0, 'line1': '1 36581U 10021A   25280.82380342 +.00000000 +00000+0 +00000+0 2 99993', 'line2': '2 36581   0.8107  86.8121 0003156  98.0880 151.9035  1.00265450000002', 'epoch': datetime.datetime(2025, 10, 7, 19, 46, 16, 615488)}"
57e4c51c-704f-494f-88e1-505af5f4ca89,U//PR-EXO-ELSETS,54033,2025-10-07T03:38:56.569704Z,1.002695929024176,54033,False,0.0002374170223312839,0.004650476055049515,197.8942370529021,79.16306715012493,176.7592594423591,0.0,0.0,0.0,42165.34854911373,1436.128300033499,42175.35932061183,42155.33777761564,54033,1 54033U 22131A   25280.15204363 +.00000000 +00000+0 +00000+0 2 99994,2 54033   0.0047 197.8942 0002374  79.1631 176.7593  1.00269592000003,2025-10-07T04:42:27.913Z,system.exo,EXO,REAL,2,OPS1,"{'NORAD_ID': 54033, 'classification': 'U', 'COSPAR_ID': '22131A', 'BC': 0.0, 'n_ddot': 0.0, 'B_star': 0.0, 'ephemeris_type': 2, 'elset_num': 9999, 'inclination': 0.0047, 'RAAN': 197.8942, 'eccentricity': 0.0002374, 'perigee': 79.1631, 'mean_anomaly': 176.7593, 'mean_motion': 1.00269592, 'rev_num': 0, 'line1': '1 54033U 22131A   25280.15204363 +.00000000 +00000+0 +00000+0 2 99994', 'line2': '2 54033   0.0047 197.8942 0002374  79.1631 176.7593  1.00269592000003', 'epoch': datetime.datetime(2025, 10, 7, 3, 38, 56, 569632)}"
72cbaa2d-f71b-4b23-ba50-aa0d4713b3bb,U//PR-EXO-ELSETS,59020,2025-10-07T20:23:46.361217Z,1.002669845480634,59020,False,0.0004798825484686213,4.556541488472849,324.2495626996367,279.5264981539207,199.168654686276,0.0,0.0,0.0,42166.07980805629,1436.165659604263,42186.31457389351,42145.84504221907,59020,1 59020U 24037A   25280.84984214 +.00000000 +00000+0 +00000+0 2 99998,2 59020   4.5565 324.2496 0004798 279.5265 199.1687  1.00266984000004,2025-10-07T21:24:29.310Z,system.exo,EXO,REAL,2,OPS1,"{'NORAD_ID': 59020, 'classification': 'U', 'COSPAR_ID': '24037A', 'BC': 0.0, 'n_ddot': 0.0, 'B_star': 0.0, 'ephemeris_type': 2, 'elset_num': 9999, 'inclination': 4.5565, 'RAAN': 324.2496, 'eccentricity': 0.0004798, 'perigee': 279.5265, 'mean_anomaly': 199.1687, 'mean_motion': 1.00266984, 'rev_num': 0, 'line1': '1 59020U 24037A   25280.84984214 +.00000000 +00000+0 +00000+0 2 99998', 'line2': '2 59020   4.5565 324.2496 0004798 279.5265 199.1687  1.00266984000004', 'epoch': datetime.datetime(2025, 10, 7, 20, 23, 46, 360896)}"
a6361c14-0730-47be-952d-c436b6dd2b23,U//PR-EXO-ELSETS,18316,2025-10-07T17:42:38.141036Z,0.9932587194517186,18316,False,6.030777594719401e-05,13.04777563113751,337.0320371274385,153.0842385709084,207.7741441168948,0.0,0.0,0.0,42432.01002124211,1449.773328740455,42434.56900139546,42429.45104108876,18316,1 18316U 87070A   25280.73794145 +.00000000 +00000+0 +00000+0 2 99997,2 18316  13.0478 337.0320 0000603 153.0842 207.7741  0.99325871000006,2025-10-07T18:18:29.624Z,system.exo,EXO,REAL,2,OPS1,"{'NORAD_ID': 18316, 'classification': 'U', 'COSPAR_ID': '87070A', 'BC': 0.0, 'n_ddot': 0.0, 'B_star': 0.0, 'ephemeris_type': 2, 'elset_num': 9999, 'inclination': 13.0478, 'RAAN': 337.032, 'eccentricity': 6.03e-05, 'perigee': 153.0842, 'mean_anomaly': 207.7741, 'mean_motion': 0.99325871, 'rev_num': 0, 'line1': '1 18316U 87070A   25280.73794145 +.00000000 +00000+0 +00000+0 2 99997', 'line2': '2 18316  13.0478 337.0320 0000603 153.0842 207.7741  0.99325871000006', 'epoch': datetime.datetime(2025, 10, 7, 17, 42, 38, 141280)}"
773924da-fe4b-4228-947b-bf0d43482fd8,U//PR-EXO-ELSETS,44457,2025-10-07T03:24:05.949711Z,1.002738197385995,44457,False,0.0001051790641546508,0.01449094578433885,146.7316427270523,107.3961125715785,184.9702430320348,0.0,0.0,0.0,42164.16361188564,1436.067763005228,42168.5983991552,42159.72882461608,44457,1 44457U 19048A   25280.14173553 +.00000000 +00000+0 +00000+0 2 99991,2 44457   0.0145 146.7316 0001051 107.3961 184.9702  1.00273819000000,2025-10-07T04:18:31.238Z,system.exo,EXO,REAL,2,OPS1,"{'NORAD_ID': 44457, 'classification': 'U', 'COSPAR_ID': '19048A', 'BC': 0.0, 'n_ddot': 0.0, 'B_star': 0.0, 'ephemeris_type': 2, 'elset_num': 9999, 'inclination': 0.0145, 'RAAN': 146.7316, 'eccentricity': 0.0001051, 'perigee': 107.3961, 'mean_anomaly': 184.9702, 'mean_motion': 1.00273819, 'rev_num': 0, 'line1': '1 44457U 19048A   25280.14173553 +.00000000 +00000+0 +00000+0 2 99991', 'line2': '2 44457   0.0145 146.7316 0001051 107.3961 184.9702  1.00273819000000', 'epoch': datetime.datetime(2025, 10, 7, 3, 24, 5, 949792)}"
4fe18853-235b-45b0-879b-6846d1c3e5c5,U//PR-EXO-ELSETS,6976,2025-10-07T19:33:40.469655Z,0.9499332342086889,6976,False,0.02631759990852972,7.164112205200975,286.5386390788341,127.9993365517642,268.7947569928443,0.0,0.0,0.0,43712.58344835469,1515.896010522829,44862.9937305167,42562.17316619267,6976,1 06976U 73100D   25280.81505173 +.00000000 +00000+0 +00000+0 2 99995,2 06976   7.1641 286.5386 0263175 127.9993 268.7948  0.94993323000007,2025-10-07T21:42:29.599Z,system.exo,EXO,REAL,2,OPS1,"{'NORAD_ID': 6976, 'classification': 'U', 'COSPAR_ID': '73100D', 'BC': 0.0, 'n_ddot': 0.0, 'B_star': 0.0, 'ephemeris_type': 2, 'elset_num': 9999, 'inclination': 7.1641, 'RAAN': 286.5386, 'eccentricity': 0.0263175, 'perigee': 127.9993, 'mean_anomaly': 268.7948, 'mean_motion': 0.94993323, 'rev_num': 0, 'line1': '1 06976U 73100D   25280.81505173 +.00000000 +00000+0 +00000+0 2 99995', 'line2': '2 06976   7.1641 286.5386 0263175 127.9993 268.7948  0.94993323000007', 'epoch': datetime.datetime(2025, 10, 7, 19, 33, 40, 469472)}"
c404aa27-e02f-4d22-8310-da8941c55c16,U//PR-EXO-ELSETS,43463,2025-10-07T19:38:13.370689Z,1.002659637703418,43463,False,0.0002638321470103095,0.002737858799864884,193.4288527262343,20.25334418372607,216.697123942813,0.0,0.0,0.0,42166.36599438328,1436.180280776341,42177.4908372552,42155.24115151136,43463,1 43463U 18044A   25280.81821031 +.00000000 +00000+0 +00000+0 2 99997,2 43463   0.0027 193.4289 0002638  20.2533 216.6971  1.00265963000005,2025-10-07T20:36:32.095Z,system.exo,EXO,REAL,2,OPS1,"{'NORAD_ID': 43463, 'classification': 'U', 'COSPAR_ID': '18044A', 'BC': 0.0, 'n_ddot': 0.0, 'B_star': 0.0, 'ephemeris_type': 2, 'elset_num': 9999, 'inclination': 0.0027, 'RAAN': 193.4289, 'eccentricity': 0.0002638, 'perigee': 20.2533, 'mean_anomaly': 216.6971, 'mean_motion': 1.00265963, 'rev_num': 0, 'line1': '1 43463U 18044A   25280.81821031 +.00000000 +00000+0 +00000+0 2 99997', 'line2': '2 43463   0.0027 193.4289 0002638  20.2533 216.6971  1.00265963000005', 'epoch': datetime.datetime(2025, 10, 7, 19, 38, 13, 370784)}"
9ab2867e-4de4-420b-9f2e-9629e1bfe259,U//PR-EXO-ELSETS,21759,2025-10-07T17:44:11.338036Z,0.9843979884162138,21759,False,0.002282948953404023,14.18575357354807,345.2870256575904,257.3910673475611,162.026484325818,0.0,0.0,0.0,42686.25463646167,1462.82298109609,42783.70517680872,42588.80409611463,21759,1 21759U 91074A   25280.73902012 +.00000000 +00000+0 +00000+0 2 99995,2 21759  14.1858 345.2870 0022829 257.3911 162.0265  0.98439798000002,2025-10-07T21:48:31.789Z,system.exo,EXO,REAL,2,OPS1,"{'NORAD_ID': 21759, 'classification': 'U', 'COSPAR_ID': '91074A', 'BC': 0.0, 'n_ddot': 0.0, 'B_star': 0.0, 'ephemeris_type': 2, 'elset_num': 9999, 'inclination': 14.1858, 'RAAN': 345.287, 'eccentricity': 0.0022829, 'perigee': 257.3911, 'mean_anomaly': 162.0265, 'mean_motion': 0.98439798, 'rev_num': 0, 'line1': '1 21759U 91074A   25280.73902012 +.00000000 +00000+0 +00000+0 2 99995', 'line2': '2 21759  14.1858 345.2870 0022829 257.3911 162.0265  0.98439798000002', 'epoch': datetime.datetime(2025, 10, 7, 17, 44, 11, 338368)}"
a29e593d-eb45-4de3-a5d3-82c553ea4344,U//PR-EXO-ELSETS,44801,2025-10-07T21:08:22.977718Z,1.002692622876942,44801,False,0.0002736139217271261,0.05009814761952083,350.7357277034723,220.7815471652135,133.3840234520387,0.0,0.0,0.0,42165.44123605864,1436.133035334725,42176.9782877966,42153.90418432069,44801,1 44801U 19080B   25280.88082150 +.00000000 +00000+0 +00000+0 2 99993,2 44801   0.0501 350.7357 0002736 220.7815 133.3840  1.00269262000008,2025-10-07T21:39:38.127Z,system.exo,EXO,REAL,2,OPS1,"{'NORAD_ID': 44801, 'classification': 'U', 'COSPAR_ID': '19080B', 'BC': 0.0, 'n_ddot': 0.0, 'B_star': 0.0, 'ephemeris_type': 2, 'elset_num': 9999, 'inclination': 0.0501, 'RAAN': 350.7357, 'eccentricity': 0.0002736, 'perigee': 220.7815, 'mean_anomaly': 133.384, 'mean_motion': 1.00269262, 'rev_num': 0, 'line1': '1 44801U 19080B   25280.88082150 +.00000000 +00000+0 +00000+0 2 99993', 'line2': '2 44801   0.0501 350.7357 0002736 220.7815 133.3840  1.00269262000008', 'epoch': datetime.datetime(2025, 10, 7, 21, 8, 22, 977600)}"
1d602d1f-e2f3-4654-a659-465d3a0bbef0,U//PR-EXO-ELSETS,53100,2025-10-07T20:32:49.162215Z,1.002689549073645,53100,False,0.0002765628906181667,0.09701279577187552,6.201778457354049,230.6276918570482,98.76203267027745,0.0,0.0,0.0,42165.52740976097,1436.137437884311,42177.18882990584,42153.86598961608,53100,1 53100U 22078A   25280.85612456 +.00000000 +00000+0 +00000+0 2 99991,2 53100   0.0970   6.2018 0002765 230.6277  98.7620  1.00268954000008,2025-10-07T21:21:29.546Z,system.exo,EXO,REAL,2,OPS1,"{'NORAD_ID': 53100, 'classification': 'U', 'COSPAR_ID': '22078A', 'BC': 0.0, 'n_ddot': 0.0, 'B_star': 0.0, 'ephemeris_type': 2, 'elset_num': 9999, 'inclination': 0.097, 'RAAN': 6.2018, 'eccentricity': 0.0002765, 'perigee': 230.6277, 'mean_anomaly': 98.762, 'mean_motion': 1.00268954, 'rev_num': 0, 'line1': '1 53100U 22078A   25280.85612456 +.00000000 +00000+0 +00000+0 2 99991', 'line2': '2 53100   0.0970   6.2018 0002765 230.6277  98.7620  1.00268954000008', 'epoch': datetime.datetime(2025, 10, 7, 20, 32, 49, 161984)}"
0870aff4-2b81-4f8c-8224-a52e13ec1011,U//PR-EXO-ELSETS,27499,2025-10-07T17:44:33.623492Z,0.993229728760176,27499,False,0.0003849573675090631,7.944958457600655,65.38639972661665,172.2484161142122,216.8570200037989,0.0,0.0,0.0,42432.83569617193,1449.815645165511,42449.17052889746,42416.50086344638,27499,1 27499U 02038A   25280.73927805 +.00000000 +00000+0 +00000+0 2 99991,2 27499   7.9450  65.3864 0003849 172.2484 216.8570  0.99322972000004,2025-10-07T18:09:28.839Z,system.exo,EXO,REAL,2,OPS1,"{'NORAD_ID': 27499, 'classification': 'U', 'COSPAR_ID': '02038A', 'BC': 0.0, 'n_ddot': 0.0, 'B_star': 0.0, 'ephemeris_type': 2, 'elset_num': 9999, 'inclination': 7.945, 'RAAN': 65.3864, 'eccentricity': 0.0003849, 'perigee': 172.2484, 'mean_anomaly': 216.857, 'mean_motion': 0.99322972, 'rev_num': 0, 'line1': '1 27499U 02038A   25280.73927805 +.00000000 +00000+0 +00000+0 2 99991', 'line2': '2 27499   7.9450  65.3864 0003849 172.2484 216.8570  0.99322972000004', 'epoch': datetime.datetime(2025, 10, 7, 17, 44, 33, 623520)}"
8fcf78e5-7e63-4180-a831-24538b4e959e,U//PR-EXO-ELSETS,29156,2025-10-07T17:44:50.001757Z,1.930521333278832,29156,False,0.525814988522826,13.020786412348,297.3325262609641,337.0040208842959,202.1410464468971,0.0,0.0,0.0,27244.9151069214,745.9125031031272,41570.69983117265,12919.13038267016,29156,1 29156U 06018B   25280.73946761 +.00000000 +00000+0 +00000+0 2 99997,2 29156  13.0208 297.3325 5258149 337.0040 202.1410  1.93052133000008,2025-10-07T18:09:28.842Z,system.exo,EXO,REAL,2,OPS1,"{'NORAD_ID': 29156, 'classification': 'U', 'COSPAR_ID': '06018B', 'BC': 0.0, 'n_ddot': 0.0, 'B_star': 0.0, 'ephemeris_type': 2, 'elset_num': 9999, 'inclination': 13.0208, 'RAAN': 297.3325, 'eccentricity': 0.5258149, 'perigee': 337.004, 'mean_anomaly': 202.141, 'mean_motion': 1.93052133, 'rev_num': 0, 'line1': '1 29156U 06018B   25280.73946761 +.00000000 +00000+0 +00000+0 2 99997', 'line2': '2 29156  13.0208 297.3325 5258149 337.0040 202.1410  1.93052133000008', 'epoch': datetime.datetime(2025, 10, 7, 17, 44, 50, 1504)}"
fe977bb2-b163-4b62-a59f-ce64020763e7,U//PR-EXO-ELSETS,42915,2025-10-07T20:38:17.588839Z,1.002677737712137,42915,False,0.001297355755565417,3.428446178198432,356.1653694869279,130.0416469646084,188.5822291007532,0.0,0.0,0.0,42165.85854394357,1436.154355322304,42220.56266321391,42111.15442467323,42915,1 42915U 17047A   25280.85992580 +.00000000 +00000+0 +00000+0 2 99992,2 42915   3.4284 356.1654 0012973 130.0416 188.5822  1.00267773000008,2025-10-07T21:12:27.959Z,system.exo,EXO,REAL,2,OPS1,"{'NORAD_ID': 42915, 'classification': 'U', 'COSPAR_ID': '17047A', 'BC': 0.0, 'n_ddot': 0.0, 'B_star': 0.0, 'ephemeris_type': 2, 'elset_num': 9999, 'inclination': 3.4284, 'RAAN': 356.1654, 'eccentricity': 0.0012973, 'perigee': 130.0416, 'mean_anomaly': 188.5822, 'mean_motion': 1.00267773, 'rev_num': 0, 'line1': '1 42915U 17047A   25280.85992580 +.00000000 +00000+0 +00000+0 2 99992', 'line2': '2 42915   3.4284 356.1654 0012973 130.0416 188.5822  1.00267773000008', 'epoch': datetime.datetime(2025, 10, 7, 20, 38, 17, 589120)}"
2e219353-8e5c-4069-bc93-a9113203af62,U//PR-EXO-ELSETS,9803,2025-10-07T20:12:03.859777Z,0.9752563494826321,9803,False,0.007887110931260526,5.377762907736932,286.4884798725566,30.62116761168823,22.54908365523844,0.0,0.0,0.0,42952.58818300188,1476.534862617313,43291.36001078597,42613.8163552178,9803,1 09803U 77007A   25280.84171134 +.00000000 +00000+0 +00000+0 2 99996,2 09803   5.3778 286.4885 0078871  30.6212  22.5491  0.97525634000002,2025-10-07T20:33:29.128Z,system.exo,EXO,REAL,2,OPS1,"{'NORAD_ID': 9803, 'classification': 'U', 'COSPAR_ID': '77007A', 'BC': 0.0, 'n_ddot': 0.0, 'B_star': 0.0, 'ephemeris_type': 2, 'elset_num': 9999, 'inclination': 5.3778, 'RAAN': 286.4885, 'eccentricity': 0.0078871, 'perigee': 30.6212, 'mean_anomaly': 22.5491, 'mean_motion': 0.97525634, 'rev_num': 0, 'line1': '1 09803U 77007A   25280.84171134 +.00000000 +00000+0 +00000+0 2 99996', 'line2': '2 09803   5.3778 286.4885 0078871  30.6212  22.5491  0.97525634000002', 'epoch': datetime.datetime(2025, 10, 7, 20, 12, 3, 859776)}"
f7e895f6-66fe-420a-a583-60ce37566b68,U//PR-EXO-ELSETS,41944,2025-10-07T20:44:54.740094Z,1.002662651626202,41944,False,0.0002773487781023011,0.01450610028817492,251.9913800640247,322.9198938911501,231.0927812192483,0.0,0.0,0.0,42166.28149521857,1436.17596373465,42177.97626186839,42154.58672856876,41944,1 41944U 17007A   25280.86452245 +.00000000 +00000+0 +00000+0 2 99999,2 41944   0.0145 251.9914 0002773 322.9199 231.0928  1.00266265000002,2025-10-07T21:12:27.957Z,system.exo,EXO,REAL,2,OPS1,"{'NORAD_ID': 41944, 'classification': 'U', 'COSPAR_ID': '17007A', 'BC': 0.0, 'n_ddot': 0.0, 'B_star': 0.0, 'ephemeris_type': 2, 'elset_num': 9999, 'inclination': 0.0145, 'RAAN': 251.9914, 'eccentricity': 0.0002773, 'perigee': 322.9199, 'mean_anomaly': 231.0928, 'mean_motion': 1.00266265, 'rev_num': 0, 'line1': '1 41944U 17007A   25280.86452245 +.00000000 +00000+0 +00000+0 2 99999', 'line2': '2 41944   0.0145 251.9914 0002773 322.9199 231.0928  1.00266265000002', 'epoch': datetime.datetime(2025, 10, 7, 20, 44, 54, 739680)}"
f6de660d-a967-487c-b5ed-307bd09336be,U//PR-EXO-ELSETS,62006,2025-10-07T20:44:54.740094Z,1.005720309123664,62006,False,8.525115960494977e-05,0.002648914570774595,215.5101070847287,52.93093076843898,177.7101149769772,0.0,0.0,0.0,42080.77364955162,1431.809606444903,42084.36108430232,42077.18621480092,62006,1 62006U 24212A   25280.86452245 +.00000000 +00000+0 +00000+0 2 99997,2 62006   0.0026 215.5101 0000852  52.9309 177.7101  1.00572030000004,2025-10-07T21:00:33.082Z,system.exo,EXO,REAL,2,OPS1,"{'NORAD_ID': 62006, 'classification': 'U', 'COSPAR_ID': '24212A', 'BC': 0.0, 'n_ddot': 0.0, 'B_star': 0.0, 'ephemeris_type': 2, 'elset_num': 9999, 'inclination': 0.0026, 'RAAN': 215.5101, 'eccentricity': 8.52e-05, 'perigee': 52.9309, 'mean_anomaly': 177.7101, 'mean_motion': 1.0057203, 'rev_num': 0, 'line1': '1 62006U 24212A   25280.86452245 +.00000000 +00000+0 +00000+0 2 99997', 'line2': '2 62006   0.0026 215.5101 0000852  52.9309 177.7101  1.00572030000004', 'epoch': datetime.datetime(2025, 10, 7, 20, 44, 54, 739680)}"
b966e781-bf36-401e-a5e9-3f97fdc5e6c4,U//PR-EXO-ELSETS,46610,2025-10-07T20:44:47.593402Z,1.002695281152222,46610,False,0.003845100954775354,0.0206278565856871,348.207117952048,213.549139416089,244.4402738798705,0.0,0.0,0.0,42165.36671198889,1436.129227959725,42327.4968037916,42003.23662018617,46610,1 46610U 20071A   25280.86443974 +.00000000 +00000+0 +00000+0 2 99998,2 46610   0.0206 348.2071 0038451 213.5491 244.4403  1.00269528000002,2025-10-07T21:00:33.073Z,system.exo,EXO,REAL,2,OPS1,"{'NORAD_ID': 46610, 'classification': 'U', 'COSPAR_ID': '20071A', 'BC': 0.0, 'n_ddot': 0.0, 'B_star': 0.0, 'ephemeris_type': 2, 'elset_num': 9999, 'inclination': 0.0206, 'RAAN': 348.2071, 'eccentricity': 0.0038451, 'perigee': 213.5491, 'mean_anomaly': 244.4403, 'mean_motion': 1.00269528, 'rev_num': 0, 'line1': '1 46610U 20071A   25280.86443974 +.00000000 +00000+0 +00000+0 2 99998', 'line2': '2 46610   0.0206 348.2071 0038451 213.5491 244.4403  1.00269528000002', 'epoch': datetime.datetime(2025, 10, 7, 20, 44, 47, 593536)}"
bac3f278-109f-4841-a58b-359f3b8f33c8,U//PR-EXO-ELSETS,39079,2025-10-07T19:18:22.381052Z,1.002648290502321,39079,False,0.0001886618496488001,0.01430899225165795,87.6371792982582,136.1790237814074,128.4859120370593,0.0,0.0,0.0,42166.68413141866,1436.196534358592,42174.63937604045,42158.72888679687,39079,1 39079U 13006B   25280.80442571 +.00000000 +00000+0 +00000+0 2 99995,2 39079   0.0143  87.6372 0001886 136.1790 128.4859  1.00264829000000,2025-10-07T19:45:29.884Z,system.exo,EXO,REAL,2,OPS1,"{'NORAD_ID': 39079, 'classification': 'U', 'COSPAR_ID': '13006B', 'BC': 0.0, 'n_ddot': 0.0, 'B_star': 0.0, 'ephemeris_type': 2, 'elset_num': 9999, 'inclination': 0.0143, 'RAAN': 87.6372, 'eccentricity': 0.0001886, 'perigee': 136.179, 'mean_anomaly': 128.4859, 'mean_motion': 1.00264829, 'rev_num': 0, 'line1': '1 39079U 13006B   25280.80442571 +.00000000 +00000+0 +00000+0 2 99995', 'line2': '2 39079   0.0143  87.6372 0001886 136.1790 128.4859  1.00264829000000', 'epoch': datetime.datetime(2025, 10, 7, 19, 18, 22, 381344)}"
51d58e5d-8e38-4e71-add4-3e17ce5f3d6c,U//PR-EXO-ELSETS,23628,2025-10-07T17:51:12.828971Z,0.9866060702389232,23628,False,0.0005989382057493507,13.18259899574341,17.39060527583441,207.6755031683918,177.9750371399811,0.0,0.0,0.0,42622.5413073446,1459.549098102832,42648.06957575971,42597.01303892951,23628,1 23628U 95038A   25280.74389848 +.00000000 +00000+0 +00000+0 2 99993,2 23628  13.1826  17.3906 0005989 207.6755 177.9750  0.98660607000001,2025-10-07T18:57:28.741Z,system.exo,EXO,REAL,2,OPS1,"{'NORAD_ID': 23628, 'classification': 'U', 'COSPAR_ID': '95038A', 'BC': 0.0, 'n_ddot': 0.0, 'B_star': 0.0, 'ephemeris_type': 2, 'elset_num': 9999, 'inclination': 13.1826, 'RAAN': 17.3906, 'eccentricity': 0.0005989, 'perigee': 207.6755, 'mean_anomaly': 177.975, 'mean_motion': 0.98660607, 'rev_num': 0, 'line1': '1 23628U 95038A   25280.74389848 +.00000000 +00000+0 +00000+0 2 99993', 'line2': '2 23628  13.1826  17.3906 0005989 207.6755 177.9750  0.98660607000001', 'epoch': datetime.datetime(2025, 10, 7, 17, 51, 12, 828672)}"
114b1ebd-3b36-474e-85ab-40456d939d02,U//PR-EXO-ELSETS,40887,2025-10-07T13:54:13.036536Z,1.002676437012578,40887,False,0.005157204079310649,3.862642500076768,40.10524214059797,2.075257656583497,257.8914181946965,0.0,0.0,0.0,42165.8950097463,1436.156218341387,42383.35313549835,41948.43688399425,40887,1 40887U 15044A   25280.57931755 +.00000000 +00000+0 +00000+0 2 99999,2 40887   3.8626  40.1052 0051572   2.0753 257.8914  1.00267643000008,2025-10-07T14:45:30.810Z,system.exo,EXO,REAL,2,OPS1,"{'NORAD_ID': 40887, 'classification': 'U', 'COSPAR_ID': '15044A', 'BC': 0.0, 'n_ddot': 0.0, 'B_star': 0.0, 'ephemeris_type': 2, 'elset_num': 9999, 'inclination': 3.8626, 'RAAN': 40.1052, 'eccentricity': 0.0051572, 'perigee': 2.0753, 'mean_anomaly': 257.8914, 'mean_motion': 1.00267643, 'rev_num': 0, 'line1': '1 40887U 15044A   25280.57931755 +.00000000 +00000+0 +00000+0 2 99999', 'line2': '2 40887   3.8626  40.1052 0051572   2.0753 257.8914  1.00267643000008', 'epoch': datetime.datetime(2025, 10, 7, 13, 54, 13, 36320)}"
4f8c81f7-e791-4433-930f-13c5254f4cae,U//PR-EXO-ELSETS,34779,2025-10-07T17:56:09.716357Z,0.9451314607204091,34779,False,0.03055385950211244,10.91741631098258,43.91520454275911,278.2443445120425,78.24595963129208,0.0,0.0,0.0,43860.51390449882,1523.59757329672,45200.62188402732,42520.40592497031,34779,1 34779U 09018A   25280.74733468 +.00000000 +00000+0 +00000+0 2 99996,2 34779  10.9174  43.9152 0305538 278.2443  78.2460  0.94513146000002,2025-10-07T18:30:29.423Z,system.exo,EXO,REAL,2,OPS1,"{'NORAD_ID': 34779, 'classification': 'U', 'COSPAR_ID': '09018A', 'BC': 0.0, 'n_ddot': 0.0, 'B_star': 0.0, 'ephemeris_type': 2, 'elset_num': 9999, 'inclination': 10.9174, 'RAAN': 43.9152, 'eccentricity': 0.0305538, 'perigee': 278.2443, 'mean_anomaly': 78.246, 'mean_motion': 0.94513146, 'rev_num': 0, 'line1': '1 34779U 09018A   25280.74733468 +.00000000 +00000+0 +00000+0 2 99996', 'line2': '2 34779  10.9174  43.9152 0305538 278.2443  78.2460  0.94513146000002', 'epoch': datetime.datetime(2025, 10, 7, 17, 56, 9, 716352)}"
c0c30929-21bd-4cd7-abca-0d01502c4a16,U//PR-EXO-ELSETS,42950,2025-10-07T20:43:45.776638Z,1.002673708509367,42950,False,0.0002961785665905093,0.001501540767883131,229.0207158190552,332.7547635581863,107.9413793363656,0.0,0.0,0.0,42165.97150503869,1436.160126449099,42178.46016203795,42153.48284803943,42950,1 42950U 17059A   25280.86372427 +.00000000 +00000+0 +00000+0 2 99997,2 42950   0.0015 229.0207 0002961 332.7548 107.9414  1.00267370000002,2025-10-07T21:06:29.790Z,system.exo,EXO,REAL,2,OPS1,"{'NORAD_ID': 42950, 'classification': 'U', 'COSPAR_ID': '17059A', 'BC': 0.0, 'n_ddot': 0.0, 'B_star': 0.0, 'ephemeris_type': 2, 'elset_num': 9999, 'inclination': 0.0015, 'RAAN': 229.0207, 'eccentricity': 0.0002961, 'perigee': 332.7548, 'mean_anomaly': 107.9414, 'mean_motion': 1.0026737, 'rev_num': 0, 'line1': '1 42950U 17059A   25280.86372427 +.00000000 +00000+0 +00000+0 2 99997', 'line2': '2 42950   0.0015 229.0207 0002961 332.7548 107.9414  1.00267370000002', 'epoch': datetime.datetime(2025, 10, 7, 20, 43, 45, 776928)}"
21c95f10-e321-4b7d-b3df-55cdaab694cb,U//PR-EXO-ELSETS,40895,2025-10-07T20:59:09.492086Z,1.002673382613048,40895,False,2.325495919067598e-05,0.01036525126442808,236.4126386372917,266.9227236715238,174.2438913093792,0.0,0.0,0.0,42165.98064176884,1436.160593240487,42166.9612099279,42165.00007360978,40895,1 40895U 15048A   25280.87441542 +.00000000 +00000+0 +00000+0 2 99995,2 40895   0.0104 236.4126 0000232 266.9227 174.2439  1.00267338000008,2025-10-07T21:30:29.168Z,system.exo,EXO,REAL,2,OPS1,"{'NORAD_ID': 40895, 'classification': 'U', 'COSPAR_ID': '15048A', 'BC': 0.0, 'n_ddot': 0.0, 'B_star': 0.0, 'ephemeris_type': 2, 'elset_num': 9999, 'inclination': 0.0104, 'RAAN': 236.4126, 'eccentricity': 2.32e-05, 'perigee': 266.9227, 'mean_anomaly': 174.2439, 'mean_motion': 1.00267338, 'rev_num': 0, 'line1': '1 40895U 15048A   25280.87441542 +.00000000 +00000+0 +00000+0 2 99995', 'line2': '2 40895   0.0104 236.4126 0000232 266.9227 174.2439  1.00267338000008', 'epoch': datetime.datetime(2025, 10, 7, 20, 59, 9, 492288)}"
6a0728ad-61b3-4670-9ff1-781ed920e25e,U//PR-EXO-ELSETS,60606,2025-10-07T20:44:54.740094Z,1.002664678879432,60606,False,0.0001000129169697004,1.971993308115115,273.6228442697469,327.7972710196437,204.7849971711271,0.0,0.0,0.0,42166.22465882986,1436.173059979863,42170.44182595559,42162.00749170413,60606,1 60606U 24151A   25280.86452245 +.00000000 +00000+0 +00000+0 2 99993,2 60606   1.9720 273.6228 0001000 327.7973 204.7850  1.00266467000006,2025-10-07T21:00:33.081Z,system.exo,EXO,REAL,2,OPS1,"{'NORAD_ID': 60606, 'classification': 'U', 'COSPAR_ID': '24151A', 'BC': 0.0, 'n_ddot': 0.0, 'B_star': 0.0, 'ephemeris_type': 2, 'elset_num': 9999, 'inclination': 1.972, 'RAAN': 273.6228, 'eccentricity': 0.0001, 'perigee': 327.7973, 'mean_anomaly': 204.785, 'mean_motion': 1.00266467, 'rev_num': 0, 'line1': '1 60606U 24151A   25280.86452245 +.00000000 +00000+0 +00000+0 2 99993', 'line2': '2 60606   1.9720 273.6228 0001000 327.7973 204.7850  1.00266467000006', 'epoch': datetime.datetime(2025, 10, 7, 20, 44, 54, 739680)}"
76b0d86f-66e9-40c4-8d47-69df8c0a8477,U//PR-EXO-ELSETS,11623,2025-10-07T17:48:24.922982Z,0.9531613380800712,11623,False,0.02937836166773404,10.74773818009375,307.5776305294252,70.68186372750705,65.62151562334473,0.0,0.0,0.0,43613.83239472403,1510.762074026791,44895.13533653217,42332.52945291589,11623,1 11623U 79098C   25280.74195513 +.00000000 +00000+0 +00000+0 2 99997,2 11623  10.7477 307.5776 0293783  70.6819  65.6215  0.95316133000005,2025-10-07T19:18:29.122Z,system.exo,EXO,REAL,2,OPS1,"{'NORAD_ID': 11623, 'classification': 'U', 'COSPAR_ID': '79098C', 'BC': 0.0, 'n_ddot': 0.0, 'B_star': 0.0, 'ephemeris_type': 2, 'elset_num': 9999, 'inclination': 10.7477, 'RAAN': 307.5776, 'eccentricity': 0.0293783, 'perigee': 70.6819, 'mean_anomaly': 65.6215, 'mean_motion': 0.95316133, 'rev_num': 0, 'line1': '1 11623U 79098C   25280.74195513 +.00000000 +00000+0 +00000+0 2 99997', 'line2': '2 11623  10.7477 307.5776 0293783  70.6819  65.6215  0.95316133000005', 'epoch': datetime.datetime(2025, 10, 7, 17, 48, 24, 923232)}"
bd67f07f-964f-4d0e-a848-d10a22d99f99,U//PR-EXO-ELSETS,40984,2025-10-07T17:48:17.151388Z,1.002699569346371,40984,False,0.0002277908417572937,0.02883713979229315,0.4272006326336004,194.3286078304965,138.9593964742777,0.0,0.0,0.0,42165.2464942532,1436.123086139044,42174.85135124504,42155.64163726137,40984,1 40984U 15060A   25280.74186518 +.00000000 +00000+0 +00000+0 2 99993,2 40984   0.0288   0.4272 0002277 194.3286 138.9594  1.00269956000008,2025-10-07T18:15:29.028Z,system.exo,EXO,REAL,2,OPS1,"{'NORAD_ID': 40984, 'classification': 'U', 'COSPAR_ID': '15060A', 'BC': 0.0, 'n_ddot': 0.0, 'B_star': 0.0, 'ephemeris_type': 2, 'elset_num': 9999, 'inclination': 0.0288, 'RAAN': 0.4272, 'eccentricity': 0.0002277, 'perigee': 194.3286, 'mean_anomaly': 138.9594, 'mean_motion': 1.00269956, 'rev_num': 0, 'line1': '1 40984U 15060A   25280.74186518 +.00000000 +00000+0 +00000+0 2 99993', 'line2': '2 40984   0.0288   0.4272 0002277 194.3286 138.9594  1.00269956000008', 'epoch': datetime.datetime(2025, 10, 7, 17, 48, 17, 151552)}"
6c4ac67e-5fb5-4192-8e39-e2ccbe3155ce,U//PR-EXO-ELSETS,64409,2025-10-07T19:16:32.692973Z,0.994643530758852,64409,False,0.005498213663035876,0.867718146283176,78.80068605281762,76.30286630812769,268.93339129673,0.0,0.0,0.0,42392.61636316718,1447.754854346027,42625.70002566699,42159.53270066738,64409,1 64409U 16053AP  25280.80315617 +.00000000 +00000+0 +00000+0 2 99995,2 64409   0.8677  78.8007 0054982  76.3029 268.9334  0.99464353000006,2025-10-07T19:54:28.852Z,system.exo,EXO,REAL,2,OPS1,"{'NORAD_ID': 64409, 'classification': 'U', 'COSPAR_ID': '16053AP', 'BC': 0.0, 'n_ddot': 0.0, 'B_star': 0.0, 'ephemeris_type': 2, 'elset_num': 9999, 'inclination': 0.8677, 'RAAN': 78.8007, 'eccentricity': 0.0054982, 'perigee': 76.3029, 'mean_anomaly': 268.9334, 'mean_motion': 0.99464353, 'rev_num': 0, 'line1': '1 64409U 16053AP  25280.80315617 +.00000000 +00000+0 +00000+0 2 99995', 'line2': '2 64409   0.8677  78.8007 0054982  76.3029 268.9334  0.99464353000006', 'epoch': datetime.datetime(2025, 10, 7, 19, 16, 32, 693088)}"
ef32d766-710f-41f3-9026-83ce9fcb89d3,U//PR-EXO-ELSETS,25949,2025-10-07T17:49:01.405986Z,0.9849605495041268,25949,False,0.001231104905670016,8.054314536999684,65.70357330572918,212.8994990714967,203.7566018462236,0.0,0.0,0.0,42669.99956083766,1461.987488458254,42722.53080662194,42617.46831505337,25949,1 25949U 99059A   25280.74237738 +.00000000 +00000+0 +00000+0 2 99998,2 25949   8.0543  65.7036 0012311 212.8995 203.7566  0.98496054000006,2025-10-07T22:36:28.910Z,system.exo,EXO,REAL,2,OPS1,"{'NORAD_ID': 25949, 'classification': 'U', 'COSPAR_ID': '99059A', 'BC': 0.0, 'n_ddot': 0.0, 'B_star': 0.0, 'ephemeris_type': 2, 'elset_num': 9999, 'inclination': 8.0543, 'RAAN': 65.7036, 'eccentricity': 0.0012311, 'perigee': 212.8995, 'mean_anomaly': 203.7566, 'mean_motion': 0.98496054, 'rev_num': 0, 'line1': '1 25949U 99059A   25280.74237738 +.00000000 +00000+0 +00000+0 2 99998', 'line2': '2 25949   8.0543  65.7036 0012311 212.8995 203.7566  0.98496054000006', 'epoch': datetime.datetime(2025, 10, 7, 17, 49, 1, 405632)}"
99990169-3920-4076-88b3-4cf595e10162,U//PR-EXO-ELSETS,44904,2025-10-07T20:31:49.339727Z,1.029668108026441,44904,False,0.006943129737485035,4.702303852899439,76.76408931962762,265.7896266964312,98.48221117913934,0.0,0.0,0.0,41425.74760143052,1398.508887256924,41713.37194149956,41138.12326136148,44904,1 44904U 19095B   25280.85543217 +.00000000 +00000+0 +00000+0 2 99996,2 44904   4.7023  76.7641 0069431 265.7896  98.4822  1.02966810000002,2025-10-07T22:36:28.924Z,system.exo,EXO,REAL,2,OPS1,"{'NORAD_ID': 44904, 'classification': 'U', 'COSPAR_ID': '19095B', 'BC': 0.0, 'n_ddot': 0.0, 'B_star': 0.0, 'ephemeris_type': 2, 'elset_num': 9999, 'inclination': 4.7023, 'RAAN': 76.7641, 'eccentricity': 0.0069431, 'perigee': 265.7896, 'mean_anomaly': 98.4822, 'mean_motion': 1.0296681, 'rev_num': 0, 'line1': '1 44904U 19095B   25280.85543217 +.00000000 +00000+0 +00000+0 2 99996', 'line2': '2 44904   4.7023  76.7641 0069431 265.7896  98.4822  1.02966810000002', 'epoch': datetime.datetime(2025, 10, 7, 20, 31, 49, 339488)}"
cea1aaca-7102-499a-aecb-1dd4970925d8,U//PR-EXO-ELSETS,35812,2025-10-07T20:36:26.880125Z,0.9874276166545067,35812,False,0.001630248242491488,5.047497791543898,78.70049093027939,49.36724080939037,313.5955705850126,0.0,0.0,0.0,42598.8965338706,1458.334743440587,42668.34331007702,42529.44975766419,35812,1 35812U 09046A   25280.85864445 +.00000000 +00000+0 +00000+0 2 99998,2 35812   5.0475  78.7005 0016302  49.3672 313.5956  0.98742761000008,2025-10-07T22:09:30.131Z,system.exo,EXO,REAL,2,OPS1,"{'NORAD_ID': 35812, 'classification': 'U', 'COSPAR_ID': '09046A', 'BC': 0.0, 'n_ddot': 0.0, 'B_star': 0.0, 'ephemeris_type': 2, 'elset_num': 9999, 'inclination': 5.0475, 'RAAN': 78.7005, 'eccentricity': 0.0016302, 'perigee': 49.3672, 'mean_anomaly': 313.5956, 'mean_motion': 0.98742761, 'rev_num': 0, 'line1': '1 35812U 09046A   25280.85864445 +.00000000 +00000+0 +00000+0 2 99998', 'line2': '2 35812   5.0475  78.7005 0016302  49.3672 313.5956  0.98742761000008', 'epoch': datetime.datetime(2025, 10, 7, 20, 36, 26, 880480)}"
9d7b8cd5-024d-4e50-9306-f798d46df49c,U//PR-EXO-ELSETS,11841,2025-10-07T21:08:37.889084Z,0.9862640762844747,11841,False,0.0003904384472024059,7.786876067212859,297.3789650232308,326.696130277166,92.34211459639009,0.0,0.0,0.0,42632.39384718303,1460.055206943025,42649.03917283725,42615.74852152882,11841,1 11841U 80049A   25280.88099409 +.00000000 +00000+0 +00000+0 2 99999,2 11841   7.7869 297.3790 0003904 326.6961  92.3421  0.98626407000003,2025-10-07T23:42:27.543Z,system.exo,EXO,REAL,2,OPS1,"{'NORAD_ID': 11841, 'classification': 'U', 'COSPAR_ID': '80049A', 'BC': 0.0, 'n_ddot': 0.0, 'B_star': 0.0, 'ephemeris_type': 2, 'elset_num': 9999, 'inclination': 7.7869, 'RAAN': 297.379, 'eccentricity': 0.0003904, 'perigee': 326.6961, 'mean_anomaly': 92.3421, 'mean_motion': 0.98626407, 'rev_num': 0, 'line1': '1 11841U 80049A   25280.88099409 +.00000000 +00000+0 +00000+0 2 99999', 'line2': '2 11841   7.7869 297.3790 0003904 326.6961  92.3421  0.98626407000003', 'epoch': datetime.datetime(2025, 10, 7, 21, 8, 37, 889376)}"
6afab307-6ec3-424f-a7cc-0f760bb19b08,U//PR-EXO-ELSETS,13753,2025-10-07T18:55:07.215013Z,1.013379524227797,13753,False,0.0002923406920936907,5.455402520962055,283.5159486870215,9.012278897958248,127.1591289921481,0.0,0.0,0.0,41868.47209688375,1420.987858519533,41880.71195499346,41856.23223877404,13753,1 13753U 76023K   25280.78827795 +.00000000 +00000+0 +00000+0 2 99996,2 13753   5.4554 283.5159 0002923   9.0123 127.1591  1.01337952000005,2025-10-07T22:51:27.590Z,system.exo,EXO,REAL,2,OPS1,"{'NORAD_ID': 13753, 'classification': 'U', 'COSPAR_ID': '76023K', 'BC': 0.0, 'n_ddot': 0.0, 'B_star': 0.0, 'ephemeris_type': 2, 'elset_num': 9999, 'inclination': 5.4554, 'RAAN': 283.5159, 'eccentricity': 0.0002923, 'perigee': 9.0123, 'mean_anomaly': 127.1591, 'mean_motion': 1.01337952, 'rev_num': 0, 'line1': '1 13753U 76023K   25280.78827795 +.00000000 +00000+0 +00000+0 2 99996', 'line2': '2 13753   5.4554 283.5159 0002923   9.0123 127.1591  1.01337952000005', 'epoch': datetime.datetime(2025, 10, 7, 18, 55, 7, 214880)}"
570be0fd-22f7-40b3-933b-cbe97761a856,U//PR-EXO-ELSETS,41749,2025-10-07T20:42:29.640740Z,2.443494913796401,41749,False,0.7150533001481101,5.75809449732072,143.2738083827558,121.9987358594124,293.1153284147774,0.0,0.0,0.0,23284.17758260005,589.3198270516168,39933.60560427287,6634.749560927241,41749,1 41749U 16053C   25280.86284306 +.00000000 +00000+0 +00000+0 2 99993,2 41749   5.7581 143.2738 7150533 121.9987 293.1153  2.44349491000006,2025-10-07T21:36:29.813Z,system.exo,EXO,REAL,2,OPS1,"{'NORAD_ID': 41749, 'classification': 'U', 'COSPAR_ID': '16053C', 'BC': 0.0, 'n_ddot': 0.0, 'B_star': 0.0, 'ephemeris_type': 2, 'elset_num': 9999, 'inclination': 5.7581, 'RAAN': 143.2738, 'eccentricity': 0.7150533, 'perigee': 121.9987, 'mean_anomaly': 293.1153, 'mean_motion': 2.44349491, 'rev_num': 0, 'line1': '1 41749U 16053C   25280.86284306 +.00000000 +00000+0 +00000+0 2 99993', 'line2': '2 41749   5.7581 143.2738 7150533 121.9987 293.1153  2.44349491000006', 'epoch': datetime.datetime(2025, 10, 7, 20, 42, 29, 640384)}"
4052fdcf-4efb-4207-a1fc-8567d8a4c9c7,U//PR-EXO-ELSETS,33595,2025-10-07T20:26:08.545760Z,1.002677482561428,33595,False,0.0004407372287546492,2.808576166197834,81.48162063198264,119.2154853752607,111.6140130648474,0.0,0.0,0.0,42165.86569722295,1436.1547207796,42184.44976401839,42147.28163042752,33595,1 33595U 09007A   25280.85148780 +.00000000 +00000+0 +00000+0 2 99998,2 33595   2.8086  81.4816 0004407 119.2155 111.6140  1.00267748000007,2025-10-07T20:42:30.310Z,system.exo,EXO,REAL,2,OPS1,"{'NORAD_ID': 33595, 'classification': 'U', 'COSPAR_ID': '09007A', 'BC': 0.0, 'n_ddot': 0.0, 'B_star': 0.0, 'ephemeris_type': 2, 'elset_num': 9999, 'inclination': 2.8086, 'RAAN': 81.4816, 'eccentricity': 0.0004407, 'perigee': 119.2155, 'mean_anomaly': 111.614, 'mean_motion': 1.00267748, 'rev_num': 0, 'line1': '1 33595U 09007A   25280.85148780 +.00000000 +00000+0 +00000+0 2 99998', 'line2': '2 33595   2.8086  81.4816 0004407 119.2155 111.6140  1.00267748000007', 'epoch': datetime.datetime(2025, 10, 7, 20, 26, 8, 545920)}"
e7182959-11b4-41a5-9bf6-2b22224e9586,U//PR-EXO-ELSETS,37836,2025-10-07T04:32:44.700736Z,1.002680202823518,37836,False,0.000561570246481415,0.06867335122993985,354.1699990107821,207.2546882523313,258.8748458910043,0.0,0.0,0.0,42165.78943345344,1436.150824505163,42189.46848621866,42142.11038068821,37836,1 37836U 11057A   25280.18940626 +.00000000 +00000+0 +00000+0 2 99993,2 37836   0.0687 354.1700 0005615 207.2547 258.8748  1.00268020000005,2025-10-07T05:42:28.227Z,system.exo,EXO,REAL,2,OPS1,"{'NORAD_ID': 37836, 'classification': 'U', 'COSPAR_ID': '11057A', 'BC': 0.0, 'n_ddot': 0.0, 'B_star': 0.0, 'ephemeris_type': 2, 'elset_num': 9999, 'inclination': 0.0687, 'RAAN': 354.17, 'eccentricity': 0.0005615, 'perigee': 207.2547, 'mean_anomaly': 258.8748, 'mean_motion': 1.0026802, 'rev_num': 0, 'line1': '1 37836U 11057A   25280.18940626 +.00000000 +00000+0 +00000+0 2 99993', 'line2': '2 37836   0.0687 354.1700 0005615 207.2547 258.8748  1.00268020000005', 'epoch': datetime.datetime(2025, 10, 7, 4, 32, 44, 700864)}"
7a4238b2-7d8a-48df-8cf7-eb23976d6a81,U//PR-EXO-ELSETS,44479,2025-10-07T19:39:28.804921Z,1.002661670034131,44479,False,0.0003226715130210882,0.04224215729686327,22.34440093786792,178.8645707446126,127.395928447241,0.0,0.0,0.0,42166.30901535627,1436.177369731289,42179.91488208477,42152.70314862776,44479,1 44479U 19050A   25280.81908339 +.00000000 +00000+0 +00000+0 2 99990,2 44479   0.0422  22.3444 0003226 178.8646 127.3959  1.00266167000005,2025-10-07T20:36:32.098Z,system.exo,EXO,REAL,2,OPS1,"{'NORAD_ID': 44479, 'classification': 'U', 'COSPAR_ID': '19050A', 'BC': 0.0, 'n_ddot': 0.0, 'B_star': 0.0, 'ephemeris_type': 2, 'elset_num': 9999, 'inclination': 0.0422, 'RAAN': 22.3444, 'eccentricity': 0.0003226, 'perigee': 178.8646, 'mean_anomaly': 127.3959, 'mean_motion': 1.00266167, 'rev_num': 0, 'line1': '1 44479U 19050A   25280.81908339 +.00000000 +00000+0 +00000+0 2 99990', 'line2': '2 44479   0.0422  22.3444 0003226 178.8646 127.3959  1.00266167000005', 'epoch': datetime.datetime(2025, 10, 7, 19, 39, 28, 804896)}"
3cd39113-0544-4a24-816b-10e1af362daa,U//PR-EXO-ELSETS,49011,2025-10-07T20:57:18.663639Z,1.002672864487326,49011,False,0.0005181787742998525,0.9375639205972883,82.20849951103565,149.0083062707314,116.687225729675,0.0,0.0,0.0,42165.99516779424,1436.161335368622,42187.84469148742,42144.14564410107,49011,1 49011U 21063A   25280.87313268 +.00000000 +00000+0 +00000+0 2 99991,2 49011   0.9376  82.2085 0005181 149.0083 116.6872  1.00267286000000,2025-10-07T21:42:29.633Z,system.exo,EXO,REAL,2,OPS1,"{'NORAD_ID': 49011, 'classification': 'U', 'COSPAR_ID': '21063A', 'BC': 0.0, 'n_ddot': 0.0, 'B_star': 0.0, 'ephemeris_type': 2, 'elset_num': 9999, 'inclination': 0.9376, 'RAAN': 82.2085, 'eccentricity': 0.0005181, 'perigee': 149.0083, 'mean_anomaly': 116.6872, 'mean_motion': 1.00267286, 'rev_num': 0, 'line1': '1 49011U 21063A   25280.87313268 +.00000000 +00000+0 +00000+0 2 99991', 'line2': '2 49011   0.9376  82.2085 0005181 149.0083 116.6872  1.00267286000000', 'epoch': datetime.datetime(2025, 10, 7, 20, 57, 18, 663552)}"
6c5eb55c-b749-4d5b-baa8-7702b9689464,U//PR-EXO-ELSETS,25522,2025-10-07T20:10:27.800712Z,0.9518160102412025,25522,False,0.02777195007587331,8.495219700301686,66.23086867522933,298.4433016160767,65.86354521270887,0.0,0.0,0.0,43654.91952974055,1512.897434489556,44867.30177548677,42442.53728399432,25522,1 25522U 98065A   25280.84059955 +.00000000 +00000+0 +00000+0 2 99995,2 25522   8.4952  66.2309 0277719 298.4433  65.8635  0.95181601000002,2025-10-07T20:57:28.669Z,system.exo,EXO,REAL,2,OPS1,"{'NORAD_ID': 25522, 'classification': 'U', 'COSPAR_ID': '98065A', 'BC': 0.0, 'n_ddot': 0.0, 'B_star': 0.0, 'ephemeris_type': 2, 'elset_num': 9999, 'inclination': 8.4952, 'RAAN': 66.2309, 'eccentricity': 0.0277719, 'perigee': 298.4433, 'mean_anomaly': 65.8635, 'mean_motion': 0.95181601, 'rev_num': 0, 'line1': '1 25522U 98065A   25280.84059955 +.00000000 +00000+0 +00000+0 2 99995', 'line2': '2 25522   8.4952  66.2309 0277719 298.4433  65.8635  0.95181601000002', 'epoch': datetime.datetime(2025, 10, 7, 20, 10, 27, 801120)}"
4873a4e7-516e-4e41-95c1-04244702c434,U//PR-EXO-ELSETS,26469,2025-10-07T19:18:01.134738Z,0.9916080449317151,26469,False,0.0007799312656920181,8.658521885248637,61.57086764320513,188.1250559289103,170.5317502875198,0.0,0.0,0.0,42479.08643088508,1452.186685414762,42512.21719853056,42445.9556632396,26469,1 26469U 00046A   25280.80417980 +.00000000 +00000+0 +00000+0 2 99990,2 26469   8.6585  61.5709 0007799 188.1251 170.5318  0.99160804000009,2025-10-07T20:51:28.053Z,system.exo,EXO,REAL,2,OPS1,"{'NORAD_ID': 26469, 'classification': 'U', 'COSPAR_ID': '00046A', 'BC': 0.0, 'n_ddot': 0.0, 'B_star': 0.0, 'ephemeris_type': 2, 'elset_num': 9999, 'inclination': 8.6585, 'RAAN': 61.5709, 'eccentricity': 0.0007799, 'perigee': 188.1251, 'mean_anomaly': 170.5318, 'mean_motion': 0.99160804, 'rev_num': 0, 'line1': '1 26469U 00046A   25280.80417980 +.00000000 +00000+0 +00000+0 2 99990', 'line2': '2 26469   8.6585  61.5709 0007799 188.1251 170.5318  0.99160804000009', 'epoch': datetime.datetime(2025, 10, 7, 19, 18, 1, 134720)}"
67c6af88-53fc-46a0-9bfc-513957c10db0,U//PR-EXO-ELSETS,15219,2025-10-07T17:50:29.280987Z,0.9602177502452989,15219,False,0.001789744299550115,11.32427744785896,318.4285663810978,201.3632321726923,322.7960033946636,0.0,0.0,0.0,43399.89803598088,1499.659842397347,43477.57275609183,43322.22331586993,15219,1 15219U 84090A   25280.74339446 +.00000000 +00000+0 +00000+0 2 99995,2 15219  11.3243 318.4286 0017897 201.3632 322.7960  0.96021775000001,2025-10-07T18:21:30.259Z,system.exo,EXO,REAL,2,OPS1,"{'NORAD_ID': 15219, 'classification': 'U', 'COSPAR_ID': '84090A', 'BC': 0.0, 'n_ddot': 0.0, 'B_star': 0.0, 'ephemeris_type': 2, 'elset_num': 9999, 'inclination': 11.3243, 'RAAN': 318.4286, 'eccentricity': 0.0017897, 'perigee': 201.3632, 'mean_anomaly': 322.796, 'mean_motion': 0.96021775, 'rev_num': 0, 'line1': '1 15219U 84090A   25280.74339446 +.00000000 +00000+0 +00000+0 2 99995', 'line2': '2 15219  11.3243 318.4286 0017897 201.3632 322.7960  0.96021775000001', 'epoch': datetime.datetime(2025, 10, 7, 17, 50, 29, 281344)}"
fe1f48e6-98eb-48c1-8354-8bb36dedd8c7,U//PR-EXO-ELSETS,44034,2025-10-07T04:25:16.929759Z,1.002664615508495,44034,False,0.0006035278483463828,0.06271734254211184,129.9414316528594,45.25167719324082,306.2046821387543,0.0,0.0,0.0,42166.22643550445,1436.173150749629,42191.67492741795,42140.77794359095,44034,1 44034U 19007A   25280.18422372 +.00000000 +00000+0 +00000+0 2 99997,2 44034   0.0627 129.9414 0006035  45.2517 306.2047  1.00266461000008,2025-10-07T05:06:30.247Z,system.exo,EXO,REAL,2,OPS1,"{'NORAD_ID': 44034, 'classification': 'U', 'COSPAR_ID': '19007A', 'BC': 0.0, 'n_ddot': 0.0, 'B_star': 0.0, 'ephemeris_type': 2, 'elset_num': 9999, 'inclination': 0.0627, 'RAAN': 129.9414, 'eccentricity': 0.0006035, 'perigee': 45.2517, 'mean_anomaly': 306.2047, 'mean_motion': 1.00266461, 'rev_num': 0, 'line1': '1 44034U 19007A   25280.18422372 +.00000000 +00000+0 +00000+0 2 99997', 'line2': '2 44034   0.0627 129.9414 0006035  45.2517 306.2047  1.00266461000008', 'epoch': datetime.datetime(2025, 10, 7, 4, 25, 16, 929408)}"
574537e6-97c9-449b-b17f-aa09fd4916ba,U//PR-EXO-ELSETS,42814,2025-10-07T20:37:47.981757Z,1.002662245475278,42814,False,4.659454055665682e-05,0.08416287495675287,54.39685565853901,74.64122485979456,236.1700880684495,0.0,0.0,0.0,42166.29288215245,1436.176545490069,42168.25760119627,42164.32816310863,42814,1 42814U 17040A   25280.85958312 +.00000000 +00000+0 +00000+0 2 99998,2 42814   0.0842  54.3969 0000465  74.6412 236.1701  1.00266224000003,2025-10-07T21:21:29.544Z,system.exo,EXO,REAL,2,OPS1,"{'NORAD_ID': 42814, 'classification': 'U', 'COSPAR_ID': '17040A', 'BC': 0.0, 'n_ddot': 0.0, 'B_star': 0.0, 'ephemeris_type': 2, 'elset_num': 9999, 'inclination': 0.0842, 'RAAN': 54.3969, 'eccentricity': 4.65e-05, 'perigee': 74.6412, 'mean_anomaly': 236.1701, 'mean_motion': 1.00266224, 'rev_num': 0, 'line1': '1 42814U 17040A   25280.85958312 +.00000000 +00000+0 +00000+0 2 99998', 'line2': '2 42814   0.0842  54.3969 0000465  74.6412 236.1701  1.00266224000003', 'epoch': datetime.datetime(2025, 10, 7, 20, 37, 47, 981568)}"
6a07b536-cc63-44e3-9afc-68e9dd3d66ff,U//PR-EXO-ELSETS,64094,2025-10-07T18:34:52.964950Z,0.9883424731460089,64094,False,0.001573733425037779,3.726741434135416,314.0554569545894,224.8409869330166,245.9902395878345,0.0,0.0,0.0,42572.60477574884,1456.984839896957,42639.60270687536,42505.60684462232,64094,1 64094U 25097C   25280.77422413 +.00000000 +00000+0 +00000+0 2 99992,2 64094   3.7267 314.0555 0015737 224.8410 245.9902  0.98834247000003,2025-10-07T19:15:29.309Z,system.exo,EXO,REAL,2,OPS1,"{'NORAD_ID': 64094, 'classification': 'U', 'COSPAR_ID': '25097C', 'BC': 0.0, 'n_ddot': 0.0, 'B_star': 0.0, 'ephemeris_type': 2, 'elset_num': 9999, 'inclination': 3.7267, 'RAAN': 314.0555, 'eccentricity': 0.0015737, 'perigee': 224.841, 'mean_anomaly': 245.9902, 'mean_motion': 0.98834247, 'rev_num': 0, 'line1': '1 64094U 25097C   25280.77422413 +.00000000 +00000+0 +00000+0 2 99992', 'line2': '2 64094   3.7267 314.0555 0015737 224.8410 245.9902  0.98834247000003', 'epoch': datetime.datetime(2025, 10, 7, 18, 34, 52, 964832)}"
5be1562c-fa43-4a8a-b16f-2107bef99080,U//PR-EXO-ELSETS,21132,2025-10-07T20:54:46.752976Z,1.003160355116882,21132,False,0.000260088738855101,13.57830050439125,338.7490679758079,231.9219755483619,146.7762631849835,0.0,0.0,0.0,42152.33354820836,1435.463425817122,42163.29689548071,42141.37020093601,21132,1 21132U 91014A   25280.87137446 +.00000000 +00000+0 +00000+0 2 99990,2 21132  13.5783 338.7491 0002600 231.9220 146.7763  1.00316035000003,2025-10-07T21:42:29.601Z,system.exo,EXO,REAL,2,OPS1,"{'NORAD_ID': 21132, 'classification': 'U', 'COSPAR_ID': '91014A', 'BC': 0.0, 'n_ddot': 0.0, 'B_star': 0.0, 'ephemeris_type': 2, 'elset_num': 9999, 'inclination': 13.5783, 'RAAN': 338.7491, 'eccentricity': 0.00026, 'perigee': 231.922, 'mean_anomaly': 146.7763, 'mean_motion': 1.00316035, 'rev_num': 0, 'line1': '1 21132U 91014A   25280.87137446 +.00000000 +00000+0 +00000+0 2 99990', 'line2': '2 21132  13.5783 338.7491 0002600 231.9220 146.7763  1.00316035000003', 'epoch': datetime.datetime(2025, 10, 7, 20, 54, 46, 753344)}"
1c113a09-df94-46e3-aea0-2712d69a3971,U//PR-EXO-ELSETS,13129,2025-10-07T18:47:10.207099Z,1.003254382191701,13129,False,0.0006535866084107406,7.707385557590829,300.3784030495197,58.58313886777101,338.7881943797091,0.0,0.0,0.0,42149.69977116975,1435.328891217189,42177.24825048872,42122.15129185079,13129,1 13129U 82031A   25280.78275703 +.00000000 +00000+0 +00000+0 2 99995,2 13129   7.7074 300.3784 0006535  58.5831 338.7882  1.00325438000002,2025-10-07T19:21:29.396Z,system.exo,EXO,REAL,2,OPS1,"{'NORAD_ID': 13129, 'classification': 'U', 'COSPAR_ID': '82031A', 'BC': 0.0, 'n_ddot': 0.0, 'B_star': 0.0, 'ephemeris_type': 2, 'elset_num': 9999, 'inclination': 7.7074, 'RAAN': 300.3784, 'eccentricity': 0.0006535, 'perigee': 58.5831, 'mean_anomaly': 338.7882, 'mean_motion': 1.00325438, 'rev_num': 0, 'line1': '1 13129U 82031A   25280.78275703 +.00000000 +00000+0 +00000+0 2 99995', 'line2': '2 13129   7.7074 300.3784 0006535  58.5831 338.7882  1.00325438000002', 'epoch': datetime.datetime(2025, 10, 7, 18, 47, 10, 207392)}"
ca46491d-2442-4853-80bc-2ade4204fc9e,U//PR-EXO-ELSETS,10159,2025-10-07T20:06:54.869942Z,1.002352019331532,10159,False,0.001011205352616147,4.770358822136474,276.9887543461111,293.1443812281329,146.5130670163417,0.0,0.0,0.0,42174.99269453724,1436.621039542909,42217.6402728965,42132.34511617798,10159,1 10159U 77071A   25280.83813507 +.00000000 +00000+0 +00000+0 2 99999,2 10159   4.7704 276.9888 0010112 293.1444 146.5131  1.00235201000005,2025-10-07T22:21:31.316Z,system.exo,EXO,REAL,2,OPS1,"{'NORAD_ID': 10159, 'classification': 'U', 'COSPAR_ID': '77071A', 'BC': 0.0, 'n_ddot': 0.0, 'B_star': 0.0, 'ephemeris_type': 2, 'elset_num': 9999, 'inclination': 4.7704, 'RAAN': 276.9888, 'eccentricity': 0.0010112, 'perigee': 293.1444, 'mean_anomaly': 146.5131, 'mean_motion': 1.00235201, 'rev_num': 0, 'line1': '1 10159U 77071A   25280.83813507 +.00000000 +00000+0 +00000+0 2 99999', 'line2': '2 10159   4.7704 276.9888 0010112 293.1444 146.5131  1.00235201000005', 'epoch': datetime.datetime(2025, 10, 7, 20, 6, 54, 870048)}"
96280295-ab0b-4638-bdc8-bddc42a8cdd9,U//PR-EXO-ELSETS,61910,2025-10-07T20:36:26.880125Z,1.002666940664017,61910,False,0.0001160954204801715,0.008506717636891894,192.2130468597398,11.10369474050146,238.5780063607856,0.0,0.0,0.0,42166.16124730941,1436.169820305792,42171.05654552946,42161.26594908937,61910,1 61910U 24206A   25280.85864445 +.00000000 +00000+0 +00000+0 2 99991,2 61910   0.0085 192.2130 0001160  11.1037 238.5780  1.00266694000008,2025-10-07T21:03:29.139Z,system.exo,EXO,REAL,2,OPS1,"{'NORAD_ID': 61910, 'classification': 'U', 'COSPAR_ID': '24206A', 'BC': 0.0, 'n_ddot': 0.0, 'B_star': 0.0, 'ephemeris_type': 2, 'elset_num': 9999, 'inclination': 0.0085, 'RAAN': 192.213, 'eccentricity': 0.000116, 'perigee': 11.1037, 'mean_anomaly': 238.578, 'mean_motion': 1.00266694, 'rev_num': 0, 'line1': '1 61910U 24206A   25280.85864445 +.00000000 +00000+0 +00000+0 2 99991', 'line2': '2 61910   0.0085 192.2130 0001160  11.1037 238.5780  1.00266694000008', 'epoch': datetime.datetime(2025, 10, 7, 20, 36, 26, 880480)}"
4b5448cb-c553-4c42-90ee-70284105233b,U//PR-EXO-ELSETS,42691,2025-10-07T20:36:26.880125Z,1.002668351478228,42691,False,0.0001753378243066818,0.03935861978989088,323.7279274764126,244.8245671972741,233.2239398089347,0.0,0.0,0.0,42166.1216937632,1436.167799529143,42173.51500980044,42158.72837772597,42691,1 42691U 17023A   25280.85864445 +.00000000 +00000+0 +00000+0 2 99995,2 42691   0.0394 323.7279 0001753 244.8246 233.2239  1.00266835000004,2025-10-07T21:42:29.627Z,system.exo,EXO,REAL,2,OPS1,"{'NORAD_ID': 42691, 'classification': 'U', 'COSPAR_ID': '17023A', 'BC': 0.0, 'n_ddot': 0.0, 'B_star': 0.0, 'ephemeris_type': 2, 'elset_num': 9999, 'inclination': 0.0394, 'RAAN': 323.7279, 'eccentricity': 0.0001753, 'perigee': 244.8246, 'mean_anomaly': 233.2239, 'mean_motion': 1.00266835, 'rev_num': 0, 'line1': '1 42691U 17023A   25280.85864445 +.00000000 +00000+0 +00000+0 2 99995', 'line2': '2 42691   0.0394 323.7279 0001753 244.8246 233.2239  1.00266835000004', 'epoch': datetime.datetime(2025, 10, 7, 20, 36, 26, 880480)}"
8b905425-62a1-40a4-a4ee-1acad4aa162e,U//PR-EXO-ELSETS,58253,2025-10-07T20:36:26.880125Z,1.002679650587798,58253,False,0.0003055363296278698,0.012244757633581,149.4168234848566,158.7005380871165,133.2946684886686,0.0,0.0,0.0,42165.80491560198,1436.151615479413,42178.6881008717,42152.92173033227,58253,1 58253U 23172A   25280.85864445 +.00000000 +00000+0 +00000+0 2 99998,2 58253   0.0122 149.4168 0003055 158.7005 133.2947  1.00267965000007,2025-10-07T21:36:29.822Z,system.exo,EXO,REAL,2,OPS1,"{'NORAD_ID': 58253, 'classification': 'U', 'COSPAR_ID': '23172A', 'BC': 0.0, 'n_ddot': 0.0, 'B_star': 0.0, 'ephemeris_type': 2, 'elset_num': 9999, 'inclination': 0.0122, 'RAAN': 149.4168, 'eccentricity': 0.0003055, 'perigee': 158.7005, 'mean_anomaly': 133.2947, 'mean_motion': 1.00267965, 'rev_num': 0, 'line1': '1 58253U 23172A   25280.85864445 +.00000000 +00000+0 +00000+0 2 99998', 'line2': '2 58253   0.0122 149.4168 0003055 158.7005 133.2947  1.00267965000007', 'epoch': datetime.datetime(2025, 10, 7, 20, 36, 26, 880480)}"
0b8ec1cb-9557-46cc-bf54-aeb09aaa286e,U//PR-EXO-ELSETS,14158,2025-10-07T20:12:09.493703Z,1.001145455483721,14158,False,0.0004810662494852576,13.78230164607861,343.5237841273051,245.1767103277249,128.972543614801,0.0,0.0,0.0,42208.87162480605,1438.352431320021,42229.1768883736,42188.5663612385,14158,1 14158U 83065A   25280.84177655 +.00000000 +00000+0 +00000+0 2 99990,2 14158  13.7823 343.5238 0004810 245.1767 128.9725  1.00114545000003,2025-10-07T21:33:28.636Z,system.exo,EXO,REAL,2,OPS1,"{'NORAD_ID': 14158, 'classification': 'U', 'COSPAR_ID': '83065A', 'BC': 0.0, 'n_ddot': 0.0, 'B_star': 0.0, 'ephemeris_type': 2, 'elset_num': 9999, 'inclination': 13.7823, 'RAAN': 343.5238, 'eccentricity': 0.000481, 'perigee': 245.1767, 'mean_anomaly': 128.9725, 'mean_motion': 1.00114545, 'rev_num': 0, 'line1': '1 14158U 83065A   25280.84177655 +.00000000 +00000+0 +00000+0 2 99990', 'line2': '2 14158  13.7823 343.5238 0004810 245.1767 128.9725  1.00114545000003', 'epoch': datetime.datetime(2025, 10, 7, 20, 12, 9, 493920)}"
e9ee86f5-01ac-42ab-8bac-26baa82e8b4c,U//PR-EXO-ELSETS,21821,2025-10-07T20:12:09.493703Z,1.002230472607322,21821,False,0.0006895473266643649,13.55234659280102,342.8730420393854,193.0389818908816,181.5181115842181,0.0,0.0,0.0,42178.4025081056,1436.795267513481,42207.48651279804,42149.31850341317,21821,1 21821U 91087A   25280.84177655 +.00000000 +00000+0 +00000+0 2 99998,2 21821  13.5523 342.8730 0006895 193.0390 181.5181  1.00223047000009,2025-10-07T21:48:31.790Z,system.exo,EXO,REAL,2,OPS1,"{'NORAD_ID': 21821, 'classification': 'U', 'COSPAR_ID': '91087A', 'BC': 0.0, 'n_ddot': 0.0, 'B_star': 0.0, 'ephemeris_type': 2, 'elset_num': 9999, 'inclination': 13.5523, 'RAAN': 342.873, 'eccentricity': 0.0006895, 'perigee': 193.039, 'mean_anomaly': 181.5181, 'mean_motion': 1.00223047, 'rev_num': 0, 'line1': '1 21821U 91087A   25280.84177655 +.00000000 +00000+0 +00000+0 2 99998', 'line2': '2 21821  13.5523 342.8730 0006895 193.0390 181.5181  1.00223047000009', 'epoch': datetime.datetime(2025, 10, 7, 20, 12, 9, 493920)}"
8b431953-4434-447c-8160-5f039bcc1105,U//PR-EXO-ELSETS,20932,2025-10-07T19:20:55.225123Z,0.9924947451303462,20932,False,0.0003892316192457274,14.02946308058238,343.9654268492822,39.57656546320301,321.71586918786,0.0,0.0,0.0,42453.78196432252,1450.889293938662,42470.30631861959,42437.25761002544,20932,1 20932U 90095D   25280.80619474 +.00000000 +00000+0 +00000+0 2 99994,2 20932  14.0295 343.9654 0003892  39.5766 321.7159  0.99249474000007,2025-10-07T20:42:30.300Z,system.exo,EXO,REAL,2,OPS1,"{'NORAD_ID': 20932, 'classification': 'U', 'COSPAR_ID': '90095D', 'BC': 0.0, 'n_ddot': 0.0, 'B_star': 0.0, 'ephemeris_type': 2, 'elset_num': 9999, 'inclination': 14.0295, 'RAAN': 343.9654, 'eccentricity': 0.0003892, 'perigee': 39.5766, 'mean_anomaly': 321.7159, 'mean_motion': 0.99249474, 'rev_num': 0, 'line1': '1 20932U 90095D   25280.80619474 +.00000000 +00000+0 +00000+0 2 99994', 'line2': '2 20932  14.0295 343.9654 0003892  39.5766 321.7159  0.99249474000007', 'epoch': datetime.datetime(2025, 10, 7, 19, 20, 55, 225536)}"
1a07413c-cf9f-4596-956a-1fc9d715ea17,U//PR-EXO-ELSETS,24435,2025-10-07T19:24:40.868317Z,1.002980364205268,24435,False,0.0006317104339583192,14.59366719190368,356.2729488886977,346.0121220299885,16.0409740227864,0.0,0.0,0.0,42157.37639205492,1435.721028438093,42184.00764659009,42130.74513751975,24435,1 24435U 96058A   25280.80880635 +.00000000 +00000+0 +00000+0 2 99990,2 24435  14.5937 356.2729 0006317 346.0121  16.0410  1.00298036000008,2025-10-07T22:12:29.924Z,system.exo,EXO,REAL,2,OPS1,"{'NORAD_ID': 24435, 'classification': 'U', 'COSPAR_ID': '96058A', 'BC': 0.0, 'n_ddot': 0.0, 'B_star': 0.0, 'ephemeris_type': 2, 'elset_num': 9999, 'inclination': 14.5937, 'RAAN': 356.2729, 'eccentricity': 0.0006317, 'perigee': 346.0121, 'mean_anomaly': 16.041, 'mean_motion': 1.00298036, 'rev_num': 0, 'line1': '1 24435U 96058A   25280.80880635 +.00000000 +00000+0 +00000+0 2 99990', 'line2': '2 24435  14.5937 356.2729 0006317 346.0121  16.0410  1.00298036000008', 'epoch': datetime.datetime(2025, 10, 7, 19, 24, 40, 868640)}"
de5ad65f-9c4a-4742-8886-9d46a3c4230d,U//PR-EXO-ELSETS,22981,2025-10-07T19:07:49.153990Z,1.002652870648867,22981,False,0.0003801684925076469,14.27223703777114,350.0979053402232,213.5805154347416,148.7317550133116,0.0,0.0,0.0,42166.55571892059,1436.189973772382,42182.58611484249,42150.52532299869,22981,1 22981U 94008A   25280.79709669 +.00000000 +00000+0 +00000+0 2 99992,2 22981  14.2722 350.0979 0003801 213.5805 148.7318  1.00265287000004,2025-10-07T19:54:28.826Z,system.exo,EXO,REAL,2,OPS1,"{'NORAD_ID': 22981, 'classification': 'U', 'COSPAR_ID': '94008A', 'BC': 0.0, 'n_ddot': 0.0, 'B_star': 0.0, 'ephemeris_type': 2, 'elset_num': 9999, 'inclination': 14.2722, 'RAAN': 350.0979, 'eccentricity': 0.0003801, 'perigee': 213.5805, 'mean_anomaly': 148.7318, 'mean_motion': 1.00265287, 'rev_num': 0, 'line1': '1 22981U 94008A   25280.79709669 +.00000000 +00000+0 +00000+0 2 99992', 'line2': '2 22981  14.2722 350.0979 0003801 213.5805 148.7318  1.00265287000004', 'epoch': datetime.datetime(2025, 10, 7, 19, 7, 49, 154016)}"
abc8bd4e-5935-477b-8645-b2e310540900,U//PR-EXO-ELSETS,13669,2025-10-07T19:51:37.074236Z,0.9770458294931573,13669,False,0.004274434136430544,9.707152846172955,312.9165193713906,286.9623684179679,117.125145152931,0.0,0.0,0.0,42900.12644757386,1473.830557924801,43083.50021251856,42716.75268262917,13669,1 13669U 82113A   25280.82751243 +.00000000 +00000+0 +00000+0 2 99998,2 13669   9.7072 312.9165 0042744 286.9624 117.1251  0.97704582000007,2025-10-07T22:15:28.225Z,system.exo,EXO,REAL,2,OPS1,"{'NORAD_ID': 13669, 'classification': 'U', 'COSPAR_ID': '82113A', 'BC': 0.0, 'n_ddot': 0.0, 'B_star': 0.0, 'ephemeris_type': 2, 'elset_num': 9999, 'inclination': 9.7072, 'RAAN': 312.9165, 'eccentricity': 0.0042744, 'perigee': 286.9624, 'mean_anomaly': 117.1251, 'mean_motion': 0.97704582, 'rev_num': 0, 'line1': '1 13669U 82113A   25280.82751243 +.00000000 +00000+0 +00000+0 2 99998', 'line2': '2 13669   9.7072 312.9165 0042744 286.9624 117.1251  0.97704582000007', 'epoch': datetime.datetime(2025, 10, 7, 19, 51, 37, 73952)}"
93e15865-6958-4e4f-94b1-9a95b9d0d1e9,U//PR-EXO-ELSETS,26895,2025-10-07T17:57:08.793003Z,1.002671926723629,26895,False,0.001908702189165999,13.03979120648537,16.30362080477336,81.84718308375216,305.6555328395638,0.0,0.0,0.0,42166.02145870245,1436.162678559678,42246.50383616909,42085.5390812358,26895,1 26895U 01037D   25280.74801844 +.00000000 +00000+0 +00000+0 2 99993,2 26895  13.0398  16.3036 0019087  81.8472 305.6555  1.00267192000007,2025-10-07T18:18:29.629Z,system.exo,EXO,REAL,2,OPS1,"{'NORAD_ID': 26895, 'classification': 'U', 'COSPAR_ID': '01037D', 'BC': 0.0, 'n_ddot': 0.0, 'B_star': 0.0, 'ephemeris_type': 2, 'elset_num': 9999, 'inclination': 13.0398, 'RAAN': 16.3036, 'eccentricity': 0.0019087, 'perigee': 81.8472, 'mean_anomaly': 305.6555, 'mean_motion': 1.00267192, 'rev_num': 0, 'line1': '1 26895U 01037D   25280.74801844 +.00000000 +00000+0 +00000+0 2 99993', 'line2': '2 26895  13.0398  16.3036 0019087  81.8472 305.6555  1.00267192000007', 'epoch': datetime.datetime(2025, 10, 7, 17, 57, 8, 793216)}"
5dc322ee-c1f8-4af6-aebe-723c741e10ab,U//PR-EXO-ELSETS,14725,2025-10-07T17:59:52.797142Z,1.002675051930036,14725,False,0.0002925828350498975,9.06327676397713,312.432153920815,209.8693295972718,187.6958951188342,0.0,0.0,0.0,42165.93384135748,1436.15820222929,42178.27086982331,42153.59681289165,14725,1 14725U 84016A   25280.74991663 +.00000000 +00000+0 +00000+0 2 99999,2 14725   9.0633 312.4322 0002925 209.8693 187.6959  1.00267505000005,2025-10-07T18:54:28.905Z,system.exo,EXO,REAL,2,OPS1,"{'NORAD_ID': 14725, 'classification': 'U', 'COSPAR_ID': '84016A', 'BC': 0.0, 'n_ddot': 0.0, 'B_star': 0.0, 'ephemeris_type': 2, 'elset_num': 9999, 'inclination': 9.0633, 'RAAN': 312.4322, 'eccentricity': 0.0002925, 'perigee': 209.8693, 'mean_anomaly': 187.6959, 'mean_motion': 1.00267505, 'rev_num': 0, 'line1': '1 14725U 84016A   25280.74991663 +.00000000 +00000+0 +00000+0 2 99999', 'line2': '2 14725   9.0633 312.4322 0002925 209.8693 187.6959  1.00267505000005', 'epoch': datetime.datetime(2025, 10, 7, 17, 59, 52, 796832)}"
7a6c77fe-1e23-4441-a09a-c05e7260a95d,U//PR-EXO-ELSETS,23653,2025-10-07T17:56:16.183994Z,1.002599923129647,23653,False,0.0008246016420721302,14.39847883639345,354.6154659671506,237.5580156970419,197.9408829414297,0.0,0.0,0.0,42168.04025581813,1436.265819276143,42202.81209105604,42133.26842058022,23653,1 23653U 95045A   25280.74740954 +.00000000 +00000+0 +00000+0 2 99998,2 23653  14.3985 354.6155 0008246 237.5580 197.9409  1.00259992000006,2025-10-07T18:27:29.008Z,system.exo,EXO,REAL,2,OPS1,"{'NORAD_ID': 23653, 'classification': 'U', 'COSPAR_ID': '95045A', 'BC': 0.0, 'n_ddot': 0.0, 'B_star': 0.0, 'ephemeris_type': 2, 'elset_num': 9999, 'inclination': 14.3985, 'RAAN': 354.6155, 'eccentricity': 0.0008246, 'perigee': 237.558, 'mean_anomaly': 197.9409, 'mean_motion': 1.00259992, 'rev_num': 0, 'line1': '1 23653U 95045A   25280.74740954 +.00000000 +00000+0 +00000+0 2 99998', 'line2': '2 23653  14.3985 354.6155 0008246 237.5580 197.9409  1.00259992000006', 'epoch': datetime.datetime(2025, 10, 7, 17, 56, 16, 184256)}"
1ff239d2-77a1-4e8d-af87-9f9a2c076d7a,U//PR-EXO-ELSETS,27785,2025-10-07T19:40:02.045859Z,1.017689240123868,27785,False,0.1024289354961964,5.030895946010591,269.9505569732744,257.5584544380502,153.9088534114707,0.0,0.0,0.0,41750.18529020399,1414.970251453903,46026.61232624854,37473.75825415944,27785,1 27785U 68063B   25280.81946812 +.00000000 +00000+0 +00000+0 2 99997,2 27785   5.0309 269.9506 1024289 257.5585 153.9089  1.01768924000001,2025-10-07T20:27:27.929Z,system.exo,EXO,REAL,2,OPS1,"{'NORAD_ID': 27785, 'classification': 'U', 'COSPAR_ID': '68063B', 'BC': 0.0, 'n_ddot': 0.0, 'B_star': 0.0, 'ephemeris_type': 2, 'elset_num': 9999, 'inclination': 5.0309, 'RAAN': 269.9506, 'eccentricity': 0.1024289, 'perigee': 257.5585, 'mean_anomaly': 153.9089, 'mean_motion': 1.01768924, 'rev_num': 0, 'line1': '1 27785U 68063B   25280.81946812 +.00000000 +00000+0 +00000+0 2 99997', 'line2': '2 27785   5.0309 269.9506 1024289 257.5585 153.9089  1.01768924000001', 'epoch': datetime.datetime(2025, 10, 7, 19, 40, 2, 45568)}"
64cffc2e-6539-4b3c-898a-16dd64855da2,U//PR-EXO-ELSETS,32373,2025-10-07T20:39:06.729268Z,0.9939661023462631,32373,False,0.0002971436789950703,9.610053801434784,54.153999829963,163.2899100849693,93.85614664360506,0.0,0.0,0.0,42411.87570655343,1448.741558289434,42424.47812733396,42399.27328577291,32373,1 32373U 07058A   25280.86049455 +.00000000 +00000+0 +00000+0 2 99995,2 32373   9.6101  54.1540 0002971 163.2899  93.8561  0.99396610000008,2025-10-07T21:06:29.771Z,system.exo,EXO,REAL,2,OPS1,"{'NORAD_ID': 32373, 'classification': 'U', 'COSPAR_ID': '07058A', 'BC': 0.0, 'n_ddot': 0.0, 'B_star': 0.0, 'ephemeris_type': 2, 'elset_num': 9999, 'inclination': 9.6101, 'RAAN': 54.154, 'eccentricity': 0.0002971, 'perigee': 163.2899, 'mean_anomaly': 93.8561, 'mean_motion': 0.9939661, 'rev_num': 0, 'line1': '1 32373U 07058A   25280.86049455 +.00000000 +00000+0 +00000+0 2 99995', 'line2': '2 32373   9.6101  54.1540 0002971 163.2899  93.8561  0.99396610000008', 'epoch': datetime.datetime(2025, 10, 7, 20, 39, 6, 729120)}"
f30bb0a4-4e29-4649-8a7c-592393661751,U//PR-EXO-ELSETS,20837,2025-10-07T18:05:08.832000Z,0.9936262926604968,20837,False,0.007584583340494788,8.156733136798199,300.463896659864,205.8483342752304,159.2408172084365,0.0,0.0,0.0,42421.54476418017,1449.237012583785,42743.29450587663,42099.79502248372,20837,1 20837U 81057F   25280.75357444 +.00000000 +00000+0 +00000+0 2 99996,2 20837   8.1567 300.4639 0075845 205.8483 159.2408  0.99362629000008,2025-10-07T18:57:28.738Z,system.exo,EXO,REAL,2,OPS1,"{'NORAD_ID': 20837, 'classification': 'U', 'COSPAR_ID': '81057F', 'BC': 0.0, 'n_ddot': 0.0, 'B_star': 0.0, 'ephemeris_type': 2, 'elset_num': 9999, 'inclination': 8.1567, 'RAAN': 300.4639, 'eccentricity': 0.0075845, 'perigee': 205.8483, 'mean_anomaly': 159.2408, 'mean_motion': 0.99362629, 'rev_num': 0, 'line1': '1 20837U 81057F   25280.75357444 +.00000000 +00000+0 +00000+0 2 99996', 'line2': '2 20837   8.1567 300.4639 0075845 205.8483 159.2408  0.99362629000008', 'epoch': datetime.datetime(2025, 10, 7, 18, 5, 8, 831616)}"
63917952-b22c-406b-8d64-083d031a8045,U//PR-EXO-ELSETS,43917,2025-10-07T18:40:18.906976Z,0.9834876930705944,43917,False,0.0006825739344461946,4.01183731111694,81.87713503699612,118.9814482387407,160.5803161857707,0.0,0.0,0.0,42712.59023607516,1464.17693901599,42741.74473684299,42683.43573530734,43917,1 43917U 18110C   25280.77799661 +.00000000 +00000+0 +00000+0 2 99993,2 43917   4.0118  81.8771 0006825 118.9814 160.5803  0.98348769000002,2025-10-07T19:48:28.192Z,system.exo,EXO,REAL,2,OPS1,"{'NORAD_ID': 43917, 'classification': 'U', 'COSPAR_ID': '18110C', 'BC': 0.0, 'n_ddot': 0.0, 'B_star': 0.0, 'ephemeris_type': 2, 'elset_num': 9999, 'inclination': 4.0118, 'RAAN': 81.8771, 'eccentricity': 0.0006825, 'perigee': 118.9814, 'mean_anomaly': 160.5803, 'mean_motion': 0.98348769, 'rev_num': 0, 'line1': '1 43917U 18110C   25280.77799661 +.00000000 +00000+0 +00000+0 2 99993', 'line2': '2 43917   4.0118  81.8771 0006825 118.9814 160.5803  0.98348769000002', 'epoch': datetime.datetime(2025, 10, 7, 18, 40, 18, 907104)}"
dabb6da0-04e8-4020-abc3-9c9f7117e37e,U//PR-EXO-ELSETS,8751,2025-10-07T18:01:56.461006Z,0.9832177415443717,8751,False,0.01224338942879831,21.34545908717232,45.89423210409642,99.8568410651578,256.6599513870739,0.0,0.0,0.0,42720.40796953943,1464.578942339004,43243.45056086764,42197.36537821122,8751,1 08751U 76023F   25280.75134793 +.00000000 +00000+0 +00000+0 2 99994,2 08751  21.3455  45.8942 0122433  99.8568 256.6600  0.98321774000001,2025-10-07T20:39:28.368Z,system.exo,EXO,REAL,2,OPS1,"{'NORAD_ID': 8751, 'classification': 'U', 'COSPAR_ID': '76023F', 'BC': 0.0, 'n_ddot': 0.0, 'B_star': 0.0, 'ephemeris_type': 2, 'elset_num': 9999, 'inclination': 21.3455, 'RAAN': 45.8942, 'eccentricity': 0.0122433, 'perigee': 99.8568, 'mean_anomaly': 256.66, 'mean_motion': 0.98321774, 'rev_num': 0, 'line1': '1 08751U 76023F   25280.75134793 +.00000000 +00000+0 +00000+0 2 99994', 'line2': '2 08751  21.3455  45.8942 0122433  99.8568 256.6600  0.98321774000001', 'epoch': datetime.datetime(2025, 10, 7, 18, 1, 56, 461152)}"
b3adb17c-02d0-4d61-8579-ac0e2507feab,U//PR-EXO-ELSETS,50321,2025-10-07T20:52:03.453721Z,1.004490847914181,50321,False,0.0002789461102128815,3.018089560791879,83.4280068914618,175.705770883028,184.6669917420896,0.0,0.0,0.0,42115.1035662019,1433.562090675242,42126.8514105229,42103.35572188089,50321,1 50321U 21129A   25280.86948442 +.00000000 +00000+0 +00000+0 2 99997,2 50321   3.0181  83.4280 0002789 175.7058 184.6670  1.00449084000002,2025-10-07T21:18:27.874Z,system.exo,EXO,REAL,2,OPS1,"{'NORAD_ID': 50321, 'classification': 'U', 'COSPAR_ID': '21129A', 'BC': 0.0, 'n_ddot': 0.0, 'B_star': 0.0, 'ephemeris_type': 2, 'elset_num': 9999, 'inclination': 3.0181, 'RAAN': 83.428, 'eccentricity': 0.0002789, 'perigee': 175.7058, 'mean_anomaly': 184.667, 'mean_motion': 1.00449084, 'rev_num': 0, 'line1': '1 50321U 21129A   25280.86948442 +.00000000 +00000+0 +00000+0 2 99997', 'line2': '2 50321   3.0181  83.4280 0002789 175.7058 184.6670  1.00449084000002', 'epoch': datetime.datetime(2025, 10, 7, 20, 52, 3, 453888)}"
4e0859dd-f376-4d5b-9f15-124107f01819,U//PR-EXO-ELSETS,45920,2025-10-07T20:36:26.880125Z,1.002642655781992,45920,False,0.0001672931026927653,0.031677931551415,268.9381377661169,307.2907529608461,225.8673744377519,0.0,0.0,0.0,42166.8421120966,1436.204605594901,42173.89633394429,42159.78789024891,45920,1 45920U 20048A   25280.85864445 +.00000000 +00000+0 +00000+0 2 99994,2 45920   0.0317 268.9381 0001672 307.2908 225.8674  1.00264265000005,2025-10-07T21:42:29.631Z,system.exo,EXO,REAL,2,OPS1,"{'NORAD_ID': 45920, 'classification': 'U', 'COSPAR_ID': '20048A', 'BC': 0.0, 'n_ddot': 0.0, 'B_star': 0.0, 'ephemeris_type': 2, 'elset_num': 9999, 'inclination': 0.0317, 'RAAN': 268.9381, 'eccentricity': 0.0001672, 'perigee': 307.2908, 'mean_anomaly': 225.8674, 'mean_motion': 1.00264265, 'rev_num': 0, 'line1': '1 45920U 20048A   25280.85864445 +.00000000 +00000+0 +00000+0 2 99994', 'line2': '2 45920   0.0317 268.9381 0001672 307.2908 225.8674  1.00264265000005', 'epoch': datetime.datetime(2025, 10, 7, 20, 36, 26, 880480)}"
fbf4fc55-ff45-446f-a5fa-610d0afb7633,U//PR-EXO-ELSETS,10669,2025-10-07T17:58:33.833781Z,0.9900224238728386,10669,False,0.001069496064224689,7.728493775535757,293.825219737018,266.5491372069353,274.840954933914,0.0,0.0,0.0,42524.43070165821,1454.512509289343,42569.91041292703,42478.95099038939,10669,1 10669U 78016A   25280.74900271 +.00000000 +00000+0 +00000+0 2 99990,2 10669   7.7285 293.8252 0010694 266.5491 274.8410  0.99002242000001,2025-10-07T18:27:29.002Z,system.exo,EXO,REAL,2,OPS1,"{'NORAD_ID': 10669, 'classification': 'U', 'COSPAR_ID': '78016A', 'BC': 0.0, 'n_ddot': 0.0, 'B_star': 0.0, 'ephemeris_type': 2, 'elset_num': 9999, 'inclination': 7.7285, 'RAAN': 293.8252, 'eccentricity': 0.0010694, 'perigee': 266.5491, 'mean_anomaly': 274.841, 'mean_motion': 0.99002242, 'rev_num': 0, 'line1': '1 10669U 78016A   25280.74900271 +.00000000 +00000+0 +00000+0 2 99990', 'line2': '2 10669   7.7285 293.8252 0010694 266.5491 274.8410  0.99002242000001', 'epoch': datetime.datetime(2025, 10, 7, 17, 58, 33, 834144)}"
82e05402-09fa-40bb-8d2d-84691ac6f81d,U//PR-EXO-ELSETS,27508,2025-10-07T20:42:29.907245Z,0.9828920077536754,27508,False,0.0003716134238543116,6.634888623959754,71.4094284886395,42.51291606741598,241.152087370177,0.0,0.0,0.0,42729.84590834662,1465.064308835932,42745.72489268538,42713.96692400785,27508,1 27508U 02040A   25280.86284615 +.00000000 +00000+0 +00000+0 2 99994,2 27508   6.6349  71.4094 0003716  42.5129 241.1521  0.98289200000001,2025-10-07T23:36:29.565Z,system.exo,EXO,REAL,2,OPS1,"{'NORAD_ID': 27508, 'classification': 'U', 'COSPAR_ID': '02040A', 'BC': 0.0, 'n_ddot': 0.0, 'B_star': 0.0, 'ephemeris_type': 2, 'elset_num': 9999, 'inclination': 6.6349, 'RAAN': 71.4094, 'eccentricity': 0.0003716, 'perigee': 42.5129, 'mean_anomaly': 241.1521, 'mean_motion': 0.982892, 'rev_num': 0, 'line1': '1 27508U 02040A   25280.86284615 +.00000000 +00000+0 +00000+0 2 99994', 'line2': '2 27508   6.6349  71.4094 0003716  42.5129 241.1521  0.98289200000001', 'epoch': datetime.datetime(2025, 10, 7, 20, 42, 29, 907360)}"
75f24306-170d-43e8-92d4-f63a84bc02bf,U//PR-EXO-ELSETS,25010,2025-10-07T20:13:10.333928Z,0.9920805617286836,25010,False,0.0008032928731778484,10.18143001639427,50.02117240309627,252.8982588269419,34.95254238605501,0.0,0.0,0.0,42465.59715301706,1451.495025253619,42499.70946456532,42431.48484146879,25010,1 25010U 97062A   25280.84248072 +.00000000 +00000+0 +00000+0 2 99993,2 25010  10.1814  50.0212 0008032 252.8983  34.9525  0.99208056000002,2025-10-07T20:33:29.132Z,system.exo,EXO,REAL,2,OPS1,"{'NORAD_ID': 25010, 'classification': 'U', 'COSPAR_ID': '97062A', 'BC': 0.0, 'n_ddot': 0.0, 'B_star': 0.0, 'ephemeris_type': 2, 'elset_num': 9999, 'inclination': 10.1814, 'RAAN': 50.0212, 'eccentricity': 0.0008032, 'perigee': 252.8983, 'mean_anomaly': 34.9525, 'mean_motion': 0.99208056, 'rev_num': 0, 'line1': '1 25010U 97062A   25280.84248072 +.00000000 +00000+0 +00000+0 2 99993', 'line2': '2 25010  10.1814  50.0212 0008032 252.8983  34.9525  0.99208056000002', 'epoch': datetime.datetime(2025, 10, 7, 20, 13, 10, 334208)}"
4e318c7a-2a23-44c6-97b4-b4cc23299daa,U//PR-EXO-ELSETS,27168,2025-10-07T20:33:38.600692Z,1.002748609399652,27168,False,0.009621546123942493,10.87681106582443,23.35832872029457,5.721658055728536,315.224664396235,0.0,0.0,0.0,42163.87173772894,1436.052851633603,42569.55337441749,41758.19010104039,27168,1 27168U 02001A   25280.85669677 +.00000000 +00000+0 +00000+0 2 99997,2 27168  10.8768  23.3583 0096215   5.7217 315.2247  1.00274860000007,2025-10-07T21:24:29.292Z,system.exo,EXO,REAL,2,OPS1,"{'NORAD_ID': 27168, 'classification': 'U', 'COSPAR_ID': '02001A', 'BC': 0.0, 'n_ddot': 0.0, 'B_star': 0.0, 'ephemeris_type': 2, 'elset_num': 9999, 'inclination': 10.8768, 'RAAN': 23.3583, 'eccentricity': 0.0096215, 'perigee': 5.7217, 'mean_anomaly': 315.2247, 'mean_motion': 1.0027486, 'rev_num': 0, 'line1': '1 27168U 02001A   25280.85669677 +.00000000 +00000+0 +00000+0 2 99997', 'line2': '2 27168  10.8768  23.3583 0096215   5.7217 315.2247  1.00274860000007', 'epoch': datetime.datetime(2025, 10, 7, 20, 33, 38, 600928)}"
d484ba24-46c5-4e4b-9081-c5a63834c829,U//PR-EXO-ELSETS,11343,2025-10-07T17:59:57.075011Z,1.002757274847941,11343,False,0.0004538095916407386,5.931514982468503,285.1812896599833,233.3997323220726,193.0674401419896,0.0,0.0,0.0,42163.62882791377,1436.040441809173,42182.76308709425,42144.49456873328,11343,1 11343U 79035A   25280.74996615 +.00000000 +00000+0 +00000+0 2 99999,2 11343   5.9315 285.1813 0004538 233.3997 193.0674  1.00275727000002,2025-10-07T18:30:29.413Z,system.exo,EXO,REAL,2,OPS1,"{'NORAD_ID': 11343, 'classification': 'U', 'COSPAR_ID': '79035A', 'BC': 0.0, 'n_ddot': 0.0, 'B_star': 0.0, 'ephemeris_type': 2, 'elset_num': 9999, 'inclination': 5.9315, 'RAAN': 285.1813, 'eccentricity': 0.0004538, 'perigee': 233.3997, 'mean_anomaly': 193.0674, 'mean_motion': 1.00275727, 'rev_num': 0, 'line1': '1 11343U 79035A   25280.74996615 +.00000000 +00000+0 +00000+0 2 99999', 'line2': '2 11343   5.9315 285.1813 0004538 233.3997 193.0674  1.00275727000002', 'epoch': datetime.datetime(2025, 10, 7, 17, 59, 57, 75360)}"
f122aa30-a372-47e8-9c14-152a7efc46f2,U//PR-EXO-ELSETS,23185,2025-10-07T19:29:57.603835Z,0.9937228684890935,23185,False,0.0001243823924088167,13.06479515119566,19.6892672762365,118.872355417926,204.9724567208354,0.0,0.0,0.0,42418.79620296738,1449.09616721355,42424.07235432221,42413.52005161255,23185,1 23185U 94043A   25280.81247227 +.00000000 +00000+0 +00000+0 2 99998,2 23185  13.0648  19.6893 0001243 118.8724 204.9725  0.99372286000005,2025-10-07T19:45:29.868Z,system.exo,EXO,REAL,2,OPS1,"{'NORAD_ID': 23185, 'classification': 'U', 'COSPAR_ID': '94043A', 'BC': 0.0, 'n_ddot': 0.0, 'B_star': 0.0, 'ephemeris_type': 2, 'elset_num': 9999, 'inclination': 13.0648, 'RAAN': 19.6893, 'eccentricity': 0.0001243, 'perigee': 118.8724, 'mean_anomaly': 204.9725, 'mean_motion': 0.99372286, 'rev_num': 0, 'line1': '1 23185U 94043A   25280.81247227 +.00000000 +00000+0 +00000+0 2 99998', 'line2': '2 23185  13.0648  19.6893 0001243 118.8724 204.9725  0.99372286000005', 'epoch': datetime.datetime(2025, 10, 7, 19, 29, 57, 604128)}"
ed08651d-60ae-4348-9b8f-51d003f6ab69,U//PR-EXO-ELSETS,28082,2025-10-07T20:13:57.720837Z,0.9910784441983542,28082,False,0.0006460225994853729,9.911755709327155,52.22196753971446,143.1183616639056,141.764387348147,0.0,0.0,0.0,42494.21806338391,1452.962687695989,42521.67028860031,42466.76583816751,28082,1 28082U 03052A   25280.84302918 +.00000000 +00000+0 +00000+0 2 99991,2 28082   9.9118  52.2220 0006460 143.1184 141.7644  0.99107844000000,2025-10-07T20:45:28.032Z,system.exo,EXO,REAL,2,OPS1,"{'NORAD_ID': 28082, 'classification': 'U', 'COSPAR_ID': '03052A', 'BC': 0.0, 'n_ddot': 0.0, 'B_star': 0.0, 'ephemeris_type': 2, 'elset_num': 9999, 'inclination': 9.9118, 'RAAN': 52.222, 'eccentricity': 0.000646, 'perigee': 143.1184, 'mean_anomaly': 141.7644, 'mean_motion': 0.99107844, 'rev_num': 0, 'line1': '1 28082U 03052A   25280.84302918 +.00000000 +00000+0 +00000+0 2 99991', 'line2': '2 28082   9.9118  52.2220 0006460 143.1184 141.7644  0.99107844000000', 'epoch': datetime.datetime(2025, 10, 7, 20, 13, 57, 721152)}"
44c600fe-18c5-4cb8-8f8f-7ab98997c808,U//PR-EXO-ELSETS,31800,2025-10-07T20:52:03.453721Z,1.002676344805748,31800,False,0.0004788404998051065,1.738198762544268,84.51456174458946,140.4193910384848,218.2923801121467,0.0,0.0,0.0,42165.89759481673,1436.156350411334,42186.08833429576,42145.7068553377,31800,1 31800U 07031A   25280.86948442 +.00000000 +00000+0 +00000+0 2 99994,2 31800   1.7382  84.5146 0004788 140.4194 218.2924  1.00267634000000,2025-10-07T21:54:32.236Z,system.exo,EXO,REAL,2,OPS1,"{'NORAD_ID': 31800, 'classification': 'U', 'COSPAR_ID': '07031A', 'BC': 0.0, 'n_ddot': 0.0, 'B_star': 0.0, 'ephemeris_type': 2, 'elset_num': 9999, 'inclination': 1.7382, 'RAAN': 84.5146, 'eccentricity': 0.0004788, 'perigee': 140.4194, 'mean_anomaly': 218.2924, 'mean_motion': 1.00267634, 'rev_num': 0, 'line1': '1 31800U 07031A   25280.86948442 +.00000000 +00000+0 +00000+0 2 99994', 'line2': '2 31800   1.7382  84.5146 0004788 140.4194 218.2924  1.00267634000000', 'epoch': datetime.datetime(2025, 10, 7, 20, 52, 3, 453888)}"
87ba1a29-f777-481c-93e8-46e233796d0f,U//PR-EXO-ELSETS,14940,2025-10-07T18:03:07.778020Z,1.003020735428847,14940,False,0.0006610897730354283,9.229882280940702,313.9373317075846,275.9439191887481,116.537285890402,0.0,0.0,0.0,42156.24517164904,1435.663241183463,42184.1142342016,42128.37610909648,14940,1 14940U 84041A   25280.75217336 +.00000000 +00000+0 +00000+0 2 99995,2 14940   9.2299 313.9373 0006610 275.9439 116.5373  1.00302073000004,2025-10-07T19:51:28.181Z,system.exo,EXO,REAL,2,OPS1,"{'NORAD_ID': 14940, 'classification': 'U', 'COSPAR_ID': '84041A', 'BC': 0.0, 'n_ddot': 0.0, 'B_star': 0.0, 'ephemeris_type': 2, 'elset_num': 9999, 'inclination': 9.2299, 'RAAN': 313.9373, 'eccentricity': 0.000661, 'perigee': 275.9439, 'mean_anomaly': 116.5373, 'mean_motion': 1.00302073, 'rev_num': 0, 'line1': '1 14940U 84041A   25280.75217336 +.00000000 +00000+0 +00000+0 2 99995', 'line2': '2 14940   9.2299 313.9373 0006610 275.9439 116.5373  1.00302073000004', 'epoch': datetime.datetime(2025, 10, 7, 18, 3, 7, 778304)}"
3939fcf4-58e5-4cd3-ba51-f2a1740c2970,U//PR-EXO-ELSETS,23943,2025-10-07T19:36:37.343530Z,0.9918840975723877,23943,False,0.001750569542332761,12.3757912511594,21.69390187659213,339.3498228968176,330.6543491302313,0.0,0.0,0.0,42471.2044562247,1451.782525321623,42545.55325317195,42396.85565927744,23943,1 23943U 96039A   25280.81709888 +.00000000 +00000+0 +00000+0 2 99993,2 23943  12.3758  21.6939 0017505 339.3498 330.6543  0.99188409000008,2025-10-07T20:00:29.815Z,system.exo,EXO,REAL,2,OPS1,"{'NORAD_ID': 23943, 'classification': 'U', 'COSPAR_ID': '96039A', 'BC': 0.0, 'n_ddot': 0.0, 'B_star': 0.0, 'ephemeris_type': 2, 'elset_num': 9999, 'inclination': 12.3758, 'RAAN': 21.6939, 'eccentricity': 0.0017505, 'perigee': 339.3498, 'mean_anomaly': 330.6543, 'mean_motion': 0.99188409, 'rev_num': 0, 'line1': '1 23943U 96039A   25280.81709888 +.00000000 +00000+0 +00000+0 2 99993', 'line2': '2 23943  12.3758  21.6939 0017505 339.3498 330.6543  0.99188409000008', 'epoch': datetime.datetime(2025, 10, 7, 19, 36, 37, 343232)}"
adb1df5d-3222-4f8f-bf4b-3e3b7b3e1010,U//PR-EXO-ELSETS,38977,2025-10-07T21:12:13.194937Z,1.002692885612335,38977,False,0.0007360054280144836,9.935059228163086,52.31309367654698,164.3214154740397,101.9362908877649,0.0,0.0,0.0,42165.43387032422,1436.132659025107,42196.46785852737,42134.39988212108,38977,1 38977U 12061A   25280.88348605 +.00000000 +00000+0 +00000+0 2 99992,2 38977   9.9351  52.3131 0007360 164.3214 101.9363  1.00269288000004,2025-10-07T21:33:28.644Z,system.exo,EXO,REAL,2,OPS1,"{'NORAD_ID': 38977, 'classification': 'U', 'COSPAR_ID': '12061A', 'BC': 0.0, 'n_ddot': 0.0, 'B_star': 0.0, 'ephemeris_type': 2, 'elset_num': 9999, 'inclination': 9.9351, 'RAAN': 52.3131, 'eccentricity': 0.000736, 'perigee': 164.3214, 'mean_anomaly': 101.9363, 'mean_motion': 1.00269288, 'rev_num': 0, 'line1': '1 38977U 12061A   25280.88348605 +.00000000 +00000+0 +00000+0 2 99992', 'line2': '2 38977   9.9351  52.3131 0007360 164.3214 101.9363  1.00269288000004', 'epoch': datetime.datetime(2025, 10, 7, 21, 12, 13, 194720)}"
6a801d05-1688-4be1-98ce-d1b7cee2d34e,U//PR-EXO-ELSETS,22044,2025-10-07T20:05:03.807820Z,0.9782687025209551,22044,False,0.00267246607580774,14.75174446910301,348.3331262730502,193.8174917609598,163.9801303139172,0.0,0.0,0.0,42864.36780358353,1471.988213758841,42978.92137239955,42749.8142347675,22044,1 22044U 92043D   25280.83684963 +.00000000 +00000+0 +00000+0 2 99993,2 22044  14.7517 348.3331 0026724 193.8175 163.9801  0.97826870000004,2025-10-07T20:30:29.776Z,system.exo,EXO,REAL,2,OPS1,"{'NORAD_ID': 22044, 'classification': 'U', 'COSPAR_ID': '92043D', 'BC': 0.0, 'n_ddot': 0.0, 'B_star': 0.0, 'ephemeris_type': 2, 'elset_num': 9999, 'inclination': 14.7517, 'RAAN': 348.3331, 'eccentricity': 0.0026724, 'perigee': 193.8175, 'mean_anomaly': 163.9801, 'mean_motion': 0.9782687, 'rev_num': 0, 'line1': '1 22044U 92043D   25280.83684963 +.00000000 +00000+0 +00000+0 2 99993', 'line2': '2 22044  14.7517 348.3331 0026724 193.8175 163.9801  0.97826870000004', 'epoch': datetime.datetime(2025, 10, 7, 20, 5, 3, 808032)}"
8511d75d-da95-4b0f-8d06-fe091d776725,U//PR-EXO-ELSETS,36868,2025-10-07T21:09:14.440083Z,1.002705108076058,36868,False,0.0004493060587678237,7.589221414778897,71.21384230159016,125.8471574068142,166.9895906312198,0.0,0.0,0.0,42165.09121954306,1436.115153300657,42184.03625049649,42146.14618858962,36868,1 36868U 10039A   25280.88141713 +.00000000 +00000+0 +00000+0 2 99993,2 36868   7.5892  71.2138 0004493 125.8472 166.9896  1.00270510000006,2025-10-07T21:30:29.159Z,system.exo,EXO,REAL,2,OPS1,"{'NORAD_ID': 36868, 'classification': 'U', 'COSPAR_ID': '10039A', 'BC': 0.0, 'n_ddot': 0.0, 'B_star': 0.0, 'ephemeris_type': 2, 'elset_num': 9999, 'inclination': 7.5892, 'RAAN': 71.2138, 'eccentricity': 0.0004493, 'perigee': 125.8472, 'mean_anomaly': 166.9896, 'mean_motion': 1.0027051, 'rev_num': 0, 'line1': '1 36868U 10039A   25280.88141713 +.00000000 +00000+0 +00000+0 2 99993', 'line2': '2 36868   7.5892  71.2138 0004493 125.8472 166.9896  1.00270510000006', 'epoch': datetime.datetime(2025, 10, 7, 21, 9, 14, 440032)}"
97862887-8853-4300-b8fd-39980d3eb907,U//PR-EXO-ELSETS,22557,2025-10-07T20:22:22.979492Z,1.003331103487834,22557,False,0.0005851778797932221,13.98004130965213,346.9763609552597,187.6906032134879,176.3570243393398,0.0,0.0,0.0,42147.55104824677,1435.219136528504,42172.21486280765,42122.88723368588,22557,1 22557U 93013A   25280.84887708 +.00000000 +00000+0 +00000+0 2 99993,2 22557  13.9800 346.9764 0005851 187.6906 176.3570  1.00333110000000,2025-10-07T21:30:29.147Z,system.exo,EXO,REAL,2,OPS1,"{'NORAD_ID': 22557, 'classification': 'U', 'COSPAR_ID': '93013A', 'BC': 0.0, 'n_ddot': 0.0, 'B_star': 0.0, 'ephemeris_type': 2, 'elset_num': 9999, 'inclination': 13.98, 'RAAN': 346.9764, 'eccentricity': 0.0005851, 'perigee': 187.6906, 'mean_anomaly': 176.357, 'mean_motion': 1.0033311, 'rev_num': 0, 'line1': '1 22557U 93013A   25280.84887708 +.00000000 +00000+0 +00000+0 2 99993', 'line2': '2 22557  13.9800 346.9764 0005851 187.6906 176.3570  1.00333110000000', 'epoch': datetime.datetime(2025, 10, 7, 20, 22, 22, 979712)}"
29251dd2-01a8-4eba-9209-a666e7570357,U//PR-EXO-ELSETS,23765,2025-10-07T18:11:24.452976Z,0.9905558667164853,23765,False,0.0002638921670645988,12.04477579430346,31.17214568008091,267.8768479723518,48.00412794357202,0.0,0.0,0.0,42509.16224447693,1453.729212440426,42520.38007942172,42497.94440953214,23765,1 23765U 96002B   25280.75792191 +.00000000 +00000+0 +00000+0 2 99997,2 23765  12.0448  31.1721 0002638 267.8768  48.0041  0.99055586000006,2025-10-07T21:06:29.766Z,system.exo,EXO,REAL,2,OPS1,"{'NORAD_ID': 23765, 'classification': 'U', 'COSPAR_ID': '96002B', 'BC': 0.0, 'n_ddot': 0.0, 'B_star': 0.0, 'ephemeris_type': 2, 'elset_num': 9999, 'inclination': 12.0448, 'RAAN': 31.1721, 'eccentricity': 0.0002638, 'perigee': 267.8768, 'mean_anomaly': 48.0041, 'mean_motion': 0.99055586, 'rev_num': 0, 'line1': '1 23765U 96002B   25280.75792191 +.00000000 +00000+0 +00000+0 2 99997', 'line2': '2 23765  12.0448  31.1721 0002638 267.8768  48.0041  0.99055586000006', 'epoch': datetime.datetime(2025, 10, 7, 18, 11, 24, 453024)}"
e618e86e-b8ce-40a9-a2f2-04d8debf7e9b,U//PR-EXO-ELSETS,15484,2025-10-07T20:24:36.937808Z,1.002580779573559,15484,False,0.0004694502116802595,9.614607506998713,317.1260175712915,245.5052235851935,107.8608097018386,0.0,0.0,0.0,42168.57703296452,1436.293243734928,42188.37308037889,42148.78098555014,15484,1 15484U 85007A   25280.85042752 +.00000000 +00000+0 +00000+0 2 99991,2 15484   9.6146 317.1260 0004694 245.5052 107.8608  1.00258077000006,2025-10-07T20:51:28.051Z,system.exo,EXO,REAL,2,OPS1,"{'NORAD_ID': 15484, 'classification': 'U', 'COSPAR_ID': '85007A', 'BC': 0.0, 'n_ddot': 0.0, 'B_star': 0.0, 'ephemeris_type': 2, 'elset_num': 9999, 'inclination': 9.6146, 'RAAN': 317.126, 'eccentricity': 0.0004694, 'perigee': 245.5052, 'mean_anomaly': 107.8608, 'mean_motion': 1.00258077, 'rev_num': 0, 'line1': '1 15484U 85007A   25280.85042752 +.00000000 +00000+0 +00000+0 2 99991', 'line2': '2 15484   9.6146 317.1260 0004694 245.5052 107.8608  1.00258077000006', 'epoch': datetime.datetime(2025, 10, 7, 20, 24, 36, 937728)}"
123dde53-9d40-4109-a9a6-4345742deee8,U//PR-EXO-ELSETS,25897,2025-10-07T18:04:07.730863Z,0.9999771323728331,25897,False,0.000181667973628585,13.49144815118847,14.5328719969851,250.0403894130762,185.8952488718055,0.0,0.0,0.0,42241.74171153179,1440.032930136154,42249.41568315107,42234.06773991252,25897,1 25897U 99047B   25280.75286726 +.00000000 +00000+0 +00000+0 2 99999,2 25897  13.4914  14.5329 0001816 250.0404 185.8952  0.99997713000002,2025-10-07T19:30:30.266Z,system.exo,EXO,REAL,2,OPS1,"{'NORAD_ID': 25897, 'classification': 'U', 'COSPAR_ID': '99047B', 'BC': 0.0, 'n_ddot': 0.0, 'B_star': 0.0, 'ephemeris_type': 2, 'elset_num': 9999, 'inclination': 13.4914, 'RAAN': 14.5329, 'eccentricity': 0.0001816, 'perigee': 250.0404, 'mean_anomaly': 185.8952, 'mean_motion': 0.99997713, 'rev_num': 0, 'line1': '1 25897U 99047B   25280.75286726 +.00000000 +00000+0 +00000+0 2 99999', 'line2': '2 25897  13.4914  14.5329 0001816 250.0404 185.8952  0.99997713000002', 'epoch': datetime.datetime(2025, 10, 7, 18, 4, 7, 731264)}"
235707fb-28ce-44dc-8ef8-d123614b243e,U//PR-EXO-ELSETS,23319,2025-10-07T19:36:10.398916Z,0.9982936409061932,23319,False,0.000888983937333843,14.44898349145774,3.896944551644631,230.0539909932147,66.70956111139762,0.0,0.0,0.0,42289.21848353644,1442.461357054074,42326.8129194907,42251.62404758218,23319,1 23319U 94067A   25280.81678702 +.00000000 +00000+0 +00000+0 2 99999,2 23319  14.4490   3.8969 0008889 230.0540  66.7096  0.99829364000008,2025-10-07T20:15:28.351Z,system.exo,EXO,REAL,2,OPS1,"{'NORAD_ID': 23319, 'classification': 'U', 'COSPAR_ID': '94067A', 'BC': 0.0, 'n_ddot': 0.0, 'B_star': 0.0, 'ephemeris_type': 2, 'elset_num': 9999, 'inclination': 14.449, 'RAAN': 3.8969, 'eccentricity': 0.0008889, 'perigee': 230.054, 'mean_anomaly': 66.7096, 'mean_motion': 0.99829364, 'rev_num': 0, 'line1': '1 23319U 94067A   25280.81678702 +.00000000 +00000+0 +00000+0 2 99999', 'line2': '2 23319  14.4490   3.8969 0008889 230.0540  66.7096  0.99829364000008', 'epoch': datetime.datetime(2025, 10, 7, 19, 36, 10, 398528)}"
5ab748d7-ebd3-4ebb-b180-d0f0dce2da51,U//PR-EXO-ELSETS,16497,2025-10-07T20:14:58.317732Z,0.9881170884121125,16497,False,0.007213506716333023,10.92996663950698,322.776201729489,197.0144308301858,154.4085110352402,0.0,0.0,0.0,42579.07826664568,1457.317171099688,42886.2227336974,42271.93379959396,16497,1 16497U 86007A   25280.84373053 +.00000000 +00000+0 +00000+0 2 99997,2 16497  10.9300 322.7762 0072135 197.0144 154.4085  0.98811708000004,2025-10-07T20:33:29.130Z,system.exo,EXO,REAL,2,OPS1,"{'NORAD_ID': 16497, 'classification': 'U', 'COSPAR_ID': '86007A', 'BC': 0.0, 'n_ddot': 0.0, 'B_star': 0.0, 'ephemeris_type': 2, 'elset_num': 9999, 'inclination': 10.93, 'RAAN': 322.7762, 'eccentricity': 0.0072135, 'perigee': 197.0144, 'mean_anomaly': 154.4085, 'mean_motion': 0.98811708, 'rev_num': 0, 'line1': '1 16497U 86007A   25280.84373053 +.00000000 +00000+0 +00000+0 2 99997', 'line2': '2 16497  10.9300 322.7762 0072135 197.0144 154.4085  0.98811708000004', 'epoch': datetime.datetime(2025, 10, 7, 20, 14, 58, 317792)}"
6c561b70-909d-46fd-a613-ec4e082a42df,U//PR-EXO-ELSETS,47306,2025-10-07T20:53:30.024847Z,1.00268338831146,47306,False,2.885200591912765e-05,0.04142606675280364,69.58953772152704,217.9893275927369,73.4991174606434,0.0,0.0,0.0,42165.70012730656,1436.146261907251,42166.91669233621,42164.4835622769,47306,1 47306U 21001A   25280.87048640 +.00000000 +00000+0 +00000+0 2 99997,2 47306   0.0414  69.5895 0000288 217.9893  73.4991  1.00268338000004,2025-10-07T21:51:31.446Z,system.exo,EXO,REAL,2,OPS1,"{'NORAD_ID': 47306, 'classification': 'U', 'COSPAR_ID': '21001A', 'BC': 0.0, 'n_ddot': 0.0, 'B_star': 0.0, 'ephemeris_type': 2, 'elset_num': 9999, 'inclination': 0.0414, 'RAAN': 69.5895, 'eccentricity': 2.88e-05, 'perigee': 217.9893, 'mean_anomaly': 73.4991, 'mean_motion': 1.00268338, 'rev_num': 0, 'line1': '1 47306U 21001A   25280.87048640 +.00000000 +00000+0 +00000+0 2 99997', 'line2': '2 47306   0.0414  69.5895 0000288 217.9893  73.4991  1.00268338000004', 'epoch': datetime.datetime(2025, 10, 7, 20, 53, 30, 24960)}"
dbd3b78e-ee17-4c89-80c9-326f89639e71,U//PR-EXO-ELSETS,36745,2025-10-07T02:05:49.098743Z,1.002691982290996,36745,False,0.0004240889264929676,0.07467992323056173,47.45875894550504,153.5040855282527,236.9903386437188,0.0,0.0,0.0,42165.45919477159,1436.13395283148,42183.34109909659,42147.5772904466,36745,1 36745U 10032B   25280.08737383 +.00000000 +00000+0 +00000+0 2 99996,2 36745   0.0747  47.4588 0004240 153.5041 236.9903  1.00269198000008,2025-10-07T02:54:30.041Z,system.exo,EXO,REAL,2,OPS1,"{'NORAD_ID': 36745, 'classification': 'U', 'COSPAR_ID': '10032B', 'BC': 0.0, 'n_ddot': 0.0, 'B_star': 0.0, 'ephemeris_type': 2, 'elset_num': 9999, 'inclination': 0.0747, 'RAAN': 47.4588, 'eccentricity': 0.000424, 'perigee': 153.5041, 'mean_anomaly': 236.9903, 'mean_motion': 1.00269198, 'rev_num': 0, 'line1': '1 36745U 10032B   25280.08737383 +.00000000 +00000+0 +00000+0 2 99996', 'line2': '2 36745   0.0747  47.4588 0004240 153.5041 236.9903  1.00269198000008', 'epoch': datetime.datetime(2025, 10, 7, 2, 5, 49, 98912)}"
443fed53-75f7-4584-aae0-a84a8a254e75,U//PR-EXO-ELSETS,44186,2025-10-07T02:05:49.098743Z,1.002654014500702,44186,False,0.0007115379165924491,0.05937691145201569,318.9441020215797,277.2405511344285,201.7783463299584,0.0,0.0,0.0,42166.52364916665,1436.188335332289,42196.52672955393,42136.52056877938,44186,1 44186U 19021A   25280.08737383 +.00000000 +00000+0 +00000+0 2 99991,2 44186   0.0594 318.9441 0007115 277.2406 201.7783  1.00265401000002,2025-10-07T04:03:30.020Z,system.exo,EXO,REAL,2,OPS1,"{'NORAD_ID': 44186, 'classification': 'U', 'COSPAR_ID': '19021A', 'BC': 0.0, 'n_ddot': 0.0, 'B_star': 0.0, 'ephemeris_type': 2, 'elset_num': 9999, 'inclination': 0.0594, 'RAAN': 318.9441, 'eccentricity': 0.0007115, 'perigee': 277.2406, 'mean_anomaly': 201.7783, 'mean_motion': 1.00265401, 'rev_num': 0, 'line1': '1 44186U 19021A   25280.08737383 +.00000000 +00000+0 +00000+0 2 99991', 'line2': '2 44186   0.0594 318.9441 0007115 277.2406 201.7783  1.00265401000002', 'epoch': datetime.datetime(2025, 10, 7, 2, 5, 49, 98912)}"
14e65aab-568c-4430-a1b0-4f401aef1281,U//PR-EXO-ELSETS,62852,2025-10-07T20:44:59.013819Z,1.002918358671907,62852,False,0.0001457137395757679,0.11742121433132,85.66230963154946,177.7644607730956,95.72599300954404,0.0,0.0,0.0,42159.11396364712,1435.809792042184,42165.25712579996,42152.97080149428,62852,1 62852U 25021A   25280.86457192 +.00000000 +00000+0 +00000+0 2 99991,2 62852   0.1174  85.6623 0001457 177.7645  95.7260  1.00291835000000,2025-10-07T21:09:39.137Z,system.exo,EXO,REAL,2,OPS1,"{'NORAD_ID': 62852, 'classification': 'U', 'COSPAR_ID': '25021A', 'BC': 0.0, 'n_ddot': 0.0, 'B_star': 0.0, 'ephemeris_type': 2, 'elset_num': 9999, 'inclination': 0.1174, 'RAAN': 85.6623, 'eccentricity': 0.0001457, 'perigee': 177.7645, 'mean_anomaly': 95.726, 'mean_motion': 1.00291835, 'rev_num': 0, 'line1': '1 62852U 25021A   25280.86457192 +.00000000 +00000+0 +00000+0 2 99991', 'line2': '2 62852   0.1174  85.6623 0001457 177.7645  95.7260  1.00291835000000', 'epoch': datetime.datetime(2025, 10, 7, 20, 44, 59, 13888)}"
8c934fb0-ce74-46ac-a341-c86c2e94f9d6,U//PR-EXO-ELSETS,26599,2025-10-07T21:03:35.809049Z,0.9890488693178275,26599,False,0.0006396105841076167,11.93186653329995,34.20902685505261,330.9323883932486,343.8441111344268,0.0,0.0,0.0,42552.33162450854,1455.9442355899,42579.54854619403,42525.11470282305,26599,1 26599U 00069A   25280.87749779 +.00000000 +00000+0 +00000+0 2 99990,2 26599  11.9319  34.2090 0006396 330.9324 343.8441  0.98904886000002,2025-10-07T21:39:38.095Z,system.exo,EXO,REAL,2,OPS1,"{'NORAD_ID': 26599, 'classification': 'U', 'COSPAR_ID': '00069A', 'BC': 0.0, 'n_ddot': 0.0, 'B_star': 0.0, 'ephemeris_type': 2, 'elset_num': 9999, 'inclination': 11.9319, 'RAAN': 34.209, 'eccentricity': 0.0006396, 'perigee': 330.9324, 'mean_anomaly': 343.8441, 'mean_motion': 0.98904886, 'rev_num': 0, 'line1': '1 26599U 00069A   25280.87749779 +.00000000 +00000+0 +00000+0 2 99990', 'line2': '2 26599  11.9319  34.2090 0006396 330.9324 343.8441  0.98904886000002', 'epoch': datetime.datetime(2025, 10, 7, 21, 3, 35, 809056)}"
755af471-4f4c-434e-a789-8aaf5cfdf916,U//PR-EXO-ELSETS,41029,2025-10-07T20:55:40.904845Z,1.00269792267778,41029,False,0.0007182406080571636,0.04058183643016776,235.8542507128164,353.8536461739905,127.0102057003421,0.0,0.0,0.0,42165.29265781948,1436.12544459489,42195.57748325694,42135.00783238202,41029,1 41029U 15065B   25280.87200121 +.00000000 +00000+0 +00000+0 2 99990,2 41029   0.0406 235.8543 0007182 353.8536 127.0102  1.00269792000008,2025-10-07T21:21:29.540Z,system.exo,EXO,REAL,2,OPS1,"{'NORAD_ID': 41029, 'classification': 'U', 'COSPAR_ID': '15065B', 'BC': 0.0, 'n_ddot': 0.0, 'B_star': 0.0, 'ephemeris_type': 2, 'elset_num': 9999, 'inclination': 0.0406, 'RAAN': 235.8543, 'eccentricity': 0.0007182, 'perigee': 353.8536, 'mean_anomaly': 127.0102, 'mean_motion': 1.00269792, 'rev_num': 0, 'line1': '1 41029U 15065B   25280.87200121 +.00000000 +00000+0 +00000+0 2 99990', 'line2': '2 41029   0.0406 235.8543 0007182 353.8536 127.0102  1.00269792000008', 'epoch': datetime.datetime(2025, 10, 7, 20, 55, 40, 904544)}"
24402484-5185-4ff1-aecb-2a80ad484aec,U//PR-EXO-ELSETS,36592,2025-10-07T20:08:30.286845Z,1.002663075587647,36592,False,0.0005368768386744109,0.04749186917810454,120.5420817111693,64.88405779016928,159.444715894869,0.0,0.0,0.0,42166.26960895333,1436.175356468609,42188.90770247969,42143.63151542698,36592,1 36592U 10025A   25280.83923943 +.00000000 +00000+0 +00000+0 2 99990,2 36592   0.0475 120.5421 0005368  64.8841 159.4447  1.00266307000000,2025-10-07T20:48:29.229Z,system.exo,EXO,REAL,2,OPS1,"{'NORAD_ID': 36592, 'classification': 'U', 'COSPAR_ID': '10025A', 'BC': 0.0, 'n_ddot': 0.0, 'B_star': 0.0, 'ephemeris_type': 2, 'elset_num': 9999, 'inclination': 0.0475, 'RAAN': 120.5421, 'eccentricity': 0.0005368, 'perigee': 64.8841, 'mean_anomaly': 159.4447, 'mean_motion': 1.00266307, 'rev_num': 0, 'line1': '1 36592U 10025A   25280.83923943 +.00000000 +00000+0 +00000+0 2 99990', 'line2': '2 36592   0.0475 120.5421 0005368  64.8841 159.4447  1.00266307000000', 'epoch': datetime.datetime(2025, 10, 7, 20, 8, 30, 286752)}"
ebf9e8e2-7eb5-4260-92e9-40ec4f48b6bf,U//PR-EXO-ELSETS,56757,2025-10-07T03:21:48.566751Z,1.002673512969193,56757,False,0.0001684525970482254,0.0742181712280563,26.45755231535053,316.0050106696446,110.0493513523612,0.0,0.0,0.0,42165.97698714296,1436.160406527307,42173.07995547352,42158.8740188124,56757,1 56757U 23075A   25280.14014545 +.00000000 +00000+0 +00000+0 2 99997,2 56757   0.0742  26.4576 0001684 316.0050 110.0494  1.00267351000003,2025-10-07T04:51:28.544Z,system.exo,EXO,REAL,2,OPS1,"{'NORAD_ID': 56757, 'classification': 'U', 'COSPAR_ID': '23075A', 'BC': 0.0, 'n_ddot': 0.0, 'B_star': 0.0, 'ephemeris_type': 2, 'elset_num': 9999, 'inclination': 0.0742, 'RAAN': 26.4576, 'eccentricity': 0.0001684, 'perigee': 316.005, 'mean_anomaly': 110.0494, 'mean_motion': 1.00267351, 'rev_num': 0, 'line1': '1 56757U 23075A   25280.14014545 +.00000000 +00000+0 +00000+0 2 99997', 'line2': '2 56757   0.0742  26.4576 0001684 316.0050 110.0494  1.00267351000003', 'epoch': datetime.datetime(2025, 10, 7, 3, 21, 48, 566880)}"
757c1c33-f1eb-446c-8ccb-83255ae0eff9,U//PR-EXO-ELSETS,43700,2025-10-07T20:29:55.414938Z,1.00266587749624,43700,False,0.0001955848203422208,0.004541588624642673,267.0294384884647,330.5193876213506,112.4852262575205,0.0,0.0,0.0,42166.19105431157,1436.171343135589,42174.43812121345,42157.9439874097,43700,1 43700U 18090A   25280.85411360 +.00000000 +00000+0 +00000+0 2 99996,2 43700   0.0045 267.0294 0001955 330.5194 112.4852  1.00266587000008,2025-10-07T20:48:29.238Z,system.exo,EXO,REAL,2,OPS1,"{'NORAD_ID': 43700, 'classification': 'U', 'COSPAR_ID': '18090A', 'BC': 0.0, 'n_ddot': 0.0, 'B_star': 0.0, 'ephemeris_type': 2, 'elset_num': 9999, 'inclination': 0.0045, 'RAAN': 267.0294, 'eccentricity': 0.0001955, 'perigee': 330.5194, 'mean_anomaly': 112.4852, 'mean_motion': 1.00266587, 'rev_num': 0, 'line1': '1 43700U 18090A   25280.85411360 +.00000000 +00000+0 +00000+0 2 99996', 'line2': '2 43700   0.0045 267.0294 0001955 330.5194 112.4852  1.00266587000008', 'epoch': datetime.datetime(2025, 10, 7, 20, 29, 55, 415040)}"
ade7f228-52c9-49e6-a898-a8b30ef22e9b,U//PR-EXO-ELSETS,39233,2025-10-07T20:42:03.444785Z,1.00270721313188,39233,False,0.000262846793906812,0.05809929810662535,8.811104478588883,186.6587782160026,157.3227683278585,0.0,0.0,0.0,42165.03220603731,1436.112138360179,42176.11514956765,42153.94926250698,39233,1 39233U 13044A   25280.86253987 +.00000000 +00000+0 +00000+0 2 99996,2 39233   0.0581   8.8111 0002628 186.6588 157.3228  1.00270721000003,2025-10-07T21:21:29.538Z,system.exo,EXO,REAL,2,OPS1,"{'NORAD_ID': 39233, 'classification': 'U', 'COSPAR_ID': '13044A', 'BC': 0.0, 'n_ddot': 0.0, 'B_star': 0.0, 'ephemeris_type': 2, 'elset_num': 9999, 'inclination': 0.0581, 'RAAN': 8.8111, 'eccentricity': 0.0002628, 'perigee': 186.6588, 'mean_anomaly': 157.3228, 'mean_motion': 1.00270721, 'rev_num': 0, 'line1': '1 39233U 13044A   25280.86253987 +.00000000 +00000+0 +00000+0 2 99996', 'line2': '2 39233   0.0581   8.8111 0002628 186.6588 157.3228  1.00270721000003', 'epoch': datetime.datetime(2025, 10, 7, 20, 42, 3, 444768)}"
4f9842da-1db0-4e39-bf3f-7b546502f8cb,U//PR-EXO-ELSETS,10002,2025-10-07T18:10:31.653987Z,0.9555191833472273,10002,False,0.02854939419564012,9.31461400095874,296.9968990021614,101.6455727843279,28.78250434510631,0.0,0.0,0.0,43542.05500632037,1507.03410784032,44785.15429878405,42298.95571385669,10002,1 10002U 77034C   25280.75731081 +.00000000 +00000+0 +00000+0 2 99992,2 10002   9.3146 296.9969 0285493 101.6456  28.7825  0.95551918000007,2025-10-07T19:12:29.726Z,system.exo,EXO,REAL,2,OPS1,"{'NORAD_ID': 10002, 'classification': 'U', 'COSPAR_ID': '77034C', 'BC': 0.0, 'n_ddot': 0.0, 'B_star': 0.0, 'ephemeris_type': 2, 'elset_num': 9999, 'inclination': 9.3146, 'RAAN': 296.9969, 'eccentricity': 0.0285493, 'perigee': 101.6456, 'mean_anomaly': 28.7825, 'mean_motion': 0.95551918, 'rev_num': 0, 'line1': '1 10002U 77034C   25280.75731081 +.00000000 +00000+0 +00000+0 2 99992', 'line2': '2 10002   9.3146 296.9969 0285493 101.6456  28.7825  0.95551918000007', 'epoch': datetime.datetime(2025, 10, 7, 18, 10, 31, 653984)}"
ad91571a-ff61-479a-9035-80ae3ae64101,U//PR-EXO-ELSETS,38014,2025-10-07T19:24:16.391121Z,1.002685415439623,38014,False,0.0001712639664532642,0.03815120047621761,64.97867790332484,210.3288434809038,74.97924151587232,0.0,0.0,0.0,42165.64329638317,1436.143358451701,42172.86475170216,42158.42184106418,38014,1 38014U 11077A   25280.80852305 +.00000000 +00000+0 +00000+0 2 99999,2 38014   0.0382  64.9787 0001712 210.3288  74.9792  1.00268541000002,2025-10-07T19:45:29.882Z,system.exo,EXO,REAL,2,OPS1,"{'NORAD_ID': 38014, 'classification': 'U', 'COSPAR_ID': '11077A', 'BC': 0.0, 'n_ddot': 0.0, 'B_star': 0.0, 'ephemeris_type': 2, 'elset_num': 9999, 'inclination': 0.0382, 'RAAN': 64.9787, 'eccentricity': 0.0001712, 'perigee': 210.3288, 'mean_anomaly': 74.9792, 'mean_motion': 1.00268541, 'rev_num': 0, 'line1': '1 38014U 11077A   25280.80852305 +.00000000 +00000+0 +00000+0 2 99999', 'line2': '2 38014   0.0382  64.9787 0001712 210.3288  74.9792  1.00268541000002', 'epoch': datetime.datetime(2025, 10, 7, 19, 24, 16, 391520)}"
98c602d2-0795-48c3-ae94-7e4fccae4e9c,U//PR-EXO-ELSETS,39522,2025-10-07T02:18:56.931767Z,1.002691770626752,39522,False,0.0004103054246106155,0.07030222549534541,284.106773989409,326.0394361571104,202.5848107004673,0.0,0.0,0.0,42165.46512874516,1436.134255993644,42182.76584781871,42148.16440967161,39522,1 39522U 14007A   25280.09649227 +.00000000 +00000+0 +00000+0 2 99998,2 39522   0.0703 284.1068 0004103 326.0394 202.5848  1.00269177000009,2025-10-07T03:39:29.836Z,system.exo,EXO,REAL,2,OPS1,"{'NORAD_ID': 39522, 'classification': 'U', 'COSPAR_ID': '14007A', 'BC': 0.0, 'n_ddot': 0.0, 'B_star': 0.0, 'ephemeris_type': 2, 'elset_num': 9999, 'inclination': 0.0703, 'RAAN': 284.1068, 'eccentricity': 0.0004103, 'perigee': 326.0394, 'mean_anomaly': 202.5848, 'mean_motion': 1.00269177, 'rev_num': 0, 'line1': '1 39522U 14007A   25280.09649227 +.00000000 +00000+0 +00000+0 2 99998', 'line2': '2 39522   0.0703 284.1068 0004103 326.0394 202.5848  1.00269177000009', 'epoch': datetime.datetime(2025, 10, 7, 2, 18, 56, 932128)}"
be0488d9-25eb-4f48-956f-23275650ab25,U//PR-EXO-ELSETS,60233,2025-10-07T19:24:53.305184Z,1.002662198724825,60233,False,0.0005038147087359994,0.03469243203871077,205.6481322352364,10.60731540132516,133.6749013974137,0.0,0.0,0.0,42166.2941928586,1436.176612453702,42187.53819208585,42145.05019363135,60233,1 60233U 24127A   25280.80895029 +.00000000 +00000+0 +00000+0 2 99997,2 60233   0.0347 205.6481 0005038  10.6073 133.6749  1.00266219000009,2025-10-07T19:48:28.195Z,system.exo,EXO,REAL,2,OPS1,"{'NORAD_ID': 60233, 'classification': 'U', 'COSPAR_ID': '24127A', 'BC': 0.0, 'n_ddot': 0.0, 'B_star': 0.0, 'ephemeris_type': 2, 'elset_num': 9999, 'inclination': 0.0347, 'RAAN': 205.6481, 'eccentricity': 0.0005038, 'perigee': 10.6073, 'mean_anomaly': 133.6749, 'mean_motion': 1.00266219, 'rev_num': 0, 'line1': '1 60233U 24127A   25280.80895029 +.00000000 +00000+0 +00000+0 2 99997', 'line2': '2 60233   0.0347 205.6481 0005038  10.6073 133.6749  1.00266219000009', 'epoch': datetime.datetime(2025, 10, 7, 19, 24, 53, 305056)}"
b6dbcbfd-c026-49bb-b834-be27ed52e42a,U//PR-EXO-ELSETS,50212,2025-10-07T02:19:03.110289Z,1.002675617177618,50212,False,0.0002583005251314924,0.07898933157154168,337.467773101021,308.6004812877515,166.728781554702,0.0,0.0,0.0,42165.91799429523,1436.157392610569,42176.80947305581,42155.02651553464,50212,1 50212U 21126A   25280.09656378 +.00000000 +00000+0 +00000+0 2 99992,2 50212   0.0790 337.4678 0002583 308.6005 166.7288  1.00267561000002,2025-10-07T03:27:29.596Z,system.exo,EXO,REAL,2,OPS1,"{'NORAD_ID': 50212, 'classification': 'U', 'COSPAR_ID': '21126A', 'BC': 0.0, 'n_ddot': 0.0, 'B_star': 0.0, 'ephemeris_type': 2, 'elset_num': 9999, 'inclination': 0.079, 'RAAN': 337.4678, 'eccentricity': 0.0002583, 'perigee': 308.6005, 'mean_anomaly': 166.7288, 'mean_motion': 1.00267561, 'rev_num': 0, 'line1': '1 50212U 21126A   25280.09656378 +.00000000 +00000+0 +00000+0 2 99992', 'line2': '2 50212   0.0790 337.4678 0002583 308.6005 166.7288  1.00267561000002', 'epoch': datetime.datetime(2025, 10, 7, 2, 19, 3, 110592)}"
03fd4aa4-0a0f-4b20-96e0-a6e9d9e2994f,U//PR-EXO-ELSETS,33056,2025-10-07T02:19:03.110289Z,1.002664236530449,33056,False,0.0004108473610904991,0.05740023921479398,69.02734689185947,107.9116019182441,275.824229969278,0.0,0.0,0.0,42166.23706057882,1436.173693581491,42183.56094780227,42148.91317335536,33056,1 33056U 08030B   25280.09656378 +.00000000 +00000+0 +00000+0 2 99998,2 33056   0.0574  69.0273 0004108 107.9116 275.8242  1.00266423000004,2025-10-07T03:33:29.297Z,system.exo,EXO,REAL,2,OPS1,"{'NORAD_ID': 33056, 'classification': 'U', 'COSPAR_ID': '08030B', 'BC': 0.0, 'n_ddot': 0.0, 'B_star': 0.0, 'ephemeris_type': 2, 'elset_num': 9999, 'inclination': 0.0574, 'RAAN': 69.0273, 'eccentricity': 0.0004108, 'perigee': 107.9116, 'mean_anomaly': 275.8242, 'mean_motion': 1.00266423, 'rev_num': 0, 'line1': '1 33056U 08030B   25280.09656378 +.00000000 +00000+0 +00000+0 2 99998', 'line2': '2 33056   0.0574  69.0273 0004108 107.9116 275.8242  1.00266423000004', 'epoch': datetime.datetime(2025, 10, 7, 2, 19, 3, 110592)}"
908c9105-8fdb-4e97-b747-905a646f4c64,U//PR-EXO-ELSETS,29349,2025-10-07T20:52:03.453721Z,1.002667200535166,29349,False,0.0001980240055570302,1.124888583501648,86.43133051379289,152.0327539830273,204.4001149851429,0.0,0.0,0.0,42166.15396156247,1436.169448079494,42174.50387226888,42157.80405085607,29349,1 29349U 06034A   25280.86948442 +.00000000 +00000+0 +00000+0 2 99991,2 29349   1.1249  86.4313 0001980 152.0328 204.4001  1.00266720000005,2025-10-07T21:57:29.819Z,system.exo,EXO,REAL,2,OPS1,"{'NORAD_ID': 29349, 'classification': 'U', 'COSPAR_ID': '06034A', 'BC': 0.0, 'n_ddot': 0.0, 'B_star': 0.0, 'ephemeris_type': 2, 'elset_num': 9999, 'inclination': 1.1249, 'RAAN': 86.4313, 'eccentricity': 0.000198, 'perigee': 152.0328, 'mean_anomaly': 204.4001, 'mean_motion': 1.0026672, 'rev_num': 0, 'line1': '1 29349U 06034A   25280.86948442 +.00000000 +00000+0 +00000+0 2 99991', 'line2': '2 29349   1.1249  86.4313 0001980 152.0328 204.4001  1.00266720000005', 'epoch': datetime.datetime(2025, 10, 7, 20, 52, 3, 453888)}"
05e40d1c-b421-4c91-9563-6d0f443f2cc6,U//PR-EXO-ELSETS,29398,2025-10-07T18:49:55.545007Z,1.000990040234791,29398,False,0.0005039314070779406,11.0369827999804,39.39031704569053,153.4824048240262,90.02055972714713,0.0,0.0,0.0,42213.24045452369,1438.575752124602,42234.51303218325,42191.96787686412,29398,1 29398U 06038A   25280.78467066 +.00000000 +00000+0 +00000+0 2 99998,2 29398  11.0370  39.3903 0005039 153.4824  90.0206  1.00099004000006,2025-10-07T19:39:28.732Z,system.exo,EXO,REAL,2,OPS1,"{'NORAD_ID': 29398, 'classification': 'U', 'COSPAR_ID': '06038A', 'BC': 0.0, 'n_ddot': 0.0, 'B_star': 0.0, 'ephemeris_type': 2, 'elset_num': 9999, 'inclination': 11.037, 'RAAN': 39.3903, 'eccentricity': 0.0005039, 'perigee': 153.4824, 'mean_anomaly': 90.0206, 'mean_motion': 1.00099004, 'rev_num': 0, 'line1': '1 29398U 06038A   25280.78467066 +.00000000 +00000+0 +00000+0 2 99998', 'line2': '2 29398  11.0370  39.3903 0005039 153.4824  90.0206  1.00099004000006', 'epoch': datetime.datetime(2025, 10, 7, 18, 49, 55, 545024)}"
1619cb1f-eaf9-4050-aae1-24ef86402f9e,U//PR-EXO-ELSETS,29526,2025-10-07T20:47:50.560826Z,1.002695031745751,29526,False,0.0005817319042269755,1.347611459393216,83.76744814298067,160.792322801447,110.4327033922789,0.0,0.0,0.0,42165.37370402172,1436.129585176936,42189.902647159,42140.84476088444,29526,1 29526U 06051A   25280.86655742 +.00000000 +00000+0 +00000+0 2 99995,2 29526   1.3476  83.7674 0005817 160.7923 110.4327  1.00269503000005,2025-10-07T21:36:29.806Z,system.exo,EXO,REAL,2,OPS1,"{'NORAD_ID': 29526, 'classification': 'U', 'COSPAR_ID': '06051A', 'BC': 0.0, 'n_ddot': 0.0, 'B_star': 0.0, 'ephemeris_type': 2, 'elset_num': 9999, 'inclination': 1.3476, 'RAAN': 83.7674, 'eccentricity': 0.0005817, 'perigee': 160.7923, 'mean_anomaly': 110.4327, 'mean_motion': 1.00269503, 'rev_num': 0, 'line1': '1 29526U 06051A   25280.86655742 +.00000000 +00000+0 +00000+0 2 99995', 'line2': '2 29526   1.3476  83.7674 0005817 160.7923 110.4327  1.00269503000005', 'epoch': datetime.datetime(2025, 10, 7, 20, 47, 50, 561088)}"
cad3912b-0db5-4b15-b916-27e527b49363,U//PR-EXO-ELSETS,11964,2025-10-07T18:09:01.608006Z,0.992295655030623,11964,False,0.00297875996237341,8.53874877219616,304.8098910884769,104.0998905078309,21.22198284705714,0.0,0.0,0.0,42459.46027537421,1451.180394371031,42585.93681566649,42332.98373508194,11964,1 11964U 80074A   25280.75626861 +.00000000 +00000+0 +00000+0 2 99997,2 11964   8.5387 304.8099 0029787 104.0999  21.2220  0.99229565000008,2025-10-07T20:03:28.644Z,system.exo,EXO,REAL,2,OPS1,"{'NORAD_ID': 11964, 'classification': 'U', 'COSPAR_ID': '80074A', 'BC': 0.0, 'n_ddot': 0.0, 'B_star': 0.0, 'ephemeris_type': 2, 'elset_num': 9999, 'inclination': 8.5387, 'RAAN': 304.8099, 'eccentricity': 0.0029787, 'perigee': 104.0999, 'mean_anomaly': 21.222, 'mean_motion': 0.99229565, 'rev_num': 0, 'line1': '1 11964U 80074A   25280.75626861 +.00000000 +00000+0 +00000+0 2 99997', 'line2': '2 11964   8.5387 304.8099 0029787 104.0999  21.2220  0.99229565000008', 'epoch': datetime.datetime(2025, 10, 7, 18, 9, 1, 607904)}"
d511e53c-75e5-433a-837b-310632d7dbeb,U//PR-EXO-ELSETS,40364,2025-10-07T21:10:30.666746Z,1.002697885766376,40364,False,0.00013841074409727,0.05625570727049745,12.52955871548118,102.40944019877,247.6963327495658,0.0,0.0,0.0,42165.2936926145,1436.125497461669,42171.12982228958,42159.45756293942,40364,1 40364U 14089A   25280.88229938 +.00000000 +00000+0 +00000+0 2 99994,2 40364   0.0563  12.5296 0001384 102.4094 247.6963  1.00269788000002,2025-10-07T21:30:29.166Z,system.exo,EXO,REAL,2,OPS1,"{'NORAD_ID': 40364, 'classification': 'U', 'COSPAR_ID': '14089A', 'BC': 0.0, 'n_ddot': 0.0, 'B_star': 0.0, 'ephemeris_type': 2, 'elset_num': 9999, 'inclination': 0.0563, 'RAAN': 12.5296, 'eccentricity': 0.0001384, 'perigee': 102.4094, 'mean_anomaly': 247.6963, 'mean_motion': 1.00269788, 'rev_num': 0, 'line1': '1 40364U 14089A   25280.88229938 +.00000000 +00000+0 +00000+0 2 99994', 'line2': '2 40364   0.0563  12.5296 0001384 102.4094 247.6963  1.00269788000002', 'epoch': datetime.datetime(2025, 10, 7, 21, 10, 30, 666432)}"
9a11b5cb-c359-4dd7-9a3e-a09ed00ea242,U//PR-EXO-ELSETS,38778,2025-10-07T21:11:03.334765Z,1.002660959329206,38778,False,0.0004384934376541551,0.06423334230614305,254.2959555334842,319.5334532832855,148.9110540197395,0.0,0.0,0.0,42166.32894086859,1436.178387720791,42184.81859939913,42147.83928233806,38778,1 38778U 12051A   25280.88267749 +.00000000 +00000+0 +00000+0 2 99999,2 38778   0.0642 254.2960 0004384 319.5335 148.9111  1.00266095000007,2025-10-07T21:33:28.643Z,system.exo,EXO,REAL,2,OPS1,"{'NORAD_ID': 38778, 'classification': 'U', 'COSPAR_ID': '12051A', 'BC': 0.0, 'n_ddot': 0.0, 'B_star': 0.0, 'ephemeris_type': 2, 'elset_num': 9999, 'inclination': 0.0642, 'RAAN': 254.296, 'eccentricity': 0.0004384, 'perigee': 319.5335, 'mean_anomaly': 148.9111, 'mean_motion': 1.00266095, 'rev_num': 0, 'line1': '1 38778U 12051A   25280.88267749 +.00000000 +00000+0 +00000+0 2 99999', 'line2': '2 38778   0.0642 254.2960 0004384 319.5335 148.9111  1.00266095000007', 'epoch': datetime.datetime(2025, 10, 7, 21, 11, 3, 335136)}"
e2623eae-ed1d-4c6b-bf3a-648cd5e966ba,U//PR-EXO-ELSETS,39285,2025-10-07T21:11:03.334765Z,1.002655991821756,39285,False,0.0002646011153794324,0.06678592271954349,345.9171577857024,212.8062054271352,164.3316284556259,0.0,0.0,0.0,42166.46821188602,1436.185503049376,42177.6255064065,42155.31091736555,39285,1 39285U 13056A   25280.88267749 +.00000000 +00000+0 +00000+0 2 99999,2 39285   0.0668 345.9172 0002646 212.8062 164.3316  1.00265599000000,2025-10-07T21:33:28.647Z,system.exo,EXO,REAL,2,OPS1,"{'NORAD_ID': 39285, 'classification': 'U', 'COSPAR_ID': '13056A', 'BC': 0.0, 'n_ddot': 0.0, 'B_star': 0.0, 'ephemeris_type': 2, 'elset_num': 9999, 'inclination': 0.0668, 'RAAN': 345.9172, 'eccentricity': 0.0002646, 'perigee': 212.8062, 'mean_anomaly': 164.3316, 'mean_motion': 1.00265599, 'rev_num': 0, 'line1': '1 39285U 13056A   25280.88267749 +.00000000 +00000+0 +00000+0 2 99999', 'line2': '2 39285   0.0668 345.9172 0002646 212.8062 164.3316  1.00265599000000', 'epoch': datetime.datetime(2025, 10, 7, 21, 11, 3, 335136)}"
18c129bc-def1-44e0-a7dd-955cb4e0adb7,U//PR-EXO-ELSETS,31306,2025-10-07T21:07:34.827990Z,1.002666115524198,31306,False,0.0003730734397116626,0.6642927181076465,82.59414423274879,124.2784006222222,146.1993800426307,0.0,0.0,0.0,42166.1843809484,1436.171002195644,42181.91546439492,42150.45329750188,31306,1 31306U 07016A   25280.88026421 +.00000000 +00000+0 +00000+0 2 99994,2 31306   0.6643  82.5941 0003730 124.2784 146.1994  1.00266611000001,2025-10-07T21:51:31.426Z,system.exo,EXO,REAL,2,OPS1,"{'NORAD_ID': 31306, 'classification': 'U', 'COSPAR_ID': '07016A', 'BC': 0.0, 'n_ddot': 0.0, 'B_star': 0.0, 'ephemeris_type': 2, 'elset_num': 9999, 'inclination': 0.6643, 'RAAN': 82.5941, 'eccentricity': 0.000373, 'perigee': 124.2784, 'mean_anomaly': 146.1994, 'mean_motion': 1.00266611, 'rev_num': 0, 'line1': '1 31306U 07016A   25280.88026421 +.00000000 +00000+0 +00000+0 2 99994', 'line2': '2 31306   0.6643  82.5941 0003730 124.2784 146.1994  1.00266611000001', 'epoch': datetime.datetime(2025, 10, 7, 21, 7, 34, 827744)}"
1f13700a-d382-42b3-bb3b-ab8f585ac5c8,U//PR-EXO-ELSETS,60086,2025-10-07T21:07:34.827990Z,1.002667414295547,60086,False,0.0003950476889188069,0.0721963252922788,332.5976551601441,273.2763631962858,107.0129867074465,0.0,0.0,0.0,42166.14796857924,1436.169141900072,42182.80560788484,42149.49032927365,60086,1 60086U 24115A   25280.88026421 +.00000000 +00000+0 +00000+0 2 99990,2 60086   0.0722 332.5977 0003950 273.2764 107.0130  1.00266741000006,2025-10-07T21:51:31.450Z,system.exo,EXO,REAL,2,OPS1,"{'NORAD_ID': 60086, 'classification': 'U', 'COSPAR_ID': '24115A', 'BC': 0.0, 'n_ddot': 0.0, 'B_star': 0.0, 'ephemeris_type': 2, 'elset_num': 9999, 'inclination': 0.0722, 'RAAN': 332.5977, 'eccentricity': 0.000395, 'perigee': 273.2764, 'mean_anomaly': 107.013, 'mean_motion': 1.00266741, 'rev_num': 0, 'line1': '1 60086U 24115A   25280.88026421 +.00000000 +00000+0 +00000+0 2 99990', 'line2': '2 60086   0.0722 332.5977 0003950 273.2764 107.0130  1.00266741000006', 'epoch': datetime.datetime(2025, 10, 7, 21, 7, 34, 827744)}"
f8f952e0-69bb-44d6-a90f-c468cb7c6c9a,U//PR-EXO-ELSETS,29055,2025-10-07T21:07:34.827990Z,1.002655979481851,29055,False,0.0005768656485330641,0.02773933370966637,10.29606241693875,205.3134927406419,137.2669434108994,0.0,0.0,0.0,42166.46855785395,1436.185520724824,42190.79294508493,42142.14417062297,29055,1 29055U 06012A   25280.88026421 +.00000000 +00000+0 +00000+0 2 99997,2 29055   0.0277  10.2961 0005768 205.3135 137.2669  1.00265597000002,2025-10-07T21:45:30.613Z,system.exo,EXO,REAL,2,OPS1,"{'NORAD_ID': 29055, 'classification': 'U', 'COSPAR_ID': '06012A', 'BC': 0.0, 'n_ddot': 0.0, 'B_star': 0.0, 'ephemeris_type': 2, 'elset_num': 9999, 'inclination': 0.0277, 'RAAN': 10.2961, 'eccentricity': 0.0005768, 'perigee': 205.3135, 'mean_anomaly': 137.2669, 'mean_motion': 1.00265597, 'rev_num': 0, 'line1': '1 29055U 06012A   25280.88026421 +.00000000 +00000+0 +00000+0 2 99997', 'line2': '2 29055   0.0277  10.2961 0005768 205.3135 137.2669  1.00265597000002', 'epoch': datetime.datetime(2025, 10, 7, 21, 7, 34, 827744)}"
0f791b9a-4a4d-4698-b513-bb41e16b7b77,U//PR-EXO-ELSETS,33436,2025-10-07T20:21:45.124940Z,1.002689232924609,33436,False,0.000532862909469419,0.05874614671108679,58.39468837135161,125.7672062421527,157.2323713826683,0.0,0.0,0.0,42165.5362729858,1436.137890700051,42188.00472332356,42143.06782264803,33436,1 33436U 08057A   25280.84843895 +.00000000 +00000+0 +00000+0 2 99994,2 33436   0.0587  58.3947 0005328 125.7672 157.2324  1.00268923000000,2025-10-07T21:18:27.869Z,system.exo,EXO,REAL,2,OPS1,"{'NORAD_ID': 33436, 'classification': 'U', 'COSPAR_ID': '08057A', 'BC': 0.0, 'n_ddot': 0.0, 'B_star': 0.0, 'ephemeris_type': 2, 'elset_num': 9999, 'inclination': 0.0587, 'RAAN': 58.3947, 'eccentricity': 0.0005328, 'perigee': 125.7672, 'mean_anomaly': 157.2324, 'mean_motion': 1.00268923, 'rev_num': 0, 'line1': '1 33436U 08057A   25280.84843895 +.00000000 +00000+0 +00000+0 2 99994', 'line2': '2 33436   0.0587  58.3947 0005328 125.7672 157.2324  1.00268923000000', 'epoch': datetime.datetime(2025, 10, 7, 20, 21, 45, 125280)}"
97a9477d-cf7e-445f-b30d-bdbf6e0f0596,U//PR-EXO-ELSETS,37775,2025-10-07T19:57:22.642106Z,1.00269703670232,37775,False,0.0001514555039379752,0.07340657583773903,36.82991062459231,143.4546783190254,155.0115779892414,0.0,0.0,0.0,42165.31749576999,1436.126713544388,42171.70366518002,42158.93132635996,37775,1 37775U 11041A   25280.83151206 +.00000000 +00000+0 +00000+0 2 99998,2 37775   0.0734  36.8299 0001514 143.4547 155.0116  1.00269703000008,2025-10-07T20:57:28.678Z,system.exo,EXO,REAL,2,OPS1,"{'NORAD_ID': 37775, 'classification': 'U', 'COSPAR_ID': '11041A', 'BC': 0.0, 'n_ddot': 0.0, 'B_star': 0.0, 'ephemeris_type': 2, 'elset_num': 9999, 'inclination': 0.0734, 'RAAN': 36.8299, 'eccentricity': 0.0001514, 'perigee': 143.4547, 'mean_anomaly': 155.0116, 'mean_motion': 1.00269703, 'rev_num': 0, 'line1': '1 37775U 11041A   25280.83151206 +.00000000 +00000+0 +00000+0 2 99998', 'line2': '2 37775   0.0734  36.8299 0001514 143.4547 155.0116  1.00269703000008', 'epoch': datetime.datetime(2025, 10, 7, 19, 57, 22, 641984)}"
e55629cb-b3d2-4ded-8140-13207306562e,U//PR-EXO-ELSETS,37810,2025-10-07T20:22:50.148124Z,1.002672462044286,37810,False,0.0005266450099071385,0.05202639484007268,5.490778714100528,198.7726044952241,138.1929823573201,0.0,0.0,0.0,42166.00645058153,1436.161911801262,42188.21296746644,42143.79993369662,37810,1 37810U 11049B   25280.84919153 +.00000000 +00000+0 +00000+0 2 99990,2 37810   0.0520   5.4908 0005266 198.7726 138.1930  1.00267246000006,2025-10-07T21:06:29.778Z,system.exo,EXO,REAL,2,OPS1,"{'NORAD_ID': 37810, 'classification': 'U', 'COSPAR_ID': '11049B', 'BC': 0.0, 'n_ddot': 0.0, 'B_star': 0.0, 'ephemeris_type': 2, 'elset_num': 9999, 'inclination': 0.052, 'RAAN': 5.4908, 'eccentricity': 0.0005266, 'perigee': 198.7726, 'mean_anomaly': 138.193, 'mean_motion': 1.00267246, 'rev_num': 0, 'line1': '1 37810U 11049B   25280.84919153 +.00000000 +00000+0 +00000+0 2 99990', 'line2': '2 37810   0.0520   5.4908 0005266 198.7726 138.1930  1.00267246000006', 'epoch': datetime.datetime(2025, 10, 7, 20, 22, 50, 148192)}"
90f9e881-58a9-4bff-90a0-476b347b4617,U//PR-EXO-ELSETS,28094,2025-10-07T18:11:24.452976Z,1.002583474070773,28094,False,0.0003621199687927198,9.029900441929255,58.09419748380528,131.1030599427136,158.321010388178,0.0,0.0,0.0,42168.50147937909,1436.289383619293,42183.77153581884,42153.23142293934,28094,1 28094U 03053B   25280.75792191 +.00000000 +00000+0 +00000+0 2 99991,2 28094   9.0299  58.0942 0003621 131.1031 158.3210  1.00258347000004,2025-10-07T19:06:27.812Z,system.exo,EXO,REAL,2,OPS1,"{'NORAD_ID': 28094, 'classification': 'U', 'COSPAR_ID': '03053B', 'BC': 0.0, 'n_ddot': 0.0, 'B_star': 0.0, 'ephemeris_type': 2, 'elset_num': 9999, 'inclination': 9.0299, 'RAAN': 58.0942, 'eccentricity': 0.0003621, 'perigee': 131.1031, 'mean_anomaly': 158.321, 'mean_motion': 1.00258347, 'rev_num': 0, 'line1': '1 28094U 03053B   25280.75792191 +.00000000 +00000+0 +00000+0 2 99991', 'line2': '2 28094   9.0299  58.0942 0003621 131.1031 158.3210  1.00258347000004', 'epoch': datetime.datetime(2025, 10, 7, 18, 11, 24, 453024)}"
5afcd04a-f79c-4c16-9341-65a1aab59a55,U//PR-EXO-ELSETS,22041,2025-10-07T20:44:02.520060Z,0.9924264617935672,22041,False,0.003632963600352821,13.97678134075503,346.5664871447701,263.6714853466519,56.02671130498918,0.0,0.0,0.0,42455.72928083165,1450.989121549171,42609.96939993535,42301.48916172796,22041,1 22041U 92043A   25280.86391806 +.00000000 +00000+0 +00000+0 2 99994,2 22041  13.9768 346.5665 0036329 263.6715  56.0267  0.99242646000001,2025-10-07T21:09:39.073Z,system.exo,EXO,REAL,2,OPS1,"{'NORAD_ID': 22041, 'classification': 'U', 'COSPAR_ID': '92043A', 'BC': 0.0, 'n_ddot': 0.0, 'B_star': 0.0, 'ephemeris_type': 2, 'elset_num': 9999, 'inclination': 13.9768, 'RAAN': 346.5665, 'eccentricity': 0.0036329, 'perigee': 263.6715, 'mean_anomaly': 56.0267, 'mean_motion': 0.99242646, 'rev_num': 0, 'line1': '1 22041U 92043A   25280.86391806 +.00000000 +00000+0 +00000+0 2 99994', 'line2': '2 22041  13.9768 346.5665 0036329 263.6715  56.0267  0.99242646000001', 'epoch': datetime.datetime(2025, 10, 7, 20, 44, 2, 520384)}"
c01b5438-b461-417b-bba5-105dbefc5fe6,U//PR-EXO-ELSETS,15824,2025-10-07T18:11:07.825708Z,0.9946879030073534,15824,False,0.0004535591187803101,14.11588505666345,344.8087773357372,173.6719432397138,109.2732111100676,0.0,0.0,0.0,42391.35561951222,1447.690271135583,42410.58260541091,42372.12863361353,15824,1 15824U 85048B   25280.75772946 +.00000000 +00000+0 +00000+0 2 99998,2 15824  14.1159 344.8088 0004535 173.6719 109.2732  0.99468790000005,2025-10-07T19:45:29.864Z,system.exo,EXO,REAL,2,OPS1,"{'NORAD_ID': 15824, 'classification': 'U', 'COSPAR_ID': '85048B', 'BC': 0.0, 'n_ddot': 0.0, 'B_star': 0.0, 'ephemeris_type': 2, 'elset_num': 9999, 'inclination': 14.1159, 'RAAN': 344.8088, 'eccentricity': 0.0004535, 'perigee': 173.6719, 'mean_anomaly': 109.2732, 'mean_motion': 0.9946879, 'rev_num': 0, 'line1': '1 15824U 85048B   25280.75772946 +.00000000 +00000+0 +00000+0 2 99998', 'line2': '2 15824  14.1159 344.8088 0004535 173.6719 109.2732  0.99468790000005', 'epoch': datetime.datetime(2025, 10, 7, 18, 11, 7, 825344)}"
b8214739-320f-4f9f-a351-e0b266843adf,U//PR-EXO-ELSETS,37816,2025-10-07T20:43:55.863890Z,1.002686565836832,37816,False,0.0006528500353931236,0.06736970103785193,23.12501347708458,175.6612369393193,121.6648420361554,0.0,0.0,0.0,42165.61104486392,1436.141710743069,42193.13886552693,42138.08322420091,37816,1 37816U 11051A   25280.86384102 +.00000000 +00000+0 +00000+0 2 99991,2 37816   0.0674  23.1250 0006528 175.6612 121.6648  1.00268656000008,2025-10-07T21:15:29.009Z,system.exo,EXO,REAL,2,OPS1,"{'NORAD_ID': 37816, 'classification': 'U', 'COSPAR_ID': '11051A', 'BC': 0.0, 'n_ddot': 0.0, 'B_star': 0.0, 'ephemeris_type': 2, 'elset_num': 9999, 'inclination': 0.0674, 'RAAN': 23.125, 'eccentricity': 0.0006528, 'perigee': 175.6612, 'mean_anomaly': 121.6648, 'mean_motion': 1.00268656, 'rev_num': 0, 'line1': '1 37816U 11051A   25280.86384102 +.00000000 +00000+0 +00000+0 2 99991', 'line2': '2 37816   0.0674  23.1250 0006528 175.6612 121.6648  1.00268656000008', 'epoch': datetime.datetime(2025, 10, 7, 20, 43, 55, 864128)}"
6fe34aec-a9ab-4801-bbe7-28b3e78079de,U//PR-EXO-ELSETS,52817,2025-10-07T04:44:59.091925Z,1.002673216418013,52817,False,0.0002022732279137208,0.05427589974479549,4.065598070085473,211.1285782598038,225.1919989346246,0.0,0.0,0.0,42165.9853011642,1436.160831286896,42174.51435111922,42157.45625120917,52817,1 52817U 22061A   25280.19790616 +.00000000 +00000+0 +00000+0 2 99999,2 52817   0.0543   4.0656 0002022 211.1286 225.1920  1.00267321000008,2025-10-07T05:12:29.219Z,system.exo,EXO,REAL,2,OPS1,"{'NORAD_ID': 52817, 'classification': 'U', 'COSPAR_ID': '22061A', 'BC': 0.0, 'n_ddot': 0.0, 'B_star': 0.0, 'ephemeris_type': 2, 'elset_num': 9999, 'inclination': 0.0543, 'RAAN': 4.0656, 'eccentricity': 0.0002022, 'perigee': 211.1286, 'mean_anomaly': 225.192, 'mean_motion': 1.00267321, 'rev_num': 0, 'line1': '1 52817U 22061A   25280.19790616 +.00000000 +00000+0 +00000+0 2 99999', 'line2': '2 52817   0.0543   4.0656 0002022 211.1286 225.1920  1.00267321000008', 'epoch': datetime.datetime(2025, 10, 7, 4, 44, 59, 92224)}"
f2efb9b6-6839-4057-bbff-a32b47ec2b8e,U//PR-EXO-ELSETS,57214,2025-10-07T20:37:43.746013Z,1.002694908184292,57214,False,2.764516907395391e-05,0.006291388543829009,232.4099393999468,2.147433464142761,85.07440728119484,0.0,0.0,0.0,42165.37716802986,1436.129762150276,42166.54283701073,42164.21149904899,57214,1 57214U 23093B   25280.85953410 +.00000000 +00000+0 +00000+0 2 99997,2 57214   0.0063 232.4099 0000276   2.1474  85.0744  1.00269490000001,2025-10-07T21:30:29.172Z,system.exo,EXO,REAL,2,OPS1,"{'NORAD_ID': 57214, 'classification': 'U', 'COSPAR_ID': '23093B', 'BC': 0.0, 'n_ddot': 0.0, 'B_star': 0.0, 'ephemeris_type': 2, 'elset_num': 9999, 'inclination': 0.0063, 'RAAN': 232.4099, 'eccentricity': 2.76e-05, 'perigee': 2.1474, 'mean_anomaly': 85.0744, 'mean_motion': 1.0026949, 'rev_num': 0, 'line1': '1 57214U 23093B   25280.85953410 +.00000000 +00000+0 +00000+0 2 99997', 'line2': '2 57214   0.0063 232.4099 0000276   2.1474  85.0744  1.00269490000001', 'epoch': datetime.datetime(2025, 10, 7, 20, 37, 43, 746240)}"
f367136c-3aa1-4c5d-818a-d1659b70f8f1,U//PR-EXO-ELSETS,19217,2025-10-07T18:11:14.444702Z,0.9939236979846939,19217,False,0.0002872946223671386,14.46502620832327,6.524933979266703,230.8233568562415,31.5441042461555,0.0,0.0,0.0,42413.08199346669,1448.803366817576,42425.26704384144,42400.89694309195,19217,1 19217U 88051C   25280.75780607 +.00000000 +00000+0 +00000+0 2 99998,2 19217  14.4650   6.5249 0002872 230.8234  31.5441  0.99392369000007,2025-10-07T20:42:30.299Z,system.exo,EXO,REAL,2,OPS1,"{'NORAD_ID': 19217, 'classification': 'U', 'COSPAR_ID': '88051C', 'BC': 0.0, 'n_ddot': 0.0, 'B_star': 0.0, 'ephemeris_type': 2, 'elset_num': 9999, 'inclination': 14.465, 'RAAN': 6.5249, 'eccentricity': 0.0002872, 'perigee': 230.8234, 'mean_anomaly': 31.5441, 'mean_motion': 0.99392369, 'rev_num': 0, 'line1': '1 19217U 88051C   25280.75780607 +.00000000 +00000+0 +00000+0 2 99998', 'line2': '2 19217  14.4650   6.5249 0002872 230.8234  31.5441  0.99392369000007', 'epoch': datetime.datetime(2025, 10, 7, 18, 11, 14, 444448)}"
b618c021-f341-4460-b2de-db1f84a615b4,U//PR-EXO-ELSETS,5589,2025-10-07T19:44:56.090211Z,0.9718417760657663,5589,False,0.01664487397713627,3.955902620844699,276.4564508795016,180.6368861810195,246.8147790261317,0.0,0.0,0.0,43053.1388546701,1481.722679003822,43769.75292522623,42336.52478411396,5589,1 05589U 71095C   25280.82287141 +.00000000 +00000+0 +00000+0 2 99998,2 05589   3.9559 276.4565 0166448 180.6369 246.8148  0.97184177000004,2025-10-07T20:03:28.639Z,system.exo,EXO,REAL,2,OPS1,"{'NORAD_ID': 5589, 'classification': 'U', 'COSPAR_ID': '71095C', 'BC': 0.0, 'n_ddot': 0.0, 'B_star': 0.0, 'ephemeris_type': 2, 'elset_num': 9999, 'inclination': 3.9559, 'RAAN': 276.4565, 'eccentricity': 0.0166448, 'perigee': 180.6369, 'mean_anomaly': 246.8148, 'mean_motion': 0.97184177, 'rev_num': 0, 'line1': '1 05589U 71095C   25280.82287141 +.00000000 +00000+0 +00000+0 2 99998', 'line2': '2 05589   3.9559 276.4565 0166448 180.6369 246.8148  0.97184177000004', 'epoch': datetime.datetime(2025, 10, 7, 19, 44, 56, 89824)}"
50e48b21-5fcf-4394-89cf-679777cc0dee,U//PR-EXO-ELSETS,11568,2025-10-07T19:49:42.635106Z,1.004977678306485,11568,False,0.001428044556642301,3.200655220177689,268.7424152288784,214.5008782078014,227.5495615318683,0.0,0.0,0.0,42101.50156055611,1432.86764580342,42161.62438068614,42041.37874042609,11568,1 11568U 75123F   25280.82618791 +.00000000 +00000+0 +00000+0 2 99997,2 11568   3.2007 268.7424 0014280 214.5009 227.5496  1.00497767000000,2025-10-07T23:27:29.285Z,system.exo,EXO,REAL,2,OPS1,"{'NORAD_ID': 11568, 'classification': 'U', 'COSPAR_ID': '75123F', 'BC': 0.0, 'n_ddot': 0.0, 'B_star': 0.0, 'ephemeris_type': 2, 'elset_num': 9999, 'inclination': 3.2007, 'RAAN': 268.7424, 'eccentricity': 0.001428, 'perigee': 214.5009, 'mean_anomaly': 227.5496, 'mean_motion': 1.00497767, 'rev_num': 0, 'line1': '1 11568U 75123F   25280.82618791 +.00000000 +00000+0 +00000+0 2 99997', 'line2': '2 11568   3.2007 268.7424 0014280 214.5009 227.5496  1.00497767000000', 'epoch': datetime.datetime(2025, 10, 7, 19, 49, 42, 635424)}"
66f8b3f8-3b8c-4615-86f3-17feab6d200b,U//PR-EXO-ELSETS,22112,2025-10-07T18:13:14.441034Z,1.00265257653476,22112,False,0.000950212164668053,13.7578911954007,344.4830397105204,322.4960879781204,319.8063189831621,0.0,0.0,0.0,42166.56396489968,1436.19039505862,42206.63114692138,42126.49678287798,22112,1 22112U 92059A   25280.75919492 +.00000000 +00000+0 +00000+0 2 99995,2 22112  13.7579 344.4830 0009502 322.4961 319.8063  1.00265257000009,2025-10-07T18:54:28.910Z,system.exo,EXO,REAL,2,OPS1,"{'NORAD_ID': 22112, 'classification': 'U', 'COSPAR_ID': '92059A', 'BC': 0.0, 'n_ddot': 0.0, 'B_star': 0.0, 'ephemeris_type': 2, 'elset_num': 9999, 'inclination': 13.7579, 'RAAN': 344.483, 'eccentricity': 0.0009502, 'perigee': 322.4961, 'mean_anomaly': 319.8063, 'mean_motion': 1.00265257, 'rev_num': 0, 'line1': '1 22112U 92059A   25280.75919492 +.00000000 +00000+0 +00000+0 2 99995', 'line2': '2 22112  13.7579 344.4830 0009502 322.4961 319.8063  1.00265257000009', 'epoch': datetime.datetime(2025, 10, 7, 18, 13, 14, 441088)}"
cf8d4d2b-5635-4896-a72d-134122bd0456,U//PR-EXO-ELSETS,18328,2025-10-07T19:38:55.759677Z,0.9648063298180473,18328,False,0.0007033780757295195,12.60708427293771,329.4408989296488,260.2272844165657,110.3366348457254,0.0,0.0,0.0,43262.18329995059,1492.527521322927,43292.61297119196,43231.75362870921,18328,1 18328U 87073A   25280.81870092 +.00000000 +00000+0 +00000+0 2 99998,2 18328  12.6071 329.4409 0007033 260.2273 110.3366  0.96480632000005,2025-10-07T21:36:29.800Z,system.exo,EXO,REAL,2,OPS1,"{'NORAD_ID': 18328, 'classification': 'U', 'COSPAR_ID': '87073A', 'BC': 0.0, 'n_ddot': 0.0, 'B_star': 0.0, 'ephemeris_type': 2, 'elset_num': 9999, 'inclination': 12.6071, 'RAAN': 329.4409, 'eccentricity': 0.0007033, 'perigee': 260.2273, 'mean_anomaly': 110.3366, 'mean_motion': 0.96480632, 'rev_num': 0, 'line1': '1 18328U 87073A   25280.81870092 +.00000000 +00000+0 +00000+0 2 99998', 'line2': '2 18328  12.6071 329.4409 0007033 260.2273 110.3366  0.96480632000005', 'epoch': datetime.datetime(2025, 10, 7, 19, 38, 55, 759488)}"
b2c0c09e-6e0b-466e-b2d3-645b4c7c0b52,U//PR-EXO-ELSETS,23108,2025-10-07T19:48:51.887282Z,1.002440854129501,23108,False,0.0006285462285840714,14.16504575833275,350.0548968150171,254.3285896221264,46.54423428451955,0.0,0.0,0.0,42172.50100153375,1436.493728351151,42199.00836798822,42145.99363507927,23108,1 23108U 94030A   25280.82560055 +.00000000 +00000+0 +00000+0 2 99997,2 23108  14.1650 350.0549 0006285 254.3286  46.5442  1.00244085000009,2025-10-07T20:45:28.028Z,system.exo,EXO,REAL,2,OPS1,"{'NORAD_ID': 23108, 'classification': 'U', 'COSPAR_ID': '94030A', 'BC': 0.0, 'n_ddot': 0.0, 'B_star': 0.0, 'ephemeris_type': 2, 'elset_num': 9999, 'inclination': 14.165, 'RAAN': 350.0549, 'eccentricity': 0.0006285, 'perigee': 254.3286, 'mean_anomaly': 46.5442, 'mean_motion': 1.00244085, 'rev_num': 0, 'line1': '1 23108U 94030A   25280.82560055 +.00000000 +00000+0 +00000+0 2 99997', 'line2': '2 23108  14.1650 350.0549 0006285 254.3286  46.5442  1.00244085000009', 'epoch': datetime.datetime(2025, 10, 7, 19, 48, 51, 887520)}"
f0255e48-2872-423f-9164-9d023c3a0aa3,U//PR-EXO-ELSETS,64723,2025-10-07T20:55:48.757710Z,1.002660344742979,64723,False,0.0001977303025752435,0.8397903326440658,310.3822299462189,287.8910477888036,89.06157434376046,0.0,0.0,0.0,42166.34617159049,1436.179268034309,42174.68373597749,42158.00860720348,64723,1 64723U 25143A   25280.87209210 +.00000000 +00000+0 +00000+0 2 99992,2 64723   0.8398 310.3822 0001977 287.8910  89.0616  1.00266034000002,2025-10-07T21:21:29.550Z,system.exo,EXO,REAL,2,OPS1,"{'NORAD_ID': 64723, 'classification': 'U', 'COSPAR_ID': '25143A', 'BC': 0.0, 'n_ddot': 0.0, 'B_star': 0.0, 'ephemeris_type': 2, 'elset_num': 9999, 'inclination': 0.8398, 'RAAN': 310.3822, 'eccentricity': 0.0001977, 'perigee': 287.891, 'mean_anomaly': 89.0616, 'mean_motion': 1.00266034, 'rev_num': 0, 'line1': '1 64723U 25143A   25280.87209210 +.00000000 +00000+0 +00000+0 2 99992', 'line2': '2 64723   0.8398 310.3822 0001977 287.8910  89.0616  1.00266034000002', 'epoch': datetime.datetime(2025, 10, 7, 20, 55, 48, 757440)}"
4bfefa6a-424d-4717-b322-062b2556968a,U//PR-EXO-ELSETS,42747,2025-10-07T19:10:17.135324Z,1.002662199329975,42747,False,0.0004351038357969826,0.03906419589256967,92.82682576914246,77.2271325365098,182.1094481605989,0.0,0.0,0.0,42166.29417589247,1436.176611586907,42184.64089222975,42147.94745955519,42747,1 42747U 17031A   25280.79880944 +.00000000 +00000+0 +00000+0 2 99991,2 42747   0.0391  92.8268 0004351  77.2271 182.1094  1.00266219000005,2025-10-07T19:36:29.098Z,system.exo,EXO,REAL,2,OPS1,"{'NORAD_ID': 42747, 'classification': 'U', 'COSPAR_ID': '17031A', 'BC': 0.0, 'n_ddot': 0.0, 'B_star': 0.0, 'ephemeris_type': 2, 'elset_num': 9999, 'inclination': 0.0391, 'RAAN': 92.8268, 'eccentricity': 0.0004351, 'perigee': 77.2271, 'mean_anomaly': 182.1094, 'mean_motion': 1.00266219, 'rev_num': 0, 'line1': '1 42747U 17031A   25280.79880944 +.00000000 +00000+0 +00000+0 2 99991', 'line2': '2 42747   0.0391  92.8268 0004351  77.2271 182.1094  1.00266219000005', 'epoch': datetime.datetime(2025, 10, 7, 19, 10, 17, 135616)}"
193c054a-08a3-4b32-911c-44a8c29b2d4a,U//PR-EXO-ELSETS,44035,2025-10-07T19:10:17.135324Z,1.002682177953853,44035,False,0.0005501109287828988,0.001891733146524722,185.6102549045083,52.80514322092554,113.7456251580057,0.0,0.0,0.0,42165.73406000345,1436.147995507978,42188.92989113001,42142.53822887689,44035,1 44035U 19007B   25280.79880944 +.00000000 +00000+0 +00000+0 2 99998,2 44035   0.0019 185.6103 0005501  52.8051 113.7456  1.00268217000008,2025-10-07T20:24:28.567Z,system.exo,EXO,REAL,2,OPS1,"{'NORAD_ID': 44035, 'classification': 'U', 'COSPAR_ID': '19007B', 'BC': 0.0, 'n_ddot': 0.0, 'B_star': 0.0, 'ephemeris_type': 2, 'elset_num': 9999, 'inclination': 0.0019, 'RAAN': 185.6103, 'eccentricity': 0.0005501, 'perigee': 52.8051, 'mean_anomaly': 113.7456, 'mean_motion': 1.00268217, 'rev_num': 0, 'line1': '1 44035U 19007B   25280.79880944 +.00000000 +00000+0 +00000+0 2 99998', 'line2': '2 44035   0.0019 185.6103 0005501  52.8051 113.7456  1.00268217000008', 'epoch': datetime.datetime(2025, 10, 7, 19, 10, 17, 135616)}"
d9a90fd5-1d4e-46c7-b103-ec3e263f1047,U//PR-EXO-ELSETS,38245,2025-10-07T19:10:17.135324Z,1.002680578699278,38245,False,0.000269357529150222,0.05895027829084905,85.03997099662801,123.6284853579023,143.2108740255726,0.0,0.0,0.0,42165.7788956348,1436.150286134027,42177.13656565282,42154.42122561677,38245,1 38245U 12016A   25280.79880944 +.00000000 +00000+0 +00000+0 2 99997,2 38245   0.0590  85.0400 0002693 123.6285 143.2109  1.00268057000001,2025-10-07T19:45:29.883Z,system.exo,EXO,REAL,2,OPS1,"{'NORAD_ID': 38245, 'classification': 'U', 'COSPAR_ID': '12016A', 'BC': 0.0, 'n_ddot': 0.0, 'B_star': 0.0, 'ephemeris_type': 2, 'elset_num': 9999, 'inclination': 0.059, 'RAAN': 85.04, 'eccentricity': 0.0002693, 'perigee': 123.6285, 'mean_anomaly': 143.2109, 'mean_motion': 1.00268057, 'rev_num': 0, 'line1': '1 38245U 12016A   25280.79880944 +.00000000 +00000+0 +00000+0 2 99997', 'line2': '2 38245   0.0590  85.0400 0002693 123.6285 143.2109  1.00268057000001', 'epoch': datetime.datetime(2025, 10, 7, 19, 10, 17, 135616)}"
d55641f2-2838-47bd-bbc3-83cb07db185c,U//PR-EXO-ELSETS,49056,2025-10-07T19:10:17.135324Z,1.00267656256721,49056,False,0.0002820187519186957,0.01240941200579589,278.9287357677745,308.8549219733758,124.1941142045019,0.0,0.0,0.0,42165.89148975212,1436.156038506661,42177.7830618436,42153.99991766064,49056,1 49056U 21069B   25280.79880944 +.00000000 +00000+0 +00000+0 2 99997,2 49056   0.0124 278.9287 0002820 308.8549 124.1941  1.00267656000000,2025-10-07T19:33:28.496Z,system.exo,EXO,REAL,2,OPS1,"{'NORAD_ID': 49056, 'classification': 'U', 'COSPAR_ID': '21069B', 'BC': 0.0, 'n_ddot': 0.0, 'B_star': 0.0, 'ephemeris_type': 2, 'elset_num': 9999, 'inclination': 0.0124, 'RAAN': 278.9287, 'eccentricity': 0.000282, 'perigee': 308.8549, 'mean_anomaly': 124.1941, 'mean_motion': 1.00267656, 'rev_num': 0, 'line1': '1 49056U 21069B   25280.79880944 +.00000000 +00000+0 +00000+0 2 99997', 'line2': '2 49056   0.0124 278.9287 0002820 308.8549 124.1941  1.00267656000000', 'epoch': datetime.datetime(2025, 10, 7, 19, 10, 17, 135616)}"
2dc7e0a5-7f89-459b-84dc-7a74364957d1,U//PR-EXO-ELSETS,41937,2025-10-07T20:10:20.687212Z,1.002659889694762,41937,False,0.0002053168140823145,1.798578447202141,33.78213950476997,172.5863167318158,133.8818182359907,0.0,0.0,0.0,42166.35892946872,1436.179919831415,42175.01639194557,42157.70146699187,41937,1 41937U 17004A   25280.84051721 +.00000000 +00000+0 +00000+0 2 99990,2 41937   1.7986  33.7821 0002053 172.5863 133.8818  1.00265988000004,2025-10-07T21:06:29.789Z,system.exo,EXO,REAL,2,OPS1,"{'NORAD_ID': 41937, 'classification': 'U', 'COSPAR_ID': '17004A', 'BC': 0.0, 'n_ddot': 0.0, 'B_star': 0.0, 'ephemeris_type': 2, 'elset_num': 9999, 'inclination': 1.7986, 'RAAN': 33.7821, 'eccentricity': 0.0002053, 'perigee': 172.5863, 'mean_anomaly': 133.8818, 'mean_motion': 1.00265988, 'rev_num': 0, 'line1': '1 41937U 17004A   25280.84051721 +.00000000 +00000+0 +00000+0 2 99990', 'line2': '2 41937   1.7986  33.7821 0002053 172.5863 133.8818  1.00265988000004', 'epoch': datetime.datetime(2025, 10, 7, 20, 10, 20, 686944)}"
376f5929-7719-422a-8219-2b8827ca5bdd,U//PR-EXO-ELSETS,57100,2025-10-07T18:14:22.410007Z,0.9642247503114012,57100,False,0.01773601956051059,2.515095922626215,201.3712632604053,52.49777138597,57.10251139593073,0.0,0.0,0.0,43279.57749537966,1493.42775067218,44047.18492840835,42511.97006235098,57100,1 57100U 23089B   25280.75998160 +.00000000 +00000+0 +00000+0 2 99996,2 57100   2.5151 201.3713 0177360  52.4978  57.1025  0.96422475000004,2025-10-07T19:51:28.196Z,system.exo,EXO,REAL,2,OPS1,"{'NORAD_ID': 57100, 'classification': 'U', 'COSPAR_ID': '23089B', 'BC': 0.0, 'n_ddot': 0.0, 'B_star': 0.0, 'ephemeris_type': 2, 'elset_num': 9999, 'inclination': 2.5151, 'RAAN': 201.3713, 'eccentricity': 0.017736, 'perigee': 52.4978, 'mean_anomaly': 57.1025, 'mean_motion': 0.96422475, 'rev_num': 0, 'line1': '1 57100U 23089B   25280.75998160 +.00000000 +00000+0 +00000+0 2 99996', 'line2': '2 57100   2.5151 201.3713 0177360  52.4978  57.1025  0.96422475000004', 'epoch': datetime.datetime(2025, 10, 7, 18, 14, 22, 410240)}"
c76c7b12-0767-4e79-b242-71965964c0f6,U//PR-EXO-ELSETS,39728,2025-10-07T18:14:19.394293Z,1.002680520778943,39728,False,5.586756783228062e-05,0.03318475742300103,30.70720010077907,260.4550037377746,57.58878170860122,0.0,0.0,0.0,42165.7805194528,1436.150369093957,42168.13621905617,42163.42481984942,39728,1 39728U 14023B   25280.75994669 +.00000000 +00000+0 +00000+0 2 99990,2 39728   0.0332  30.7072 0000558 260.4550  57.5888  1.00268052000003,2025-10-07T18:36:30.740Z,system.exo,EXO,REAL,2,OPS1,"{'NORAD_ID': 39728, 'classification': 'U', 'COSPAR_ID': '14023B', 'BC': 0.0, 'n_ddot': 0.0, 'B_star': 0.0, 'ephemeris_type': 2, 'elset_num': 9999, 'inclination': 0.0332, 'RAAN': 30.7072, 'eccentricity': 5.58e-05, 'perigee': 260.455, 'mean_anomaly': 57.5888, 'mean_motion': 1.00268052, 'rev_num': 0, 'line1': '1 39728U 14023B   25280.75994669 +.00000000 +00000+0 +00000+0 2 99990', 'line2': '2 39728   0.0332  30.7072 0000558 260.4550  57.5888  1.00268052000003', 'epoch': datetime.datetime(2025, 10, 7, 18, 14, 19, 394016)}"
8a36e1ec-0dce-4b33-a738-da8330438964,U//PR-EXO-ELSETS,64784,2025-10-07T20:02:51.012081Z,1.0026777409768,64784,False,7.166707095575762e-05,0.05213429688579199,51.11264416524514,218.9479084353325,43.37122527723152,0.0,0.0,0.0,42165.85845241712,1436.154350646266,42168.88035598674,42162.8365488475,64784,1 64784U 25148A   25280.83531264 +.00000000 +00000+0 +00000+0 2 99997,2 64784   0.0521  51.1126 0000716 218.9479  43.3712  1.00267774000003,2025-10-07T20:42:30.328Z,system.exo,EXO,REAL,2,OPS1,"{'NORAD_ID': 64784, 'classification': 'U', 'COSPAR_ID': '25148A', 'BC': 0.0, 'n_ddot': 0.0, 'B_star': 0.0, 'ephemeris_type': 2, 'elset_num': 9999, 'inclination': 0.0521, 'RAAN': 51.1126, 'eccentricity': 7.16e-05, 'perigee': 218.9479, 'mean_anomaly': 43.3712, 'mean_motion': 1.00267774, 'rev_num': 0, 'line1': '1 64784U 25148A   25280.83531264 +.00000000 +00000+0 +00000+0 2 99997', 'line2': '2 64784   0.0521  51.1126 0000716 218.9479  43.3712  1.00267774000003', 'epoch': datetime.datetime(2025, 10, 7, 20, 2, 51, 12096)}"
90d8b54a-581e-40d0-9da1-eed72d451572,U//PR-EXO-ELSETS,40424,2025-10-07T20:14:56.909250Z,1.002681578970182,40424,False,0.0001470017554598602,0.01225662887198989,334.154940059889,171.7749306533201,171.5530742393378,0.0,0.0,0.0,42165.75085269498,1436.148853436574,42171.94929209061,42159.55241329935,40424,1 40424U 15010A   25280.84371423 +.00000000 +00000+0 +00000+0 2 99999,2 40424   0.0123 334.1549 0001470 171.7749 171.5531  1.00268157000002,2025-10-07T20:57:28.682Z,system.exo,EXO,REAL,2,OPS1,"{'NORAD_ID': 40424, 'classification': 'U', 'COSPAR_ID': '15010A', 'BC': 0.0, 'n_ddot': 0.0, 'B_star': 0.0, 'ephemeris_type': 2, 'elset_num': 9999, 'inclination': 0.0123, 'RAAN': 334.1549, 'eccentricity': 0.000147, 'perigee': 171.7749, 'mean_anomaly': 171.5531, 'mean_motion': 1.00268157, 'rev_num': 0, 'line1': '1 40424U 15010A   25280.84371423 +.00000000 +00000+0 +00000+0 2 99999', 'line2': '2 40424   0.0123 334.1549 0001470 171.7749 171.5531  1.00268157000002', 'epoch': datetime.datetime(2025, 10, 7, 20, 14, 56, 909472)}"
5d10d60c-9c12-4967-8fd1-c77aa0e3b40d,U//PR-EXO-ELSETS,44334,2025-10-07T03:58:28.226837Z,1.002667036235759,44334,False,0.0003362185691267475,0.06425939295996634,182.9898015701727,0.404093823950829,259.307074520473,0.0,0.0,0.0,42166.15856785989,1436.169683413636,42180.33561335914,42151.98152236063,44334,1 44334U 19034B   25280.16560448 +.00000000 +00000+0 +00000+0 2 99995,2 44334   0.0643 182.9898 0003362   0.4041 259.3071  1.00266703000003,2025-10-07T04:54:27.789Z,system.exo,EXO,REAL,2,OPS1,"{'NORAD_ID': 44334, 'classification': 'U', 'COSPAR_ID': '19034B', 'BC': 0.0, 'n_ddot': 0.0, 'B_star': 0.0, 'ephemeris_type': 2, 'elset_num': 9999, 'inclination': 0.0643, 'RAAN': 182.9898, 'eccentricity': 0.0003362, 'perigee': 0.4041, 'mean_anomaly': 259.3071, 'mean_motion': 1.00266703, 'rev_num': 0, 'line1': '1 44334U 19034B   25280.16560448 +.00000000 +00000+0 +00000+0 2 99995', 'line2': '2 44334   0.0643 182.9898 0003362   0.4041 259.3071  1.00266703000003', 'epoch': datetime.datetime(2025, 10, 7, 3, 58, 28, 227072)}"
f597d2d7-0a6c-434b-b1a7-9f632f048aef,U//PR-EXO-ELSETS,14114,2025-10-07T19:49:00.343322Z,1.002315843770333,14114,False,0.001647177787813069,8.769059924994153,298.9638445844101,198.8126917005936,182.722846759132,0.0,0.0,0.0,42176.00747436692,1436.6728900376,42245.47885705734,42106.5360916765,14114,1 14114U 82044F   25280.82569842 +.00000000 +00000+0 +00000+0 2 99999,2 14114   8.7691 298.9638 0016471 198.8127 182.7228  1.00231584000008,2025-10-07T21:48:31.775Z,system.exo,EXO,REAL,2,OPS1,"{'NORAD_ID': 14114, 'classification': 'U', 'COSPAR_ID': '82044F', 'BC': 0.0, 'n_ddot': 0.0, 'B_star': 0.0, 'ephemeris_type': 2, 'elset_num': 9999, 'inclination': 8.7691, 'RAAN': 298.9638, 'eccentricity': 0.0016471, 'perigee': 198.8127, 'mean_anomaly': 182.7228, 'mean_motion': 1.00231584, 'rev_num': 0, 'line1': '1 14114U 82044F   25280.82569842 +.00000000 +00000+0 +00000+0 2 99999', 'line2': '2 14114   8.7691 298.9638 0016471 198.8127 182.7228  1.00231584000008', 'epoch': datetime.datetime(2025, 10, 7, 19, 49, 0, 343488)}"
3c6638fe-6e9c-43a3-ae46-77031ee0f955,U//PR-EXO-ELSETS,39163,2025-10-07T20:37:09.112042Z,1.002673118451507,39163,False,0.0001247379292396567,0.07079174760896355,6.531664129239214,303.9536658756066,22.57551473360477,0.0,0.0,0.0,42165.98804772511,1436.160971607462,42171.24774575853,42160.72834969169,39163,1 39163U 13022A   25280.85913324 +.00000000 +00000+0 +00000+0 2 99991,2 39163   0.0708   6.5317 0001247 303.9537  22.5755  1.00267311000002,2025-10-07T21:12:27.950Z,system.exo,EXO,REAL,2,OPS1,"{'NORAD_ID': 39163, 'classification': 'U', 'COSPAR_ID': '13022A', 'BC': 0.0, 'n_ddot': 0.0, 'B_star': 0.0, 'ephemeris_type': 2, 'elset_num': 9999, 'inclination': 0.0708, 'RAAN': 6.5317, 'eccentricity': 0.0001247, 'perigee': 303.9537, 'mean_anomaly': 22.5755, 'mean_motion': 1.00267311, 'rev_num': 0, 'line1': '1 39163U 13022A   25280.85913324 +.00000000 +00000+0 +00000+0 2 99991', 'line2': '2 39163   0.0708   6.5317 0001247 303.9537  22.5755  1.00267311000002', 'epoch': datetime.datetime(2025, 10, 7, 20, 37, 9, 111936)}"
113a545a-0441-4c64-9da8-653f76a71ba0,U//PR-EXO-ELSETS,45027,2025-10-07T03:14:11.408257Z,1.002695002729665,45027,False,0.0002124199361198139,0.06811046805979407,93.39949070439333,128.0577109519873,210.3323006340039,0.0,0.0,0.0,42165.37451747886,1436.129626735795,42174.33128364033,42156.41775131739,45027,1 45027U 20005B   25280.13485426 +.00000000 +00000+0 +00000+0 2 99994,2 45027   0.0681  93.3995 0002124 128.0577 210.3323  1.00269500000009,2025-10-07T03:36:29.759Z,system.exo,EXO,REAL,2,OPS1,"{'NORAD_ID': 45027, 'classification': 'U', 'COSPAR_ID': '20005B', 'BC': 0.0, 'n_ddot': 0.0, 'B_star': 0.0, 'ephemeris_type': 2, 'elset_num': 9999, 'inclination': 0.0681, 'RAAN': 93.3995, 'eccentricity': 0.0002124, 'perigee': 128.0577, 'mean_anomaly': 210.3323, 'mean_motion': 1.002695, 'rev_num': 0, 'line1': '1 45027U 20005B   25280.13485426 +.00000000 +00000+0 +00000+0 2 99994', 'line2': '2 45027   0.0681  93.3995 0002124 128.0577 210.3323  1.00269500000009', 'epoch': datetime.datetime(2025, 10, 7, 3, 14, 11, 408064)}"
8beef767-0c56-41e2-b793-a1e1737f2752,U//PR-EXO-ELSETS,25337,2025-10-07T18:17:05.947966Z,1.003722904312983,25337,False,0.004810053421075973,7.811677029772727,341.9977597213195,175.4330179015883,183.3421043209246,0.0,0.0,0.0,42136.5822043392,1434.658902185394,42339.26141572364,41933.90299295477,25337,1 25337U 98029B   25280.76187440 +.00000000 +00000+0 +00000+0 2 99991,2 25337   7.8117 341.9978 0048100 175.4330 183.3421  1.00372290000009,2025-10-07T19:06:27.811Z,system.exo,EXO,REAL,2,OPS1,"{'NORAD_ID': 25337, 'classification': 'U', 'COSPAR_ID': '98029B', 'BC': 0.0, 'n_ddot': 0.0, 'B_star': 0.0, 'ephemeris_type': 2, 'elset_num': 9999, 'inclination': 7.8117, 'RAAN': 341.9978, 'eccentricity': 0.00481, 'perigee': 175.433, 'mean_anomaly': 183.3421, 'mean_motion': 1.0037229, 'rev_num': 0, 'line1': '1 25337U 98029B   25280.76187440 +.00000000 +00000+0 +00000+0 2 99991', 'line2': '2 25337   7.8117 341.9978 0048100 175.4330 183.3421  1.00372290000009', 'epoch': datetime.datetime(2025, 10, 7, 18, 17, 5, 948160)}"
8d8b0043-dce4-4cf5-aeb7-f55f53fd3de6,U//PR-EXO-ELSETS,36101,2025-10-07T03:07:36.583442Z,1.002695064937587,36101,False,0.0006153920324657398,0.05842934833004502,23.98674883090774,179.4113904857001,270.0511693598263,0.0,0.0,0.0,42165.37277349876,1436.129537637281,42191.32100794952,42139.42453904801,36101,1 36101U 09065A   25280.13028453 +.00000000 +00000+0 +00000+0 2 99993,2 36101   0.0584  23.9867 0006153 179.4114 270.0512  1.00269506000003,2025-10-07T03:30:30.084Z,system.exo,EXO,REAL,2,OPS1,"{'NORAD_ID': 36101, 'classification': 'U', 'COSPAR_ID': '09065A', 'BC': 0.0, 'n_ddot': 0.0, 'B_star': 0.0, 'ephemeris_type': 2, 'elset_num': 9999, 'inclination': 0.0584, 'RAAN': 23.9867, 'eccentricity': 0.0006153, 'perigee': 179.4114, 'mean_anomaly': 270.0512, 'mean_motion': 1.00269506, 'rev_num': 0, 'line1': '1 36101U 09065A   25280.13028453 +.00000000 +00000+0 +00000+0 2 99993', 'line2': '2 36101   0.0584  23.9867 0006153 179.4114 270.0512  1.00269506000003', 'epoch': datetime.datetime(2025, 10, 7, 3, 7, 36, 583392)}"
0d5544cc-2271-465c-b396-38afbdc26b52,U//PR-EXO-ELSETS,41036,2025-10-07T20:59:56.882857Z,1.002672163990218,41036,False,0.0002314295963379404,0.001301514568215791,237.8211770928986,321.5900969992032,117.3735564516544,0.0,0.0,0.0,42166.0148067519,1436.162338714381,42175.77327053781,42156.256342966,41036,1 41036U 15068A   25280.87496392 +.00000000 +00000+0 +00000+0 2 99998,2 41036   0.0013 237.8212 0002314 321.5901 117.3736  1.00267216000009,2025-10-07T21:33:28.649Z,system.exo,EXO,REAL,2,OPS1,"{'NORAD_ID': 41036, 'classification': 'U', 'COSPAR_ID': '15068A', 'BC': 0.0, 'n_ddot': 0.0, 'B_star': 0.0, 'ephemeris_type': 2, 'elset_num': 9999, 'inclination': 0.0013, 'RAAN': 237.8212, 'eccentricity': 0.0002314, 'perigee': 321.5901, 'mean_anomaly': 117.3736, 'mean_motion': 1.00267216, 'rev_num': 0, 'line1': '1 41036U 15068A   25280.87496392 +.00000000 +00000+0 +00000+0 2 99998', 'line2': '2 41036   0.0013 237.8212 0002314 321.5901 117.3736  1.00267216000009', 'epoch': datetime.datetime(2025, 10, 7, 20, 59, 56, 882688)}"
6503444f-45df-440d-ace6-5c62cb06a62a,U//PR-EXO-ELSETS,63629,2025-10-07T19:56:58.200959Z,0.9885901438407164,63629,False,0.001164376816759324,0.4207203674685849,83.05976329211015,94.47668880362616,122.6549119966645,0.0,0.0,0.0,42565.49402516611,1456.619822655258,42615.05629960292,42515.9317507293,63629,1 63629U 25073C   25280.83122918 +.00000000 +00000+0 +00000+0 2 99993,2 63629   0.4207  83.0598 0011643  94.4767 122.6549  0.98859014000009,2025-10-07T20:39:28.389Z,system.exo,EXO,REAL,2,OPS1,"{'NORAD_ID': 63629, 'classification': 'U', 'COSPAR_ID': '25073C', 'BC': 0.0, 'n_ddot': 0.0, 'B_star': 0.0, 'ephemeris_type': 2, 'elset_num': 9999, 'inclination': 0.4207, 'RAAN': 83.0598, 'eccentricity': 0.0011643, 'perigee': 94.4767, 'mean_anomaly': 122.6549, 'mean_motion': 0.98859014, 'rev_num': 0, 'line1': '1 63629U 25073C   25280.83122918 +.00000000 +00000+0 +00000+0 2 99993', 'line2': '2 63629   0.4207  83.0598 0011643  94.4767 122.6549  0.98859014000009', 'epoch': datetime.datetime(2025, 10, 7, 19, 56, 58, 201152)}"
a8b9347e-5e9b-497e-a820-f69fcbd2d679,U//PR-EXO-ELSETS,33154,2025-10-07T19:45:43.359961Z,0.987396961546682,33154,False,0.0004509004725454175,2.204471969320375,82.31879458159308,15.78861716089696,255.8808502219356,0.0,0.0,0.0,42599.7782238496,1458.380019464866,42618.98648398107,42580.56996371814,33154,1 33154U 08034B   25280.82341852 +.00000000 +00000+0 +00000+0 2 99990,2 33154   2.2045  82.3188 0004509  15.7886 255.8809  0.98739696000008,2025-10-07T21:57:29.822Z,system.exo,EXO,REAL,2,OPS1,"{'NORAD_ID': 33154, 'classification': 'U', 'COSPAR_ID': '08034B', 'BC': 0.0, 'n_ddot': 0.0, 'B_star': 0.0, 'ephemeris_type': 2, 'elset_num': 9999, 'inclination': 2.2045, 'RAAN': 82.3188, 'eccentricity': 0.0004509, 'perigee': 15.7886, 'mean_anomaly': 255.8809, 'mean_motion': 0.98739696, 'rev_num': 0, 'line1': '1 33154U 08034B   25280.82341852 +.00000000 +00000+0 +00000+0 2 99990', 'line2': '2 33154   2.2045  82.3188 0004509  15.7886 255.8809  0.98739696000008', 'epoch': datetime.datetime(2025, 10, 7, 19, 45, 43, 360128)}"
b696bb27-56f2-4e93-9359-a7bb5f2ffe7c,U//PR-EXO-ELSETS,28358,2025-10-07T20:51:25.510696Z,1.002657870756148,28358,False,0.0001229578831491849,0.0211508978186823,49.70410101546704,190.0995962833551,88.83322831832702,0.0,0.0,0.0,42166.41553319781,1436.18281170429,42171.60022639176,42161.23084000386,28358,1 28358U 04022A   25280.86904526 +.00000000 +00000+0 +00000+0 2 99990,2 28358   0.0212  49.7041 0001229 190.0996  88.8332  1.00265787000004,2025-10-07T21:27:29.013Z,system.exo,EXO,REAL,2,OPS1,"{'NORAD_ID': 28358, 'classification': 'U', 'COSPAR_ID': '04022A', 'BC': 0.0, 'n_ddot': 0.0, 'B_star': 0.0, 'ephemeris_type': 2, 'elset_num': 9999, 'inclination': 0.0212, 'RAAN': 49.7041, 'eccentricity': 0.0001229, 'perigee': 190.0996, 'mean_anomaly': 88.8332, 'mean_motion': 1.00265787, 'rev_num': 0, 'line1': '1 28358U 04022A   25280.86904526 +.00000000 +00000+0 +00000+0 2 99990', 'line2': '2 28358   0.0212  49.7041 0001229 190.0996  88.8332  1.00265787000004', 'epoch': datetime.datetime(2025, 10, 7, 20, 51, 25, 510464)}"
425a797d-829a-4808-9e22-7f04fdd4a753,U//PR-EXO-ELSETS,41238,2025-10-07T19:10:15.356053Z,1.002662932321857,41238,False,0.0001673349616487921,0.01836309235495871,357.5156004550965,220.8114578637139,137.4279777046986,0.0,0.0,0.0,42166.27362557986,1436.17556167695,42173.32951735987,42159.21773379985,41238,1 41238U 16001A   25280.79878884 +.00000000 +00000+0 +00000+0 2 99991,2 41238   0.0184 357.5156 0001673 220.8115 137.4280  1.00266293000005,2025-10-07T19:33:28.490Z,system.exo,EXO,REAL,2,OPS1,"{'NORAD_ID': 41238, 'classification': 'U', 'COSPAR_ID': '16001A', 'BC': 0.0, 'n_ddot': 0.0, 'B_star': 0.0, 'ephemeris_type': 2, 'elset_num': 9999, 'inclination': 0.0184, 'RAAN': 357.5156, 'eccentricity': 0.0001673, 'perigee': 220.8115, 'mean_anomaly': 137.428, 'mean_motion': 1.00266293, 'rev_num': 0, 'line1': '1 41238U 16001A   25280.79878884 +.00000000 +00000+0 +00000+0 2 99991', 'line2': '2 41238   0.0184 357.5156 0001673 220.8115 137.4280  1.00266293000005', 'epoch': datetime.datetime(2025, 10, 7, 19, 10, 15, 355776)}"
dabe5b38-4d91-4d61-9eb9-d8818b528801,U//PR-EXO-ELSETS,40617,2025-10-07T19:10:15.356053Z,1.002666209723558,40617,False,0.0002939165670921262,0.01632458088353145,128.705590959735,72.46262783910858,155.1156027430515,0.0,0.0,0.0,42166.18173997135,1436.170867268997,42178.57507935575,42153.78840058696,40617,1 40617U 15023A   25280.79878884 +.00000000 +00000+0 +00000+0 2 99994,2 40617   0.0163 128.7056 0002939  72.4626 155.1156  1.00266620000006,2025-10-07T19:33:28.488Z,system.exo,EXO,REAL,2,OPS1,"{'NORAD_ID': 40617, 'classification': 'U', 'COSPAR_ID': '15023A', 'BC': 0.0, 'n_ddot': 0.0, 'B_star': 0.0, 'ephemeris_type': 2, 'elset_num': 9999, 'inclination': 0.0163, 'RAAN': 128.7056, 'eccentricity': 0.0002939, 'perigee': 72.4626, 'mean_anomaly': 155.1156, 'mean_motion': 1.0026662, 'rev_num': 0, 'line1': '1 40617U 15023A   25280.79878884 +.00000000 +00000+0 +00000+0 2 99994', 'line2': '2 40617   0.0163 128.7056 0002939  72.4626 155.1156  1.00266620000006', 'epoch': datetime.datetime(2025, 10, 7, 19, 10, 15, 355776)}"
040b0b5f-2518-40ff-b6a0-e0474ace5e99,U//PR-EXO-ELSETS,17181,2025-10-07T18:16:40.847317Z,0.9892221763618019,17181,False,0.004074265249466467,12.9073796642157,341.661493326599,319.3942465372955,41.31653411636058,0.0,0.0,0.0,42547.36150129181,1455.689161049832,42720.71073771301,42374.01226487061,17181,1 17181U 86096A   25280.76158388 +.00000000 +00000+0 +00000+0 2 99999,2 17181  12.9074 341.6615 0040742 319.3942  41.3165  0.98922217000007,2025-10-07T21:09:39.070Z,system.exo,EXO,REAL,2,OPS1,"{'NORAD_ID': 17181, 'classification': 'U', 'COSPAR_ID': '86096A', 'BC': 0.0, 'n_ddot': 0.0, 'B_star': 0.0, 'ephemeris_type': 2, 'elset_num': 9999, 'inclination': 12.9074, 'RAAN': 341.6615, 'eccentricity': 0.0040742, 'perigee': 319.3942, 'mean_anomaly': 41.3165, 'mean_motion': 0.98922217, 'rev_num': 0, 'line1': '1 17181U 86096A   25280.76158388 +.00000000 +00000+0 +00000+0 2 99999', 'line2': '2 17181  12.9074 341.6615 0040742 319.3942  41.3165  0.98922217000007', 'epoch': datetime.datetime(2025, 10, 7, 18, 16, 40, 847232)}"
effe02ff-492d-47b4-b323-845dc0b979b4,U//PR-EXO-ELSETS,32487,2025-10-07T20:51:25.510696Z,1.002675586921938,32487,False,0.0002564620573145216,0.006385478754238401,200.335177471441,5.827005054286021,122.7192611215485,0.0,0.0,0.0,42165.91884253137,1436.157435946538,42176.73280082628,42155.10488423645,32487,1 32487U 08006A   25280.86904526 +.00000000 +00000+0 +00000+0 2 99994,2 32487   0.0064 200.3352 0002564   5.8270 122.7193  1.00267558000009,2025-10-07T21:42:29.620Z,system.exo,EXO,REAL,2,OPS1,"{'NORAD_ID': 32487, 'classification': 'U', 'COSPAR_ID': '08006A', 'BC': 0.0, 'n_ddot': 0.0, 'B_star': 0.0, 'ephemeris_type': 2, 'elset_num': 9999, 'inclination': 0.0064, 'RAAN': 200.3352, 'eccentricity': 0.0002564, 'perigee': 5.827, 'mean_anomaly': 122.7193, 'mean_motion': 1.00267558, 'rev_num': 0, 'line1': '1 32487U 08006A   25280.86904526 +.00000000 +00000+0 +00000+0 2 99994', 'line2': '2 32487   0.0064 200.3352 0002564   5.8270 122.7193  1.00267558000009', 'epoch': datetime.datetime(2025, 10, 7, 20, 51, 25, 510464)}"
ea0d94e5-28e0-4331-94b0-d76d340c0a83,U//PR-EXO-ELSETS,37258,2025-10-07T03:28:32.202300Z,1.002651161201038,37258,False,0.0002718505204845695,0.06238480585124152,323.4574693546028,209.4820892290152,264.2782695216804,0.0,0.0,0.0,42166.60364619543,1436.192422372581,42178.06665934371,42155.14063304714,37258,1 37258U 10069A   25280.14481716 +.00000000 +00000+0 +00000+0 2 99999,2 37258   0.0624 323.4575 0002718 209.4821 264.2783  1.00265116000006,2025-10-07T05:00:29.468Z,system.exo,EXO,REAL,2,OPS1,"{'NORAD_ID': 37258, 'classification': 'U', 'COSPAR_ID': '10069A', 'BC': 0.0, 'n_ddot': 0.0, 'B_star': 0.0, 'ephemeris_type': 2, 'elset_num': 9999, 'inclination': 0.0624, 'RAAN': 323.4575, 'eccentricity': 0.0002718, 'perigee': 209.4821, 'mean_anomaly': 264.2783, 'mean_motion': 1.00265116, 'rev_num': 0, 'line1': '1 37258U 10069A   25280.14481716 +.00000000 +00000+0 +00000+0 2 99999', 'line2': '2 37258   0.0624 323.4575 0002718 209.4821 264.2783  1.00265116000006', 'epoch': datetime.datetime(2025, 10, 7, 3, 28, 32, 202624)}"
380c5d1b-abc9-4db7-99ec-3f12b0baa56f,U//PR-EXO-ELSETS,41310,2025-10-07T20:16:27.259997Z,1.002671796023043,41310,False,0.0003587826318714219,0.0608812455824783,58.66666943680558,171.856657387447,99.33137671746212,0.0,0.0,0.0,42166.02512299459,1436.162865766802,42181.15356046378,42150.89668552541,41310,1 41310U 16005A   25280.84475995 +.00000000 +00000+0 +00000+0 2 99998,2 41310   0.0609  58.6667 0003587 171.8567  99.3314  1.00267179000004,2025-10-07T21:18:27.873Z,system.exo,EXO,REAL,2,OPS1,"{'NORAD_ID': 41310, 'classification': 'U', 'COSPAR_ID': '16005A', 'BC': 0.0, 'n_ddot': 0.0, 'B_star': 0.0, 'ephemeris_type': 2, 'elset_num': 9999, 'inclination': 0.0609, 'RAAN': 58.6667, 'eccentricity': 0.0003587, 'perigee': 171.8567, 'mean_anomaly': 99.3314, 'mean_motion': 1.00267179, 'rev_num': 0, 'line1': '1 41310U 16005A   25280.84475995 +.00000000 +00000+0 +00000+0 2 99998', 'line2': '2 41310   0.0609  58.6667 0003587 171.8567  99.3314  1.00267179000004', 'epoch': datetime.datetime(2025, 10, 7, 20, 16, 27, 259680)}"
8c4f28f0-072f-473a-b06a-6d85b7df80d9,U//PR-EXO-ELSETS,32479,2025-10-07T18:16:14.333037Z,1.039988642163109,32479,False,0.01991701916021064,10.97605991334379,29.04273517095699,232.7805093794597,142.7365435928382,0.0,0.0,0.0,41151.22787131942,1384.630506161003,41970.83766529869,40331.61807734016,32479,1 32479U 08003B   25280.76127700 +.00000000 +00000+0 +00000+0 2 99992,2 32479  10.9761  29.0427 0199170 232.7805 142.7365  1.03998864000005,2025-10-07T21:03:29.121Z,system.exo,EXO,REAL,2,OPS1,"{'NORAD_ID': 32479, 'classification': 'U', 'COSPAR_ID': '08003B', 'BC': 0.0, 'n_ddot': 0.0, 'B_star': 0.0, 'ephemeris_type': 2, 'elset_num': 9999, 'inclination': 10.9761, 'RAAN': 29.0427, 'eccentricity': 0.019917, 'perigee': 232.7805, 'mean_anomaly': 142.7365, 'mean_motion': 1.03998864, 'rev_num': 0, 'line1': '1 32479U 08003B   25280.76127700 +.00000000 +00000+0 +00000+0 2 99992', 'line2': '2 32479  10.9761  29.0427 0199170 232.7805 142.7365  1.03998864000005', 'epoch': datetime.datetime(2025, 10, 7, 18, 16, 14, 332800)}"
e98a7ba7-4571-46e2-a8db-43907dd78826,U//PR-EXO-ELSETS,17873,2025-10-07T19:25:56.843604Z,1.001502640533716,17873,False,0.002789096671848648,5.859922003266729,284.7738963323803,247.7930533854118,251.0561785389642,0.0,0.0,0.0,42198.83518980912,1437.839444170215,42316.53182059291,42081.13855902533,17873,1 17873U 79035E   25280.80968569 +.00000000 +00000+0 +00000+0 2 99997,2 17873   5.8599 284.7739 0027890 247.7931 251.0562  1.00150264000003,2025-10-07T22:48:28.717Z,system.exo,EXO,REAL,2,OPS1,"{'NORAD_ID': 17873, 'classification': 'U', 'COSPAR_ID': '79035E', 'BC': 0.0, 'n_ddot': 0.0, 'B_star': 0.0, 'ephemeris_type': 2, 'elset_num': 9999, 'inclination': 5.8599, 'RAAN': 284.7739, 'eccentricity': 0.002789, 'perigee': 247.7931, 'mean_anomaly': 251.0562, 'mean_motion': 1.00150264, 'rev_num': 0, 'line1': '1 17873U 79035E   25280.80968569 +.00000000 +00000+0 +00000+0 2 99997', 'line2': '2 17873   5.8599 284.7739 0027890 247.7931 251.0562  1.00150264000003', 'epoch': datetime.datetime(2025, 10, 7, 19, 25, 56, 843616)}"
88e5d01c-fe92-463b-9d84-008b626e76f1,U//PR-EXO-ELSETS,53765,2025-10-07T20:53:17.351731Z,1.002651339747199,53765,False,0.0002697825934421109,0.05775044991834463,97.903570426535,88.0864615651847,146.7849612822654,0.0,0.0,0.0,42166.59864034404,1436.192166624014,42177.97445468186,42155.22282600622,53765,1 53765U 22110A   25280.87033972 +.00000000 +00000+0 +00000+0 2 99997,2 53765   0.0578  97.9036 0002697  88.0865 146.7850  1.00265133000003,2025-10-07T21:51:31.449Z,system.exo,EXO,REAL,2,OPS1,"{'NORAD_ID': 53765, 'classification': 'U', 'COSPAR_ID': '22110A', 'BC': 0.0, 'n_ddot': 0.0, 'B_star': 0.0, 'ephemeris_type': 2, 'elset_num': 9999, 'inclination': 0.0578, 'RAAN': 97.9036, 'eccentricity': 0.0002697, 'perigee': 88.0865, 'mean_anomaly': 146.785, 'mean_motion': 1.00265133, 'rev_num': 0, 'line1': '1 53765U 22110A   25280.87033972 +.00000000 +00000+0 +00000+0 2 99997', 'line2': '2 53765   0.0578  97.9036 0002697  88.0865 146.7850  1.00265133000003', 'epoch': datetime.datetime(2025, 10, 7, 20, 53, 17, 351808)}"
8296c901-6cc7-43eb-bfdc-9ba1fb2c1369,U//PR-EXO-ELSETS,10637,2025-10-07T18:17:11.190987Z,1.000801313461999,10637,False,0.1488613252471054,37.30970097110922,292.219967349784,262.3940368506296,81.13328827245104,0.0,0.0,0.0,42218.54721432647,1438.847032503098,48503.2561026586,35933.83832599434,10637,1 10637U 78012A   25280.76193508 +.00000000 +00000+0 +00000+0 2 99990,2 10637  37.3097 292.2200 1488613 262.3940  81.1333  1.00080131000005,2025-10-07T19:30:30.256Z,system.exo,EXO,REAL,2,OPS1,"{'NORAD_ID': 10637, 'classification': 'U', 'COSPAR_ID': '78012A', 'BC': 0.0, 'n_ddot': 0.0, 'B_star': 0.0, 'ephemeris_type': 2, 'elset_num': 9999, 'inclination': 37.3097, 'RAAN': 292.22, 'eccentricity': 0.1488613, 'perigee': 262.394, 'mean_anomaly': 81.1333, 'mean_motion': 1.00080131, 'rev_num': 0, 'line1': '1 10637U 78012A   25280.76193508 +.00000000 +00000+0 +00000+0 2 99990', 'line2': '2 10637  37.3097 292.2200 1488613 262.3940  81.1333  1.00080131000005', 'epoch': datetime.datetime(2025, 10, 7, 18, 17, 11, 190912)}"
17b881b6-bd00-4bb2-942e-99c262bb1c60,U//PR-EXO-ELSETS,42801,2025-10-07T20:59:58.212804Z,1.002668612527869,42801,False,0.0002916220582480839,0.05599438921059467,81.39596162785294,122.6325296557405,129.6437580903692,0.0,0.0,0.0,42166.11437499322,1436.167425615884,42178.41094405558,42153.81780593086,42801,1 42801U 17038A   25280.87497931 +.00000000 +00000+0 +00000+0 2 99998,2 42801   0.0560  81.3960 0002916 122.6325 129.6438  1.00266861000007,2025-10-07T21:24:29.303Z,system.exo,EXO,REAL,2,OPS1,"{'NORAD_ID': 42801, 'classification': 'U', 'COSPAR_ID': '17038A', 'BC': 0.0, 'n_ddot': 0.0, 'B_star': 0.0, 'ephemeris_type': 2, 'elset_num': 9999, 'inclination': 0.056, 'RAAN': 81.396, 'eccentricity': 0.0002916, 'perigee': 122.6325, 'mean_anomaly': 129.6438, 'mean_motion': 1.00266861, 'rev_num': 0, 'line1': '1 42801U 17038A   25280.87497931 +.00000000 +00000+0 +00000+0 2 99998', 'line2': '2 42801   0.0560  81.3960 0002916 122.6325 129.6438  1.00266861000007', 'epoch': datetime.datetime(2025, 10, 7, 20, 59, 58, 212384)}"
b7336cb1-6240-4f61-ab43-7bc426ddaeb6,U//PR-EXO-ELSETS,14930,2025-10-07T20:27:54.633135Z,0.9867718219750871,14930,False,0.001087557822605536,10.65633278351072,317.6074131854184,269.2825416016461,125.3501340808695,0.0,0.0,0.0,42617.76819576252,1459.303932207699,42664.1174829458,42571.41890857923,14930,1 14930U 84037A   25280.85271566 +.00000000 +00000+0 +00000+0 2 99995,2 14930  10.6563 317.6074 0010875 269.2825 125.3501  0.98677182000008,2025-10-07T22:03:28.042Z,system.exo,EXO,REAL,2,OPS1,"{'NORAD_ID': 14930, 'classification': 'U', 'COSPAR_ID': '84037A', 'BC': 0.0, 'n_ddot': 0.0, 'B_star': 0.0, 'ephemeris_type': 2, 'elset_num': 9999, 'inclination': 10.6563, 'RAAN': 317.6074, 'eccentricity': 0.0010875, 'perigee': 269.2825, 'mean_anomaly': 125.3501, 'mean_motion': 0.98677182, 'rev_num': 0, 'line1': '1 14930U 84037A   25280.85271566 +.00000000 +00000+0 +00000+0 2 99995', 'line2': '2 14930  10.6563 317.6074 0010875 269.2825 125.3501  0.98677182000008', 'epoch': datetime.datetime(2025, 10, 7, 20, 27, 54, 633024)}"
d2fb72c2-47b2-4f5a-92e5-539a8815fa89,U//PR-EXO-ELSETS,44624,2025-10-07T20:16:39.985899Z,1.002685294530384,44624,False,0.0003392935825240851,0.06633848096868837,13.9449784347194,191.0122938990563,110.9706765063449,0.0,0.0,0.0,42165.64668609129,1436.143531629668,42179.95321941486,42151.34015276773,44624,1 44624U 19067A   25280.84490724 +.00000000 +00000+0 +00000+0 2 99997,2 44624   0.0663  13.9450 0003392 191.0123 110.9707  1.00268529000001,2025-10-07T20:51:28.060Z,system.exo,EXO,REAL,2,OPS1,"{'NORAD_ID': 44624, 'classification': 'U', 'COSPAR_ID': '19067A', 'BC': 0.0, 'n_ddot': 0.0, 'B_star': 0.0, 'ephemeris_type': 2, 'elset_num': 9999, 'inclination': 0.0663, 'RAAN': 13.945, 'eccentricity': 0.0003392, 'perigee': 191.0123, 'mean_anomaly': 110.9707, 'mean_motion': 1.00268529, 'rev_num': 0, 'line1': '1 44624U 19067A   25280.84490724 +.00000000 +00000+0 +00000+0 2 99997', 'line2': '2 44624   0.0663  13.9450 0003392 191.0123 110.9707  1.00268529000001', 'epoch': datetime.datetime(2025, 10, 7, 20, 16, 39, 985536)}"
33135c62-9514-4552-9f5b-91b7964e2efd,U//PR-EXO-ELSETS,4511,2025-10-07T18:19:01.443135Z,1.004375480202232,4511,False,0.002971372807198254,1.041312075508914,88.44797157348168,298.6238314748274,316.3763545984309,0.0,0.0,0.0,42118.32854213379,1433.726756959513,42243.47779824852,41993.17928601905,4511,1 04511U 70046B   25280.76321115 +.00000000 +00000+0 +00000+0 2 99990,2 04511   1.0413  88.4480 0029713 298.6238 316.3764  1.00437548000006,2025-10-07T19:33:28.466Z,system.exo,EXO,REAL,2,OPS1,"{'NORAD_ID': 4511, 'classification': 'U', 'COSPAR_ID': '70046B', 'BC': 0.0, 'n_ddot': 0.0, 'B_star': 0.0, 'ephemeris_type': 2, 'elset_num': 9999, 'inclination': 1.0413, 'RAAN': 88.448, 'eccentricity': 0.0029713, 'perigee': 298.6238, 'mean_anomaly': 316.3764, 'mean_motion': 1.00437548, 'rev_num': 0, 'line1': '1 04511U 70046B   25280.76321115 +.00000000 +00000+0 +00000+0 2 99990', 'line2': '2 04511   1.0413  88.4480 0029713 298.6238 316.3764  1.00437548000006', 'epoch': datetime.datetime(2025, 10, 7, 18, 19, 1, 443360)}"
77737554-df43-4a8e-a278-879423a1b6df,U//PR-EXO-ELSETS,54259,2025-10-07T21:08:22.977718Z,1.002634511431903,54259,False,0.0001703996728717181,0.05993943893425491,95.0201469726006,48.57520076524805,200.2925106367032,0.0,0.0,0.0,42167.07045788992,1436.216271813223,42174.2557129019,42159.88520287794,54259,1 54259U 22157A   25280.88082150 +.00000000 +00000+0 +00000+0 2 99990,2 54259   0.0599  95.0201 0001703  48.5752 200.2925  1.00263451000001,2025-10-07T21:57:29.839Z,system.exo,EXO,REAL,2,OPS1,"{'NORAD_ID': 54259, 'classification': 'U', 'COSPAR_ID': '22157A', 'BC': 0.0, 'n_ddot': 0.0, 'B_star': 0.0, 'ephemeris_type': 2, 'elset_num': 9999, 'inclination': 0.0599, 'RAAN': 95.0201, 'eccentricity': 0.0001703, 'perigee': 48.5752, 'mean_anomaly': 200.2925, 'mean_motion': 1.00263451, 'rev_num': 0, 'line1': '1 54259U 22157A   25280.88082150 +.00000000 +00000+0 +00000+0 2 99990', 'line2': '2 54259   0.0599  95.0201 0001703  48.5752 200.2925  1.00263451000001', 'epoch': datetime.datetime(2025, 10, 7, 21, 8, 22, 977600)}"
f30267a5-67e1-4384-a84d-0bcde97e7a9c,U//PR-EXO-ELSETS,33750,2025-10-07T20:18:11.457380Z,0.9894009664812903,33750,False,0.0001606233591317138,2.036599280978097,83.53285278197731,178.3719408806047,73.7773421221714,0.0,0.0,0.0,42542.23565428697,1455.426110125223,42549.06893108274,42535.40237749121,33750,1 33750U 09008B   25280.84596594 +.00000000 +00000+0 +00000+0 2 99991,2 33750   2.0366  83.5329 0001606 178.3719  73.7773  0.98940096000005,2025-10-07T20:48:29.227Z,system.exo,EXO,REAL,2,OPS1,"{'NORAD_ID': 33750, 'classification': 'U', 'COSPAR_ID': '09008B', 'BC': 0.0, 'n_ddot': 0.0, 'B_star': 0.0, 'ephemeris_type': 2, 'elset_num': 9999, 'inclination': 2.0366, 'RAAN': 83.5329, 'eccentricity': 0.0001606, 'perigee': 178.3719, 'mean_anomaly': 73.7773, 'mean_motion': 0.98940096, 'rev_num': 0, 'line1': '1 33750U 09008B   25280.84596594 +.00000000 +00000+0 +00000+0 2 99991', 'line2': '2 33750   2.0366  83.5329 0001606 178.3719  73.7773  0.98940096000005', 'epoch': datetime.datetime(2025, 10, 7, 20, 18, 11, 457216)}"
c7183101-b0d5-4b17-a065-fa235fed5212,U//PR-EXO-ELSETS,42951,2025-10-07T20:50:37.636484Z,1.002683361695258,42951,False,4.433001785277534e-05,0.07313911697808949,57.49300834556499,64.06256965981535,317.7153120081566,0.0,0.0,0.0,42165.70087349813,1436.146300029714,42167.57007977062,42163.83166722563,42951,1 42951U 17059B   25280.86849116 +.00000000 +00000+0 +00000+0 2 99992,2 42951   0.0731  57.4930 0000443  64.0626 317.7153  1.00268336000003,2025-10-07T22:03:28.051Z,system.exo,EXO,REAL,2,OPS1,"{'NORAD_ID': 42951, 'classification': 'U', 'COSPAR_ID': '17059B', 'BC': 0.0, 'n_ddot': 0.0, 'B_star': 0.0, 'ephemeris_type': 2, 'elset_num': 9999, 'inclination': 0.0731, 'RAAN': 57.493, 'eccentricity': 4.43e-05, 'perigee': 64.0626, 'mean_anomaly': 317.7153, 'mean_motion': 1.00268336, 'rev_num': 0, 'line1': '1 42951U 17059B   25280.86849116 +.00000000 +00000+0 +00000+0 2 99992', 'line2': '2 42951   0.0731  57.4930 0000443  64.0626 317.7153  1.00268336000003', 'epoch': datetime.datetime(2025, 10, 7, 20, 50, 37, 636224)}"
d0dc2442-2338-4f66-b079-c4993b68ecc3,U//PR-EXO-ELSETS,46112,2025-10-07T20:50:37.636484Z,1.002681788667048,46112,False,0.0003699473828535172,0.06593715567112587,104.737625338301,68.5419293366716,265.9965674840457,0.0,0.0,0.0,42165.74497377692,1436.148553086137,42181.34408077604,42150.1458667778,46112,1 46112U 20056A   25280.86849116 +.00000000 +00000+0 +00000+0 2 99996,2 46112   0.0659 104.7376 0003699  68.5419 265.9966  1.00268178000000,2025-10-07T22:03:28.053Z,system.exo,EXO,REAL,2,OPS1,"{'NORAD_ID': 46112, 'classification': 'U', 'COSPAR_ID': '20056A', 'BC': 0.0, 'n_ddot': 0.0, 'B_star': 0.0, 'ephemeris_type': 2, 'elset_num': 9999, 'inclination': 0.0659, 'RAAN': 104.7376, 'eccentricity': 0.0003699, 'perigee': 68.5419, 'mean_anomaly': 265.9966, 'mean_motion': 1.00268178, 'rev_num': 0, 'line1': '1 46112U 20056A   25280.86849116 +.00000000 +00000+0 +00000+0 2 99996', 'line2': '2 46112   0.0659 104.7376 0003699  68.5419 265.9966  1.00268178000000', 'epoch': datetime.datetime(2025, 10, 7, 20, 50, 37, 636224)}"
4ee210f7-57b4-4cb3-bc2c-fb25228ac981,U//PR-EXO-ELSETS,37207,2025-10-07T20:50:37.636484Z,1.002666535458457,37207,False,0.0004832199313976213,0.02170078692535556,174.4441543008838,45.42384203807837,219.4152563273621,0.0,0.0,0.0,42166.17260765788,1436.170400702142,42186.54814269265,42145.79707262311,37207,1 37207U 10056B   25280.86849116 +.00000000 +00000+0 +00000+0 2 99990,2 37207   0.0217 174.4442 0004832  45.4238 219.4153  1.00266653000004,2025-10-07T21:39:38.107Z,system.exo,EXO,REAL,2,OPS1,"{'NORAD_ID': 37207, 'classification': 'U', 'COSPAR_ID': '10056B', 'BC': 0.0, 'n_ddot': 0.0, 'B_star': 0.0, 'ephemeris_type': 2, 'elset_num': 9999, 'inclination': 0.0217, 'RAAN': 174.4442, 'eccentricity': 0.0004832, 'perigee': 45.4238, 'mean_anomaly': 219.4153, 'mean_motion': 1.00266653, 'rev_num': 0, 'line1': '1 37207U 10056B   25280.86849116 +.00000000 +00000+0 +00000+0 2 99990', 'line2': '2 37207   0.0217 174.4442 0004832  45.4238 219.4153  1.00266653000004', 'epoch': datetime.datetime(2025, 10, 7, 20, 50, 37, 636224)}"
dd124a13-07d5-4e68-a75d-434e766f505a,U//PR-EXO-ELSETS,37776,2025-10-07T20:50:37.636484Z,1.002673332634104,37776,False,2.406384514679131e-05,0.04390338713920384,65.81261562228195,201.7614554310269,171.822696590303,0.0,0.0,0.0,42165.98204296375,1436.160664826902,42166.99671862609,42164.9673673014,37776,1 37776U 11041B   25280.86849116 +.00000000 +00000+0 +00000+0 2 99996,2 37776   0.0439  65.8126 0000240 201.7615 171.8227  1.00267333000007,2025-10-07T22:06:28.928Z,system.exo,EXO,REAL,2,OPS1,"{'NORAD_ID': 37776, 'classification': 'U', 'COSPAR_ID': '11041B', 'BC': 0.0, 'n_ddot': 0.0, 'B_star': 0.0, 'ephemeris_type': 2, 'elset_num': 9999, 'inclination': 0.0439, 'RAAN': 65.8126, 'eccentricity': 2.4e-05, 'perigee': 201.7615, 'mean_anomaly': 171.8227, 'mean_motion': 1.00267333, 'rev_num': 0, 'line1': '1 37776U 11041B   25280.86849116 +.00000000 +00000+0 +00000+0 2 99996', 'line2': '2 37776   0.0439  65.8126 0000240 201.7615 171.8227  1.00267333000007', 'epoch': datetime.datetime(2025, 10, 7, 20, 50, 37, 636224)}"
e258fb22-c121-482e-b5ab-9beef2d56385,U//PR-EXO-ELSETS,41903,2025-10-07T20:50:16.212501Z,1.002664076153197,41903,False,8.984353784374827e-05,0.04100462657862661,46.19890095133156,181.639315320642,211.5748325460973,0.0,0.0,0.0,42166.24155693685,1436.173923299095,42170.0299212559,42162.4531926178,41903,1 41903U 16082A   25280.86824320 +.00000000 +00000+0 +00000+0 2 99993,2 41903   0.0410  46.1989 0000898 181.6393 211.5748  1.00266407000001,2025-10-07T21:36:29.814Z,system.exo,EXO,REAL,2,OPS1,"{'NORAD_ID': 41903, 'classification': 'U', 'COSPAR_ID': '16082A', 'BC': 0.0, 'n_ddot': 0.0, 'B_star': 0.0, 'ephemeris_type': 2, 'elset_num': 9999, 'inclination': 0.041, 'RAAN': 46.1989, 'eccentricity': 8.98e-05, 'perigee': 181.6393, 'mean_anomaly': 211.5748, 'mean_motion': 1.00266407, 'rev_num': 0, 'line1': '1 41903U 16082A   25280.86824320 +.00000000 +00000+0 +00000+0 2 99993', 'line2': '2 41903   0.0410  46.1989 0000898 181.6393 211.5748  1.00266407000001', 'epoch': datetime.datetime(2025, 10, 7, 20, 50, 16, 212480)}"
617248f7-2fdc-458a-9614-0dd19c41279e,U//PR-EXO-ELSETS,45807,2025-10-07T20:50:37.636484Z,1.002678404132845,45807,False,0.0004010085718227791,1.826398579113208,65.85238089222251,307.6062691577883,66.58071345061634,0.0,0.0,0.0,42165.83986051571,1436.153400795909,42182.74872373788,42148.93099729354,45807,1 45807U 20040A   25280.86849116 +.00000000 +00000+0 +00000+0 2 99999,2 45807   1.8264  65.8524 0004010 307.6063  66.5807  1.00267840000007,2025-10-07T21:33:28.657Z,system.exo,EXO,REAL,2,OPS1,"{'NORAD_ID': 45807, 'classification': 'U', 'COSPAR_ID': '20040A', 'BC': 0.0, 'n_ddot': 0.0, 'B_star': 0.0, 'ephemeris_type': 2, 'elset_num': 9999, 'inclination': 1.8264, 'RAAN': 65.8524, 'eccentricity': 0.000401, 'perigee': 307.6063, 'mean_anomaly': 66.5807, 'mean_motion': 1.0026784, 'rev_num': 0, 'line1': '1 45807U 20040A   25280.86849116 +.00000000 +00000+0 +00000+0 2 99999', 'line2': '2 45807   1.8264  65.8524 0004010 307.6063  66.5807  1.00267840000007', 'epoch': datetime.datetime(2025, 10, 7, 20, 50, 37, 636224)}"
83e1e7ba-679d-4b75-813f-4de91aa66ceb,U//PR-EXO-ELSETS,41586,2025-10-07T20:50:37.636484Z,1.002622716383304,41586,False,0.0004868911917060145,1.590986291920363,66.86546452527479,339.6181348434002,33.42857568561946,0.0,0.0,0.0,42167.40116498576,1436.233167740721,42187.93210119012,42146.87022878139,41586,1 41586U 16037A   25280.86849116 +.00000000 +00000+0 +00000+0 2 99990,2 41586   1.5910  66.8655 0004868 339.6181  33.4286  1.00262271000002,2025-10-07T21:33:28.650Z,system.exo,EXO,REAL,2,OPS1,"{'NORAD_ID': 41586, 'classification': 'U', 'COSPAR_ID': '16037A', 'BC': 0.0, 'n_ddot': 0.0, 'B_star': 0.0, 'ephemeris_type': 2, 'elset_num': 9999, 'inclination': 1.591, 'RAAN': 66.8655, 'eccentricity': 0.0004868, 'perigee': 339.6181, 'mean_anomaly': 33.4286, 'mean_motion': 1.00262271, 'rev_num': 0, 'line1': '1 41586U 16037A   25280.86849116 +.00000000 +00000+0 +00000+0 2 99990', 'line2': '2 41586   1.5910  66.8655 0004868 339.6181  33.4286  1.00262271000002', 'epoch': datetime.datetime(2025, 10, 7, 20, 50, 37, 636224)}"
a64da190-d358-4f12-8e06-606aaa119c2e,U//PR-EXO-ELSETS,13651,2025-10-07T19:49:42.635106Z,0.9992198853608909,13651,False,0.0006004498935258584,12.77213256429818,336.1220017198838,149.5262452554253,225.8530370337846,0.0,0.0,0.0,42263.08062088338,1441.124242118051,42288.45748314227,42237.7037586245,13651,1 13651U 82110B   25280.82618791 +.00000000 +00000+0 +00000+0 2 99996,2 13651  12.7721 336.1220 0006004 149.5262 225.8530  0.99921988000004,2025-10-07T20:45:28.025Z,system.exo,EXO,REAL,2,OPS1,"{'NORAD_ID': 13651, 'classification': 'U', 'COSPAR_ID': '82110B', 'BC': 0.0, 'n_ddot': 0.0, 'B_star': 0.0, 'ephemeris_type': 2, 'elset_num': 9999, 'inclination': 12.7721, 'RAAN': 336.122, 'eccentricity': 0.0006004, 'perigee': 149.5262, 'mean_anomaly': 225.853, 'mean_motion': 0.99921988, 'rev_num': 0, 'line1': '1 13651U 82110B   25280.82618791 +.00000000 +00000+0 +00000+0 2 99996', 'line2': '2 13651  12.7721 336.1220 0006004 149.5262 225.8530  0.99921988000004', 'epoch': datetime.datetime(2025, 10, 7, 19, 49, 42, 635424)}"
0d95a797-525f-4cfd-9718-06f1117c69b2,U//PR-EXO-ELSETS,42749,2025-10-07T18:20:31.860025Z,1.00266905878108,42749,False,0.0002520385920264477,1.887241445655146,339.6693425226806,213.0632751206497,109.343947285738,0.0,0.0,0.0,42166.10186387592,1436.166786427591,42176.72934882093,42155.4743789309,42749,1 42749U 17032A   25280.76425764 +.00000000 +00000+0 +00000+0 2 99996,2 42749   1.8872 339.6693 0002520 213.0633 109.3439  1.00266905000008,2025-10-07T18:48:29.954Z,system.exo,EXO,REAL,2,OPS1,"{'NORAD_ID': 42749, 'classification': 'U', 'COSPAR_ID': '17032A', 'BC': 0.0, 'n_ddot': 0.0, 'B_star': 0.0, 'ephemeris_type': 2, 'elset_num': 9999, 'inclination': 1.8872, 'RAAN': 339.6693, 'eccentricity': 0.000252, 'perigee': 213.0633, 'mean_anomaly': 109.3439, 'mean_motion': 1.00266905, 'rev_num': 0, 'line1': '1 42749U 17032A   25280.76425764 +.00000000 +00000+0 +00000+0 2 99996', 'line2': '2 42749   1.8872 339.6693 0002520 213.0633 109.3439  1.00266905000008', 'epoch': datetime.datetime(2025, 10, 7, 18, 20, 31, 860096)}"
50b8e2c8-e656-412a-a0e2-c122cb82ba86,U//PR-EXO-ELSETS,63075,2025-10-07T20:50:37.636484Z,1.00268369267703,63075,False,0.000480527632315651,0.03530234313238476,241.3423857566855,314.0142865996705,244.6098241898096,0.0,0.0,0.0,42165.69159434775,1436.145825963715,42185.95337429454,42145.42981440097,63075,1 63075U 25036A   25280.86849116 +.00000000 +00000+0 +00000+0 2 99996,2 63075   0.0353 241.3424 0004805 314.0143 244.6098  1.00268369000005,2025-10-07T22:06:28.941Z,system.exo,EXO,REAL,2,OPS1,"{'NORAD_ID': 63075, 'classification': 'U', 'COSPAR_ID': '25036A', 'BC': 0.0, 'n_ddot': 0.0, 'B_star': 0.0, 'ephemeris_type': 2, 'elset_num': 9999, 'inclination': 0.0353, 'RAAN': 241.3424, 'eccentricity': 0.0004805, 'perigee': 314.0143, 'mean_anomaly': 244.6098, 'mean_motion': 1.00268369, 'rev_num': 0, 'line1': '1 63075U 25036A   25280.86849116 +.00000000 +00000+0 +00000+0 2 99996', 'line2': '2 63075   0.0353 241.3424 0004805 314.0143 244.6098  1.00268369000005', 'epoch': datetime.datetime(2025, 10, 7, 20, 50, 37, 636224)}"
85a0e391-a382-4513-82c8-2e66fd29c956,U//PR-EXO-ELSETS,42662,2025-10-07T20:49:11.939262Z,1.002645523830179,42662,False,0.0007690759022709569,0.04730426082668562,82.31757215943752,156.3713112087096,200.9212758320473,0.0,0.0,0.0,42166.76170043243,1436.200497359322,42199.19114073304,42134.33226013183,42662,1 42662U 17018A   25280.86749930 +.00000000 +00000+0 +00000+0 2 99999,2 42662   0.0473  82.3176 0007690 156.3713 200.9213  1.00264552000003,2025-10-07T21:33:28.653Z,system.exo,EXO,REAL,2,OPS1,"{'NORAD_ID': 42662, 'classification': 'U', 'COSPAR_ID': '17018A', 'BC': 0.0, 'n_ddot': 0.0, 'B_star': 0.0, 'ephemeris_type': 2, 'elset_num': 9999, 'inclination': 0.0473, 'RAAN': 82.3176, 'eccentricity': 0.000769, 'perigee': 156.3713, 'mean_anomaly': 200.9213, 'mean_motion': 1.00264552, 'rev_num': 0, 'line1': '1 42662U 17018A   25280.86749930 +.00000000 +00000+0 +00000+0 2 99999', 'line2': '2 42662   0.0473  82.3176 0007690 156.3713 200.9213  1.00264552000003', 'epoch': datetime.datetime(2025, 10, 7, 20, 49, 11, 939520)}"
e3c85a74-dc77-4f63-8ed1-c0cfec03cb35,U//PR-EXO-ELSETS,10489,2025-10-07T19:50:26.736416Z,1.002346861836951,10489,False,0.0007068390341637743,5.716445827297664,284.0159507857982,84.59870613701665,321.8122460424606,0.0,0.0,0.0,42175.13736641884,1436.628431560093,42204.94839978064,42145.32633305703,10489,1 10489U 77108A   25280.82669834 +.00000000 +00000+0 +00000+0 2 99997,2 10489   5.7164 284.0160 0007068  84.5987 321.8122  1.00234686000009,2025-10-07T20:24:28.549Z,system.exo,EXO,REAL,2,OPS1,"{'NORAD_ID': 10489, 'classification': 'U', 'COSPAR_ID': '77108A', 'BC': 0.0, 'n_ddot': 0.0, 'B_star': 0.0, 'ephemeris_type': 2, 'elset_num': 9999, 'inclination': 5.7164, 'RAAN': 284.016, 'eccentricity': 0.0007068, 'perigee': 84.5987, 'mean_anomaly': 321.8122, 'mean_motion': 1.00234686, 'rev_num': 0, 'line1': '1 10489U 77108A   25280.82669834 +.00000000 +00000+0 +00000+0 2 99997', 'line2': '2 10489   5.7164 284.0160 0007068  84.5987 321.8122  1.00234686000009', 'epoch': datetime.datetime(2025, 10, 7, 19, 50, 26, 736576)}"
ca71b584-64ff-4b3b-b26d-7150c3c2efe8,U//PR-EXO-ELSETS,11581,2025-10-07T19:44:35.022210Z,1.002566199983807,11581,False,0.001761957699682437,4.792540641850959,277.4909487809866,266.1394895713502,145.8638077732083,0.0,0.0,0.0,42168.9858499008,1436.314130701053,42243.28581920683,42094.68588059477,11581,1 11581U 77092H   25280.82262757 +.00000000 +00000+0 +00000+0 2 99996,2 11581   4.7925 277.4909 0017619 266.1395 145.8638  1.00256619000004,2025-10-07T20:06:29.176Z,system.exo,EXO,REAL,2,OPS1,"{'NORAD_ID': 11581, 'classification': 'U', 'COSPAR_ID': '77092H', 'BC': 0.0, 'n_ddot': 0.0, 'B_star': 0.0, 'ephemeris_type': 2, 'elset_num': 9999, 'inclination': 4.7925, 'RAAN': 277.4909, 'eccentricity': 0.0017619, 'perigee': 266.1395, 'mean_anomaly': 145.8638, 'mean_motion': 1.00256619, 'rev_num': 0, 'line1': '1 11581U 77092H   25280.82262757 +.00000000 +00000+0 +00000+0 2 99996', 'line2': '2 11581   4.7925 277.4909 0017619 266.1395 145.8638  1.00256619000004', 'epoch': datetime.datetime(2025, 10, 7, 19, 44, 35, 22048)}"
14b579f3-a9da-4d4a-a51f-8928ffca4b43,U//PR-EXO-ELSETS,54743,2025-10-07T03:43:08.398232Z,1.002676766092995,54743,False,0.0001614648896730446,0.6838998523124669,28.50235444311198,141.3022683120885,261.6401368594264,0.0,0.0,0.0,42165.88578379464,1436.155746992192,42172.69409389069,42159.07747369859,54743,1 54743U 22170C   25280.15495831 +.00000000 +00000+0 +00000+0 2 99997,2 54743   0.6839  28.5024 0001614 141.3023 261.6401  1.00267676000003,2025-10-07T04:06:30.570Z,system.exo,EXO,REAL,2,OPS1,"{'NORAD_ID': 54743, 'classification': 'U', 'COSPAR_ID': '22170C', 'BC': 0.0, 'n_ddot': 0.0, 'B_star': 0.0, 'ephemeris_type': 2, 'elset_num': 9999, 'inclination': 0.6839, 'RAAN': 28.5024, 'eccentricity': 0.0001614, 'perigee': 141.3023, 'mean_anomaly': 261.6401, 'mean_motion': 1.00267676, 'rev_num': 0, 'line1': '1 54743U 22170C   25280.15495831 +.00000000 +00000+0 +00000+0 2 99997', 'line2': '2 54743   0.6839  28.5024 0001614 141.3023 261.6401  1.00267676000003', 'epoch': datetime.datetime(2025, 10, 7, 3, 43, 8, 397984)}"
c1a7a975-41b4-4807-a8a4-8ae706ad9bb4,U//PR-EXO-ELSETS,44071,2025-10-07T18:21:12.137095Z,1.002680163155045,44071,False,2.236680397768003e-05,0.002912811304773638,261.8266266493438,21.51321863339653,68.96519421026169,0.0,0.0,0.0,42165.79054557443,1436.150881322794,42166.73365954612,42164.84743160274,44071,1 44071U 19014A   25280.76472381 +.00000000 +00000+0 +00000+0 2 99995,2 44071   0.0029 261.8266 0000223  21.5132  68.9652  1.00268016000001,2025-10-07T18:57:28.762Z,system.exo,EXO,REAL,2,OPS1,"{'NORAD_ID': 44071, 'classification': 'U', 'COSPAR_ID': '19014A', 'BC': 0.0, 'n_ddot': 0.0, 'B_star': 0.0, 'ephemeris_type': 2, 'elset_num': 9999, 'inclination': 0.0029, 'RAAN': 261.8266, 'eccentricity': 2.23e-05, 'perigee': 21.5132, 'mean_anomaly': 68.9652, 'mean_motion': 1.00268016, 'rev_num': 0, 'line1': '1 44071U 19014A   25280.76472381 +.00000000 +00000+0 +00000+0 2 99995', 'line2': '2 44071   0.0029 261.8266 0000223  21.5132  68.9652  1.00268016000001', 'epoch': datetime.datetime(2025, 10, 7, 18, 21, 12, 137184)}"
7ba72add-85f6-4478-bc5a-ce34743dc250,U//PR-EXO-ELSETS,58698,2025-10-07T01:19:07.413839Z,1.002690173700442,58698,False,2.471514770604434e-05,0.01236560556918141,193.543032982161,54.01106011761316,207.8866860445321,0.0,0.0,0.0,42165.5098983889,1436.13654324113,42166.55202519413,42164.46777158366,58698,1 58698U 24003A   25280.05494692 +.00000000 +00000+0 +00000+0 2 99990,2 58698   0.0124 193.5430 0000247  54.0111 207.8867  1.00269017000009,2025-10-07T02:42:30.749Z,system.exo,EXO,REAL,2,OPS1,"{'NORAD_ID': 58698, 'classification': 'U', 'COSPAR_ID': '24003A', 'BC': 0.0, 'n_ddot': 0.0, 'B_star': 0.0, 'ephemeris_type': 2, 'elset_num': 9999, 'inclination': 0.0124, 'RAAN': 193.543, 'eccentricity': 2.47e-05, 'perigee': 54.0111, 'mean_anomaly': 207.8867, 'mean_motion': 1.00269017, 'rev_num': 0, 'line1': '1 58698U 24003A   25280.05494692 +.00000000 +00000+0 +00000+0 2 99990', 'line2': '2 58698   0.0124 193.5430 0000247  54.0111 207.8867  1.00269017000009', 'epoch': datetime.datetime(2025, 10, 7, 1, 19, 7, 413888)}"
7bc11902-4b21-482a-aa66-317629d5bf83,U//PR-EXO-ELSETS,55507,2025-10-07T18:41:31.465987Z,1.032139507338608,55507,False,0.009216823696477534,2.006340046055743,83.2217869569713,237.8285558051134,336.5167659353244,0.0,0.0,0.0,41359.59345337376,1395.160237314303,41740.79753439149,40978.38937235602,55507,1 55507U 23016B   25280.77883641 +.00000000 +00000+0 +00000+0 2 99994,2 55507   2.0063  83.2218 0092168 237.8286 336.5168  1.03213950000007,2025-10-07T20:15:28.361Z,system.exo,EXO,REAL,2,OPS1,"{'NORAD_ID': 55507, 'classification': 'U', 'COSPAR_ID': '23016B', 'BC': 0.0, 'n_ddot': 0.0, 'B_star': 0.0, 'ephemeris_type': 2, 'elset_num': 9999, 'inclination': 2.0063, 'RAAN': 83.2218, 'eccentricity': 0.0092168, 'perigee': 237.8286, 'mean_anomaly': 336.5168, 'mean_motion': 1.0321395, 'rev_num': 0, 'line1': '1 55507U 23016B   25280.77883641 +.00000000 +00000+0 +00000+0 2 99994', 'line2': '2 55507   2.0063  83.2218 0092168 237.8286 336.5168  1.03213950000007', 'epoch': datetime.datetime(2025, 10, 7, 18, 41, 31, 465824)}"
ccba22c1-7622-4754-894f-20d2d6d51139,U//PR-EXO-ELSETS,26824,2025-10-07T18:21:12.137095Z,0.9881232361672739,26824,False,0.0004518514012975385,0.5897917035188,88.48351712275293,72.22082683778947,191.1500952625371,0.0,0.0,0.0,42578.90165843189,1457.308104184922,42598.14099481195,42559.66232205182,26824,1 26824U 01024A   25280.76472381 +.00000000 +00000+0 +00000+0 2 99993,2 26824   0.5898  88.4835 0004518  72.2208 191.1501  0.98812323000003,2025-10-07T19:33:28.477Z,system.exo,EXO,REAL,2,OPS1,"{'NORAD_ID': 26824, 'classification': 'U', 'COSPAR_ID': '01024A', 'BC': 0.0, 'n_ddot': 0.0, 'B_star': 0.0, 'ephemeris_type': 2, 'elset_num': 9999, 'inclination': 0.5898, 'RAAN': 88.4835, 'eccentricity': 0.0004518, 'perigee': 72.2208, 'mean_anomaly': 191.1501, 'mean_motion': 0.98812323, 'rev_num': 0, 'line1': '1 26824U 01024A   25280.76472381 +.00000000 +00000+0 +00000+0 2 99993', 'line2': '2 26824   0.5898  88.4835 0004518  72.2208 191.1501  0.98812323000003', 'epoch': datetime.datetime(2025, 10, 7, 18, 21, 12, 137184)}"
aeb39240-9266-493c-bda7-afb97f8876dd,U//PR-EXO-ELSETS,64405,2025-10-07T18:21:40.906040Z,0.9950517521504627,64405,False,0.00770598922596033,1.074862007619847,101.7778328888001,17.1569557477493,334.8338387331775,0.0,0.0,0.0,42381.02114962054,1447.160910865123,42707.60884198471,42054.43345725637,64405,1 64405U 16053AK  25280.76505678 +.00000000 +00000+0 +00000+0 2 99994,2 64405   1.0749 101.7778 0077059  17.1570 334.8338  0.99505175000005,2025-10-07T19:00:30.579Z,system.exo,EXO,REAL,2,OPS1,"{'NORAD_ID': 64405, 'classification': 'U', 'COSPAR_ID': '16053AK', 'BC': 0.0, 'n_ddot': 0.0, 'B_star': 0.0, 'ephemeris_type': 2, 'elset_num': 9999, 'inclination': 1.0749, 'RAAN': 101.7778, 'eccentricity': 0.0077059, 'perigee': 17.157, 'mean_anomaly': 334.8338, 'mean_motion': 0.99505175, 'rev_num': 0, 'line1': '1 64405U 16053AK  25280.76505678 +.00000000 +00000+0 +00000+0 2 99994', 'line2': '2 64405   1.0749 101.7778 0077059  17.1570 334.8338  0.99505175000005', 'epoch': datetime.datetime(2025, 10, 7, 18, 21, 40, 905792)}"
8f58b6af-9416-4f12-ae1e-cf83418b2899,U//PR-EXO-ELSETS,11570,2025-10-07T18:21:59.098981Z,0.9773308182249741,11570,False,0.000891378487976369,6.310486805392726,285.3341994230496,151.1410287986278,256.6095907071324,0.0,0.0,0.0,42891.78628498388,1473.40079034377,42930.01910058919,42853.55346937857,11570,1 11570U 77071F   25280.76526735 +.00000000 +00000+0 +00000+0 2 99993,2 11570   6.3105 285.3342 0008913 151.1410 256.6096  0.97733081000004,2025-10-07T19:30:30.257Z,system.exo,EXO,REAL,2,OPS1,"{'NORAD_ID': 11570, 'classification': 'U', 'COSPAR_ID': '77071F', 'BC': 0.0, 'n_ddot': 0.0, 'B_star': 0.0, 'ephemeris_type': 2, 'elset_num': 9999, 'inclination': 6.3105, 'RAAN': 285.3342, 'eccentricity': 0.0008913, 'perigee': 151.141, 'mean_anomaly': 256.6096, 'mean_motion': 0.97733081, 'rev_num': 0, 'line1': '1 11570U 77071F   25280.76526735 +.00000000 +00000+0 +00000+0 2 99993', 'line2': '2 11570   6.3105 285.3342 0008913 151.1410 256.6096  0.97733081000004', 'epoch': datetime.datetime(2025, 10, 7, 18, 21, 59, 99040)}"
b8de59c1-0269-40fa-8982-48fbf9237d4e,U//PR-EXO-ELSETS,12618,2025-10-07T20:21:56.468109Z,1.002803044191491,12618,False,0.0002307882385885653,7.191592941625902,295.6992274696066,239.2443977863668,260.8240636330821,0.0,0.0,0.0,42162.34587987832,1435.97489890051,42172.0764534187,42152.61530633794,12618,1 12618U 81069A   25280.84857023 +.00000000 +00000+0 +00000+0 2 99995,2 12618   7.1916 295.6992 0002307 239.2444 260.8241  1.00280304000007,2025-10-07T22:45:29.008Z,system.exo,EXO,REAL,2,OPS1,"{'NORAD_ID': 12618, 'classification': 'U', 'COSPAR_ID': '81069A', 'BC': 0.0, 'n_ddot': 0.0, 'B_star': 0.0, 'ephemeris_type': 2, 'elset_num': 9999, 'inclination': 7.1916, 'RAAN': 295.6992, 'eccentricity': 0.0002307, 'perigee': 239.2444, 'mean_anomaly': 260.8241, 'mean_motion': 1.00280304, 'rev_num': 0, 'line1': '1 12618U 81069A   25280.84857023 +.00000000 +00000+0 +00000+0 2 99995', 'line2': '2 12618   7.1916 295.6992 0002307 239.2444 260.8241  1.00280304000007', 'epoch': datetime.datetime(2025, 10, 7, 20, 21, 56, 467872)}"
5f2173cc-8852-4fbe-99da-f2e6acbfd4a9,U//PR-EXO-ELSETS,39376,2025-10-07T19:07:00.916070Z,1.042048674731461,39376,False,0.02327239866130858,8.880314767201781,54.41473875750511,108.4499040678436,253.8871498747801,0.0,0.0,0.0,41096.97523891378,1381.893221418944,42053.40043044771,40140.55004737985,39376,1 39376U 13062B   25280.79653838 +.00000000 +00000+0 +00000+0 2 99995,2 39376   8.8803  54.4147 0232723 108.4499 253.8871  1.04204867000002,2025-10-07T21:00:33.060Z,system.exo,EXO,REAL,2,OPS1,"{'NORAD_ID': 39376, 'classification': 'U', 'COSPAR_ID': '13062B', 'BC': 0.0, 'n_ddot': 0.0, 'B_star': 0.0, 'ephemeris_type': 2, 'elset_num': 9999, 'inclination': 8.8803, 'RAAN': 54.4147, 'eccentricity': 0.0232723, 'perigee': 108.4499, 'mean_anomaly': 253.8871, 'mean_motion': 1.04204867, 'rev_num': 0, 'line1': '1 39376U 13062B   25280.79653838 +.00000000 +00000+0 +00000+0 2 99995', 'line2': '2 39376   8.8803  54.4147 0232723 108.4499 253.8871  1.04204867000002', 'epoch': datetime.datetime(2025, 10, 7, 19, 7, 0, 916032)}"
e049b8c7-fd03-4530-a318-e359fcc96ce8,U//PR-EXO-ELSETS,61992,2025-10-07T20:13:18.137225Z,1.007892419686998,61992,False,0.003089523014783652,0.9069950037089894,87.56112821728154,280.4041518645507,320.805580740059,0.0,0.0,0.0,42020.29301788348,1428.723911275365,42150.11568025018,41890.47035551678,61992,1 61992U 16053J   25280.84257103 +.00000000 +00000+0 +00000+0 2 99998,2 61992   0.9070  87.5611 0030895 280.4042 320.8056  1.00789241000004,2025-10-07T21:42:29.639Z,system.exo,EXO,REAL,2,OPS1,"{'NORAD_ID': 61992, 'classification': 'U', 'COSPAR_ID': '16053J', 'BC': 0.0, 'n_ddot': 0.0, 'B_star': 0.0, 'ephemeris_type': 2, 'elset_num': 9999, 'inclination': 0.907, 'RAAN': 87.5611, 'eccentricity': 0.0030895, 'perigee': 280.4042, 'mean_anomaly': 320.8056, 'mean_motion': 1.00789241, 'rev_num': 0, 'line1': '1 61992U 16053J   25280.84257103 +.00000000 +00000+0 +00000+0 2 99998', 'line2': '2 61992   0.9070  87.5611 0030895 280.4042 320.8056  1.00789241000004', 'epoch': datetime.datetime(2025, 10, 7, 20, 13, 18, 136992)}"
27cb581c-807f-4fe7-ba86-f3c208080663,U//PR-EXO-ELSETS,28194,2025-10-07T19:47:43.597168Z,1.001945135657199,28194,False,0.0006508481661553544,13.38379469708019,22.74280753230229,215.9141153146366,186.2818493661777,0.0,0.0,0.0,42186.4099229808,1437.204442392418,42213.86687051585,42158.95297544575,28194,1 28194U 04010A   25280.82481015 +.00000000 +00000+0 +00000+0 2 99994,2 28194  13.3838  22.7428 0006508 215.9141 186.2818  1.00194513000007,2025-10-07T22:30:29.341Z,system.exo,EXO,REAL,2,OPS1,"{'NORAD_ID': 28194, 'classification': 'U', 'COSPAR_ID': '04010A', 'BC': 0.0, 'n_ddot': 0.0, 'B_star': 0.0, 'ephemeris_type': 2, 'elset_num': 9999, 'inclination': 13.3838, 'RAAN': 22.7428, 'eccentricity': 0.0006508, 'perigee': 215.9141, 'mean_anomaly': 186.2818, 'mean_motion': 1.00194513, 'rev_num': 0, 'line1': '1 28194U 04010A   25280.82481015 +.00000000 +00000+0 +00000+0 2 99994', 'line2': '2 28194  13.3838  22.7428 0006508 215.9141 186.2818  1.00194513000007', 'epoch': datetime.datetime(2025, 10, 7, 19, 47, 43, 596960)}"
6cf67b2d-1565-46b4-99c6-3479dc0824d4,U//PR-EXO-ELSETS,32299,2025-10-07T20:24:21.044754Z,1.002679348006397,32299,False,0.0002760577808270163,0.05250382795737005,50.5546409508331,154.7453971152848,122.3546862003439,0.0,0.0,0.0,42165.81339859822,1436.152048870975,42177.4535994718,42154.17319772464,32299,1 32299U 07057A   25280.85024357 +.00000000 +00000+0 +00000+0 2 99994,2 32299   0.0525  50.5546 0002760 154.7454 122.3547  1.00267934000005,2025-10-07T21:09:39.092Z,system.exo,EXO,REAL,2,OPS1,"{'NORAD_ID': 32299, 'classification': 'U', 'COSPAR_ID': '07057A', 'BC': 0.0, 'n_ddot': 0.0, 'B_star': 0.0, 'ephemeris_type': 2, 'elset_num': 9999, 'inclination': 0.0525, 'RAAN': 50.5546, 'eccentricity': 0.000276, 'perigee': 154.7454, 'mean_anomaly': 122.3547, 'mean_motion': 1.00267934, 'rev_num': 0, 'line1': '1 32299U 07057A   25280.85024357 +.00000000 +00000+0 +00000+0 2 99994', 'line2': '2 32299   0.0525  50.5546 0002760 154.7454 122.3547  1.00267934000005', 'epoch': datetime.datetime(2025, 10, 7, 20, 24, 21, 44448)}"
5c46b063-05df-4b35-bb51-c359b232a841,U//PR-EXO-ELSETS,28885,2025-10-07T20:18:50.417217Z,1.002697609377231,28885,False,0.0003674231819424174,3.994542174093123,78.95884797760736,131.9630619196733,132.3556589975446,0.0,0.0,0.0,42165.30144106482,1436.125893323287,42180.79395028786,42149.80893184179,28885,1 28885U 05041B   25280.84641687 +.00000000 +00000+0 +00000+0 2 99991,2 28885   3.9945  78.9588 0003674 131.9631 132.3557  1.00269760000009,2025-10-07T20:54:27.663Z,system.exo,EXO,REAL,2,OPS1,"{'NORAD_ID': 28885, 'classification': 'U', 'COSPAR_ID': '05041B', 'BC': 0.0, 'n_ddot': 0.0, 'B_star': 0.0, 'ephemeris_type': 2, 'elset_num': 9999, 'inclination': 3.9945, 'RAAN': 78.9588, 'eccentricity': 0.0003674, 'perigee': 131.9631, 'mean_anomaly': 132.3557, 'mean_motion': 1.0026976, 'rev_num': 0, 'line1': '1 28885U 05041B   25280.84641687 +.00000000 +00000+0 +00000+0 2 99991', 'line2': '2 28885   3.9945  78.9588 0003674 131.9631 132.3557  1.00269760000009', 'epoch': datetime.datetime(2025, 10, 7, 20, 18, 50, 417568)}"
0d1cfab9-1fd7-4f3a-8656-3fba293744de,U//PR-EXO-ELSETS,38652,2025-10-07T20:24:38.787245Z,1.002677632373877,38652,False,0.0002320835761017635,0.0586483661366252,305.6637373828243,255.3589069636719,126.8850968035916,0.0,0.0,0.0,42165.86149715468,1436.154506200309,42175.64750108036,42156.07549322901,38652,1 38652U 12036A   25280.85044893 +.00000000 +00000+0 +00000+0 2 99993,2 38652   0.0586 305.6637 0002320 255.3589 126.8851  1.00267763000002,2025-10-07T21:09:39.100Z,system.exo,EXO,REAL,2,OPS1,"{'NORAD_ID': 38652, 'classification': 'U', 'COSPAR_ID': '12036A', 'BC': 0.0, 'n_ddot': 0.0, 'B_star': 0.0, 'ephemeris_type': 2, 'elset_num': 9999, 'inclination': 0.0586, 'RAAN': 305.6637, 'eccentricity': 0.000232, 'perigee': 255.3589, 'mean_anomaly': 126.8851, 'mean_motion': 1.00267763, 'rev_num': 0, 'line1': '1 38652U 12036A   25280.85044893 +.00000000 +00000+0 +00000+0 2 99993', 'line2': '2 38652   0.0586 305.6637 0002320 255.3589 126.8851  1.00267763000002', 'epoch': datetime.datetime(2025, 10, 7, 20, 24, 38, 787552)}"
a60079f5-4bf9-4add-b7c8-be2b77a6c6cd,U//PR-EXO-ELSETS,23111,2025-10-07T18:26:49.847917Z,1.038337313235476,23111,False,0.004687196801701457,12.75615052823506,345.0358713460265,187.4169745687382,234.9570472279676,0.0,0.0,0.0,41194.846460972,1386.832565530114,41387.93481355045,41001.75810839354,23111,1 23111U 94030D   25280.76863250 +.00000000 +00000+0 +00000+0 2 99997,2 23111  12.7562 345.0359 0046871 187.4170 234.9570  1.03833731000005,2025-10-07T23:21:30.072Z,system.exo,EXO,REAL,2,OPS1,"{'NORAD_ID': 23111, 'classification': 'U', 'COSPAR_ID': '94030D', 'BC': 0.0, 'n_ddot': 0.0, 'B_star': 0.0, 'ephemeris_type': 2, 'elset_num': 9999, 'inclination': 12.7562, 'RAAN': 345.0359, 'eccentricity': 0.0046871, 'perigee': 187.417, 'mean_anomaly': 234.957, 'mean_motion': 1.03833731, 'rev_num': 0, 'line1': '1 23111U 94030D   25280.76863250 +.00000000 +00000+0 +00000+0 2 99997', 'line2': '2 23111  12.7562 345.0359 0046871 187.4170 234.9570  1.03833731000005', 'epoch': datetime.datetime(2025, 10, 7, 18, 26, 49, 848000)}"
fa2efb2f-2fdc-48ec-92dd-ce5a9604b68b,U//PR-EXO-ELSETS,20263,2025-10-07T18:26:49.847917Z,1.002836560374921,20263,False,0.0006605682838382535,12.35607566104741,335.181684139171,260.2237055467526,171.0227585385172,0.0,0.0,0.0,42161.40645874317,1435.926906635356,42189.25694665183,42133.55597083452,20263,1 20263U 89081A   25280.76863250 +.00000000 +00000+0 +00000+0 2 99992,2 20263  12.3561 335.1817 0006605 260.2237 171.0228  1.00283656000002,2025-10-07T21:48:31.786Z,system.exo,EXO,REAL,2,OPS1,"{'NORAD_ID': 20263, 'classification': 'U', 'COSPAR_ID': '89081A', 'BC': 0.0, 'n_ddot': 0.0, 'B_star': 0.0, 'ephemeris_type': 2, 'elset_num': 9999, 'inclination': 12.3561, 'RAAN': 335.1817, 'eccentricity': 0.0006605, 'perigee': 260.2237, 'mean_anomaly': 171.0228, 'mean_motion': 1.00283656, 'rev_num': 0, 'line1': '1 20263U 89081A   25280.76863250 +.00000000 +00000+0 +00000+0 2 99992', 'line2': '2 20263  12.3561 335.1817 0006605 260.2237 171.0228  1.00283656000002', 'epoch': datetime.datetime(2025, 10, 7, 18, 26, 49, 848000)}"
06dbe079-709d-4828-bb02-577740278125,U//PR-EXO-ELSETS,29155,2025-10-07T20:41:03.149799Z,0.9878653713148157,29155,False,0.005913260589616554,3.871230240980333,79.47824761668264,267.4513406128289,297.710364704478,0.0,0.0,0.0,42586.31098423427,1457.688508792862,42838.1349386345,42334.48702983404,29155,1 29155U 06018A   25280.86184201 +.00000000 +00000+0 +00000+0 2 99993,2 29155   3.8712  79.4782 0059132 267.4513 297.7104  0.98786537000003,2025-10-07T21:18:27.866Z,system.exo,EXO,REAL,2,OPS1,"{'NORAD_ID': 29155, 'classification': 'U', 'COSPAR_ID': '06018A', 'BC': 0.0, 'n_ddot': 0.0, 'B_star': 0.0, 'ephemeris_type': 2, 'elset_num': 9999, 'inclination': 3.8712, 'RAAN': 79.4782, 'eccentricity': 0.0059132, 'perigee': 267.4513, 'mean_anomaly': 297.7104, 'mean_motion': 0.98786537, 'rev_num': 0, 'line1': '1 29155U 06018A   25280.86184201 +.00000000 +00000+0 +00000+0 2 99993', 'line2': '2 29155   3.8712  79.4782 0059132 267.4513 297.7104  0.98786537000003', 'epoch': datetime.datetime(2025, 10, 7, 20, 41, 3, 149664)}"
dfdbf6b0-89b3-4324-8722-eb423d272a79,U//PR-EXO-ELSETS,19686,2025-10-07T18:26:21.574000Z,1.015094766490796,19686,False,0.00162681008288853,11.49731309796434,329.6217732568222,203.8276092981758,299.3256900858454,0.0,0.0,0.0,41821.29435872882,1418.586764049736,41889.32966207105,41753.2590553866,19686,1 19686U 88108D   25280.76830525 +.00000000 +00000+0 +00000+0 2 99997,2 19686  11.4973 329.6218 0016268 203.8276 299.3257  1.01509476000009,2025-10-07T19:33:28.475Z,system.exo,EXO,REAL,2,OPS1,"{'NORAD_ID': 19686, 'classification': 'U', 'COSPAR_ID': '88108D', 'BC': 0.0, 'n_ddot': 0.0, 'B_star': 0.0, 'ephemeris_type': 2, 'elset_num': 9999, 'inclination': 11.4973, 'RAAN': 329.6218, 'eccentricity': 0.0016268, 'perigee': 203.8276, 'mean_anomaly': 299.3257, 'mean_motion': 1.01509476, 'rev_num': 0, 'line1': '1 19686U 88108D   25280.76830525 +.00000000 +00000+0 +00000+0 2 99997', 'line2': '2 19686  11.4973 329.6218 0016268 203.8276 299.3257  1.01509476000009', 'epoch': datetime.datetime(2025, 10, 7, 18, 26, 21, 573600)}"
c65c8a4e-15e7-419a-8051-bfb50890e2b1,U//PR-EXO-ELSETS,27378,2025-10-07T18:26:38.505069Z,0.9984122397685816,27378,False,0.0003380789083643705,3.357573190528769,80.51093509152554,135.5868224094542,91.76573351930503,0.0,0.0,0.0,42285.86946442763,1442.290010721195,42300.16542501541,42271.57350383986,27378,1 27378U 02006A   25280.76850122 +.00000000 +00000+0 +00000+0 2 99992,2 27378   3.3576  80.5109 0003380 135.5868  91.7657  0.99841223000009,2025-10-07T20:00:29.819Z,system.exo,EXO,REAL,2,OPS1,"{'NORAD_ID': 27378, 'classification': 'U', 'COSPAR_ID': '02006A', 'BC': 0.0, 'n_ddot': 0.0, 'B_star': 0.0, 'ephemeris_type': 2, 'elset_num': 9999, 'inclination': 3.3576, 'RAAN': 80.5109, 'eccentricity': 0.000338, 'perigee': 135.5868, 'mean_anomaly': 91.7657, 'mean_motion': 0.99841223, 'rev_num': 0, 'line1': '1 27378U 02006A   25280.76850122 +.00000000 +00000+0 +00000+0 2 99992', 'line2': '2 27378   3.3576  80.5109 0003380 135.5868  91.7657  0.99841223000009', 'epoch': datetime.datetime(2025, 10, 7, 18, 26, 38, 505408)}"
fc8b3b0b-be70-472e-94e5-c98e89352c02,U//PR-EXO-ELSETS,27683,2025-10-07T19:55:14.306773Z,0.9915574020015795,27683,False,0.00102855629373781,5.087460310085022,75.54265431048866,110.1163801403855,151.6786077273188,0.0,0.0,0.0,42480.53280678497,1452.260854584096,42524.22642616472,42436.83918740522,27683,1 27683U 03007A   25280.83002670 +.00000000 +00000+0 +00000+0 2 99998,2 27683   5.0875  75.5427 0010285 110.1164 151.6786  0.99155740000007,2025-10-07T20:33:29.135Z,system.exo,EXO,REAL,2,OPS1,"{'NORAD_ID': 27683, 'classification': 'U', 'COSPAR_ID': '03007A', 'BC': 0.0, 'n_ddot': 0.0, 'B_star': 0.0, 'ephemeris_type': 2, 'elset_num': 9999, 'inclination': 5.0875, 'RAAN': 75.5427, 'eccentricity': 0.0010285, 'perigee': 110.1164, 'mean_anomaly': 151.6786, 'mean_motion': 0.9915574, 'rev_num': 0, 'line1': '1 27683U 03007A   25280.83002670 +.00000000 +00000+0 +00000+0 2 99998', 'line2': '2 27683   5.0875  75.5427 0010285 110.1164 151.6786  0.99155740000007', 'epoch': datetime.datetime(2025, 10, 7, 19, 55, 14, 306880)}"
1b0eea98-4ede-4655-b9c0-d1244e5bb64e,U//PR-EXO-ELSETS,40732,2025-10-07T21:01:18.118385Z,1.00275899146321,40732,False,0.000108253695396005,2.566135372550998,72.14666531457014,165.8755796583433,103.7102988508432,0.0,0.0,0.0,42163.58070817592,1436.037983462781,42168.14507159871,42159.01634475313,40732,1 40732U 15034A   25280.87590415 +.00000000 +00000+0 +00000+0 2 99994,2 40732   2.5661  72.1467 0001082 165.8756 103.7103  1.00275899000000,2025-10-07T21:30:29.167Z,system.exo,EXO,REAL,2,OPS1,"{'NORAD_ID': 40732, 'classification': 'U', 'COSPAR_ID': '15034A', 'BC': 0.0, 'n_ddot': 0.0, 'B_star': 0.0, 'ephemeris_type': 2, 'elset_num': 9999, 'inclination': 2.5661, 'RAAN': 72.1467, 'eccentricity': 0.0001082, 'perigee': 165.8756, 'mean_anomaly': 103.7103, 'mean_motion': 1.00275899, 'rev_num': 0, 'line1': '1 40732U 15034A   25280.87590415 +.00000000 +00000+0 +00000+0 2 99994', 'line2': '2 40732   2.5661  72.1467 0001082 165.8756 103.7103  1.00275899000000', 'epoch': datetime.datetime(2025, 10, 7, 21, 1, 18, 118560)}"
fde57791-1129-420c-b8c0-3f31379bf013,U//PR-EXO-ELSETS,41434,2025-10-07T18:27:47.595501Z,1.002658103884002,41434,False,0.005708218828415937,59.87662829828526,40.56007626265119,228.2022019309242,119.7788472822845,0.0,0.0,0.0,42166.40899712713,1436.182477777684,42407.10408689122,41925.71390736304,41434,1 41434U 16021A   25280.76930087 +.00000000 +00000+0 +00000+0 2 99992,2 41434  59.8766  40.5601 0057082 228.2022 119.7788  1.00265810000009,2025-10-07T19:54:28.845Z,system.exo,EXO,REAL,2,OPS1,"{'NORAD_ID': 41434, 'classification': 'U', 'COSPAR_ID': '16021A', 'BC': 0.0, 'n_ddot': 0.0, 'B_star': 0.0, 'ephemeris_type': 2, 'elset_num': 9999, 'inclination': 59.8766, 'RAAN': 40.5601, 'eccentricity': 0.0057082, 'perigee': 228.2022, 'mean_anomaly': 119.7788, 'mean_motion': 1.0026581, 'rev_num': 0, 'line1': '1 41434U 16021A   25280.76930087 +.00000000 +00000+0 +00000+0 2 99992', 'line2': '2 41434  59.8766  40.5601 0057082 228.2022 119.7788  1.00265810000009', 'epoch': datetime.datetime(2025, 10, 7, 18, 27, 47, 595168)}"
0ff20330-ae1e-4318-ab1c-368262a24059,U//PR-EXO-ELSETS,23671,2025-10-07T18:27:46.785528Z,2.291351808771711,23671,False,0.7220356742746263,6.978422587284551,166.5740947080975,50.40077482565186,186.6224293628493,0.0,0.0,0.0,24303.79048090456,628.4499807002217,41851.99422821373,6755.586733595392,23671,1 23671U 95049B   25280.76929150 +.00000000 +00000+0 +00000+0 2 99991,2 23671   6.9784 166.5741 7220356  50.4008 186.6224  2.29135180000007,2025-10-07T22:21:31.318Z,system.exo,EXO,REAL,2,OPS1,"{'NORAD_ID': 23671, 'classification': 'U', 'COSPAR_ID': '95049B', 'BC': 0.0, 'n_ddot': 0.0, 'B_star': 0.0, 'ephemeris_type': 2, 'elset_num': 9999, 'inclination': 6.9784, 'RAAN': 166.5741, 'eccentricity': 0.7220356, 'perigee': 50.4008, 'mean_anomaly': 186.6224, 'mean_motion': 2.2913518, 'rev_num': 0, 'line1': '1 23671U 95049B   25280.76929150 +.00000000 +00000+0 +00000+0 2 99991', 'line2': '2 23671   6.9784 166.5741 7220356  50.4008 186.6224  2.29135180000007', 'epoch': datetime.datetime(2025, 10, 7, 18, 27, 46, 785600)}"
362b3d53-3ea4-4543-b329-d51528020026,U//PR-EXO-ELSETS,62028,2025-10-07T18:28:37.034943Z,1.00264832305197,62028,False,0.0002080159626348928,0.04586539847581793,91.15675902392167,243.6732189814856,27.05206021087652,0.0,0.0,0.0,42166.6832188283,1436.196487734374,42175.45456202919,42157.91187562742,62028,1 62028U 24214A   25280.76987309 +.00000000 +00000+0 +00000+0 2 99996,2 62028   0.0459  91.1568 0002080 243.6732  27.0521  1.00264832000008,2025-10-07T18:54:28.931Z,system.exo,EXO,REAL,2,OPS1,"{'NORAD_ID': 62028, 'classification': 'U', 'COSPAR_ID': '24214A', 'BC': 0.0, 'n_ddot': 0.0, 'B_star': 0.0, 'ephemeris_type': 2, 'elset_num': 9999, 'inclination': 0.0459, 'RAAN': 91.1568, 'eccentricity': 0.000208, 'perigee': 243.6732, 'mean_anomaly': 27.0521, 'mean_motion': 1.00264832, 'rev_num': 0, 'line1': '1 62028U 24214A   25280.76987309 +.00000000 +00000+0 +00000+0 2 99996', 'line2': '2 62028   0.0459  91.1568 0002080 243.6732  27.0521  1.00264832000008', 'epoch': datetime.datetime(2025, 10, 7, 18, 28, 37, 34976)}"
7412b82e-1706-4a59-860e-e728db2bd1de,U//PR-EXO-ELSETS,30793,2025-10-07T19:58:45.221099Z,0.9907461002075773,30793,False,0.001855317351569557,5.441131214469338,76.37084388676975,152.8548075027161,102.7631321455937,0.0,0.0,0.0,42503.72060465632,1453.450081406625,42582.57849500041,42424.86271431224,30793,1 30793U 07007A   25280.83246784 +.00000000 +00000+0 +00000+0 2 99994,2 30793   5.4411  76.3708 0018553 152.8548 102.7631  0.99074610000001,2025-10-07T23:09:29.644Z,system.exo,EXO,REAL,2,OPS1,"{'NORAD_ID': 30793, 'classification': 'U', 'COSPAR_ID': '07007A', 'BC': 0.0, 'n_ddot': 0.0, 'B_star': 0.0, 'ephemeris_type': 2, 'elset_num': 9999, 'inclination': 5.4411, 'RAAN': 76.3708, 'eccentricity': 0.0018553, 'perigee': 152.8548, 'mean_anomaly': 102.7631, 'mean_motion': 0.9907461, 'rev_num': 0, 'line1': '1 30793U 07007A   25280.83246784 +.00000000 +00000+0 +00000+0 2 99994', 'line2': '2 30793   5.4411  76.3708 0018553 152.8548 102.7631  0.99074610000001', 'epoch': datetime.datetime(2025, 10, 7, 19, 58, 45, 221376)}"
aceccdc1-0939-4fc3-8a52-fa736c677416,U//PR-EXO-ELSETS,20776,2025-10-07T20:40:16.698875Z,1.002657013336989,20776,False,0.0003754683132489906,13.42156693009523,351.520052546847,214.2065550654684,154.4524127238839,0.0,0.0,0.0,42166.43957218416,1436.184039851744,42182.27173412604,42150.60741024227,20776,1 20776U 90079A   25280.86130439 +.00000000 +00000+0 +00000+0 2 99997,2 20776  13.4216 351.5201 0003754 214.2066 154.4524  1.00265701000005,2025-10-07T21:06:29.763Z,system.exo,EXO,REAL,2,OPS1,"{'NORAD_ID': 20776, 'classification': 'U', 'COSPAR_ID': '90079A', 'BC': 0.0, 'n_ddot': 0.0, 'B_star': 0.0, 'ephemeris_type': 2, 'elset_num': 9999, 'inclination': 13.4216, 'RAAN': 351.5201, 'eccentricity': 0.0003754, 'perigee': 214.2066, 'mean_anomaly': 154.4524, 'mean_motion': 1.00265701, 'rev_num': 0, 'line1': '1 20776U 90079A   25280.86130439 +.00000000 +00000+0 +00000+0 2 99997', 'line2': '2 20776  13.4216 351.5201 0003754 214.2066 154.4524  1.00265701000005', 'epoch': datetime.datetime(2025, 10, 7, 20, 40, 16, 699296)}"
d2b4ee70-ba9c-4796-abb6-ab34fbbfbb73,U//PR-EXO-ELSETS,19772,2025-10-07T18:29:25.909351Z,0.9909551440150621,19772,False,0.002114718737815854,14.92977396902382,356.0764907913457,128.4874585832989,231.3071373345986,0.0,0.0,0.0,42497.74290253068,1453.143473442742,42587.61367576155,42407.87212929982,19772,1 19772U 89006A   25280.77043877 +.00000000 +00000+0 +00000+0 2 99998,2 19772  14.9298 356.0765 0021147 128.4875 231.3071  0.99095514000002,2025-10-07T19:12:29.734Z,system.exo,EXO,REAL,2,OPS1,"{'NORAD_ID': 19772, 'classification': 'U', 'COSPAR_ID': '89006A', 'BC': 0.0, 'n_ddot': 0.0, 'B_star': 0.0, 'ephemeris_type': 2, 'elset_num': 9999, 'inclination': 14.9298, 'RAAN': 356.0765, 'eccentricity': 0.0021147, 'perigee': 128.4875, 'mean_anomaly': 231.3071, 'mean_motion': 0.99095514, 'rev_num': 0, 'line1': '1 19772U 89006A   25280.77043877 +.00000000 +00000+0 +00000+0 2 99998', 'line2': '2 19772  14.9298 356.0765 0021147 128.4875 231.3071  0.99095514000002', 'epoch': datetime.datetime(2025, 10, 7, 18, 29, 25, 909728)}"
d2ac79f5-31cf-4868-acc7-e22a76990002,U//PR-EXO-ELSETS,29273,2025-10-07T21:06:36.594228Z,1.002681417944514,29273,False,0.0004524923754241284,2.247550813870417,83.2308105414122,132.9579388648745,120.5600211105216,0.0,0.0,0.0,42165.75536710199,1436.149084074965,42184.8350499096,42146.67568429437,29273,1 29273U 06033B   25280.87959021 +.00000000 +00000+0 +00000+0 2 99992,2 29273   2.2476  83.2308 0004524 132.9579 120.5600  1.00268141000008,2025-10-07T21:36:29.805Z,system.exo,EXO,REAL,2,OPS1,"{'NORAD_ID': 29273, 'classification': 'U', 'COSPAR_ID': '06033B', 'BC': 0.0, 'n_ddot': 0.0, 'B_star': 0.0, 'ephemeris_type': 2, 'elset_num': 9999, 'inclination': 2.2476, 'RAAN': 83.2308, 'eccentricity': 0.0004524, 'perigee': 132.9579, 'mean_anomaly': 120.56, 'mean_motion': 1.00268141, 'rev_num': 0, 'line1': '1 29273U 06033B   25280.87959021 +.00000000 +00000+0 +00000+0 2 99992', 'line2': '2 29273   2.2476  83.2308 0004524 132.9579 120.5600  1.00268141000008', 'epoch': datetime.datetime(2025, 10, 7, 21, 6, 36, 594144)}"
20ec8fcb-ebcc-41c7-8ef2-5f505e8a5686,U//PR-EXO-ELSETS,43587,2025-10-07T20:35:44.133224Z,1.002669234366701,43587,False,0.0002011182293744361,0.01429513737988165,252.478342780505,337.1797218146033,204.0329312524163,0.0,0.0,0.0,42166.09694117483,1436.166534928663,42174.57731193127,42157.61657041839,43587,1 43587U 18064A   25280.85814969 +.00000000 +00000+0 +00000+0 2 99992,2 43587   0.0143 252.4783 0002011 337.1797 204.0329  1.00266923000008,2025-10-07T21:48:31.818Z,system.exo,EXO,REAL,2,OPS1,"{'NORAD_ID': 43587, 'classification': 'U', 'COSPAR_ID': '18064A', 'BC': 0.0, 'n_ddot': 0.0, 'B_star': 0.0, 'ephemeris_type': 2, 'elset_num': 9999, 'inclination': 0.0143, 'RAAN': 252.4783, 'eccentricity': 0.0002011, 'perigee': 337.1797, 'mean_anomaly': 204.0329, 'mean_motion': 1.00266923, 'rev_num': 0, 'line1': '1 43587U 18064A   25280.85814969 +.00000000 +00000+0 +00000+0 2 99992', 'line2': '2 43587   0.0143 252.4783 0002011 337.1797 204.0329  1.00266923000008', 'epoch': datetime.datetime(2025, 10, 7, 20, 35, 44, 133216)}"
4b3a9156-5389-4762-892b-0eb9fd5e451f,U//PR-EXO-ELSETS,34941,2025-10-07T20:35:44.133224Z,1.002657950507374,34941,False,0.0001281203346086619,0.008755956795932092,267.3167642723575,244.4798181563823,282.2046120832229,0.0,0.0,0.0,42166.41329725855,1436.182697470576,42171.81567223944,42161.01092227766,34941,1 34941U 09027A   25280.85814969 +.00000000 +00000+0 +00000+0 2 99995,2 34941   0.0088 267.3168 0001281 244.4798 282.2046  1.00265795000001,2025-10-07T21:48:31.807Z,system.exo,EXO,REAL,2,OPS1,"{'NORAD_ID': 34941, 'classification': 'U', 'COSPAR_ID': '09027A', 'BC': 0.0, 'n_ddot': 0.0, 'B_star': 0.0, 'ephemeris_type': 2, 'elset_num': 9999, 'inclination': 0.0088, 'RAAN': 267.3168, 'eccentricity': 0.0001281, 'perigee': 244.4798, 'mean_anomaly': 282.2046, 'mean_motion': 1.00265795, 'rev_num': 0, 'line1': '1 34941U 09027A   25280.85814969 +.00000000 +00000+0 +00000+0 2 99995', 'line2': '2 34941   0.0088 267.3168 0001281 244.4798 282.2046  1.00265795000001', 'epoch': datetime.datetime(2025, 10, 7, 20, 35, 44, 133216)}"
09939686-0778-4c8f-a74c-e7507bfc9c49,U//PR-EXO-ELSETS,41380,2025-10-07T20:35:44.133224Z,1.002721799469037,41380,False,0.0001525958800178705,0.07273855264144623,73.91570005598584,168.1648762154245,191.8955327154461,0.0,0.0,0.0,42164.62329576432,1436.09124760478,42171.05744356177,42158.18914796688,41380,1 41380U 16013A   25280.85814969 +.00000000 +00000+0 +00000+0 2 99993,2 41380   0.0727  73.9157 0001525 168.1649 191.8955  1.00272179000001,2025-10-07T21:30:29.170Z,system.exo,EXO,REAL,2,OPS1,"{'NORAD_ID': 41380, 'classification': 'U', 'COSPAR_ID': '16013A', 'BC': 0.0, 'n_ddot': 0.0, 'B_star': 0.0, 'ephemeris_type': 2, 'elset_num': 9999, 'inclination': 0.0727, 'RAAN': 73.9157, 'eccentricity': 0.0001525, 'perigee': 168.1649, 'mean_anomaly': 191.8955, 'mean_motion': 1.00272179, 'rev_num': 0, 'line1': '1 41380U 16013A   25280.85814969 +.00000000 +00000+0 +00000+0 2 99993', 'line2': '2 41380   0.0727  73.9157 0001525 168.1649 191.8955  1.00272179000001', 'epoch': datetime.datetime(2025, 10, 7, 20, 35, 44, 133216)}"
99de630f-6807-4334-92a3-9843dca3eeca,U//PR-EXO-ELSETS,37219,2025-10-07T18:29:25.909351Z,1.945677262535007,37219,False,0.5460503622002589,18.91429964820559,354.8401137913219,186.9958648922995,162.981332808446,0.0,0.0,0.0,27103.24723048117,740.1021884399448,41902.98519748857,12303.50926347376,37219,1 37219U 10061B   25280.77043877 +.00000000 +00000+0 +00000+0 2 99999,2 37219  18.9143 354.8401 5460503 186.9959 162.9813  1.94567726000002,2025-10-07T20:33:29.142Z,system.exo,EXO,REAL,2,OPS1,"{'NORAD_ID': 37219, 'classification': 'U', 'COSPAR_ID': '10061B', 'BC': 0.0, 'n_ddot': 0.0, 'B_star': 0.0, 'ephemeris_type': 2, 'elset_num': 9999, 'inclination': 18.9143, 'RAAN': 354.8401, 'eccentricity': 0.5460503, 'perigee': 186.9959, 'mean_anomaly': 162.9813, 'mean_motion': 1.94567726, 'rev_num': 0, 'line1': '1 37219U 10061B   25280.77043877 +.00000000 +00000+0 +00000+0 2 99999', 'line2': '2 37219  18.9143 354.8401 5460503 186.9959 162.9813  1.94567726000002', 'epoch': datetime.datetime(2025, 10, 7, 18, 29, 25, 909728)}"
d8183ce4-59ca-42cd-a7ee-a81667428304,U//PR-EXO-ELSETS,22213,2025-10-07T18:29:53.418999Z,1.011393631777769,22213,False,0.002138683433306096,13.43174201128606,344.658101712249,150.2322045510592,201.8145689436113,0.0,0.0,0.0,41923.26058795101,1423.777997760231,42012.92117084064,41833.60000506138,22213,1 22213U 92074D   25280.77075716 +.00000000 +00000+0 +00000+0 2 99998,2 22213  13.4317 344.6581 0021386 150.2322 201.8146  1.01139363000006,2025-10-07T20:42:30.303Z,system.exo,EXO,REAL,2,OPS1,"{'NORAD_ID': 22213, 'classification': 'U', 'COSPAR_ID': '92074D', 'BC': 0.0, 'n_ddot': 0.0, 'B_star': 0.0, 'ephemeris_type': 2, 'elset_num': 9999, 'inclination': 13.4317, 'RAAN': 344.6581, 'eccentricity': 0.0021386, 'perigee': 150.2322, 'mean_anomaly': 201.8146, 'mean_motion': 1.01139363, 'rev_num': 0, 'line1': '1 22213U 92074D   25280.77075716 +.00000000 +00000+0 +00000+0 2 99998', 'line2': '2 22213  13.4317 344.6581 0021386 150.2322 201.8146  1.01139363000006', 'epoch': datetime.datetime(2025, 10, 7, 18, 29, 53, 418624)}"
58578bbe-d188-4d5f-b28b-8f02bc48dec7,U//PR-EXO-ELSETS,49818,2025-10-07T02:40:31.761517Z,1.007330005191114,49818,False,0.0001779836256002801,3.093768289078154,82.01717185453585,173.581154881241,216.3631855821289,0.0,0.0,0.0,42035.93213198881,1429.521599256639,42043.41383959514,42028.45042438247,49818,1 49818U 21118B   25280.11147872 +.00000000 +00000+0 +00000+0 2 99990,2 49818   3.0938  82.0172 0001779 173.5812 216.3632  1.00733000000003,2025-10-07T03:42:29.287Z,system.exo,EXO,REAL,2,OPS1,"{'NORAD_ID': 49818, 'classification': 'U', 'COSPAR_ID': '21118B', 'BC': 0.0, 'n_ddot': 0.0, 'B_star': 0.0, 'ephemeris_type': 2, 'elset_num': 9999, 'inclination': 3.0938, 'RAAN': 82.0172, 'eccentricity': 0.0001779, 'perigee': 173.5812, 'mean_anomaly': 216.3632, 'mean_motion': 1.00733, 'rev_num': 0, 'line1': '1 49818U 21118B   25280.11147872 +.00000000 +00000+0 +00000+0 2 99990', 'line2': '2 49818   3.0938  82.0172 0001779 173.5812 216.3632  1.00733000000003', 'epoch': datetime.datetime(2025, 10, 7, 2, 40, 31, 761408)}"
43956f2c-119f-40e9-bae7-549df45a0797,U//PR-EXO-ELSETS,36033,2025-10-07T20:51:25.510696Z,1.002673254566192,36033,False,0.0001861847653853288,0.00863498524767721,162.1281745158338,32.47659816017183,134.1874933475797,0.0,0.0,0.0,42165.98423165289,1436.160776646044,42173.8348955343,42158.13356777147,36033,1 36033U 09058B   25280.86904526 +.00000000 +00000+0 +00000+0 2 99993,2 36033   0.0086 162.1282 0001861  32.4766 134.1875  1.00267325000002,2025-10-07T21:42:29.622Z,system.exo,EXO,REAL,2,OPS1,"{'NORAD_ID': 36033, 'classification': 'U', 'COSPAR_ID': '09058B', 'BC': 0.0, 'n_ddot': 0.0, 'B_star': 0.0, 'ephemeris_type': 2, 'elset_num': 9999, 'inclination': 0.0086, 'RAAN': 162.1282, 'eccentricity': 0.0001861, 'perigee': 32.4766, 'mean_anomaly': 134.1875, 'mean_motion': 1.00267325, 'rev_num': 0, 'line1': '1 36033U 09058B   25280.86904526 +.00000000 +00000+0 +00000+0 2 99993', 'line2': '2 36033   0.0086 162.1282 0001861  32.4766 134.1875  1.00267325000002', 'epoch': datetime.datetime(2025, 10, 7, 20, 51, 25, 510464)}"
f96059ae-7610-4194-a4d0-24c25b8db982,U//PR-EXO-ELSETS,25000,2025-10-07T20:03:58.236178Z,1.010256575547305,25000,False,0.01136038717634549,1.466659829790401,32.4069290818358,294.9258786542505,4.098600357737095,0.0,0.0,0.0,41954.71145449264,1425.380477449387,42431.33322048753,41478.08968849776,25000,1 25000U 68081G   25280.83609070 +.00000000 +00000+0 +00000+0 2 99999,2 25000   1.4667  32.4069 0113603 294.9259   4.0986  1.01025657000005,2025-10-07T20:33:29.131Z,system.exo,EXO,REAL,2,OPS1,"{'NORAD_ID': 25000, 'classification': 'U', 'COSPAR_ID': '68081G', 'BC': 0.0, 'n_ddot': 0.0, 'B_star': 0.0, 'ephemeris_type': 2, 'elset_num': 9999, 'inclination': 1.4667, 'RAAN': 32.4069, 'eccentricity': 0.0113603, 'perigee': 294.9259, 'mean_anomaly': 4.0986, 'mean_motion': 1.01025657, 'rev_num': 0, 'line1': '1 25000U 68081G   25280.83609070 +.00000000 +00000+0 +00000+0 2 99999', 'line2': '2 25000   1.4667  32.4069 0113603 294.9259   4.0986  1.01025657000005', 'epoch': datetime.datetime(2025, 10, 7, 20, 3, 58, 236480)}"
f9b00cde-236f-4120-a5b0-35522c1e863b,U//PR-EXO-ELSETS,38552,2025-10-07T20:42:22.396201Z,1.002741574167222,38552,False,8.916385458890015e-05,4.068633383254397,61.83954172826679,198.7182489662459,67.3219517521011,0.0,0.0,0.0,42164.06895191226,1436.062926976895,42167.82846282516,42160.30944099936,38552,1 38552U 12035B   25280.86275922 +.00000000 +00000+0 +00000+0 2 99991,2 38552   4.0686  61.8395 0000891 198.7182  67.3220  1.00274157000002,2025-10-07T21:24:29.298Z,system.exo,EXO,REAL,2,OPS1,"{'NORAD_ID': 38552, 'classification': 'U', 'COSPAR_ID': '12035B', 'BC': 0.0, 'n_ddot': 0.0, 'B_star': 0.0, 'ephemeris_type': 2, 'elset_num': 9999, 'inclination': 4.0686, 'RAAN': 61.8395, 'eccentricity': 8.91e-05, 'perigee': 198.7182, 'mean_anomaly': 67.322, 'mean_motion': 1.00274157, 'rev_num': 0, 'line1': '1 38552U 12035B   25280.86275922 +.00000000 +00000+0 +00000+0 2 99991', 'line2': '2 38552   4.0686  61.8395 0000891 198.7182  67.3220  1.00274157000002', 'epoch': datetime.datetime(2025, 10, 7, 20, 42, 22, 396608)}"
18646c41-3e8c-4e9b-ae1d-42c023fe865d,U//PR-EXO-ELSETS,7392,2025-10-07T18:31:32.213233Z,1.003261853757342,7392,False,0.0009413314735615741,2.019798565811076,259.7340335920367,272.9851416895715,177.7741531430683,0.0,0.0,0.0,42149.49050400899,1435.318201930054,42189.167146015,42109.81386200298,7392,1 07392U 74060A   25280.77190062 +.00000000 +00000+0 +00000+0 2 99996,2 07392   2.0198 259.7340 0009413 272.9851 177.7742  1.00326185000005,2025-10-07T19:03:29.887Z,system.exo,EXO,REAL,2,OPS1,"{'NORAD_ID': 7392, 'classification': 'U', 'COSPAR_ID': '74060A', 'BC': 0.0, 'n_ddot': 0.0, 'B_star': 0.0, 'ephemeris_type': 2, 'elset_num': 9999, 'inclination': 2.0198, 'RAAN': 259.734, 'eccentricity': 0.0009413, 'perigee': 272.9851, 'mean_anomaly': 177.7742, 'mean_motion': 1.00326185, 'rev_num': 0, 'line1': '1 07392U 74060A   25280.77190062 +.00000000 +00000+0 +00000+0 2 99996', 'line2': '2 07392   2.0198 259.7340 0009413 272.9851 177.7742  1.00326185000005', 'epoch': datetime.datetime(2025, 10, 7, 18, 31, 32, 213568)}"
49ece2c9-dc6b-4e0e-a731-1f640ac88006,U//PR-EXO-ELSETS,6691,2025-10-07T19:29:57.437109Z,0.9980916687862263,6691,False,0.0007846766148058193,1.459665057986081,243.8752150927052,25.05067672008791,95.54399126128193,0.0,0.0,0.0,42294.92334033911,1442.753251062777,42328.11117760928,42261.73550306894,6691,1 06691U 73040A   25280.81247034 +.00000000 +00000+0 +00000+0 2 99991,2 06691   1.4597 243.8752 0007846  25.0507  95.5440  0.99809166000000,2025-10-07T21:45:30.602Z,system.exo,EXO,REAL,2,OPS1,"{'NORAD_ID': 6691, 'classification': 'U', 'COSPAR_ID': '73040A', 'BC': 0.0, 'n_ddot': 0.0, 'B_star': 0.0, 'ephemeris_type': 2, 'elset_num': 9999, 'inclination': 1.4597, 'RAAN': 243.8752, 'eccentricity': 0.0007846, 'perigee': 25.0507, 'mean_anomaly': 95.544, 'mean_motion': 0.99809166, 'rev_num': 0, 'line1': '1 06691U 73040A   25280.81247034 +.00000000 +00000+0 +00000+0 2 99991', 'line2': '2 06691   1.4597 243.8752 0007846  25.0507  95.5440  0.99809166000000', 'epoch': datetime.datetime(2025, 10, 7, 19, 29, 57, 437376)}"
d0fef368-fe2a-4f3c-9d2b-856a7899d060,U//PR-EXO-ELSETS,33459,2025-10-07T20:05:43.452586Z,1.002669847321617,33459,False,0.0005754243090774741,2.295930768866711,82.15782918353395,139.1606800869522,84.3665308854511,0.0,0.0,0.0,42166.07975644274,1436.165656967348,42190.3431437531,42141.81636913239,33459,1 33459U 08065A   25280.83730848 +.00000000 +00000+0 +00000+0 2 99990,2 33459   2.2959  82.1578 0005754 139.1607  84.3665  1.00266984000000,2025-10-07T20:57:28.675Z,system.exo,EXO,REAL,2,OPS1,"{'NORAD_ID': 33459, 'classification': 'U', 'COSPAR_ID': '08065A', 'BC': 0.0, 'n_ddot': 0.0, 'B_star': 0.0, 'ephemeris_type': 2, 'elset_num': 9999, 'inclination': 2.2959, 'RAAN': 82.1578, 'eccentricity': 0.0005754, 'perigee': 139.1607, 'mean_anomaly': 84.3665, 'mean_motion': 1.00266984, 'rev_num': 0, 'line1': '1 33459U 08065A   25280.83730848 +.00000000 +00000+0 +00000+0 2 99990', 'line2': '2 33459   2.2959  82.1578 0005754 139.1607  84.3665  1.00266984000000', 'epoch': datetime.datetime(2025, 10, 7, 20, 5, 43, 452672)}"
e2e002c3-2fb1-404d-8fc9-642d9fd0fae8,U//PR-EXO-ELSETS,37481,2025-10-07T18:31:39.527295Z,1.00267815868747,37481,False,0.0002126491350510815,3.981298339807696,52.73926247111562,156.4320429901934,137.2297056440416,0.0,0.0,0.0,42165.84674169346,1436.153752351596,42174.81327253178,42156.88021085514,37481,1 37481U 11019A   25280.77198527 +.00000000 +00000+0 +00000+0 2 99997,2 37481   3.9813  52.7393 0002126 156.4320 137.2297  1.00267815000001,2025-10-07T19:03:29.903Z,system.exo,EXO,REAL,2,OPS1,"{'NORAD_ID': 37481, 'classification': 'U', 'COSPAR_ID': '11019A', 'BC': 0.0, 'n_ddot': 0.0, 'B_star': 0.0, 'ephemeris_type': 2, 'elset_num': 9999, 'inclination': 3.9813, 'RAAN': 52.7393, 'eccentricity': 0.0002126, 'perigee': 156.432, 'mean_anomaly': 137.2297, 'mean_motion': 1.00267815, 'rev_num': 0, 'line1': '1 37481U 11019A   25280.77198527 +.00000000 +00000+0 +00000+0 2 99997', 'line2': '2 37481   3.9813  52.7393 0002126 156.4320 137.2297  1.00267815000001', 'epoch': datetime.datetime(2025, 10, 7, 18, 31, 39, 527328)}"
da117934-2451-408c-9ba0-432fb5691263,U//PR-EXO-ELSETS,21807,2025-10-07T18:31:46.002094Z,1.012770932674805,21807,False,0.001993518866333489,13.64876167600492,344.5955588837837,339.2174979836907,15.22113156008376,0.0,0.0,0.0,41885.24340968433,1421.841754676797,41968.74243264251,41801.74438672615,21807,1 21807U 91080D   25280.77206021 +.00000000 +00000+0 +00000+0 2 99997,2 21807  13.6488 344.5956 0019935 339.2175  15.2211  1.01277093000005,2025-10-07T20:12:29.970Z,system.exo,EXO,REAL,2,OPS1,"{'NORAD_ID': 21807, 'classification': 'U', 'COSPAR_ID': '91080D', 'BC': 0.0, 'n_ddot': 0.0, 'B_star': 0.0, 'ephemeris_type': 2, 'elset_num': 9999, 'inclination': 13.6488, 'RAAN': 344.5956, 'eccentricity': 0.0019935, 'perigee': 339.2175, 'mean_anomaly': 15.2211, 'mean_motion': 1.01277093, 'rev_num': 0, 'line1': '1 21807U 91080D   25280.77206021 +.00000000 +00000+0 +00000+0 2 99997', 'line2': '2 21807  13.6488 344.5956 0019935 339.2175  15.2211  1.01277093000005', 'epoch': datetime.datetime(2025, 10, 7, 18, 31, 46, 2144)}"
aae4afa8-ee94-4dca-bf31-a47d72cf3337,U//PR-EXO-ELSETS,12471,2025-10-07T18:42:37.752331Z,1.013402415759265,12471,False,0.003203044003225555,6.114470776395922,289.4898757303098,194.059363846452,229.8845142594728,0.0,0.0,0.0,41867.84158917364,1420.955760127252,42001.94612810385,41733.73705024344,12471,1 12471U 80104E   25280.77960361 +.00000000 +00000+0 +00000+0 2 99993,2 12471   6.1145 289.4899 0032030 194.0594 229.8845  1.01340241000007,2025-10-07T19:42:28.124Z,system.exo,EXO,REAL,2,OPS1,"{'NORAD_ID': 12471, 'classification': 'U', 'COSPAR_ID': '80104E', 'BC': 0.0, 'n_ddot': 0.0, 'B_star': 0.0, 'ephemeris_type': 2, 'elset_num': 9999, 'inclination': 6.1145, 'RAAN': 289.4899, 'eccentricity': 0.003203, 'perigee': 194.0594, 'mean_anomaly': 229.8845, 'mean_motion': 1.01340241, 'rev_num': 0, 'line1': '1 12471U 80104E   25280.77960361 +.00000000 +00000+0 +00000+0 2 99993', 'line2': '2 12471   6.1145 289.4899 0032030 194.0594 229.8845  1.01340241000007', 'epoch': datetime.datetime(2025, 10, 7, 18, 42, 37, 751904)}"
09f2a0db-dbdc-4b43-81e7-0659a84c5718,U//PR-EXO-ELSETS,47242,2025-10-07T18:31:05.185095Z,0.9529424791506453,47242,False,0.00825811629682812,4.674611403434506,79.80332188660583,270.856981706482,143.3001743495251,0.0,0.0,0.0,43620.50989558096,1511.109045410031,43980.7331392256,43260.28665193631,47242,1 47242U 20097A   25280.77158779 +.00000000 +00000+0 +00000+0 2 99994,2 47242   4.6746  79.8033 0082581 270.8570 143.3002  0.95294247000006,2025-10-07T21:57:29.836Z,system.exo,EXO,REAL,2,OPS1,"{'NORAD_ID': 47242, 'classification': 'U', 'COSPAR_ID': '20097A', 'BC': 0.0, 'n_ddot': 0.0, 'B_star': 0.0, 'ephemeris_type': 2, 'elset_num': 9999, 'inclination': 4.6746, 'RAAN': 79.8033, 'eccentricity': 0.0082581, 'perigee': 270.857, 'mean_anomaly': 143.3002, 'mean_motion': 0.95294247, 'rev_num': 0, 'line1': '1 47242U 20097A   25280.77158779 +.00000000 +00000+0 +00000+0 2 99994', 'line2': '2 47242   4.6746  79.8033 0082581 270.8570 143.3002  0.95294247000006', 'epoch': datetime.datetime(2025, 10, 7, 18, 31, 5, 185056)}"
aaf85e40-95ce-410c-8d27-6680bf2a039f,U//PR-EXO-ELSETS,37233,2025-10-07T20:18:04.756149Z,1.040337514065116,37233,False,0.02131725561119967,8.783630105364354,86.01474351673042,57.52080630946563,173.0470424455127,0.0,0.0,0.0,41142.02745353203,1384.166177352583,42019.06256912196,40264.99233794209,37233,1 37233U 10063B   25280.84588838 +.00000000 +00000+0 +00000+0 2 99996,2 37233   8.7836  86.0147 0213172  57.5208 173.0470  1.04033751000007,2025-10-07T22:39:28.380Z,system.exo,EXO,REAL,2,OPS1,"{'NORAD_ID': 37233, 'classification': 'U', 'COSPAR_ID': '10063B', 'BC': 0.0, 'n_ddot': 0.0, 'B_star': 0.0, 'ephemeris_type': 2, 'elset_num': 9999, 'inclination': 8.7836, 'RAAN': 86.0147, 'eccentricity': 0.0213172, 'perigee': 57.5208, 'mean_anomaly': 173.047, 'mean_motion': 1.04033751, 'rev_num': 0, 'line1': '1 37233U 10063B   25280.84588838 +.00000000 +00000+0 +00000+0 2 99996', 'line2': '2 37233   8.7836  86.0147 0213172  57.5208 173.0470  1.04033751000007', 'epoch': datetime.datetime(2025, 10, 7, 20, 18, 4, 756032)}"
d1124c40-5104-42fc-af62-f677ca6adf30,U//PR-EXO-ELSETS,18575,2025-10-07T18:31:41.168485Z,1.002783796641832,18575,False,0.0007326071196785238,11.37425749745251,328.5269427492013,162.1041170527139,216.550835738542,0.0,0.0,0.0,42162.88539082288,1436.002461170929,42193.77422084638,42131.99656079937,18575,1 18575U 87096A   25280.77200426 +.00000000 +00000+0 +00000+0 2 99990,2 18575  11.3743 328.5269 0007326 162.1041 216.5508  1.00278379000009,2025-10-07T21:12:27.937Z,system.exo,EXO,REAL,2,OPS1,"{'NORAD_ID': 18575, 'classification': 'U', 'COSPAR_ID': '87096A', 'BC': 0.0, 'n_ddot': 0.0, 'B_star': 0.0, 'ephemeris_type': 2, 'elset_num': 9999, 'inclination': 11.3743, 'RAAN': 328.5269, 'eccentricity': 0.0007326, 'perigee': 162.1041, 'mean_anomaly': 216.5508, 'mean_motion': 1.00278379, 'rev_num': 0, 'line1': '1 18575U 87096A   25280.77200426 +.00000000 +00000+0 +00000+0 2 99990', 'line2': '2 18575  11.3743 328.5269 0007326 162.1041 216.5508  1.00278379000009', 'epoch': datetime.datetime(2025, 10, 7, 18, 31, 41, 168064)}"
24a744a1-55e7-40c0-9afb-54e9d7f7e8e9,U//PR-EXO-ELSETS,16199,2025-10-07T18:31:34.893081Z,1.002655829467167,16199,False,0.0007566029560530961,10.13762515732426,320.4274206914473,235.2379589924374,154.1889508528172,0.0,0.0,0.0,42166.47276374334,1436.18573560306,42198.37604168272,42134.56948580396,16199,1 16199U 85102A   25280.77193163 +.00000000 +00000+0 +00000+0 2 99995,2 16199  10.1376 320.4274 0007566 235.2380 154.1890  1.00265582000002,2025-10-07T21:09:39.067Z,system.exo,EXO,REAL,2,OPS1,"{'NORAD_ID': 16199, 'classification': 'U', 'COSPAR_ID': '85102A', 'BC': 0.0, 'n_ddot': 0.0, 'B_star': 0.0, 'ephemeris_type': 2, 'elset_num': 9999, 'inclination': 10.1376, 'RAAN': 320.4274, 'eccentricity': 0.0007566, 'perigee': 235.238, 'mean_anomaly': 154.189, 'mean_motion': 1.00265582, 'rev_num': 0, 'line1': '1 16199U 85102A   25280.77193163 +.00000000 +00000+0 +00000+0 2 99995', 'line2': '2 16199  10.1376 320.4274 0007566 235.2380 154.1890  1.00265582000002', 'epoch': datetime.datetime(2025, 10, 7, 18, 31, 34, 892832)}"
42499026-838d-4b09-903e-103ee6ccc051,U//PR-EXO-ELSETS,23568,2025-10-07T18:33:58.034047Z,1.005592412925608,23568,False,0.0005197421381142944,18.17034619689745,8.684149320429295,319.8200995460896,35.58457621126922,0.0,0.0,0.0,42084.34160068441,1431.991711045784,42106.21460636907,42062.46859499973,23568,1 23568U 95022B   25280.77358836 +.00000000 +00000+0 +00000+0 2 99995,2 23568  18.1703   8.6841 0005197 319.8201  35.5846  1.00559241000007,2025-10-07T19:54:28.829Z,system.exo,EXO,REAL,2,OPS1,"{'NORAD_ID': 23568, 'classification': 'U', 'COSPAR_ID': '95022B', 'BC': 0.0, 'n_ddot': 0.0, 'B_star': 0.0, 'ephemeris_type': 2, 'elset_num': 9999, 'inclination': 18.1703, 'RAAN': 8.6841, 'eccentricity': 0.0005197, 'perigee': 319.8201, 'mean_anomaly': 35.5846, 'mean_motion': 1.00559241, 'rev_num': 0, 'line1': '1 23568U 95022B   25280.77358836 +.00000000 +00000+0 +00000+0 2 99995', 'line2': '2 23568  18.1703   8.6841 0005197 319.8201  35.5846  1.00559241000007', 'epoch': datetime.datetime(2025, 10, 7, 18, 33, 58, 34304)}"
75d78af3-4252-44c4-a69b-a02790104562,U//PR-EXO-ELSETS,54225,2025-10-07T03:20:34.347238Z,1.002669421535002,54225,False,0.0002094244096634665,0.05129301484655975,234.3217141252221,307.7657126114629,257.1154310481652,0.0,0.0,0.0,42166.09169374444,1436.166266839455,42174.92230260522,42157.26108488366,54225,1 54225U 22146A   25280.13928643 +.00000000 +00000+0 +00000+0 2 99995,2 54225   0.0513 234.3217 0002094 307.7657 257.1154  1.00266942000006,2025-10-07T03:54:28.987Z,system.exo,EXO,REAL,2,OPS1,"{'NORAD_ID': 54225, 'classification': 'U', 'COSPAR_ID': '22146A', 'BC': 0.0, 'n_ddot': 0.0, 'B_star': 0.0, 'ephemeris_type': 2, 'elset_num': 9999, 'inclination': 0.0513, 'RAAN': 234.3217, 'eccentricity': 0.0002094, 'perigee': 307.7657, 'mean_anomaly': 257.1154, 'mean_motion': 1.00266942, 'rev_num': 0, 'line1': '1 54225U 22146A   25280.13928643 +.00000000 +00000+0 +00000+0 2 99995', 'line2': '2 54225   0.0513 234.3217 0002094 307.7657 257.1154  1.00266942000006', 'epoch': datetime.datetime(2025, 10, 7, 3, 20, 34, 347552)}"
db92009c-e5dd-482b-ae1a-eb80abdf34e7,U//PR-EXO-ELSETS,54048,2025-10-07T01:54:38.203811Z,1.002678512035315,54048,False,0.0001895480552908185,0.05965560893347312,280.5381052656746,74.55553885164291,62.56527591577171,0.0,0.0,0.0,42165.83683541958,1436.153246245375,42173.82928779144,42157.84438304771,54048,1 54048U 22134A   25280.07960884 +.00000000 +00000+0 +00000+0 2 99991,2 54048   0.0597 280.5381 0001895  74.5555  62.5653  1.00267851000002,2025-10-07T02:39:29.686Z,system.exo,EXO,REAL,2,OPS1,"{'NORAD_ID': 54048, 'classification': 'U', 'COSPAR_ID': '22134A', 'BC': 0.0, 'n_ddot': 0.0, 'B_star': 0.0, 'ephemeris_type': 2, 'elset_num': 9999, 'inclination': 0.0597, 'RAAN': 280.5381, 'eccentricity': 0.0001895, 'perigee': 74.5555, 'mean_anomaly': 62.5653, 'mean_motion': 1.00267851, 'rev_num': 0, 'line1': '1 54048U 22134A   25280.07960884 +.00000000 +00000+0 +00000+0 2 99991', 'line2': '2 54048   0.0597 280.5381 0001895  74.5555  62.5653  1.00267851000002', 'epoch': datetime.datetime(2025, 10, 7, 1, 54, 38, 203776)}"
a1482394-7799-4b32-b9df-f534d1ac2b6c,U//PR-EXO-ELSETS,11147,2025-10-07T20:18:09.257754Z,0.9375314162214662,11147,False,0.02535886001521222,11.32656710541144,307.4911960810458,62.23426195769021,324.3438610772158,0.0,0.0,0.0,44097.22995633195,1535.948529387563,45215.4854378532,42978.9744748107,11147,1 11147U 78113D   25280.84594048 +.00000000 +00000+0 +00000+0 2 99992,2 11147  11.3266 307.4912 0253588  62.2343 324.3439  0.93753141000003,2025-10-07T23:09:29.636Z,system.exo,EXO,REAL,2,OPS1,"{'NORAD_ID': 11147, 'classification': 'U', 'COSPAR_ID': '78113D', 'BC': 0.0, 'n_ddot': 0.0, 'B_star': 0.0, 'ephemeris_type': 2, 'elset_num': 9999, 'inclination': 11.3266, 'RAAN': 307.4912, 'eccentricity': 0.0253588, 'perigee': 62.2343, 'mean_anomaly': 324.3439, 'mean_motion': 0.93753141, 'rev_num': 0, 'line1': '1 11147U 78113D   25280.84594048 +.00000000 +00000+0 +00000+0 2 99992', 'line2': '2 11147  11.3266 307.4912 0253588  62.2343 324.3439  0.93753141000003', 'epoch': datetime.datetime(2025, 10, 7, 20, 18, 9, 257472)}"
38c5c20c-6b27-421e-a6d2-c071a81aa242,U//PR-EXO-ELSETS,44978,2025-10-07T20:35:36.996187Z,1.002671816971208,44978,False,0.000486539381784486,0.171931945156746,90.87297607980541,82.62472352350703,259.6985512003524,0.0,0.0,0.0,42166.0245356965,1436.162835761992,42186.53996720641,42145.50910418659,44978,1 44978U 20002A   25280.85806709 +.00000000 +00000+0 +00000+0 2 99995,2 44978   0.1719  90.8730 0004865  82.6247 259.6986  1.00267181000002,2025-10-07T21:03:29.133Z,system.exo,EXO,REAL,2,OPS1,"{'NORAD_ID': 44978, 'classification': 'U', 'COSPAR_ID': '20002A', 'BC': 0.0, 'n_ddot': 0.0, 'B_star': 0.0, 'ephemeris_type': 2, 'elset_num': 9999, 'inclination': 0.1719, 'RAAN': 90.873, 'eccentricity': 0.0004865, 'perigee': 82.6247, 'mean_anomaly': 259.6986, 'mean_motion': 1.00267181, 'rev_num': 0, 'line1': '1 44978U 20002A   25280.85806709 +.00000000 +00000+0 +00000+0 2 99995', 'line2': '2 44978   0.1719  90.8730 0004865  82.6247 259.6986  1.00267181000002', 'epoch': datetime.datetime(2025, 10, 7, 20, 35, 36, 996576)}"
670a3f9d-c53f-4f80-a4af-3656793f84f1,U//PR-EXO-ELSETS,42763,2025-10-07T19:34:23.074292Z,0.9978495542425693,42763,False,0.0001272576466544307,4.330813312234708,78.3463901529782,190.1554901288623,55.08954903309937,0.0,0.0,0.0,42301.76458673517,1443.103315402141,42307.14780974581,42296.38136372453,42763,1 42763U 17035A   25280.81554484 +.00000000 +00000+0 +00000+0 2 99993,2 42763   4.3308  78.3464 0001272 190.1555  55.0895  0.99784955000000,2025-10-07T20:15:28.356Z,system.exo,EXO,REAL,2,OPS1,"{'NORAD_ID': 42763, 'classification': 'U', 'COSPAR_ID': '17035A', 'BC': 0.0, 'n_ddot': 0.0, 'B_star': 0.0, 'ephemeris_type': 2, 'elset_num': 9999, 'inclination': 4.3308, 'RAAN': 78.3464, 'eccentricity': 0.0001272, 'perigee': 190.1555, 'mean_anomaly': 55.0895, 'mean_motion': 0.99784955, 'rev_num': 0, 'line1': '1 42763U 17035A   25280.81554484 +.00000000 +00000+0 +00000+0 2 99993', 'line2': '2 42763   4.3308  78.3464 0001272 190.1555  55.0895  0.99784955000000', 'epoch': datetime.datetime(2025, 10, 7, 19, 34, 23, 74176)}"
22bda002-6ea2-4a43-bd63-a3e29d828674,U//PR-EXO-ELSETS,23175,2025-10-07T18:35:05.314793Z,0.9919213397283559,23175,False,0.0003385325888012349,11.78642399090298,36.58612131207909,138.4482973396833,300.5473986971523,0.0,0.0,0.0,42470.14138192969,1451.728017459886,42484.51890883846,42455.76385502091,23175,1 23175U 94040A   25280.77436707 +.00000000 +00000+0 +00000+0 2 99992,2 23175  11.7864  36.5861 0003385 138.4483 300.5474  0.99192133000006,2025-10-07T19:03:29.893Z,system.exo,EXO,REAL,2,OPS1,"{'NORAD_ID': 23175, 'classification': 'U', 'COSPAR_ID': '94040A', 'BC': 0.0, 'n_ddot': 0.0, 'B_star': 0.0, 'ephemeris_type': 2, 'elset_num': 9999, 'inclination': 11.7864, 'RAAN': 36.5861, 'eccentricity': 0.0003385, 'perigee': 138.4483, 'mean_anomaly': 300.5474, 'mean_motion': 0.99192133, 'rev_num': 0, 'line1': '1 23175U 94040A   25280.77436707 +.00000000 +00000+0 +00000+0 2 99992', 'line2': '2 23175  11.7864  36.5861 0003385 138.4483 300.5474  0.99192133000006', 'epoch': datetime.datetime(2025, 10, 7, 18, 35, 5, 314848)}"
b0083812-cb4c-4213-bd37-a944f74262ac,U//PR-EXO-ELSETS,11648,2025-10-07T20:56:20.824766Z,1.002530160565263,11648,False,0.001293188288761749,6.550990528206875,290.2311435637302,263.8710002049516,245.4798576580767,0.0,0.0,0.0,42169.99645066882,1436.365763986667,42224.53019621594,42115.46270512169,11648,1 11648U 79105A   25280.87246325 +.00000000 +00000+0 +00000+0 2 99995,2 11648   6.5510 290.2311 0012931 263.8710 245.4799  1.00253016000008,2025-10-07T23:15:28.111Z,system.exo,EXO,REAL,2,OPS1,"{'NORAD_ID': 11648, 'classification': 'U', 'COSPAR_ID': '79105A', 'BC': 0.0, 'n_ddot': 0.0, 'B_star': 0.0, 'ephemeris_type': 2, 'elset_num': 9999, 'inclination': 6.551, 'RAAN': 290.2311, 'eccentricity': 0.0012931, 'perigee': 263.871, 'mean_anomaly': 245.4799, 'mean_motion': 1.00253016, 'rev_num': 0, 'line1': '1 11648U 79105A   25280.87246325 +.00000000 +00000+0 +00000+0 2 99995', 'line2': '2 11648   6.5510 290.2311 0012931 263.8710 245.4799  1.00253016000008', 'epoch': datetime.datetime(2025, 10, 7, 20, 56, 20, 824800)}"
1335b33d-938d-4b1f-bd85-684d55a2ad98,U//PR-EXO-ELSETS,25894,2025-10-07T20:16:53.786830Z,0.9997060117989186,25894,False,0.0005239147691677851,5.835453838849605,73.79413369865402,144.5338506995792,110.2603741869672,0.0,0.0,0.0,42249.37868181763,1440.423467504007,42271.5137552972,42227.24360833806,25894,1 25894U 99046A   25280.84506698 +.00000000 +00000+0 +00000+0 2 99998,2 25894   5.8355  73.7941 0005239 144.5339 110.2604  0.99970601000000,2025-10-07T23:27:29.293Z,system.exo,EXO,REAL,2,OPS1,"{'NORAD_ID': 25894, 'classification': 'U', 'COSPAR_ID': '99046A', 'BC': 0.0, 'n_ddot': 0.0, 'B_star': 0.0, 'ephemeris_type': 2, 'elset_num': 9999, 'inclination': 5.8355, 'RAAN': 73.7941, 'eccentricity': 0.0005239, 'perigee': 144.5339, 'mean_anomaly': 110.2604, 'mean_motion': 0.99970601, 'rev_num': 0, 'line1': '1 25894U 99046A   25280.84506698 +.00000000 +00000+0 +00000+0 2 99998', 'line2': '2 25894   5.8355  73.7941 0005239 144.5339 110.2604  0.99970601000000', 'epoch': datetime.datetime(2025, 10, 7, 20, 16, 53, 787072)}"
4892e982-439b-468e-a6e1-ce0ddad793ee,U//PR-EXO-ELSETS,23199,2025-10-07T18:37:03.232962Z,0.9924301946332748,23199,False,0.000864320638544125,12.34609712139602,28.52549517055418,183.5031791686292,192.172447868296,0.0,0.0,0.0,42455.62282126584,1450.983663926219,42492.3180922925,42418.92755023918,23199,1 23199U 94049A   25280.77573186 +.00000000 +00000+0 +00000+0 2 99990,2 23199  12.3461  28.5255 0008643 183.5032 192.1724  0.99243019000006,2025-10-07T20:48:29.222Z,system.exo,EXO,REAL,2,OPS1,"{'NORAD_ID': 23199, 'classification': 'U', 'COSPAR_ID': '94049A', 'BC': 0.0, 'n_ddot': 0.0, 'B_star': 0.0, 'ephemeris_type': 2, 'elset_num': 9999, 'inclination': 12.3461, 'RAAN': 28.5255, 'eccentricity': 0.0008643, 'perigee': 183.5032, 'mean_anomaly': 192.1724, 'mean_motion': 0.99243019, 'rev_num': 0, 'line1': '1 23199U 94049A   25280.77573186 +.00000000 +00000+0 +00000+0 2 99990', 'line2': '2 23199  12.3461  28.5255 0008643 183.5032 192.1724  0.99243019000006', 'epoch': datetime.datetime(2025, 10, 7, 18, 37, 3, 232704)}"
75ee341b-ec27-4326-84a2-3c00199800ef,U//PR-EXO-ELSETS,5709,2025-10-07T20:16:13.768057Z,0.9962262546870901,5709,False,0.0008791257373489995,7.010902428808401,293.1227252584056,120.2687381617522,268.3437828591304,0.0,0.0,0.0,42347.70448589886,1445.454778194234,42384.93344283006,42310.47552896765,5709,1 05709U 71116A   25280.84460380 +.00000000 +00000+0 +00000+0 2 99996,2 05709   7.0109 293.1227 0008791 120.2687 268.3438  0.99622625000002,2025-10-07T21:33:28.635Z,system.exo,EXO,REAL,2,OPS1,"{'NORAD_ID': 5709, 'classification': 'U', 'COSPAR_ID': '71116A', 'BC': 0.0, 'n_ddot': 0.0, 'B_star': 0.0, 'ephemeris_type': 2, 'elset_num': 9999, 'inclination': 7.0109, 'RAAN': 293.1227, 'eccentricity': 0.0008791, 'perigee': 120.2687, 'mean_anomaly': 268.3438, 'mean_motion': 0.99622625, 'rev_num': 0, 'line1': '1 05709U 71116A   25280.84460380 +.00000000 +00000+0 +00000+0 2 99996', 'line2': '2 05709   7.0109 293.1227 0008791 120.2687 268.3438  0.99622625000002', 'epoch': datetime.datetime(2025, 10, 7, 20, 16, 13, 768320)}"
417d6f07-1d7d-4efd-97f1-c03f57516f64,U//PR-EXO-ELSETS,33059,2025-10-07T18:38:37.028953Z,0.9552969815059168,33059,False,0.05459781409061049,13.27022437660411,34.34400865423294,50.40188520453044,324.0233645013931,0.0,0.0,0.0,43548.8066587391,1507.384643600574,45926.47630856088,41171.13700891732,33059,1 33059U 08022B   25280.77681746 +.00000000 +00000+0 +00000+0 2 99994,2 33059  13.2702  34.3440 0545978  50.4019 324.0234  0.95529698000003,2025-10-07T20:33:29.139Z,system.exo,EXO,REAL,2,OPS1,"{'NORAD_ID': 33059, 'classification': 'U', 'COSPAR_ID': '08022B', 'BC': 0.0, 'n_ddot': 0.0, 'B_star': 0.0, 'ephemeris_type': 2, 'elset_num': 9999, 'inclination': 13.2702, 'RAAN': 34.344, 'eccentricity': 0.0545978, 'perigee': 50.4019, 'mean_anomaly': 324.0234, 'mean_motion': 0.95529698, 'rev_num': 0, 'line1': '1 33059U 08022B   25280.77681746 +.00000000 +00000+0 +00000+0 2 99994', 'line2': '2 33059  13.2702  34.3440 0545978  50.4019 324.0234  0.95529698000003', 'epoch': datetime.datetime(2025, 10, 7, 18, 38, 37, 28544)}"
c213dbeb-3bba-423f-9669-2da3fde425c7,U//PR-EXO-ELSETS,33153,2025-10-07T20:57:53.253192Z,1.002662732468766,33153,False,0.0004594459835094544,2.051715567531038,83.42002738812074,141.914960964269,74.42058108333553,0.0,0.0,0.0,42166.27922870014,1436.175847938836,42185.65235633131,42146.90610106898,33153,1 33153U 08034A   25280.87353302 +.00000000 +00000+0 +00000+0 2 99997,2 33153   2.0517  83.4200 0004594 141.9150  74.4206  1.00266273000002,2025-10-07T21:30:29.156Z,system.exo,EXO,REAL,2,OPS1,"{'NORAD_ID': 33153, 'classification': 'U', 'COSPAR_ID': '08034A', 'BC': 0.0, 'n_ddot': 0.0, 'B_star': 0.0, 'ephemeris_type': 2, 'elset_num': 9999, 'inclination': 2.0517, 'RAAN': 83.42, 'eccentricity': 0.0004594, 'perigee': 141.915, 'mean_anomaly': 74.4206, 'mean_motion': 1.00266273, 'rev_num': 0, 'line1': '1 33153U 08034A   25280.87353302 +.00000000 +00000+0 +00000+0 2 99997', 'line2': '2 33153   2.0517  83.4200 0004594 141.9150  74.4206  1.00266273000002', 'epoch': datetime.datetime(2025, 10, 7, 20, 57, 53, 252928)}"
5d3a3d3b-32f5-4f52-81b6-fc01eadc5606,U//PR-EXO-ELSETS,44458,2025-10-07T19:18:54.300090Z,0.9027995994550952,44458,False,0.07293487200473661,6.165912318825053,75.55280869629159,123.3228466028851,87.83891235923383,0.0,0.0,0.0,45221.08281848078,1595.038368281448,48519.27670576228,41922.8889311993,44458,1 44458U 19048B   25280.80479514 +.00000000 +00000+0 +00000+0 2 99991,2 44458   6.1659  75.5528 0729348 123.3228  87.8389  0.90279959000003,2025-10-07T20:09:28.814Z,system.exo,EXO,REAL,2,OPS1,"{'NORAD_ID': 44458, 'classification': 'U', 'COSPAR_ID': '19048B', 'BC': 0.0, 'n_ddot': 0.0, 'B_star': 0.0, 'ephemeris_type': 2, 'elset_num': 9999, 'inclination': 6.1659, 'RAAN': 75.5528, 'eccentricity': 0.0729348, 'perigee': 123.3228, 'mean_anomaly': 87.8389, 'mean_motion': 0.90279959, 'rev_num': 0, 'line1': '1 44458U 19048B   25280.80479514 +.00000000 +00000+0 +00000+0 2 99991', 'line2': '2 44458   6.1659  75.5528 0729348 123.3228  87.8389  0.90279959000003', 'epoch': datetime.datetime(2025, 10, 7, 19, 18, 54, 300096)}"
aba50807-5d5f-46aa-8744-b17a93acbb85,U//PR-EXO-ELSETS,37392,2025-10-07T09:21:07.017187Z,1.002670048373784,37392,False,0.0004204533376780586,1.14662736510637,85.86960872570795,119.8264582010334,279.1947888625258,0.0,0.0,0.0,42166.0741197716,1436.165368992038,42183.80298637204,42148.34525317116,37392,1 37392U 11016A   25280.38966455 +.00000000 +00000+0 +00000+0 2 99995,2 37392   1.1466  85.8696 0004204 119.8265 279.1948  1.00267004000008,2025-10-07T09:54:29.915Z,system.exo,EXO,REAL,2,OPS1,"{'NORAD_ID': 37392, 'classification': 'U', 'COSPAR_ID': '11016A', 'BC': 0.0, 'n_ddot': 0.0, 'B_star': 0.0, 'ephemeris_type': 2, 'elset_num': 9999, 'inclination': 1.1466, 'RAAN': 85.8696, 'eccentricity': 0.0004204, 'perigee': 119.8265, 'mean_anomaly': 279.1948, 'mean_motion': 1.00267004, 'rev_num': 0, 'line1': '1 37392U 11016A   25280.38966455 +.00000000 +00000+0 +00000+0 2 99995', 'line2': '2 37392   1.1466  85.8696 0004204 119.8265 279.1948  1.00267004000008', 'epoch': datetime.datetime(2025, 10, 7, 9, 21, 7, 17120)}"
b79a6783-b908-49b6-956a-01448e346869,U//PR-EXO-ELSETS,11941,2025-10-07T18:36:34.689001Z,0.9756779374856956,11941,False,0.001439480153778108,7.08019673254441,289.7739590437292,176.1186731574574,198.58736579802,0.0,0.0,0.0,42940.21415428825,1475.896855586234,43002.02574036233,42878.40256821417,11941,1 11941U 78073F   25280.77540149 +.00000000 +00000+0 +00000+0 2 99994,2 11941   7.0802 289.7740 0014394 176.1187 198.5874  0.97567793000009,2025-10-07T19:39:28.723Z,system.exo,EXO,REAL,2,OPS1,"{'NORAD_ID': 11941, 'classification': 'U', 'COSPAR_ID': '78073F', 'BC': 0.0, 'n_ddot': 0.0, 'B_star': 0.0, 'ephemeris_type': 2, 'elset_num': 9999, 'inclination': 7.0802, 'RAAN': 289.774, 'eccentricity': 0.0014394, 'perigee': 176.1187, 'mean_anomaly': 198.5874, 'mean_motion': 0.97567793, 'rev_num': 0, 'line1': '1 11941U 78073F   25280.77540149 +.00000000 +00000+0 +00000+0 2 99994', 'line2': '2 11941   7.0802 289.7740 0014394 176.1187 198.5874  0.97567793000009', 'epoch': datetime.datetime(2025, 10, 7, 18, 36, 34, 688736)}"
808c38a2-46ae-47ba-a7b4-a459621f8a90,U//PR-EXO-ELSETS,39504,2025-10-07T20:44:02.021169Z,1.002662381635872,39504,False,0.0007471820704059847,3.753941963766423,14.30862488561562,221.6302565281651,50.98253011384872,0.0,0.0,0.0,42166.28906472414,1436.176350458665,42197.79495988885,42134.78316955941,39504,1 39504U 14004A   25280.86391228 +.00000000 +00000+0 +00000+0 2 99995,2 39504   3.7539  14.3086 0007471 221.6303  50.9825  1.00266238000005,2025-10-07T21:21:29.539Z,system.exo,EXO,REAL,2,OPS1,"{'NORAD_ID': 39504, 'classification': 'U', 'COSPAR_ID': '14004A', 'BC': 0.0, 'n_ddot': 0.0, 'B_star': 0.0, 'ephemeris_type': 2, 'elset_num': 9999, 'inclination': 3.7539, 'RAAN': 14.3086, 'eccentricity': 0.0007471, 'perigee': 221.6303, 'mean_anomaly': 50.9825, 'mean_motion': 1.00266238, 'rev_num': 0, 'line1': '1 39504U 14004A   25280.86391228 +.00000000 +00000+0 +00000+0 2 99995', 'line2': '2 39504   3.7539  14.3086 0007471 221.6303  50.9825  1.00266238000005', 'epoch': datetime.datetime(2025, 10, 7, 20, 44, 2, 20992)}"
578a95e8-857e-4946-9eeb-0f78222d59a9,U//PR-EXO-ELSETS,10942,2025-10-07T18:36:30.891476Z,0.9962546805423117,10942,False,0.142772477320347,9.970277394157632,21.02890123324993,125.4635245186828,275.0584466261726,0.0,0.0,0.0,42346.89895195609,1445.413535438684,48392.87062216127,36300.92728175092,10942,1 10942U 78058B   25280.77535754 +.00000000 +00000+0 +00000+0 2 99993,2 10942   9.9703  21.0289 1427724 125.4635 275.0584  0.99625468000001,2025-10-07T21:03:29.096Z,system.exo,EXO,REAL,2,OPS1,"{'NORAD_ID': 10942, 'classification': 'U', 'COSPAR_ID': '78058B', 'BC': 0.0, 'n_ddot': 0.0, 'B_star': 0.0, 'ephemeris_type': 2, 'elset_num': 9999, 'inclination': 9.9703, 'RAAN': 21.0289, 'eccentricity': 0.1427724, 'perigee': 125.4635, 'mean_anomaly': 275.0584, 'mean_motion': 0.99625468, 'rev_num': 0, 'line1': '1 10942U 78058B   25280.77535754 +.00000000 +00000+0 +00000+0 2 99993', 'line2': '2 10942   9.9703  21.0289 1427724 125.4635 275.0584  0.99625468000001', 'epoch': datetime.datetime(2025, 10, 7, 18, 36, 30, 891456)}"
dd3019ba-7d2e-4323-8ae8-f86a743b9232,U//PR-EXO-ELSETS,25312,2025-10-07T20:58:00.184878Z,0.9911651317937744,25312,False,0.0005863714066567609,10.96810291705838,46.84536300922995,205.1503257673517,30.25670895648479,0.0,0.0,0.0,42491.74032268349,1452.83561114982,42516.65626422779,42466.82438113918,25312,1 25312U 98024B   25280.87361325 +.00000000 +00000+0 +00000+0 2 99997,2 25312  10.9681  46.8454 0005863 205.1503  30.2567  0.99116513000007,2025-10-07T21:30:29.148Z,system.exo,EXO,REAL,2,OPS1,"{'NORAD_ID': 25312, 'classification': 'U', 'COSPAR_ID': '98024B', 'BC': 0.0, 'n_ddot': 0.0, 'B_star': 0.0, 'ephemeris_type': 2, 'elset_num': 9999, 'inclination': 10.9681, 'RAAN': 46.8454, 'eccentricity': 0.0005863, 'perigee': 205.1503, 'mean_anomaly': 30.2567, 'mean_motion': 0.99116513, 'rev_num': 0, 'line1': '1 25312U 98024B   25280.87361325 +.00000000 +00000+0 +00000+0 2 99997', 'line2': '2 25312  10.9681  46.8454 0005863 205.1503  30.2567  0.99116513000007', 'epoch': datetime.datetime(2025, 10, 7, 20, 58, 0, 184800)}"
8d3793d8-328d-40f1-ad2a-22c728f34ad8,U//PR-EXO-ELSETS,21824,2025-10-07T18:36:22.070924Z,0.9801452611069379,21824,False,0.001306212395656266,14.52426785677128,346.0073922804738,80.72680155659847,276.5653793870684,0.0,0.0,0.0,42809.63905420221,1469.169986470903,42865.55753538837,42753.72057301603,21824,1 21824U 91087D   25280.77525545 +.00000000 +00000+0 +00000+0 2 99998,2 21824  14.5243 346.0074 0013062  80.7268 276.5654  0.98014526000005,2025-10-07T21:12:27.944Z,system.exo,EXO,REAL,2,OPS1,"{'NORAD_ID': 21824, 'classification': 'U', 'COSPAR_ID': '91087D', 'BC': 0.0, 'n_ddot': 0.0, 'B_star': 0.0, 'ephemeris_type': 2, 'elset_num': 9999, 'inclination': 14.5243, 'RAAN': 346.0074, 'eccentricity': 0.0013062, 'perigee': 80.7268, 'mean_anomaly': 276.5654, 'mean_motion': 0.98014526, 'rev_num': 0, 'line1': '1 21824U 91087D   25280.77525545 +.00000000 +00000+0 +00000+0 2 99998', 'line2': '2 21824  14.5243 346.0074 0013062  80.7268 276.5654  0.98014526000005', 'epoch': datetime.datetime(2025, 10, 7, 18, 36, 22, 70880)}"
e2cb795d-1f73-4349-9d01-ec65b86907f0,U//PR-EXO-ELSETS,25404,2025-10-07T09:24:14.888548Z,0.991946177124665,25404,False,0.0008533743321809836,10.43768945901369,47.46861717790591,203.3636807819219,218.6493880726885,0.0,0.0,0.0,42469.43243745988,1451.691667560129,42505.6747610043,42433.19011391546,25404,1 25404U 98044A   25280.39183899 +.00000000 +00000+0 +00000+0 2 99996,2 25404  10.4377  47.4686 0008533 203.3637 218.6494  0.99194617000007,2025-10-07T10:15:29.006Z,system.exo,EXO,REAL,2,OPS1,"{'NORAD_ID': 25404, 'classification': 'U', 'COSPAR_ID': '98044A', 'BC': 0.0, 'n_ddot': 0.0, 'B_star': 0.0, 'ephemeris_type': 2, 'elset_num': 9999, 'inclination': 10.4377, 'RAAN': 47.4686, 'eccentricity': 0.0008533, 'perigee': 203.3637, 'mean_anomaly': 218.6494, 'mean_motion': 0.99194617, 'rev_num': 0, 'line1': '1 25404U 98044A   25280.39183899 +.00000000 +00000+0 +00000+0 2 99996', 'line2': '2 25404  10.4377  47.4686 0008533 203.3637 218.6494  0.99194617000007', 'epoch': datetime.datetime(2025, 10, 7, 9, 24, 14, 888736)}"
d00c9cef-2aec-4db1-94ca-017254125ede,U//PR-EXO-ELSETS,13782,2025-10-07T18:36:59.949938Z,0.99400595890596,13782,False,0.001187880053411382,10.70322151037335,322.0657303759866,307.018826053794,70.1076910195307,0.0,0.0,0.0,42410.74197575595,1448.683468240892,42461.12085019933,42360.36310131258,13782,1 13782U 83006A   25280.77569387 +.00000000 +00000+0 +00000+0 2 99996,2 13782  10.7032 322.0657 0011878 307.0188  70.1077  0.99400595000006,2025-10-07T19:54:28.822Z,system.exo,EXO,REAL,2,OPS1,"{'NORAD_ID': 13782, 'classification': 'U', 'COSPAR_ID': '83006A', 'BC': 0.0, 'n_ddot': 0.0, 'B_star': 0.0, 'ephemeris_type': 2, 'elset_num': 9999, 'inclination': 10.7032, 'RAAN': 322.0657, 'eccentricity': 0.0011878, 'perigee': 307.0188, 'mean_anomaly': 70.1077, 'mean_motion': 0.99400595, 'rev_num': 0, 'line1': '1 13782U 83006A   25280.77569387 +.00000000 +00000+0 +00000+0 2 99996', 'line2': '2 13782  10.7032 322.0657 0011878 307.0188  70.1077  0.99400595000006', 'epoch': datetime.datetime(2025, 10, 7, 18, 36, 59, 950368)}"
0b563ac1-b92d-4674-a689-aeed6ae8d824,U//PR-EXO-ELSETS,41308,2025-10-07T20:10:36.747636Z,1.006219713893646,41308,False,0.0003979226896898501,5.862249522171249,73.35094319121112,101.3920428977956,186.7116936258822,0.0,0.0,0.0,42066.84887244797,1431.098973829291,42083.58822609807,42050.10951879786,41308,1 41308U 16004A   25280.84070310 +.00000000 +00000+0 +00000+0 2 99996,2 41308   5.8622  73.3509 0003979 101.3920 186.7117  1.00621971000000,2025-10-07T23:24:28.936Z,system.exo,EXO,REAL,2,OPS1,"{'NORAD_ID': 41308, 'classification': 'U', 'COSPAR_ID': '16004A', 'BC': 0.0, 'n_ddot': 0.0, 'B_star': 0.0, 'ephemeris_type': 2, 'elset_num': 9999, 'inclination': 5.8622, 'RAAN': 73.3509, 'eccentricity': 0.0003979, 'perigee': 101.392, 'mean_anomaly': 186.7117, 'mean_motion': 1.00621971, 'rev_num': 0, 'line1': '1 41308U 16004A   25280.84070310 +.00000000 +00000+0 +00000+0 2 99996', 'line2': '2 41308   5.8622  73.3509 0003979 101.3920 186.7117  1.00621971000000', 'epoch': datetime.datetime(2025, 10, 7, 20, 10, 36, 747840)}"
d17dbf07-33df-4a3d-b333-a6dbad49e215,U//PR-EXO-ELSETS,11273,2025-10-07T18:50:22.580065Z,1.002648614781367,11273,False,0.004134986744408858,5.760099968478606,284.4194531015783,358.9952884455679,65.56304247823675,0.0,0.0,0.0,42166.67503965068,1436.196069860426,42341.03368199544,41992.31639730593,11273,1 11273U 79015A   25280.78498357 +.00000000 +00000+0 +00000+0 2 99993,2 11273   5.7601 284.4195 0041349 358.9953  65.5630  1.00264861000004,2025-10-07T22:24:28.097Z,system.exo,EXO,REAL,2,OPS1,"{'NORAD_ID': 11273, 'classification': 'U', 'COSPAR_ID': '79015A', 'BC': 0.0, 'n_ddot': 0.0, 'B_star': 0.0, 'ephemeris_type': 2, 'elset_num': 9999, 'inclination': 5.7601, 'RAAN': 284.4195, 'eccentricity': 0.0041349, 'perigee': 358.9953, 'mean_anomaly': 65.563, 'mean_motion': 1.00264861, 'rev_num': 0, 'line1': '1 11273U 79015A   25280.78498357 +.00000000 +00000+0 +00000+0 2 99993', 'line2': '2 11273   5.7601 284.4195 0041349 358.9953  65.5630  1.00264861000004', 'epoch': datetime.datetime(2025, 10, 7, 18, 50, 22, 580448)}"
068646d6-20cc-4eda-9f27-0a0b6efb7bd6,U//PR-EXO-ELSETS,38087,2025-10-07T05:12:58.853966Z,1.00266381135254,38087,False,0.0002586749379551925,0.02085421406473249,4.54204559865028,196.0889706489311,231.7479134400063,0.0,0.0,0.0,42166.24898092608,1436.174302588539,42177.15633276502,42155.34162908714,38087,1 38087U 12007A   25280.21734785 +.00000000 +00000+0 +00000+0 2 99999,2 38087   0.0209   4.5420 0002586 196.0890 231.7479  1.00266381000008,2025-10-07T06:21:29.751Z,system.exo,EXO,REAL,2,OPS1,"{'NORAD_ID': 38087, 'classification': 'U', 'COSPAR_ID': '12007A', 'BC': 0.0, 'n_ddot': 0.0, 'B_star': 0.0, 'ephemeris_type': 2, 'elset_num': 9999, 'inclination': 0.0209, 'RAAN': 4.542, 'eccentricity': 0.0002586, 'perigee': 196.089, 'mean_anomaly': 231.7479, 'mean_motion': 1.00266381, 'rev_num': 0, 'line1': '1 38087U 12007A   25280.21734785 +.00000000 +00000+0 +00000+0 2 99999', 'line2': '2 38087   0.0209   4.5420 0002586 196.0890 231.7479  1.00266381000008', 'epoch': datetime.datetime(2025, 10, 7, 5, 12, 58, 854240)}"
3d3905fe-11d2-4b52-94cc-60bc3e2e4bc5,U//PR-EXO-ELSETS,38691,2025-10-07T18:38:29.042032Z,1.007155099809113,38691,False,0.01945514108200859,1.912996061820932,41.35606760700168,262.8959773060445,45.82548761468438,0.0,0.0,0.0,42040.79870979218,1429.769853990636,42858.7083798915,41222.88903969285,38691,1 38691U 68081R   25280.77672502 +.00000000 +00000+0 +00000+0 2 99992,2 38691   1.9130  41.3561 0194551 262.8960  45.8255  1.00715509000008,2025-10-07T20:45:28.038Z,system.exo,EXO,REAL,2,OPS1,"{'NORAD_ID': 38691, 'classification': 'U', 'COSPAR_ID': '68081R', 'BC': 0.0, 'n_ddot': 0.0, 'B_star': 0.0, 'ephemeris_type': 2, 'elset_num': 9999, 'inclination': 1.913, 'RAAN': 41.3561, 'eccentricity': 0.0194551, 'perigee': 262.896, 'mean_anomaly': 45.8255, 'mean_motion': 1.00715509, 'rev_num': 0, 'line1': '1 38691U 68081R   25280.77672502 +.00000000 +00000+0 +00000+0 2 99992', 'line2': '2 38691   1.9130  41.3561 0194551 262.8960  45.8255  1.00715509000008', 'epoch': datetime.datetime(2025, 10, 7, 18, 38, 29, 41728)}"
535e23c5-d55f-4a30-aa02-8450dc1e9997,U//PR-EXO-ELSETS,12046,2025-10-07T18:38:21.216044Z,0.98949740094761,12046,False,0.0002120025498758186,8.534064397011255,306.1904335517636,220.9781435438105,123.6241459534335,0.0,0.0,0.0,42539.47155443327,1455.284267165288,42548.49003087318,42530.45307799336,12046,1 12046U 80087A   25280.77663444 +.00000000 +00000+0 +00000+0 2 99993,2 12046   8.5341 306.1904 0002120 220.9781 123.6241  0.98949740000002,2025-10-07T20:15:28.345Z,system.exo,EXO,REAL,2,OPS1,"{'NORAD_ID': 12046, 'classification': 'U', 'COSPAR_ID': '80087A', 'BC': 0.0, 'n_ddot': 0.0, 'B_star': 0.0, 'ephemeris_type': 2, 'elset_num': 9999, 'inclination': 8.5341, 'RAAN': 306.1904, 'eccentricity': 0.000212, 'perigee': 220.9781, 'mean_anomaly': 123.6241, 'mean_motion': 0.9894974, 'rev_num': 0, 'line1': '1 12046U 80087A   25280.77663444 +.00000000 +00000+0 +00000+0 2 99993', 'line2': '2 12046   8.5341 306.1904 0002120 220.9781 123.6241  0.98949740000002', 'epoch': datetime.datetime(2025, 10, 7, 18, 38, 21, 215616)}"
535da508-d992-44b7-9a8d-ca224353290f,U//PR-EXO-ELSETS,24932,2025-10-07T20:47:20.949883Z,0.9830380278486112,24932,False,0.0005879553537281922,13.47578416550886,16.68231209671385,66.67400378889592,302.1103142259224,0.0,0.0,0.0,42725.61442020724,1464.84668874047,42750.73517394693,42700.49366646755,24932,1 24932U 97049B   25280.86621470 +.00000000 +00000+0 +00000+0 2 99999,2 24932  13.4758  16.6823 0005879  66.6740 302.1103  0.98303802000007,2025-10-07T22:18:28.967Z,system.exo,EXO,REAL,2,OPS1,"{'NORAD_ID': 24932, 'classification': 'U', 'COSPAR_ID': '97049B', 'BC': 0.0, 'n_ddot': 0.0, 'B_star': 0.0, 'ephemeris_type': 2, 'elset_num': 9999, 'inclination': 13.4758, 'RAAN': 16.6823, 'eccentricity': 0.0005879, 'perigee': 66.674, 'mean_anomaly': 302.1103, 'mean_motion': 0.98303802, 'rev_num': 0, 'line1': '1 24932U 97049B   25280.86621470 +.00000000 +00000+0 +00000+0 2 99999', 'line2': '2 24932  13.4758  16.6823 0005879  66.6740 302.1103  0.98303802000007', 'epoch': datetime.datetime(2025, 10, 7, 20, 47, 20, 950080)}"
41eaf400-9c2c-4024-91f5-cb124d65beeb,U//PR-EXO-ELSETS,13083,2025-10-07T20:10:57.471241Z,0.9922313592450008,13083,False,0.001639304991132013,11.71491807947803,329.1706918330815,222.7611127855265,140.1509440919906,0.0,0.0,0.0,42461.29448124275,1451.274429681109,42530.90149321578,42391.68746926972,13083,1 13083U 82017A   25280.84094295 +.00000000 +00000+0 +00000+0 2 99990,2 13083  11.7149 329.1707 0016393 222.7611 140.1509  0.99223135000006,2025-10-07T20:51:28.050Z,system.exo,EXO,REAL,2,OPS1,"{'NORAD_ID': 13083, 'classification': 'U', 'COSPAR_ID': '82017A', 'BC': 0.0, 'n_ddot': 0.0, 'B_star': 0.0, 'ephemeris_type': 2, 'elset_num': 9999, 'inclination': 11.7149, 'RAAN': 329.1707, 'eccentricity': 0.0016393, 'perigee': 222.7611, 'mean_anomaly': 140.1509, 'mean_motion': 0.99223135, 'rev_num': 0, 'line1': '1 13083U 82017A   25280.84094295 +.00000000 +00000+0 +00000+0 2 99990', 'line2': '2 13083  11.7149 329.1707 0016393 222.7611 140.1509  0.99223135000006', 'epoch': datetime.datetime(2025, 10, 7, 20, 10, 57, 470880)}"
66af0a53-8b67-466b-9ce6-4a887f7fb54a,U//PR-EXO-ELSETS,20193,2025-10-07T18:38:47.823181Z,0.9917868222801157,20193,False,0.0001708456926856334,14.77972009832002,2.24349150981395,90.28296273364712,263.1841823150577,0.0,0.0,0.0,42473.98148532113,1451.92491738239,42481.23798210911,42466.72498853315,20193,1 20193U 89067A   25280.77694240 +.00000000 +00000+0 +00000+0 2 99990,2 20193  14.7797   2.2435 0001708  90.2830 263.1842  0.99178682000002,2025-10-07T19:06:27.809Z,system.exo,EXO,REAL,2,OPS1,"{'NORAD_ID': 20193, 'classification': 'U', 'COSPAR_ID': '89067A', 'BC': 0.0, 'n_ddot': 0.0, 'B_star': 0.0, 'ephemeris_type': 2, 'elset_num': 9999, 'inclination': 14.7797, 'RAAN': 2.2435, 'eccentricity': 0.0001708, 'perigee': 90.283, 'mean_anomaly': 263.1842, 'mean_motion': 0.99178682, 'rev_num': 0, 'line1': '1 20193U 89067A   25280.77694240 +.00000000 +00000+0 +00000+0 2 99990', 'line2': '2 20193  14.7797   2.2435 0001708  90.2830 263.1842  0.99178682000002', 'epoch': datetime.datetime(2025, 10, 7, 18, 38, 47, 823360)}"
c7448da5-304b-47ba-9305-eb7c0d1b514d,U//PR-EXO-ELSETS,26243,2025-10-07T21:04:56.077050Z,0.989502134398046,26243,False,0.0007424313551331356,10.35447453598703,48.24433473110732,146.2436528903108,172.7293924397578,0.0,0.0,0.0,42539.33589116469,1455.277305567421,42570.91842795684,42507.75335437255,26243,1 26243U 00019A   25280.87842682 +.00000000 +00000+0 +00000+0 2 99998,2 26243  10.3545  48.2443 0007424 146.2437 172.7294  0.98950213000005,2025-10-07T22:15:28.226Z,system.exo,EXO,REAL,2,OPS1,"{'NORAD_ID': 26243, 'classification': 'U', 'COSPAR_ID': '00019A', 'BC': 0.0, 'n_ddot': 0.0, 'B_star': 0.0, 'ephemeris_type': 2, 'elset_num': 9999, 'inclination': 10.3545, 'RAAN': 48.2443, 'eccentricity': 0.0007424, 'perigee': 146.2437, 'mean_anomaly': 172.7294, 'mean_motion': 0.98950213, 'rev_num': 0, 'line1': '1 26243U 00019A   25280.87842682 +.00000000 +00000+0 +00000+0 2 99998', 'line2': '2 26243  10.3545  48.2443 0007424 146.2437 172.7294  0.98950213000005', 'epoch': datetime.datetime(2025, 10, 7, 21, 4, 56, 77248)}"
bc82bf63-850c-4e41-9137-abc4cbbb42a2,U//PR-EXO-ELSETS,14948,2025-10-07T20:17:20.675439Z,0.9987349512238567,14948,False,0.002203813233212677,10.00145819434839,307.0645410751966,148.7107029924135,231.3760059380182,0.0,0.0,0.0,42276.7600275668,1441.823977658351,42369.93011077291,42183.58994436069,14948,1 14948U 84022F   25280.84537819 +.00000000 +00000+0 +00000+0 2 99993,2 14948  10.0015 307.0645 0022038 148.7107 231.3760  0.99873495000009,2025-10-07T23:39:28.515Z,system.exo,EXO,REAL,2,OPS1,"{'NORAD_ID': 14948, 'classification': 'U', 'COSPAR_ID': '84022F', 'BC': 0.0, 'n_ddot': 0.0, 'B_star': 0.0, 'ephemeris_type': 2, 'elset_num': 9999, 'inclination': 10.0015, 'RAAN': 307.0645, 'eccentricity': 0.0022038, 'perigee': 148.7107, 'mean_anomaly': 231.376, 'mean_motion': 0.99873495, 'rev_num': 0, 'line1': '1 14948U 84022F   25280.84537819 +.00000000 +00000+0 +00000+0 2 99993', 'line2': '2 14948  10.0015 307.0645 0022038 148.7107 231.3760  0.99873495000009', 'epoch': datetime.datetime(2025, 10, 7, 20, 17, 20, 675616)}"
ab1e191f-f49d-4cab-b29b-ee72aa2cd53b,U//PR-EXO-ELSETS,22963,2025-10-07T19:49:38.557719Z,1.002242498712449,22963,False,0.00126551425180036,14.55933402969798,355.7660338178618,219.3073702008944,139.3448690275081,0.0,0.0,0.0,42178.06510279187,1436.778027124099,42231.44204529282,42124.68816029093,22963,1 22963U 94002A   25280.82614071 +.00000000 +00000+0 +00000+0 2 99992,2 22963  14.5593 355.7660 0012655 219.3074 139.3449  1.00224249000005,2025-10-07T20:24:28.550Z,system.exo,EXO,REAL,2,OPS1,"{'NORAD_ID': 22963, 'classification': 'U', 'COSPAR_ID': '94002A', 'BC': 0.0, 'n_ddot': 0.0, 'B_star': 0.0, 'ephemeris_type': 2, 'elset_num': 9999, 'inclination': 14.5593, 'RAAN': 355.766, 'eccentricity': 0.0012655, 'perigee': 219.3074, 'mean_anomaly': 139.3449, 'mean_motion': 1.00224249, 'rev_num': 0, 'line1': '1 22963U 94002A   25280.82614071 +.00000000 +00000+0 +00000+0 2 99992', 'line2': '2 22963  14.5593 355.7660 0012655 219.3074 139.3449  1.00224249000005', 'epoch': datetime.datetime(2025, 10, 7, 19, 49, 38, 557344)}"
1a94a139-2c49-4904-8af3-270c8bc93136,U//PR-EXO-ELSETS,28184,2025-10-07T18:40:08.789469Z,1.002681822635967,28184,False,0.0005976761017399606,5.398249256963791,75.06387288144968,134.0454529344311,148.5780306709496,0.0,0.0,0.0,42165.7440214477,1436.148504432203,42190.9454789614,42140.54256393399,28184,1 28184U 04007A   25280.77787951 +.00000000 +00000+0 +00000+0 2 99991,2 28184   5.3982  75.0639 0005976 134.0455 148.5780  1.00268182000002,2025-10-07T19:30:30.269Z,system.exo,EXO,REAL,2,OPS1,"{'NORAD_ID': 28184, 'classification': 'U', 'COSPAR_ID': '04007A', 'BC': 0.0, 'n_ddot': 0.0, 'B_star': 0.0, 'ephemeris_type': 2, 'elset_num': 9999, 'inclination': 5.3982, 'RAAN': 75.0639, 'eccentricity': 0.0005976, 'perigee': 134.0455, 'mean_anomaly': 148.578, 'mean_motion': 1.00268182, 'rev_num': 0, 'line1': '1 28184U 04007A   25280.77787951 +.00000000 +00000+0 +00000+0 2 99991', 'line2': '2 28184   5.3982  75.0639 0005976 134.0455 148.5780  1.00268182000002', 'epoch': datetime.datetime(2025, 10, 7, 18, 40, 8, 789664)}"
002f6e1a-e574-40e7-b1cd-48106a23e6d9,U//PR-EXO-ELSETS,12850,2025-10-07T19:11:56.612877Z,0.9769795672516953,12850,False,0.002156420621555713,8.725729381287223,301.7187145124149,187.4976444105283,170.8346136322763,0.0,0.0,0.0,42902.0661854493,1473.9305183739,42994.58108567895,42809.55128521965,12850,1 12850U 81069F   25280.79996080 +.00000000 +00000+0 +00000+0 2 99994,2 12850   8.7257 301.7187 0021564 187.4976 170.8346  0.97697956000001,2025-10-07T20:03:28.647Z,system.exo,EXO,REAL,2,OPS1,"{'NORAD_ID': 12850, 'classification': 'U', 'COSPAR_ID': '81069F', 'BC': 0.0, 'n_ddot': 0.0, 'B_star': 0.0, 'ephemeris_type': 2, 'elset_num': 9999, 'inclination': 8.7257, 'RAAN': 301.7187, 'eccentricity': 0.0021564, 'perigee': 187.4976, 'mean_anomaly': 170.8346, 'mean_motion': 0.97697956, 'rev_num': 0, 'line1': '1 12850U 81069F   25280.79996080 +.00000000 +00000+0 +00000+0 2 99994', 'line2': '2 12850   8.7257 301.7187 0021564 187.4976 170.8346  0.97697956000001', 'epoch': datetime.datetime(2025, 10, 7, 19, 11, 56, 613120)}"
de340ce3-6a50-41ee-928a-6b568a1fd036,U//PR-EXO-ELSETS,25349,2025-10-07T19:21:12.049011Z,0.9956519983071475,25349,False,0.04400818875411124,6.94983742335042,349.2952677428714,34.33680143979651,287.6655231989561,0.0,0.0,0.0,42363.9860129451,1446.288464692838,44228.34830577932,40499.62372011089,25349,1 25349U 96026B   25280.80638946 +.00000000 +00000+0 +00000+0 2 99996,2 25349   6.9498 349.2953 0440081  34.3368 287.6655  0.99565199000002,2025-10-07T20:06:29.186Z,system.exo,EXO,REAL,2,OPS1,"{'NORAD_ID': 25349, 'classification': 'U', 'COSPAR_ID': '96026B', 'BC': 0.0, 'n_ddot': 0.0, 'B_star': 0.0, 'ephemeris_type': 2, 'elset_num': 9999, 'inclination': 6.9498, 'RAAN': 349.2953, 'eccentricity': 0.0440081, 'perigee': 34.3368, 'mean_anomaly': 287.6655, 'mean_motion': 0.99565199, 'rev_num': 0, 'line1': '1 25349U 96026B   25280.80638946 +.00000000 +00000+0 +00000+0 2 99996', 'line2': '2 25349   6.9498 349.2953 0440081  34.3368 287.6655  0.99565199000002', 'epoch': datetime.datetime(2025, 10, 7, 19, 21, 12, 49344)}"
e5eb7871-14d9-4baa-b121-91909cce4961,U//PR-EXO-ELSETS,23426,2025-10-07T18:41:19.799022Z,1.002315995572086,23426,False,0.0009143183383856729,14.77004261326642,356.5477154163149,204.4495127167761,65.66240802259506,0.0,0.0,0.0,42176.003215968,1436.672672452064,42214.56550914817,42137.44092278783,23426,1 23426U 94082A   25280.77870138 +.00000000 +00000+0 +00000+0 2 99997,2 23426  14.7700 356.5477 0009143 204.4495  65.6624  1.00231599000009,2025-10-07T19:24:28.824Z,system.exo,EXO,REAL,2,OPS1,"{'NORAD_ID': 23426, 'classification': 'U', 'COSPAR_ID': '94082A', 'BC': 0.0, 'n_ddot': 0.0, 'B_star': 0.0, 'ephemeris_type': 2, 'elset_num': 9999, 'inclination': 14.77, 'RAAN': 356.5477, 'eccentricity': 0.0009143, 'perigee': 204.4495, 'mean_anomaly': 65.6624, 'mean_motion': 1.00231599, 'rev_num': 0, 'line1': '1 23426U 94082A   25280.77870138 +.00000000 +00000+0 +00000+0 2 99997', 'line2': '2 23426  14.7700 356.5477 0009143 204.4495  65.6624  1.00231599000009', 'epoch': datetime.datetime(2025, 10, 7, 18, 41, 19, 799232)}"
4fe00a56-b402-434e-965e-670c82e62511,U//PR-EXO-ELSETS,19874,2025-10-07T18:50:40.549149Z,0.9952860982821011,19874,False,0.0006126726134987297,14.87585994151561,355.0377458001046,195.5775629394391,151.0441631179469,0.0,0.0,0.0,42374.36831001945,1446.820168075783,42400.32992499731,42348.40669504159,19874,1 19874U 89020A   25280.78519154 +.00000000 +00000+0 +00000+0 2 99994,2 19874  14.8759 355.0377 0006126 195.5776 151.0442  0.99528609000005,2025-10-07T21:24:29.287Z,system.exo,EXO,REAL,2,OPS1,"{'NORAD_ID': 19874, 'classification': 'U', 'COSPAR_ID': '89020A', 'BC': 0.0, 'n_ddot': 0.0, 'B_star': 0.0, 'ephemeris_type': 2, 'elset_num': 9999, 'inclination': 14.8759, 'RAAN': 355.0377, 'eccentricity': 0.0006126, 'perigee': 195.5776, 'mean_anomaly': 151.0442, 'mean_motion': 0.99528609, 'rev_num': 0, 'line1': '1 19874U 89020A   25280.78519154 +.00000000 +00000+0 +00000+0 2 99994', 'line2': '2 19874  14.8759 355.0377 0006126 195.5776 151.0442  0.99528609000005', 'epoch': datetime.datetime(2025, 10, 7, 18, 50, 40, 549056)}"
c0fb54e1-8f4c-450d-83f1-3b0905c42919,U//PR-EXO-ELSETS,15236,2025-10-07T20:02:51.012081Z,0.9745336573266279,15236,False,0.003280916191214411,11.2928587717952,314.0586268122457,274.7722296628102,84.17297234181876,0.0,0.0,0.0,42973.82067232512,1477.629827532334,43114.8141763673,42832.82716828294,15236,1 15236U 84093C   25280.83531264 +.00000000 +00000+0 +00000+0 2 99999,2 15236  11.2929 314.0586 0032809 274.7722  84.1730  0.97453365000008,2025-10-07T21:09:39.064Z,system.exo,EXO,REAL,2,OPS1,"{'NORAD_ID': 15236, 'classification': 'U', 'COSPAR_ID': '84093C', 'BC': 0.0, 'n_ddot': 0.0, 'B_star': 0.0, 'ephemeris_type': 2, 'elset_num': 9999, 'inclination': 11.2929, 'RAAN': 314.0586, 'eccentricity': 0.0032809, 'perigee': 274.7722, 'mean_anomaly': 84.173, 'mean_motion': 0.97453365, 'rev_num': 0, 'line1': '1 15236U 84093C   25280.83531264 +.00000000 +00000+0 +00000+0 2 99999', 'line2': '2 15236  11.2929 314.0586 0032809 274.7722  84.1730  0.97453365000008', 'epoch': datetime.datetime(2025, 10, 7, 20, 2, 51, 12096)}"
42a2e426-4560-4b21-847b-22b32b384e32,U//PR-EXO-ELSETS,64468,2025-10-07T20:39:32.201027Z,1.044258983244351,64468,False,0.3876909673320051,1.003415569429587,288.0813742349624,171.5627447241247,167.6684508563539,0.0,0.0,0.0,41038.96340432551,1378.968266594311,56949.39882485123,25128.52798379979,64468,1 64468U 25131B   25280.86078936 +.00000000 +00000+0 +00000+0 2 99993,2 64468   1.0034 288.0814 3876909 171.5627 167.6685  1.04425898000000,2025-10-07T22:06:28.942Z,system.exo,EXO,REAL,2,OPS1,"{'NORAD_ID': 64468, 'classification': 'U', 'COSPAR_ID': '25131B', 'BC': 0.0, 'n_ddot': 0.0, 'B_star': 0.0, 'ephemeris_type': 2, 'elset_num': 9999, 'inclination': 1.0034, 'RAAN': 288.0814, 'eccentricity': 0.3876909, 'perigee': 171.5627, 'mean_anomaly': 167.6685, 'mean_motion': 1.04425898, 'rev_num': 0, 'line1': '1 64468U 25131B   25280.86078936 +.00000000 +00000+0 +00000+0 2 99993', 'line2': '2 64468   1.0034 288.0814 3876909 171.5627 167.6685  1.04425898000000', 'epoch': datetime.datetime(2025, 10, 7, 20, 39, 32, 200704)}"
38ffda45-71fe-4889-8b25-d7fb9eb52eb4,U//PR-EXO-ELSETS,27513,2025-10-07T20:59:52.071618Z,1.002674726210234,27513,False,0.0004214617418999852,5.157130642942733,76.01404155192925,156.1513396774852,163.71849925031,0.0,0.0,0.0,42165.94297311841,1436.158668766595,42183.71430489272,42148.17164134411,27513,1 27513U 02041A   25280.87490824 +.00000000 +00000+0 +00000+0 2 99993,2 27513   5.1571  76.0140 0004214 156.1513 163.7185  1.00267472000000,2025-10-07T21:18:27.863Z,system.exo,EXO,REAL,2,OPS1,"{'NORAD_ID': 27513, 'classification': 'U', 'COSPAR_ID': '02041A', 'BC': 0.0, 'n_ddot': 0.0, 'B_star': 0.0, 'ephemeris_type': 2, 'elset_num': 9999, 'inclination': 5.1571, 'RAAN': 76.014, 'eccentricity': 0.0004214, 'perigee': 156.1513, 'mean_anomaly': 163.7185, 'mean_motion': 1.00267472, 'rev_num': 0, 'line1': '1 27513U 02041A   25280.87490824 +.00000000 +00000+0 +00000+0 2 99993', 'line2': '2 27513   5.1571  76.0140 0004214 156.1513 163.7185  1.00267472000000', 'epoch': datetime.datetime(2025, 10, 7, 20, 59, 52, 71936)}"
25887039-5f0b-494d-90f2-e7a4091b6685,U//PR-EXO-ELSETS,16214,2025-10-07T20:37:41.953224Z,1.006131851319182,16214,False,0.001998061432972284,9.879745109928002,319.5885593092122,158.9200625456166,204.5630201390412,0.0,0.0,0.0,42069.29788735182,1431.223947549176,42153.35492897275,41985.24084573087,16214,1 16214U 85102D   25280.85951335 +.00000000 +00000+0 +00000+0 2 99995,2 16214   9.8797 319.5886 0019980 158.9201 204.5630  1.00613185000004,2025-10-07T21:18:27.852Z,system.exo,EXO,REAL,2,OPS1,"{'NORAD_ID': 16214, 'classification': 'U', 'COSPAR_ID': '85102D', 'BC': 0.0, 'n_ddot': 0.0, 'B_star': 0.0, 'ephemeris_type': 2, 'elset_num': 9999, 'inclination': 9.8797, 'RAAN': 319.5886, 'eccentricity': 0.001998, 'perigee': 158.9201, 'mean_anomaly': 204.563, 'mean_motion': 1.00613185, 'rev_num': 0, 'line1': '1 16214U 85102D   25280.85951335 +.00000000 +00000+0 +00000+0 2 99995', 'line2': '2 16214   9.8797 319.5886 0019980 158.9201 204.5630  1.00613185000004', 'epoch': datetime.datetime(2025, 10, 7, 20, 37, 41, 953440)}"
491db69d-540b-4105-8443-514498d8923c,U//PR-EXO-ELSETS,41194,2025-10-07T20:50:00.743303Z,1.002654433776781,41194,False,0.0001594242918328396,0.09582411489690594,75.29697689530971,124.2924945482686,235.4072556460673,0.0,0.0,0.0,42166.51189409243,1436.187734767036,42173.23426039021,42159.78952779465,41194,1 41194U 15083A   25280.86806416 +.00000000 +00000+0 +00000+0 2 99991,2 41194   0.0958  75.2970 0001594 124.2925 235.4073  1.00265443000006,2025-10-07T21:42:29.626Z,system.exo,EXO,REAL,2,OPS1,"{'NORAD_ID': 41194, 'classification': 'U', 'COSPAR_ID': '15083A', 'BC': 0.0, 'n_ddot': 0.0, 'B_star': 0.0, 'ephemeris_type': 2, 'elset_num': 9999, 'inclination': 0.0958, 'RAAN': 75.297, 'eccentricity': 0.0001594, 'perigee': 124.2925, 'mean_anomaly': 235.4073, 'mean_motion': 1.00265443, 'rev_num': 0, 'line1': '1 41194U 15083A   25280.86806416 +.00000000 +00000+0 +00000+0 2 99991', 'line2': '2 41194   0.0958  75.2970 0001594 124.2925 235.4073  1.00265443000006', 'epoch': datetime.datetime(2025, 10, 7, 20, 50, 0, 743424)}"
d4bbf538-e712-4542-a169-f5445b03d040,U//PR-EXO-ELSETS,37933,2025-10-07T20:50:00.743303Z,1.002698011219863,37933,False,0.0001610449346477584,0.04249390917458991,103.1189634126145,106.342254825936,225.3170527601282,0.0,0.0,0.0,42165.29017558132,1436.125317779501,42172.08068198206,42158.49966918059,37933,1 37933U 11069A   25280.86806416 +.00000000 +00000+0 +00000+0 2 99997,2 37933   0.0425 103.1190 0001610 106.3423 225.3171  1.00269801000008,2025-10-07T21:57:29.828Z,system.exo,EXO,REAL,2,OPS1,"{'NORAD_ID': 37933, 'classification': 'U', 'COSPAR_ID': '11069A', 'BC': 0.0, 'n_ddot': 0.0, 'B_star': 0.0, 'ephemeris_type': 2, 'elset_num': 9999, 'inclination': 0.0425, 'RAAN': 103.119, 'eccentricity': 0.000161, 'perigee': 106.3423, 'mean_anomaly': 225.3171, 'mean_motion': 1.00269801, 'rev_num': 0, 'line1': '1 37933U 11069A   25280.86806416 +.00000000 +00000+0 +00000+0 2 99997', 'line2': '2 37933   0.0425 103.1190 0001610 106.3423 225.3171  1.00269801000008', 'epoch': datetime.datetime(2025, 10, 7, 20, 50, 0, 743424)}"
b0f95a62-7c40-445c-a36e-ed27806e70a3,U//PR-EXO-ELSETS,40107,2025-10-07T20:50:00.743303Z,1.002659139102291,40107,False,0.000157740012599397,0.006833014847140012,225.2851433538021,347.262773602471,222.0553830615908,0.0,0.0,0.0,42166.37997334189,1436.180994958339,42173.03129865015,42159.72864803362,40107,1 40107U 14046A   25280.86806416 +.00000000 +00000+0 +00000+0 2 99992,2 40107   0.0068 225.2851 0001577 347.2628 222.0554  1.00265913000002,2025-10-07T21:45:30.618Z,system.exo,EXO,REAL,2,OPS1,"{'NORAD_ID': 40107, 'classification': 'U', 'COSPAR_ID': '14046A', 'BC': 0.0, 'n_ddot': 0.0, 'B_star': 0.0, 'ephemeris_type': 2, 'elset_num': 9999, 'inclination': 0.0068, 'RAAN': 225.2851, 'eccentricity': 0.0001577, 'perigee': 347.2628, 'mean_anomaly': 222.0554, 'mean_motion': 1.00265913, 'rev_num': 0, 'line1': '1 40107U 14046A   25280.86806416 +.00000000 +00000+0 +00000+0 2 99992', 'line2': '2 40107   0.0068 225.2851 0001577 347.2628 222.0554  1.00265913000002', 'epoch': datetime.datetime(2025, 10, 7, 20, 50, 0, 743424)}"
cc1a9f62-4ed2-4acd-9c85-04411be46ec8,U//PR-EXO-ELSETS,48808,2025-10-07T20:50:00.743303Z,1.002671412525685,48808,False,0.001035105594100272,0.1981973220876246,278.7844303427661,73.9265134030825,81.14015783306544,0.0,0.0,0.0,42166.03587464464,1436.163415064068,42209.68217425952,42122.38957502977,48808,1 48808U 21047A   25280.86806416 +.00000000 +00000+0 +00000+0 2 99997,2 48808   0.1982 278.7844 0010351  73.9265  81.1402  1.00267141000000,2025-10-07T21:15:29.023Z,system.exo,EXO,REAL,2,OPS1,"{'NORAD_ID': 48808, 'classification': 'U', 'COSPAR_ID': '21047A', 'BC': 0.0, 'n_ddot': 0.0, 'B_star': 0.0, 'ephemeris_type': 2, 'elset_num': 9999, 'inclination': 0.1982, 'RAAN': 278.7844, 'eccentricity': 0.0010351, 'perigee': 73.9265, 'mean_anomaly': 81.1402, 'mean_motion': 1.00267141, 'rev_num': 0, 'line1': '1 48808U 21047A   25280.86806416 +.00000000 +00000+0 +00000+0 2 99997', 'line2': '2 48808   0.1982 278.7844 0010351  73.9265  81.1402  1.00267141000000', 'epoch': datetime.datetime(2025, 10, 7, 20, 50, 0, 743424)}"
027513d6-cb7a-458e-9d7d-48291bf5acc6,U//PR-EXO-ELSETS,17874,2025-10-07T18:42:37.752331Z,1.002319073822334,17874,False,0.00366238092206486,9.064966264455181,312.5093108438167,223.4695532718875,177.7573511679034,0.0,0.0,0.0,42175.91686398542,1436.668260246285,42330.38113727867,42021.45259069216,17874,1 17874U 84016F   25280.77960361 +.00000000 +00000+0 +00000+0 2 99991,2 17874   9.0650 312.5093 0036623 223.4696 177.7574  1.00231907000005,2025-10-07T19:18:29.126Z,system.exo,EXO,REAL,2,OPS1,"{'NORAD_ID': 17874, 'classification': 'U', 'COSPAR_ID': '84016F', 'BC': 0.0, 'n_ddot': 0.0, 'B_star': 0.0, 'ephemeris_type': 2, 'elset_num': 9999, 'inclination': 9.065, 'RAAN': 312.5093, 'eccentricity': 0.0036623, 'perigee': 223.4696, 'mean_anomaly': 177.7574, 'mean_motion': 1.00231907, 'rev_num': 0, 'line1': '1 17874U 84016F   25280.77960361 +.00000000 +00000+0 +00000+0 2 99991', 'line2': '2 17874   9.0650 312.5093 0036623 223.4696 177.7574  1.00231907000005', 'epoch': datetime.datetime(2025, 10, 7, 18, 42, 37, 751904)}"
6e4533d5-cdce-4dcc-b933-63536a0852f7,U//PR-EXO-ELSETS,26107,2025-10-07T20:13:29.068045Z,1.002688233617251,26107,False,0.0007228566654811376,8.536421427462049,60.7788883904,156.2032146004918,208.161267957803,0.0,0.0,0.0,42165.56428855582,1436.139321995555,42196.04394775558,42135.08462935606,26107,1 26107U 00016A   25280.84269755 +.00000000 +00000+0 +00000+0 2 99995,2 26107   8.5364  60.7789 0007228 156.2032 208.1613  1.00268823000000,2025-10-07T21:00:33.050Z,system.exo,EXO,REAL,2,OPS1,"{'NORAD_ID': 26107, 'classification': 'U', 'COSPAR_ID': '00016A', 'BC': 0.0, 'n_ddot': 0.0, 'B_star': 0.0, 'ephemeris_type': 2, 'elset_num': 9999, 'inclination': 8.5364, 'RAAN': 60.7789, 'eccentricity': 0.0007228, 'perigee': 156.2032, 'mean_anomaly': 208.1613, 'mean_motion': 1.00268823, 'rev_num': 0, 'line1': '1 26107U 00016A   25280.84269755 +.00000000 +00000+0 +00000+0 2 99995', 'line2': '2 26107   8.5364  60.7789 0007228 156.2032 208.1613  1.00268823000000', 'epoch': datetime.datetime(2025, 10, 7, 20, 13, 29, 68320)}"
07a9a15e-4d96-440b-b4c5-207d85c7b0d7,U//PR-EXO-ELSETS,15826,2025-10-07T19:34:08.435225Z,0.9986905710585946,15826,False,0.0006403404939516115,14.32700025732442,348.1593878314262,231.5159355491212,129.9412152031796,0.0,0.0,0.0,42278.0124913797,1441.888049942862,42305.08481478173,42250.94016797769,15826,1 15826U 85048D   25280.81537541 +.00000000 +00000+0 +00000+0 2 99997,2 15826  14.3270 348.1594 0006403 231.5159 129.9412  0.99869057000005,2025-10-07T20:12:29.968Z,system.exo,EXO,REAL,2,OPS1,"{'NORAD_ID': 15826, 'classification': 'U', 'COSPAR_ID': '85048D', 'BC': 0.0, 'n_ddot': 0.0, 'B_star': 0.0, 'ephemeris_type': 2, 'elset_num': 9999, 'inclination': 14.327, 'RAAN': 348.1594, 'eccentricity': 0.0006403, 'perigee': 231.5159, 'mean_anomaly': 129.9412, 'mean_motion': 0.99869057, 'rev_num': 0, 'line1': '1 15826U 85048D   25280.81537541 +.00000000 +00000+0 +00000+0 2 99997', 'line2': '2 15826  14.3270 348.1594 0006403 231.5159 129.9412  0.99869057000005', 'epoch': datetime.datetime(2025, 10, 7, 19, 34, 8, 435424)}"
be59658b-e90b-46db-b159-37a4baab7420,U//PR-EXO-ELSETS,21052,2025-10-07T18:43:19.146916Z,0.9817729098715217,21052,False,0.01295205662622599,1.253775263863259,272.1895813525777,305.8158093227321,114.4575983457831,0.0,0.0,0.0,42762.31084980951,1466.73429824871,43316.17072140452,42208.4509782145,21052,1 21052U 69069C   25280.78008272 +.00000000 +00000+0 +00000+0 2 99990,2 21052   1.2538 272.1896 0129520 305.8158 114.4576  0.98177290000006,2025-10-07T19:45:29.867Z,system.exo,EXO,REAL,2,OPS1,"{'NORAD_ID': 21052, 'classification': 'U', 'COSPAR_ID': '69069C', 'BC': 0.0, 'n_ddot': 0.0, 'B_star': 0.0, 'ephemeris_type': 2, 'elset_num': 9999, 'inclination': 1.2538, 'RAAN': 272.1896, 'eccentricity': 0.012952, 'perigee': 305.8158, 'mean_anomaly': 114.4576, 'mean_motion': 0.9817729, 'rev_num': 0, 'line1': '1 21052U 69069C   25280.78008272 +.00000000 +00000+0 +00000+0 2 99990', 'line2': '2 21052   1.2538 272.1896 0129520 305.8158 114.4576  0.98177290000006', 'epoch': datetime.datetime(2025, 10, 7, 18, 43, 19, 147008)}"
7bf007a4-5fea-417c-aa61-790495e4d511,U//PR-EXO-ELSETS,23842,2025-10-07T18:44:24.343907Z,0.9911175116340876,23842,False,0.0006537516115742507,4.767706646161696,76.88196331213024,139.3067258421411,147.2879124590839,0.0,0.0,0.0,42493.10137707081,1452.905415449501,42520.88131057686,42465.32144356476,23842,1 23842U 96021A   25280.78083731 +.00000000 +00000+0 +00000+0 2 99990,2 23842   4.7677  76.8820 0006537 139.3067 147.2879  0.99111751000005,2025-10-07T19:30:30.265Z,system.exo,EXO,REAL,2,OPS1,"{'NORAD_ID': 23842, 'classification': 'U', 'COSPAR_ID': '96021A', 'BC': 0.0, 'n_ddot': 0.0, 'B_star': 0.0, 'ephemeris_type': 2, 'elset_num': 9999, 'inclination': 4.7677, 'RAAN': 76.882, 'eccentricity': 0.0006537, 'perigee': 139.3067, 'mean_anomaly': 147.2879, 'mean_motion': 0.99111751, 'rev_num': 0, 'line1': '1 23842U 96021A   25280.78083731 +.00000000 +00000+0 +00000+0 2 99990', 'line2': '2 23842   4.7677  76.8820 0006537 139.3067 147.2879  0.99111751000005', 'epoch': datetime.datetime(2025, 10, 7, 18, 44, 24, 343584)}"
1e00636d-3545-402f-8f53-0f341197cf75,U//PR-EXO-ELSETS,16275,2025-10-07T20:01:20.670346Z,0.9994266131016415,16275,False,0.0005258778446324623,13.56344181510545,341.9405955684321,275.0463920363654,83.06507625705662,0.0,0.0,0.0,42257.25244414808,1440.826150837702,42279.4745969835,42235.03029131266,16275,1 16275U 85109C   25280.83426702 +.00000000 +00000+0 +00000+0 2 99992,2 16275  13.5634 341.9406 0005258 275.0464  83.0651  0.99942661000009,2025-10-07T20:48:29.216Z,system.exo,EXO,REAL,2,OPS1,"{'NORAD_ID': 16275, 'classification': 'U', 'COSPAR_ID': '85109C', 'BC': 0.0, 'n_ddot': 0.0, 'B_star': 0.0, 'ephemeris_type': 2, 'elset_num': 9999, 'inclination': 13.5634, 'RAAN': 341.9406, 'eccentricity': 0.0005258, 'perigee': 275.0464, 'mean_anomaly': 83.0651, 'mean_motion': 0.99942661, 'rev_num': 0, 'line1': '1 16275U 85109C   25280.83426702 +.00000000 +00000+0 +00000+0 2 99992', 'line2': '2 16275  13.5634 341.9406 0005258 275.0464  83.0651  0.99942661000009', 'epoch': datetime.datetime(2025, 10, 7, 20, 1, 20, 670528)}"
fb2c86f2-46a1-4761-a282-bd97fcfc69c3,U//PR-EXO-ELSETS,11158,2025-10-07T18:44:18.466007Z,1.002888214968113,11158,False,0.3104813476087717,12.03808396193178,161.8930707219472,346.4441447945164,238.824108357099,0.0,0.0,0.0,42159.95874073423,1435.852948023509,55249.8395456876,29070.07793578085,11158,1 11158U 78118A   25280.78076928 +.00000000 +00000+0 +00000+0 2 99994,2 11158  12.0381 161.8931 3104813 346.4441 238.8241  1.00288821000006,2025-10-07T19:54:28.819Z,system.exo,EXO,REAL,2,OPS1,"{'NORAD_ID': 11158, 'classification': 'U', 'COSPAR_ID': '78118A', 'BC': 0.0, 'n_ddot': 0.0, 'B_star': 0.0, 'ephemeris_type': 2, 'elset_num': 9999, 'inclination': 12.0381, 'RAAN': 161.8931, 'eccentricity': 0.3104813, 'perigee': 346.4441, 'mean_anomaly': 238.8241, 'mean_motion': 1.00288821, 'rev_num': 0, 'line1': '1 11158U 78118A   25280.78076928 +.00000000 +00000+0 +00000+0 2 99994', 'line2': '2 11158  12.0381 161.8931 3104813 346.4441 238.8241  1.00288821000006', 'epoch': datetime.datetime(2025, 10, 7, 18, 44, 18, 465792)}"
8d41649d-4431-4126-a16f-001abab0d20c,U//PR-EXO-ELSETS,23413,2025-10-07T18:44:32.659452Z,0.9857497586544475,23413,False,0.001733295007612184,13.5806207021462,18.55215898375656,46.66015076576927,339.7497412058818,0.0,0.0,0.0,42647.22160328477,1460.816994736682,42721.14181957828,42573.30138699127,23413,1 23413U 94079A   25280.78093356 +.00000000 +00000+0 +00000+0 2 99999,2 23413  13.5806  18.5522 0017332  46.6602 339.7497  0.98574975000007,2025-10-07T19:09:28.524Z,system.exo,EXO,REAL,2,OPS1,"{'NORAD_ID': 23413, 'classification': 'U', 'COSPAR_ID': '94079A', 'BC': 0.0, 'n_ddot': 0.0, 'B_star': 0.0, 'ephemeris_type': 2, 'elset_num': 9999, 'inclination': 13.5806, 'RAAN': 18.5522, 'eccentricity': 0.0017332, 'perigee': 46.6602, 'mean_anomaly': 339.7497, 'mean_motion': 0.98574975, 'rev_num': 0, 'line1': '1 23413U 94079A   25280.78093356 +.00000000 +00000+0 +00000+0 2 99999', 'line2': '2 23413  13.5806  18.5522 0017332  46.6602 339.7497  0.98574975000007', 'epoch': datetime.datetime(2025, 10, 7, 18, 44, 32, 659584)}"
c271d4ec-8b58-43ed-af86-80b407036ee4,U//PR-EXO-ELSETS,34111,2025-10-07T09:17:10.649127Z,1.002659145551907,34111,False,0.0002618171427038464,0.002453942556266218,234.6351560750601,312.9348014332124,290.4803261725331,0.0,0.0,0.0,42166.37979251807,1436.180985720089,42177.41967359351,42155.33991144263,34111,1 34111U 09009A   25280.38692881 +.00000000 +00000+0 +00000+0 2 99999,2 34111   0.0025 234.6352 0002618 312.9348 290.4803  1.00265914000005,2025-10-07T10:09:30.339Z,system.exo,EXO,REAL,2,OPS1,"{'NORAD_ID': 34111, 'classification': 'U', 'COSPAR_ID': '09009A', 'BC': 0.0, 'n_ddot': 0.0, 'B_star': 0.0, 'ephemeris_type': 2, 'elset_num': 9999, 'inclination': 0.0025, 'RAAN': 234.6352, 'eccentricity': 0.0002618, 'perigee': 312.9348, 'mean_anomaly': 290.4803, 'mean_motion': 1.00265914, 'rev_num': 0, 'line1': '1 34111U 09009A   25280.38692881 +.00000000 +00000+0 +00000+0 2 99999', 'line2': '2 34111   0.0025 234.6352 0002618 312.9348 290.4803  1.00265914000005', 'epoch': datetime.datetime(2025, 10, 7, 9, 17, 10, 649184)}"
e02f3099-3a2b-470b-8d4a-9ccf6e1fe27a,U//PR-EXO-ELSETS,54219,2025-10-07T20:44:59.824275Z,1.022648017363304,54219,False,0.0007412367587433313,5.02327407340792,64.92367689298702,104.1369017125029,193.8504319172106,0.0,0.0,0.0,41615.112720543,1408.109120196365,41645.95937181072,41584.26606927528,54219,1 54219U 22144A   25280.86458130 +.00000000 +00000+0 +00000+0 2 99995,2 54219   5.0233  64.9237 0007412 104.1369 193.8504  1.02264801000009,2025-10-07T21:06:29.797Z,system.exo,EXO,REAL,2,OPS1,"{'NORAD_ID': 54219, 'classification': 'U', 'COSPAR_ID': '22144A', 'BC': 0.0, 'n_ddot': 0.0, 'B_star': 0.0, 'ephemeris_type': 2, 'elset_num': 9999, 'inclination': 5.0233, 'RAAN': 64.9237, 'eccentricity': 0.0007412, 'perigee': 104.1369, 'mean_anomaly': 193.8504, 'mean_motion': 1.02264801, 'rev_num': 0, 'line1': '1 54219U 22144A   25280.86458130 +.00000000 +00000+0 +00000+0 2 99995', 'line2': '2 54219   5.0233  64.9237 0007412 104.1369 193.8504  1.02264801000009', 'epoch': datetime.datetime(2025, 10, 7, 20, 44, 59, 824320)}"
1037a6e3-496d-4e50-9f41-467ae55b54c3,U//PR-EXO-ELSETS,20499,2025-10-07T18:44:10.126000Z,1.002585668917041,20499,False,0.00065545075319008,12.58801505282018,336.421521893314,216.9137091728139,73.06968101364508,0.0,0.0,0.0,42168.4399362347,1436.286239315029,42196.07927195176,42140.80060051765,20499,1 20499U 90016A   25280.78067275 +.00000000 +00000+0 +00000+0 2 99998,2 20499  12.5880 336.4215 0006554 216.9137  73.0697  1.00258566000008,2025-10-07T19:00:30.557Z,system.exo,EXO,REAL,2,OPS1,"{'NORAD_ID': 20499, 'classification': 'U', 'COSPAR_ID': '90016A', 'BC': 0.0, 'n_ddot': 0.0, 'B_star': 0.0, 'ephemeris_type': 2, 'elset_num': 9999, 'inclination': 12.588, 'RAAN': 336.4215, 'eccentricity': 0.0006554, 'perigee': 216.9137, 'mean_anomaly': 73.0697, 'mean_motion': 1.00258566, 'rev_num': 0, 'line1': '1 20499U 90016A   25280.78067275 +.00000000 +00000+0 +00000+0 2 99998', 'line2': '2 20499  12.5880 336.4215 0006554 216.9137  73.0697  1.00258566000008', 'epoch': datetime.datetime(2025, 10, 7, 18, 44, 10, 125600)}"
f73d351d-c352-4d46-a6fb-2d774110d42a,U//PR-EXO-ELSETS,28526,2025-10-07T09:03:34.927782Z,1.002674705391713,28526,False,0.0002961837796639038,5.815625879554934,73.49398253442627,127.0028893013454,274.2496726819963,0.0,0.0,0.0,42165.943556779,1436.158698585537,42178.43242531474,42153.45468824326,28526,1 28526U 05003A   25280.37748759 +.00000000 +00000+0 +00000+0 2 99997,2 28526   5.8156  73.4940 0002961 127.0029 274.2497  1.00267470000008,2025-10-07T10:00:28.917Z,system.exo,EXO,REAL,2,OPS1,"{'NORAD_ID': 28526, 'classification': 'U', 'COSPAR_ID': '05003A', 'BC': 0.0, 'n_ddot': 0.0, 'B_star': 0.0, 'ephemeris_type': 2, 'elset_num': 9999, 'inclination': 5.8156, 'RAAN': 73.494, 'eccentricity': 0.0002961, 'perigee': 127.0029, 'mean_anomaly': 274.2497, 'mean_motion': 1.0026747, 'rev_num': 0, 'line1': '1 28526U 05003A   25280.37748759 +.00000000 +00000+0 +00000+0 2 99997', 'line2': '2 28526   5.8156  73.4940 0002961 127.0029 274.2497  1.00267470000008', 'epoch': datetime.datetime(2025, 10, 7, 9, 3, 34, 927776)}"
1bda5e19-0285-402b-a4bc-3667a976cb6d,U//PR-EXO-ELSETS,43272,2025-10-07T21:07:15.134996Z,1.002678609150077,43272,False,0.0001373153289292295,0.04343230561381622,266.2458255110599,323.5687814919842,70.3178923684004,0.0,0.0,0.0,42165.83411276234,1436.153107146287,42171.62412814311,42160.04409738157,43272,1 43272U 18033B   25280.88003628 +.00000000 +00000+0 +00000+0 2 99994,2 43272   0.0434 266.2458 0001373 323.5688  70.3179  1.00267860000000,2025-10-07T21:33:28.654Z,system.exo,EXO,REAL,2,OPS1,"{'NORAD_ID': 43272, 'classification': 'U', 'COSPAR_ID': '18033B', 'BC': 0.0, 'n_ddot': 0.0, 'B_star': 0.0, 'ephemeris_type': 2, 'elset_num': 9999, 'inclination': 0.0434, 'RAAN': 266.2458, 'eccentricity': 0.0001373, 'perigee': 323.5688, 'mean_anomaly': 70.3179, 'mean_motion': 1.0026786, 'rev_num': 0, 'line1': '1 43272U 18033B   25280.88003628 +.00000000 +00000+0 +00000+0 2 99994', 'line2': '2 43272   0.0434 266.2458 0001373 323.5688  70.3179  1.00267860000000', 'epoch': datetime.datetime(2025, 10, 7, 21, 7, 15, 134592)}"
70c398d2-874f-49af-8fae-7f64141e6a77,U//PR-EXO-ELSETS,32293,2025-10-07T18:44:47.263919Z,0.9906351152727397,32293,False,0.001488532249053187,4.099708251315487,78.89833590268101,178.284795771662,47.30954708892485,0.0,0.0,0.0,42506.89512338055,1453.612917409597,42570.16800757882,42443.62223918227,32293,1 32293U 07056A   25280.78110259 +.00000000 +00000+0 +00000+0 2 99996,2 32293   4.0997  78.8983 0014885 178.2848  47.3095  0.99063511000009,2025-10-07T20:03:28.662Z,system.exo,EXO,REAL,2,OPS1,"{'NORAD_ID': 32293, 'classification': 'U', 'COSPAR_ID': '07056A', 'BC': 0.0, 'n_ddot': 0.0, 'B_star': 0.0, 'ephemeris_type': 2, 'elset_num': 9999, 'inclination': 4.0997, 'RAAN': 78.8983, 'eccentricity': 0.0014885, 'perigee': 178.2848, 'mean_anomaly': 47.3095, 'mean_motion': 0.99063511, 'rev_num': 0, 'line1': '1 32293U 07056A   25280.78110259 +.00000000 +00000+0 +00000+0 2 99996', 'line2': '2 32293   4.0997  78.8983 0014885 178.2848  47.3095  0.99063511000009', 'epoch': datetime.datetime(2025, 10, 7, 18, 44, 47, 263776)}"
e544528c-7b4b-4e80-8583-27076491bb12,U//PR-EXO-ELSETS,41021,2025-10-07T20:27:38.752312Z,1.002638751789238,41021,False,0.0008740722265352265,0.110803344757121,94.22606861510387,131.4444423251753,201.405569192901,0.0,0.0,0.0,42166.9515692259,1436.210197770911,42203.80853047022,42130.09460798158,41021,1 41021U 15063A   25280.85253186 +.00000000 +00000+0 +00000+0 2 99997,2 41021   0.1108  94.2261 0008740 131.4444 201.4056  1.00263875000004,2025-10-07T21:18:27.872Z,system.exo,EXO,REAL,2,OPS1,"{'NORAD_ID': 41021, 'classification': 'U', 'COSPAR_ID': '15063A', 'BC': 0.0, 'n_ddot': 0.0, 'B_star': 0.0, 'ephemeris_type': 2, 'elset_num': 9999, 'inclination': 0.1108, 'RAAN': 94.2261, 'eccentricity': 0.000874, 'perigee': 131.4444, 'mean_anomaly': 201.4056, 'mean_motion': 1.00263875, 'rev_num': 0, 'line1': '1 41021U 15063A   25280.85253186 +.00000000 +00000+0 +00000+0 2 99997', 'line2': '2 41021   0.1108  94.2261 0008740 131.4444 201.4056  1.00263875000004', 'epoch': datetime.datetime(2025, 10, 7, 20, 27, 38, 752704)}"
61ea2dc1-b9bb-4424-a882-453e3ad75700,U//PR-EXO-ELSETS,50002,2025-10-07T20:27:38.752312Z,1.002776838461627,50002,False,6.75981426256667e-05,0.009885782793091838,237.9802926025077,245.3857267430365,303.3326876535816,0.0,0.0,0.0,42163.08043363066,1436.012425465593,42165.93057955535,42160.23028770597,50002,1 50002U 21123B   25280.85253186 +.00000000 +00000+0 +00000+0 2 99990,2 50002   0.0099 237.9803 0000675 245.3857 303.3327  1.00277683000006,2025-10-07T21:00:33.074Z,system.exo,EXO,REAL,2,OPS1,"{'NORAD_ID': 50002, 'classification': 'U', 'COSPAR_ID': '21123B', 'BC': 0.0, 'n_ddot': 0.0, 'B_star': 0.0, 'ephemeris_type': 2, 'elset_num': 9999, 'inclination': 0.0099, 'RAAN': 237.9803, 'eccentricity': 6.75e-05, 'perigee': 245.3857, 'mean_anomaly': 303.3327, 'mean_motion': 1.00277683, 'rev_num': 0, 'line1': '1 50002U 21123B   25280.85253186 +.00000000 +00000+0 +00000+0 2 99990', 'line2': '2 50002   0.0099 237.9803 0000675 245.3857 303.3327  1.00277683000006', 'epoch': datetime.datetime(2025, 10, 7, 20, 27, 38, 752704)}"
e28087b3-7e6e-488d-bb04-1886290e8748,U//PR-EXO-ELSETS,10001,2025-10-07T20:06:53.310184Z,0.9542287646285622,10001,False,0.003325163709501774,9.363458561644059,301.5574058741028,155.0267973650808,260.5741650925159,0.0,0.0,0.0,43581.30123926158,1509.072094007276,43726.21620055524,43436.38627796792,10001,1 10001U 77034B   25280.83811702 +.00000000 +00000+0 +00000+0 2 99999,2 10001   9.3635 301.5574 0033251 155.0268 260.5742  0.95422876000005,2025-10-07T22:45:29.006Z,system.exo,EXO,REAL,2,OPS1,"{'NORAD_ID': 10001, 'classification': 'U', 'COSPAR_ID': '77034B', 'BC': 0.0, 'n_ddot': 0.0, 'B_star': 0.0, 'ephemeris_type': 2, 'elset_num': 9999, 'inclination': 9.3635, 'RAAN': 301.5574, 'eccentricity': 0.0033251, 'perigee': 155.0268, 'mean_anomaly': 260.5742, 'mean_motion': 0.95422876, 'rev_num': 0, 'line1': '1 10001U 77034B   25280.83811702 +.00000000 +00000+0 +00000+0 2 99999', 'line2': '2 10001   9.3635 301.5574 0033251 155.0268 260.5742  0.95422876000005', 'epoch': datetime.datetime(2025, 10, 7, 20, 6, 53, 310528)}"
78aed224-eec4-4f8d-ad96-f127bb743774,U//PR-EXO-ELSETS,49336,2025-10-06T18:34:36.362023Z,1.002776540380849,49336,False,0.07465434654789375,36.93454493504365,83.35198804208613,270.1305763422484,76.8639663531249,0.0,0.0,0.0,42163.08878910019,1436.012852328094,45310.74663109129,39015.4309471091,49336,1 49336U 21096A   25279.77403197 +.00000000 +00000+0 +00000+0 2 99995,2 49336  36.9345  83.3520 0746543 270.1306  76.8640  1.00277654000009,2025-10-06T19:51:31.186Z,system.exo,EXO,REAL,2,OPS1,"{'NORAD_ID': 49336, 'classification': 'U', 'COSPAR_ID': '21096A', 'BC': 0.0, 'n_ddot': 0.0, 'B_star': 0.0, 'ephemeris_type': 2, 'elset_num': 9999, 'inclination': 36.9345, 'RAAN': 83.352, 'eccentricity': 0.0746543, 'perigee': 270.1306, 'mean_anomaly': 76.864, 'mean_motion': 1.00277654, 'rev_num': 0, 'line1': '1 49336U 21096A   25279.77403197 +.00000000 +00000+0 +00000+0 2 99995', 'line2': '2 49336  36.9345  83.3520 0746543 270.1306  76.8640  1.00277654000009', 'epoch': datetime.datetime(2025, 10, 6, 18, 34, 36, 362208)}"
737c1391-a052-42f3-8e25-c5b522b48327,U//PR-EXO-ELSETS,32478,2025-10-07T19:51:27.118949Z,1.001626721512117,32478,False,0.001479068792951752,4.149811584607985,78.40998613330224,161.6800630333036,178.2336611658916,0.0,0.0,0.0,42195.35007187833,1437.661325394842,42257.75989737731,42132.94024637934,32478,1 32478U 08003A   25280.82739721 +.00000000 +00000+0 +00000+0 2 99990,2 32478   4.1498  78.4100 0014790 161.6801 178.2337  1.00162672000002,2025-10-07T20:21:28.549Z,system.exo,EXO,REAL,2,OPS1,"{'NORAD_ID': 32478, 'classification': 'U', 'COSPAR_ID': '08003A', 'BC': 0.0, 'n_ddot': 0.0, 'B_star': 0.0, 'ephemeris_type': 2, 'elset_num': 9999, 'inclination': 4.1498, 'RAAN': 78.41, 'eccentricity': 0.001479, 'perigee': 161.6801, 'mean_anomaly': 178.2337, 'mean_motion': 1.00162672, 'rev_num': 0, 'line1': '1 32478U 08003A   25280.82739721 +.00000000 +00000+0 +00000+0 2 99990', 'line2': '2 32478   4.1498  78.4100 0014790 161.6801 178.2337  1.00162672000002', 'epoch': datetime.datetime(2025, 10, 7, 19, 51, 27, 118944)}"
0ed799bb-0d99-4c89-b10c-93fa8f3c6a26,U//PR-EXO-ELSETS,43039,2025-10-07T09:14:48.714994Z,1.002684697608293,43039,False,0.0003115786354011927,0.03469756428451417,136.1364666515524,69.53431659462447,284.5382611622398,0.0,0.0,0.0,42165.66342089907,1436.144386600131,42178.80134076853,42152.5255010296,43039,1 43039U 17078A   25280.38528605 +.00000000 +00000+0 +00000+0 2 99995,2 43039   0.0347 136.1365 0003115  69.5343 284.5383  1.00268469000009,2025-10-07T09:33:28.647Z,system.exo,EXO,REAL,2,OPS1,"{'NORAD_ID': 43039, 'classification': 'U', 'COSPAR_ID': '17078A', 'BC': 0.0, 'n_ddot': 0.0, 'B_star': 0.0, 'ephemeris_type': 2, 'elset_num': 9999, 'inclination': 0.0347, 'RAAN': 136.1365, 'eccentricity': 0.0003115, 'perigee': 69.5343, 'mean_anomaly': 284.5383, 'mean_motion': 1.00268469, 'rev_num': 0, 'line1': '1 43039U 17078A   25280.38528605 +.00000000 +00000+0 +00000+0 2 99995', 'line2': '2 43039   0.0347 136.1365 0003115  69.5343 284.5383  1.00268469000009', 'epoch': datetime.datetime(2025, 10, 7, 9, 14, 48, 714720)}"
0ffd6b64-7750-42f9-b419-0cbe1c4593da,U//PR-EXO-ELSETS,27825,2025-10-07T19:40:45.307745Z,1.002691576705768,27825,False,0.0001993930010748341,8.440820012856749,32.92802644147326,250.6865579451425,72.30545782171122,0.0,0.0,0.0,42165.47056529111,1436.13453374263,42173.87806500886,42157.06306557337,27825,1 27825U 03026A   25280.81996884 +.00000000 +00000+0 +00000+0 2 99994,2 27825   8.4408  32.9280 0001993 250.6866  72.3055  1.00269157000002,2025-10-07T20:06:29.187Z,system.exo,EXO,REAL,2,OPS1,"{'NORAD_ID': 27825, 'classification': 'U', 'COSPAR_ID': '03026A', 'BC': 0.0, 'n_ddot': 0.0, 'B_star': 0.0, 'ephemeris_type': 2, 'elset_num': 9999, 'inclination': 8.4408, 'RAAN': 32.928, 'eccentricity': 0.0001993, 'perigee': 250.6866, 'mean_anomaly': 72.3055, 'mean_motion': 1.00269157, 'rev_num': 0, 'line1': '1 27825U 03026A   25280.81996884 +.00000000 +00000+0 +00000+0 2 99994', 'line2': '2 27825   8.4408  32.9280 0001993 250.6866  72.3055  1.00269157000002', 'epoch': datetime.datetime(2025, 10, 7, 19, 40, 45, 307776)}"
b16f13ad-e486-4dd4-90f3-2f108f94d8e9,U//PR-EXO-ELSETS,25354,2025-10-07T18:45:59.436049Z,0.9898585500513305,25354,False,0.0009555863491649207,8.343889561235855,63.64491700675556,154.7632496304152,145.4251105616138,0.0,0.0,0.0,42529.12393026863,1454.753307859317,42569.76418053833,42488.48367999892,25354,1 25354U 98033A   25280.78193792 +.00000000 +00000+0 +00000+0 2 99994,2 25354   8.3439  63.6449 0009555 154.7632 145.4251  0.98985855000001,2025-10-07T19:57:28.687Z,system.exo,EXO,REAL,2,OPS1,"{'NORAD_ID': 25354, 'classification': 'U', 'COSPAR_ID': '98033A', 'BC': 0.0, 'n_ddot': 0.0, 'B_star': 0.0, 'ephemeris_type': 2, 'elset_num': 9999, 'inclination': 8.3439, 'RAAN': 63.6449, 'eccentricity': 0.0009555, 'perigee': 154.7632, 'mean_anomaly': 145.4251, 'mean_motion': 0.98985855, 'rev_num': 0, 'line1': '1 25354U 98033A   25280.78193792 +.00000000 +00000+0 +00000+0 2 99994', 'line2': '2 25354   8.3439  63.6449 0009555 154.7632 145.4251  0.98985855000001', 'epoch': datetime.datetime(2025, 10, 7, 18, 45, 59, 436288)}"
e17faff1-6b82-4a8a-9952-a5ed70c6df39,U//PR-EXO-ELSETS,42984,2025-10-07T20:52:03.453721Z,1.002667605363883,42984,False,0.0001817625043576716,0.03373584945076501,272.6004783525236,307.0814702825666,223.2662417489709,0.0,0.0,0.0,42166.14261179174,1436.168868223685,42173.80683547197,42158.47838811152,42984,1 42984U 17067A   25280.86948442 +.00000000 +00000+0 +00000+0 2 99999,2 42984   0.0337 272.6005 0001817 307.0815 223.2662  1.00266760000006,2025-10-07T21:48:31.817Z,system.exo,EXO,REAL,2,OPS1,"{'NORAD_ID': 42984, 'classification': 'U', 'COSPAR_ID': '17067A', 'BC': 0.0, 'n_ddot': 0.0, 'B_star': 0.0, 'ephemeris_type': 2, 'elset_num': 9999, 'inclination': 0.0337, 'RAAN': 272.6005, 'eccentricity': 0.0001817, 'perigee': 307.0815, 'mean_anomaly': 223.2662, 'mean_motion': 1.0026676, 'rev_num': 0, 'line1': '1 42984U 17067A   25280.86948442 +.00000000 +00000+0 +00000+0 2 99999', 'line2': '2 42984   0.0337 272.6005 0001817 307.0815 223.2662  1.00266760000006', 'epoch': datetime.datetime(2025, 10, 7, 20, 52, 3, 453888)}"
fa152b79-6072-4404-9025-cce8f58e44a2,U//PR-EXO-ELSETS,58995,2025-10-07T20:52:03.453721Z,1.002666993759938,58995,False,0.0001939004179479478,0.01885288647238762,255.494148989419,312.3028353987682,234.9456548995854,0.0,0.0,0.0,42166.15975871203,1436.169744253863,42174.3357947125,42157.98372271155,58995,1 58995U 24035A   25280.86948442 +.00000000 +00000+0 +00000+0 2 99991,2 58995   0.0189 255.4941 0001939 312.3028 234.9457  1.00266699000000,2025-10-07T21:24:29.308Z,system.exo,EXO,REAL,2,OPS1,"{'NORAD_ID': 58995, 'classification': 'U', 'COSPAR_ID': '24035A', 'BC': 0.0, 'n_ddot': 0.0, 'B_star': 0.0, 'ephemeris_type': 2, 'elset_num': 9999, 'inclination': 0.0189, 'RAAN': 255.4941, 'eccentricity': 0.0001939, 'perigee': 312.3028, 'mean_anomaly': 234.9457, 'mean_motion': 1.00266699, 'rev_num': 0, 'line1': '1 58995U 24035A   25280.86948442 +.00000000 +00000+0 +00000+0 2 99991', 'line2': '2 58995   0.0189 255.4941 0001939 312.3028 234.9457  1.00266699000000', 'epoch': datetime.datetime(2025, 10, 7, 20, 52, 3, 453888)}"
ca9dbabf-e1a4-4be9-8d17-560fa4474482,U//PR-EXO-ELSETS,61990,2025-10-07T20:47:50.560826Z,1.013783383958451,61990,False,0.008748850957487442,0.8282582720186445,72.22590479836656,326.6776023291183,317.0805698548177,0.0,0.0,0.0,41857.35196149156,1420.421781206681,42223.55569527774,41491.14822770538,61990,1 61990U 16053G   25280.86655742 +.00000000 +00000+0 +00000+0 2 99999,2 61990   0.8283  72.2259 0087488 326.6776 317.0806  1.01378338000006,2025-10-07T21:42:29.638Z,system.exo,EXO,REAL,2,OPS1,"{'NORAD_ID': 61990, 'classification': 'U', 'COSPAR_ID': '16053G', 'BC': 0.0, 'n_ddot': 0.0, 'B_star': 0.0, 'ephemeris_type': 2, 'elset_num': 9999, 'inclination': 0.8283, 'RAAN': 72.2259, 'eccentricity': 0.0087488, 'perigee': 326.6776, 'mean_anomaly': 317.0806, 'mean_motion': 1.01378338, 'rev_num': 0, 'line1': '1 61990U 16053G   25280.86655742 +.00000000 +00000+0 +00000+0 2 99999', 'line2': '2 61990   0.8283  72.2259 0087488 326.6776 317.0806  1.01378338000006', 'epoch': datetime.datetime(2025, 10, 7, 20, 47, 50, 561088)}"
b90866c1-7181-4fe2-83e0-e1c476b3005f,U//PR-EXO-ELSETS,26985,2025-10-07T18:47:07.506007Z,0.9926265049769966,26985,False,0.0005366346951034056,5.612744663082323,74.72501356840063,119.5952576772961,89.97668489227999,0.0,0.0,0.0,42450.0250443191,1450.696704933716,42472.80520056589,42427.2448880723,26985,1 26985U 01052A   25280.78272576 +.00000000 +00000+0 +00000+0 2 99998,2 26985   5.6127  74.7250 0005366 119.5953  89.9767  0.99262650000006,2025-10-07T19:39:28.731Z,system.exo,EXO,REAL,2,OPS1,"{'NORAD_ID': 26985, 'classification': 'U', 'COSPAR_ID': '01052A', 'BC': 0.0, 'n_ddot': 0.0, 'B_star': 0.0, 'ephemeris_type': 2, 'elset_num': 9999, 'inclination': 5.6127, 'RAAN': 74.725, 'eccentricity': 0.0005366, 'perigee': 119.5953, 'mean_anomaly': 89.9767, 'mean_motion': 0.9926265, 'rev_num': 0, 'line1': '1 26985U 01052A   25280.78272576 +.00000000 +00000+0 +00000+0 2 99998', 'line2': '2 26985   5.6127  74.7250 0005366 119.5953  89.9767  0.99262650000006', 'epoch': datetime.datetime(2025, 10, 7, 18, 47, 7, 505664)}"
535fb506-511e-4969-831f-b6b8a8610561,U//PR-EXO-ELSETS,12930,2025-10-07T20:30:00.273170Z,1.003110676236051,12930,False,0.1027924303953635,5.563497928985552,359.394834653876,41.76714269982088,289.7789456504839,0.0,0.0,0.0,42153.72526135312,1435.534516892273,46486.80913118603,37820.6413915202,12930,1 12930U 81107A   25280.85416983 +.00000000 +00000+0 +00000+0 2 99992,2 12930   5.5635 359.3948 1027924  41.7671 289.7789  1.00311067000002,2025-10-07T22:15:28.224Z,system.exo,EXO,REAL,2,OPS1,"{'NORAD_ID': 12930, 'classification': 'U', 'COSPAR_ID': '81107A', 'BC': 0.0, 'n_ddot': 0.0, 'B_star': 0.0, 'ephemeris_type': 2, 'elset_num': 9999, 'inclination': 5.5635, 'RAAN': 359.3948, 'eccentricity': 0.1027924, 'perigee': 41.7671, 'mean_anomaly': 289.7789, 'mean_motion': 1.00311067, 'rev_num': 0, 'line1': '1 12930U 81107A   25280.85416983 +.00000000 +00000+0 +00000+0 2 99992', 'line2': '2 12930   5.5635 359.3948 1027924  41.7671 289.7789  1.00311067000002', 'epoch': datetime.datetime(2025, 10, 7, 20, 30, 0, 273312)}"
2720b95f-f8c2-439c-b301-832a1afca7f9,U//PR-EXO-ELSETS,52943,2025-10-07T18:47:51.242966Z,0.9866443884795688,52943,False,0.0007274340588371437,3.097757617030191,82.0354742598856,65.40654727381579,219.2513888024319,0.0,0.0,0.0,42621.43774771999,1459.492413694318,42652.44203317429,42590.43346226569,52943,1 52943U 22073D   25280.78323198 +.00000000 +00000+0 +00000+0 2 99994,2 52943   3.0978  82.0355 0007274  65.4065 219.2514  0.98664438000003,2025-10-07T19:18:29.147Z,system.exo,EXO,REAL,2,OPS1,"{'NORAD_ID': 52943, 'classification': 'U', 'COSPAR_ID': '22073D', 'BC': 0.0, 'n_ddot': 0.0, 'B_star': 0.0, 'ephemeris_type': 2, 'elset_num': 9999, 'inclination': 3.0978, 'RAAN': 82.0355, 'eccentricity': 0.0007274, 'perigee': 65.4065, 'mean_anomaly': 219.2514, 'mean_motion': 0.98664438, 'rev_num': 0, 'line1': '1 52943U 22073D   25280.78323198 +.00000000 +00000+0 +00000+0 2 99994', 'line2': '2 52943   3.0978  82.0355 0007274  65.4065 219.2514  0.98664438000003', 'epoch': datetime.datetime(2025, 10, 7, 18, 47, 51, 243072)}"
156740bb-1b14-41b3-a1b8-ee2081a4ed8c,U//PR-EXO-ELSETS,16667,2025-10-07T20:28:46.862182Z,1.002283212785334,16667,False,0.001237132517136508,10.69428269436996,319.5653549451723,147.9857718284999,224.7782714507959,0.0,0.0,0.0,42176.92287577717,1436.719663295823,42229.10131853956,42124.74443301478,16667,1 16667U 86027A   25280.85332016 +.00000000 +00000+0 +00000+0 2 99993,2 16667  10.6943 319.5654 0012371 147.9858 224.7783  1.00228321000002,2025-10-07T21:03:29.103Z,system.exo,EXO,REAL,2,OPS1,"{'NORAD_ID': 16667, 'classification': 'U', 'COSPAR_ID': '86027A', 'BC': 0.0, 'n_ddot': 0.0, 'B_star': 0.0, 'ephemeris_type': 2, 'elset_num': 9999, 'inclination': 10.6943, 'RAAN': 319.5654, 'eccentricity': 0.0012371, 'perigee': 147.9858, 'mean_anomaly': 224.7783, 'mean_motion': 1.00228321, 'rev_num': 0, 'line1': '1 16667U 86027A   25280.85332016 +.00000000 +00000+0 +00000+0 2 99993', 'line2': '2 16667  10.6943 319.5654 0012371 147.9858 224.7783  1.00228321000002', 'epoch': datetime.datetime(2025, 10, 7, 20, 28, 46, 861824)}"
b3555025-bb0d-48d5-b5a5-f6b2e66e0bf5,U//PR-EXO-ELSETS,43228,2025-10-07T08:24:11.549734Z,1.00264698898038,43228,False,0.0002454577059356315,0.04436464161423742,51.42805854400853,143.3684968129522,277.5319338218675,0.0,0.0,0.0,42166.72062206345,1436.198398665094,42177.07076857417,42156.37047555274,43228,1 43228U 18023A   25280.35013368 +.00000000 +00000+0 +00000+0 2 99998,2 43228   0.0444  51.4281 0002454 143.3685 277.5319  1.00264698000009,2025-10-07T09:06:29.881Z,system.exo,EXO,REAL,2,OPS1,"{'NORAD_ID': 43228, 'classification': 'U', 'COSPAR_ID': '18023A', 'BC': 0.0, 'n_ddot': 0.0, 'B_star': 0.0, 'ephemeris_type': 2, 'elset_num': 9999, 'inclination': 0.0444, 'RAAN': 51.4281, 'eccentricity': 0.0002454, 'perigee': 143.3685, 'mean_anomaly': 277.5319, 'mean_motion': 1.00264698, 'rev_num': 0, 'line1': '1 43228U 18023A   25280.35013368 +.00000000 +00000+0 +00000+0 2 99998', 'line2': '2 43228   0.0444  51.4281 0002454 143.3685 277.5319  1.00264698000009', 'epoch': datetime.datetime(2025, 10, 7, 8, 24, 11, 549952)}"
26ac38ad-8945-4a28-9c15-cafd484e5131,U//PR-EXO-ELSETS,12851,2025-10-07T19:29:56.654333Z,1.010066121716742,12851,False,0.0001655329883049151,6.604715836167975,292.9950557169331,29.00916597183932,97.3597767126129,0.0,0.0,0.0,41959.9851583613,1425.649241212573,41966.93092009379,41953.0393966288,12851,1 12851U 81061F   25280.81246128 +.00000000 +00000+0 +00000+0 2 99991,2 12851   6.6047 292.9951 0001655  29.0092  97.3598  1.01006612000006,2025-10-07T22:12:29.918Z,system.exo,EXO,REAL,2,OPS1,"{'NORAD_ID': 12851, 'classification': 'U', 'COSPAR_ID': '81061F', 'BC': 0.0, 'n_ddot': 0.0, 'B_star': 0.0, 'ephemeris_type': 2, 'elset_num': 9999, 'inclination': 6.6047, 'RAAN': 292.9951, 'eccentricity': 0.0001655, 'perigee': 29.0092, 'mean_anomaly': 97.3598, 'mean_motion': 1.01006612, 'rev_num': 0, 'line1': '1 12851U 81061F   25280.81246128 +.00000000 +00000+0 +00000+0 2 99991', 'line2': '2 12851   6.6047 292.9951 0001655  29.0092  97.3598  1.01006612000006', 'epoch': datetime.datetime(2025, 10, 7, 19, 29, 56, 654592)}"
9561f65e-b131-4d6b-ab1d-8d12e4910cd2,U//PR-EXO-ELSETS,33111,2025-10-07T20:51:21.759037Z,1.002340743385187,33111,False,0.002875365470448266,10.07635596394188,43.22253741500908,331.5283836762068,24.0240471228206,0.0,0.0,0.0,42175.30899553319,1436.637200974905,42296.57842272443,42054.03956834195,33111,1 33111U 08033D   25280.86900184 +.00000000 +00000+0 +00000+0 2 99995,2 33111  10.0764  43.2225 0028753 331.5284  24.0240  1.00234074000001,2025-10-07T21:24:29.296Z,system.exo,EXO,REAL,2,OPS1,"{'NORAD_ID': 33111, 'classification': 'U', 'COSPAR_ID': '08033D', 'BC': 0.0, 'n_ddot': 0.0, 'B_star': 0.0, 'ephemeris_type': 2, 'elset_num': 9999, 'inclination': 10.0764, 'RAAN': 43.2225, 'eccentricity': 0.0028753, 'perigee': 331.5284, 'mean_anomaly': 24.024, 'mean_motion': 1.00234074, 'rev_num': 0, 'line1': '1 33111U 08033D   25280.86900184 +.00000000 +00000+0 +00000+0 2 99995', 'line2': '2 33111  10.0764  43.2225 0028753 331.5284  24.0240  1.00234074000001', 'epoch': datetime.datetime(2025, 10, 7, 20, 51, 21, 758976)}"
351db194-0691-42b6-bc8d-6b109f31ac43,U//PR-EXO-ELSETS,23686,2025-10-07T18:49:26.471900Z,0.9878531147059711,23686,False,0.0002429269357203482,11.03443822547578,42.46467328582932,23.27165526111907,302.1956181658654,0.0,0.0,0.0,42586.66323813972,1457.706594799377,42597.00868574272,42576.31779053673,23686,1 23686U 95055A   25280.78433417 +.00000000 +00000+0 +00000+0 2 99992,2 23686  11.0344  42.4647 0002429  23.2717 302.1956  0.98785311000004,2025-10-07T21:03:29.113Z,system.exo,EXO,REAL,2,OPS1,"{'NORAD_ID': 23686, 'classification': 'U', 'COSPAR_ID': '95055A', 'BC': 0.0, 'n_ddot': 0.0, 'B_star': 0.0, 'ephemeris_type': 2, 'elset_num': 9999, 'inclination': 11.0344, 'RAAN': 42.4647, 'eccentricity': 0.0002429, 'perigee': 23.2717, 'mean_anomaly': 302.1956, 'mean_motion': 0.98785311, 'rev_num': 0, 'line1': '1 23686U 95055A   25280.78433417 +.00000000 +00000+0 +00000+0 2 99992', 'line2': '2 23686  11.0344  42.4647 0002429  23.2717 302.1956  0.98785311000004', 'epoch': datetime.datetime(2025, 10, 7, 18, 49, 26, 472288)}"
d74f7873-b11b-43e0-870c-686aec38077b,U//PR-EXO-ELSETS,14160,2025-10-07T09:28:54.933056Z,0.9834571933251487,14160,False,0.001287784645953567,9.822709348603771,314.1236451078974,334.5182730236904,191.5739860638196,0.0,0.0,0.0,42713.4733223989,1464.222347219042,42768.47907751883,42658.46756727896,14160,1 14160U 83066A   25280.39508024 +.00000000 +00000+0 +00000+0 2 99992,2 14160   9.8227 314.1236 0012877 334.5183 191.5740  0.98345719000007,2025-10-07T09:57:28.088Z,system.exo,EXO,REAL,2,OPS1,"{'NORAD_ID': 14160, 'classification': 'U', 'COSPAR_ID': '83066A', 'BC': 0.0, 'n_ddot': 0.0, 'B_star': 0.0, 'ephemeris_type': 2, 'elset_num': 9999, 'inclination': 9.8227, 'RAAN': 314.1236, 'eccentricity': 0.0012877, 'perigee': 334.5183, 'mean_anomaly': 191.574, 'mean_motion': 0.98345719, 'rev_num': 0, 'line1': '1 14160U 83066A   25280.39508024 +.00000000 +00000+0 +00000+0 2 99992', 'line2': '2 14160   9.8227 314.1236 0012877 334.5183 191.5740  0.98345719000007', 'epoch': datetime.datetime(2025, 10, 7, 9, 28, 54, 932736)}"
a971e9ed-a74a-4175-8f83-f2407edba04e,U//PR-EXO-ELSETS,38254,2025-10-07T20:48:36.463937Z,1.002676358283427,38254,False,0.0003560475301383519,6.063264492247855,59.22582256808323,150.2680177711535,102.9887461350832,0.0,0.0,0.0,42165.89721696239,1436.156331106946,42180.91028052256,42150.88415340222,38254,1 38254U 12019A   25280.86708870 +.00000000 +00000+0 +00000+0 2 99995,2 38254   6.0633  59.2258 0003560 150.2680 102.9887  1.00267635000004,2025-10-07T21:30:29.160Z,system.exo,EXO,REAL,2,OPS1,"{'NORAD_ID': 38254, 'classification': 'U', 'COSPAR_ID': '12019A', 'BC': 0.0, 'n_ddot': 0.0, 'B_star': 0.0, 'ephemeris_type': 2, 'elset_num': 9999, 'inclination': 6.0633, 'RAAN': 59.2258, 'eccentricity': 0.000356, 'perigee': 150.268, 'mean_anomaly': 102.9887, 'mean_motion': 1.00267635, 'rev_num': 0, 'line1': '1 38254U 12019A   25280.86708870 +.00000000 +00000+0 +00000+0 2 99995', 'line2': '2 38254   6.0633  59.2258 0003560 150.2680 102.9887  1.00267635000004', 'epoch': datetime.datetime(2025, 10, 7, 20, 48, 36, 463680)}"
05bafb3c-f205-499a-813d-4575cc065c95,U//PR-EXO-ELSETS,41945,2025-10-07T20:44:11.137032Z,1.002690876732075,41945,False,6.502708646326629e-05,0.00639857337314331,184.7664000167961,177.4325948897913,282.4479490796842,0.0,0.0,0.0,42165.49018896402,1436.135536301261,42168.2320879403,42162.74828998774,41945,1 41945U 17007B   25280.86401779 +.00000000 +00000+0 +00000+0 2 99996,2 41945   0.0064 184.7664 0000650 177.4326 282.4479  1.00269087000001,2025-10-07T21:36:29.815Z,system.exo,EXO,REAL,2,OPS1,"{'NORAD_ID': 41945, 'classification': 'U', 'COSPAR_ID': '17007B', 'BC': 0.0, 'n_ddot': 0.0, 'B_star': 0.0, 'ephemeris_type': 2, 'elset_num': 9999, 'inclination': 0.0064, 'RAAN': 184.7664, 'eccentricity': 6.5e-05, 'perigee': 177.4326, 'mean_anomaly': 282.4479, 'mean_motion': 1.00269087, 'rev_num': 0, 'line1': '1 41945U 17007B   25280.86401779 +.00000000 +00000+0 +00000+0 2 99996', 'line2': '2 41945   0.0064 184.7664 0000650 177.4326 282.4479  1.00269087000001', 'epoch': datetime.datetime(2025, 10, 7, 20, 44, 11, 137056)}"
d712f8f6-b1c7-41a3-9324-21a4ee13a192,U//PR-EXO-ELSETS,32258,2025-10-07T09:24:10.469984Z,1.002667057495752,32258,False,6.687649755344204e-05,0.132695510307502,86.66179116969913,161.4486846895398,226.7379154127232,0.0,0.0,0.0,42166.15797181476,1436.169652961896,42168.9778967752,42163.33804685432,32258,1 32258U 07046A   25280.39178785 +.00000000 +00000+0 +00000+0 2 99991,2 32258   0.1327  86.6618 0000668 161.4487 226.7379  1.00266705000004,2025-10-07T10:36:28.921Z,system.exo,EXO,REAL,2,OPS1,"{'NORAD_ID': 32258, 'classification': 'U', 'COSPAR_ID': '07046A', 'BC': 0.0, 'n_ddot': 0.0, 'B_star': 0.0, 'ephemeris_type': 2, 'elset_num': 9999, 'inclination': 0.1327, 'RAAN': 86.6618, 'eccentricity': 6.68e-05, 'perigee': 161.4487, 'mean_anomaly': 226.7379, 'mean_motion': 1.00266705, 'rev_num': 0, 'line1': '1 32258U 07046A   25280.39178785 +.00000000 +00000+0 +00000+0 2 99991', 'line2': '2 32258   0.1327  86.6618 0000668 161.4487 226.7379  1.00266705000004', 'epoch': datetime.datetime(2025, 10, 7, 9, 24, 10, 470240)}"
12e2f80d-432a-432e-ba72-cc5cc3650a61,U//PR-EXO-ELSETS,15181,2025-10-07T19:02:01.248735Z,1.003365293119184,15181,False,0.002345442744012249,9.441998863227997,315.3474594633756,209.9988075640527,186.5383489558383,0.0,0.0,0.0,42146.5935920897,1435.170231495092,42245.4460142151,42047.74116996431,15181,1 15181U 84078F   25280.79307001 +.00000000 +00000+0 +00000+0 2 99996,2 15181   9.4420 315.3475 0023454 209.9988 186.5383  1.00336529000001,2025-10-07T19:39:28.724Z,system.exo,EXO,REAL,2,OPS1,"{'NORAD_ID': 15181, 'classification': 'U', 'COSPAR_ID': '84078F', 'BC': 0.0, 'n_ddot': 0.0, 'B_star': 0.0, 'ephemeris_type': 2, 'elset_num': 9999, 'inclination': 9.442, 'RAAN': 315.3475, 'eccentricity': 0.0023454, 'perigee': 209.9988, 'mean_anomaly': 186.5383, 'mean_motion': 1.00336529, 'rev_num': 0, 'line1': '1 15181U 84078F   25280.79307001 +.00000000 +00000+0 +00000+0 2 99996', 'line2': '2 15181   9.4420 315.3475 0023454 209.9988 186.5383  1.00336529000001', 'epoch': datetime.datetime(2025, 10, 7, 19, 2, 1, 248864)}"
82297e8e-a6bb-4d34-87b8-fb92524b71bb,U//PR-EXO-ELSETS,12940,2025-10-07T18:50:42.871043Z,1.990993032467812,12940,False,0.6648159515252868,65.83653794504562,270.1723523011008,349.0740189481703,202.1857846601503,0.0,0.0,0.0,26690.41760920831,723.2571769551283,44434.63298868141,8946.202229735218,12940,1 12940U 81108D   25280.78521841 +.00000000 +00000+0 +00000+0 2 99996,2 12940  65.8365 270.1724 6648159 349.0740 202.1858  1.99099303000009,2025-10-07T20:57:28.667Z,system.exo,EXO,REAL,2,OPS1,"{'NORAD_ID': 12940, 'classification': 'U', 'COSPAR_ID': '81108D', 'BC': 0.0, 'n_ddot': 0.0, 'B_star': 0.0, 'ephemeris_type': 2, 'elset_num': 9999, 'inclination': 65.8365, 'RAAN': 270.1724, 'eccentricity': 0.6648159, 'perigee': 349.074, 'mean_anomaly': 202.1858, 'mean_motion': 1.99099303, 'rev_num': 0, 'line1': '1 12940U 81108D   25280.78521841 +.00000000 +00000+0 +00000+0 2 99996', 'line2': '2 12940  65.8365 270.1724 6648159 349.0740 202.1858  1.99099303000009', 'epoch': datetime.datetime(2025, 10, 7, 18, 50, 42, 870624)}"
fd85c3d9-0e2a-4e45-8706-105c011f0926,U//PR-EXO-ELSETS,11708,2025-10-07T20:16:07.175254Z,1.002408865353295,11708,False,0.0003160676485318482,6.342368930244437,289.0887802493875,297.7167260688036,198.9371525608341,0.0,0.0,0.0,42173.39819998454,1436.539569602148,42186.72784678421,42160.06855318487,11708,1 11708U 80016A   25280.84452749 +.00000000 +00000+0 +00000+0 2 99991,2 11708   6.3424 289.0888 0003160 297.7167 198.9372  1.00240886000008,2025-10-07T23:06:29.007Z,system.exo,EXO,REAL,2,OPS1,"{'NORAD_ID': 11708, 'classification': 'U', 'COSPAR_ID': '80016A', 'BC': 0.0, 'n_ddot': 0.0, 'B_star': 0.0, 'ephemeris_type': 2, 'elset_num': 9999, 'inclination': 6.3424, 'RAAN': 289.0888, 'eccentricity': 0.000316, 'perigee': 297.7167, 'mean_anomaly': 198.9372, 'mean_motion': 1.00240886, 'rev_num': 0, 'line1': '1 11708U 80016A   25280.84452749 +.00000000 +00000+0 +00000+0 2 99991', 'line2': '2 11708   6.3424 289.0888 0003160 297.7167 198.9372  1.00240886000008', 'epoch': datetime.datetime(2025, 10, 7, 20, 16, 7, 175136)}"
f165c07f-db26-45d8-996a-9fc22bd09ff5,U//PR-EXO-ELSETS,39172,2025-10-07T20:46:21.908883Z,1.00267280876375,39172,False,0.0001817918271635407,0.0200883195378957,337.2809360883272,222.4270040803599,88.16698323230446,0.0,0.0,0.0,42165.99673004533,1436.161415183338,42173.66216363506,42158.3312964556,39172,1 39172U 13026A   25280.86553135 +.00000000 +00000+0 +00000+0 2 99996,2 39172   0.0201 337.2809 0001817 222.4270  88.1670  1.00267280000001,2025-10-07T21:30:29.162Z,system.exo,EXO,REAL,2,OPS1,"{'NORAD_ID': 39172, 'classification': 'U', 'COSPAR_ID': '13026A', 'BC': 0.0, 'n_ddot': 0.0, 'B_star': 0.0, 'ephemeris_type': 2, 'elset_num': 9999, 'inclination': 0.0201, 'RAAN': 337.2809, 'eccentricity': 0.0001817, 'perigee': 222.427, 'mean_anomaly': 88.167, 'mean_motion': 1.0026728, 'rev_num': 0, 'line1': '1 39172U 13026A   25280.86553135 +.00000000 +00000+0 +00000+0 2 99996', 'line2': '2 39172   0.0201 337.2809 0001817 222.4270  88.1670  1.00267280000001', 'epoch': datetime.datetime(2025, 10, 7, 20, 46, 21, 908640)}"
f219b1a8-b749-41c4-8acd-05005be846e8,U//PR-EXO-ELSETS,24846,2025-10-07T18:54:01.479863Z,0.9810370737435002,24846,False,0.002261847506092267,10.88332186026381,45.04514703406333,276.5957747318238,80.86949286403319,0.0,0.0,0.0,42783.69102787163,1467.83443616984,42880.46121272445,42686.92084301882,24846,1 24846U 97031A   25280.78751713 +.00000000 +00000+0 +00000+0 2 99999,2 24846  10.8833  45.0451 0022618 276.5958  80.8695  0.98103707000000,2025-10-07T19:18:29.127Z,system.exo,EXO,REAL,2,OPS1,"{'NORAD_ID': 24846, 'classification': 'U', 'COSPAR_ID': '97031A', 'BC': 0.0, 'n_ddot': 0.0, 'B_star': 0.0, 'ephemeris_type': 2, 'elset_num': 9999, 'inclination': 10.8833, 'RAAN': 45.0451, 'eccentricity': 0.0022618, 'perigee': 276.5958, 'mean_anomaly': 80.8695, 'mean_motion': 0.98103707, 'rev_num': 0, 'line1': '1 24846U 97031A   25280.78751713 +.00000000 +00000+0 +00000+0 2 99999', 'line2': '2 24846  10.8833  45.0451 0022618 276.5958  80.8695  0.98103707000000', 'epoch': datetime.datetime(2025, 10, 7, 18, 54, 1, 480032)}"
a78cd7e3-0d60-4e30-a743-8e683881954c,U//PR-EXO-ELSETS,25546,2025-10-07T19:22:47.283095Z,0.9903207967337557,25546,False,8.025604227253398e-05,10.35703640576427,48.63446428095827,99.77224473469364,261.9423313731753,0.0,0.0,0.0,42515.88884107636,1454.074280525423,42519.30099804845,42512.47668410427,25546,1 25546U 98068A   25280.80749170 +.00000000 +00000+0 +00000+0 2 99995,2 25546  10.3570  48.6345 0000802  99.7722 261.9423  0.99032079000002,2025-10-07T23:33:30.209Z,system.exo,EXO,REAL,2,OPS1,"{'NORAD_ID': 25546, 'classification': 'U', 'COSPAR_ID': '98068A', 'BC': 0.0, 'n_ddot': 0.0, 'B_star': 0.0, 'ephemeris_type': 2, 'elset_num': 9999, 'inclination': 10.357, 'RAAN': 48.6345, 'eccentricity': 8.02e-05, 'perigee': 99.7722, 'mean_anomaly': 261.9423, 'mean_motion': 0.99032079, 'rev_num': 0, 'line1': '1 25546U 98068A   25280.80749170 +.00000000 +00000+0 +00000+0 2 99995', 'line2': '2 25546  10.3570  48.6345 0000802  99.7722 261.9423  0.99032079000002', 'epoch': datetime.datetime(2025, 10, 7, 19, 22, 47, 282880)}"
6014be2a-ffd3-4222-b435-6309dbbf4478,U//PR-EXO-ELSETS,26495,2025-10-07T18:51:58.132152Z,0.9913207659218203,26495,False,0.0009215701821307522,6.268240288883685,73.27460012812072,119.5227951505352,82.4525184980268,0.0,0.0,0.0,42487.29282984728,1452.607520695844,42526.44785203872,42448.13780765583,26495,1 26495U 00054B   25280.78608949 +.00000000 +00000+0 +00000+0 2 99992,2 26495   6.2682  73.2746 0009215 119.5228  82.4525  0.99132076000009,2025-10-07T20:33:29.134Z,system.exo,EXO,REAL,2,OPS1,"{'NORAD_ID': 26495, 'classification': 'U', 'COSPAR_ID': '00054B', 'BC': 0.0, 'n_ddot': 0.0, 'B_star': 0.0, 'ephemeris_type': 2, 'elset_num': 9999, 'inclination': 6.2682, 'RAAN': 73.2746, 'eccentricity': 0.0009215, 'perigee': 119.5228, 'mean_anomaly': 82.4525, 'mean_motion': 0.99132076, 'rev_num': 0, 'line1': '1 26495U 00054B   25280.78608949 +.00000000 +00000+0 +00000+0 2 99992', 'line2': '2 26495   6.2682  73.2746 0009215 119.5228  82.4525  0.99132076000009', 'epoch': datetime.datetime(2025, 10, 7, 18, 51, 58, 131936)}"
d02fa492-61b2-4ecb-9f66-7760dc5082f0,U//PR-EXO-ELSETS,12447,2025-10-07T20:27:53.545875Z,0.9997112125656261,12447,False,0.0004005284889318915,6.786735465416735,292.5537028887928,24.74673580365424,341.5611936437724,0.0,0.0,0.0,42249.23215326697,1440.415974033572,42266.15417437985,42232.3101321541,12447,1 12447U 80081F   25280.85270308 +.00000000 +00000+0 +00000+0 2 99994,2 12447   6.7867 292.5537 0004005  24.7467 341.5612  0.99971121000007,2025-10-07T21:45:30.604Z,system.exo,EXO,REAL,2,OPS1,"{'NORAD_ID': 12447, 'classification': 'U', 'COSPAR_ID': '80081F', 'BC': 0.0, 'n_ddot': 0.0, 'B_star': 0.0, 'ephemeris_type': 2, 'elset_num': 9999, 'inclination': 6.7867, 'RAAN': 292.5537, 'eccentricity': 0.0004005, 'perigee': 24.7467, 'mean_anomaly': 341.5612, 'mean_motion': 0.99971121, 'rev_num': 0, 'line1': '1 12447U 80081F   25280.85270308 +.00000000 +00000+0 +00000+0 2 99994', 'line2': '2 12447   6.7867 292.5537 0004005  24.7467 341.5612  0.99971121000007', 'epoch': datetime.datetime(2025, 10, 7, 20, 27, 53, 546112)}"
baa18c21-4162-40dc-99c3-63982394d1cd,U//PR-EXO-ELSETS,40374,2025-10-07T05:38:30.320051Z,1.00263937807165,40374,False,0.006083538476167737,4.0399798053888,41.88445997840275,179.8389522312443,223.579647272163,0.0,0.0,0.0,42166.9340099562,1436.209300665524,42423.45817542779,41910.4098444846,40374,1 40374U 15002A   25280.23507315 +.00000000 +00000+0 +00000+0 2 99998,2 40374   4.0400  41.8845 0060835 179.8390 223.5796  1.00263937000002,2025-10-07T06:08:31.949Z,system.exo,EXO,REAL,2,OPS1,"{'NORAD_ID': 40374, 'classification': 'U', 'COSPAR_ID': '15002A', 'BC': 0.0, 'n_ddot': 0.0, 'B_star': 0.0, 'ephemeris_type': 2, 'elset_num': 9999, 'inclination': 4.04, 'RAAN': 41.8845, 'eccentricity': 0.0060835, 'perigee': 179.839, 'mean_anomaly': 223.5796, 'mean_motion': 1.00263937, 'rev_num': 0, 'line1': '1 40374U 15002A   25280.23507315 +.00000000 +00000+0 +00000+0 2 99998', 'line2': '2 40374   4.0400  41.8845 0060835 179.8390 223.5796  1.00263937000002', 'epoch': datetime.datetime(2025, 10, 7, 5, 38, 30, 320160)}"
d64a4ac8-87df-4e99-985b-1d62b8a693f5,U//PR-EXO-ELSETS,41942,2025-10-07T08:09:30.973219Z,1.002681767476051,41942,False,0.0001092346966192213,0.02947932137736441,337.2559108104773,212.4940324463696,272.8882273016639,0.0,0.0,0.0,42165.74556787313,1436.148583438159,42170.35153029796,42161.1396054483,41942,1 41942U 17006A   25280.33994182 +.00000000 +00000+0 +00000+0 2 99999,2 41942   0.0295 337.2559 0001092 212.4940 272.8882  1.00268176000004,2025-10-07T09:09:31.086Z,system.exo,EXO,REAL,2,OPS1,"{'NORAD_ID': 41942, 'classification': 'U', 'COSPAR_ID': '17006A', 'BC': 0.0, 'n_ddot': 0.0, 'B_star': 0.0, 'ephemeris_type': 2, 'elset_num': 9999, 'inclination': 0.0295, 'RAAN': 337.2559, 'eccentricity': 0.0001092, 'perigee': 212.494, 'mean_anomaly': 272.8882, 'mean_motion': 1.00268176, 'rev_num': 0, 'line1': '1 41942U 17006A   25280.33994182 +.00000000 +00000+0 +00000+0 2 99999', 'line2': '2 41942   0.0295 337.2559 0001092 212.4940 272.8882  1.00268176000004', 'epoch': datetime.datetime(2025, 10, 7, 8, 9, 30, 973248)}"
e4a68782-a846-4fa4-9262-4dfbceed0fd2,U//PR-EXO-ELSETS,41745,2025-10-07T20:19:30.592055Z,1.003368018270039,41745,False,4.011131757504528e-05,3.517637593881373,80.46622559951636,171.9179886809699,171.4103510507105,0.0,0.0,0.0,42146.51727853013,1435.166333567998,42148.20783086937,42144.82672619089,41745,1 41745U 16052B   25280.84688185 +.00000000 +00000+0 +00000+0 2 99999,2 41745   3.5176  80.4662 0000401 171.9180 171.4104  1.00336801000003,2025-10-07T20:51:28.056Z,system.exo,EXO,REAL,2,OPS1,"{'NORAD_ID': 41745, 'classification': 'U', 'COSPAR_ID': '16052B', 'BC': 0.0, 'n_ddot': 0.0, 'B_star': 0.0, 'ephemeris_type': 2, 'elset_num': 9999, 'inclination': 3.5176, 'RAAN': 80.4662, 'eccentricity': 4.01e-05, 'perigee': 171.918, 'mean_anomaly': 171.4104, 'mean_motion': 1.00336801, 'rev_num': 0, 'line1': '1 41745U 16052B   25280.84688185 +.00000000 +00000+0 +00000+0 2 99999', 'line2': '2 41745   3.5176  80.4662 0000401 171.9180 171.4104  1.00336801000003', 'epoch': datetime.datetime(2025, 10, 7, 20, 19, 30, 591840)}"
26c741d9-ba19-4db6-bf39-85b89580b111,U//PR-EXO-ELSETS,27811,2025-10-07T05:05:26.956035Z,1.002673625910369,27811,False,0.0009490945443908817,6.719386724409222,70.88737175087779,150.1049813490406,221.5471095879289,0.0,0.0,0.0,42165.97382075863,1436.160244758173,42205.99331647084,42125.95432504643,27811,1 27811U 03020A   25280.21211755 +.00000000 +00000+0 +00000+0 2 99994,2 27811   6.7194  70.8874 0009490 150.1050 221.5471  1.00267362000005,2025-10-07T05:27:30.142Z,system.exo,EXO,REAL,2,OPS1,"{'NORAD_ID': 27811, 'classification': 'U', 'COSPAR_ID': '03020A', 'BC': 0.0, 'n_ddot': 0.0, 'B_star': 0.0, 'ephemeris_type': 2, 'elset_num': 9999, 'inclination': 6.7194, 'RAAN': 70.8874, 'eccentricity': 0.000949, 'perigee': 150.105, 'mean_anomaly': 221.5471, 'mean_motion': 1.00267362, 'rev_num': 0, 'line1': '1 27811U 03020A   25280.21211755 +.00000000 +00000+0 +00000+0 2 99994', 'line2': '2 27811   6.7194  70.8874 0009490 150.1050 221.5471  1.00267362000005', 'epoch': datetime.datetime(2025, 10, 7, 5, 5, 26, 956320)}"
b8f0ee65-a786-4a11-8363-0439881fa715,U//PR-EXO-ELSETS,6973,2025-10-07T19:01:12.098328Z,0.9765326451796736,6973,False,0.003165579960227812,5.756727936331919,279.0511813929185,232.7049153426208,136.3207589009014,0.0,0.0,0.0,42915.15495633608,1474.605080647409,43051.00631085593,42779.30360181623,6973,1 06973U 73100A   25280.79250114 +.00000000 +00000+0 +00000+0 2 99991,2 06973   5.7567 279.0512 0031655 232.7049 136.3208  0.97653264000005,2025-10-07T19:27:29.215Z,system.exo,EXO,REAL,2,OPS1,"{'NORAD_ID': 6973, 'classification': 'U', 'COSPAR_ID': '73100A', 'BC': 0.0, 'n_ddot': 0.0, 'B_star': 0.0, 'ephemeris_type': 2, 'elset_num': 9999, 'inclination': 5.7567, 'RAAN': 279.0512, 'eccentricity': 0.0031655, 'perigee': 232.7049, 'mean_anomaly': 136.3208, 'mean_motion': 0.97653264, 'rev_num': 0, 'line1': '1 06973U 73100A   25280.79250114 +.00000000 +00000+0 +00000+0 2 99991', 'line2': '2 06973   5.7567 279.0512 0031655 232.7049 136.3208  0.97653264000005', 'epoch': datetime.datetime(2025, 10, 7, 19, 1, 12, 98496)}"
f9fb6ecc-8f88-403d-aeeb-7c141b7c8968,U//PR-EXO-ELSETS,41585,2025-10-07T18:55:26.116861Z,1.040747475943191,41585,False,0.02298245725032244,5.561063171593887,356.7745482971526,250.8340629954728,33.9924316126831,0.0,0.0,0.0,41131.22254599919,1383.620939070721,42076.51910981612,40185.92598218226,41585,1 41585U 16036B   25280.78849672 +.00000000 +00000+0 +00000+0 2 99996,2 41585   5.5611 356.7745 0229824 250.8341  33.9924  1.04074747000004,2025-10-07T19:15:29.302Z,system.exo,EXO,REAL,2,OPS1,"{'NORAD_ID': 41585, 'classification': 'U', 'COSPAR_ID': '16036B', 'BC': 0.0, 'n_ddot': 0.0, 'B_star': 0.0, 'ephemeris_type': 2, 'elset_num': 9999, 'inclination': 5.5611, 'RAAN': 356.7745, 'eccentricity': 0.0229824, 'perigee': 250.8341, 'mean_anomaly': 33.9924, 'mean_motion': 1.04074747, 'rev_num': 0, 'line1': '1 41585U 16036B   25280.78849672 +.00000000 +00000+0 +00000+0 2 99996', 'line2': '2 41585   5.5611 356.7745 0229824 250.8341  33.9924  1.04074747000004', 'epoch': datetime.datetime(2025, 10, 7, 18, 55, 26, 116608)}"
19ea47e2-9563-4844-aad3-5bf7bdac2c7b,U//PR-EXO-ELSETS,62454,2025-10-07T19:20:42.421652Z,1.002828303015299,62454,False,0.7513955937119494,8.848697082407273,338.1300741561112,224.4519916132721,52.04594632029832,0.0,0.0,0.0,42161.63789843991,1435.938730159704,73841.70683900638,10481.56895787343,62454,1 62454U 24252A   25280.80604655 +.00000000 +00000+0 +00000+0 2 99996,2 62454   8.8487 338.1301 7513955 224.4520  52.0459  1.00282830000000,2025-10-07T19:45:29.896Z,system.exo,EXO,REAL,2,OPS1,"{'NORAD_ID': 62454, 'classification': 'U', 'COSPAR_ID': '24252A', 'BC': 0.0, 'n_ddot': 0.0, 'B_star': 0.0, 'ephemeris_type': 2, 'elset_num': 9999, 'inclination': 8.8487, 'RAAN': 338.1301, 'eccentricity': 0.7513955, 'perigee': 224.452, 'mean_anomaly': 52.0459, 'mean_motion': 1.0028283, 'rev_num': 0, 'line1': '1 62454U 24252A   25280.80604655 +.00000000 +00000+0 +00000+0 2 99996', 'line2': '2 62454   8.8487 338.1301 7513955 224.4520  52.0459  1.00282830000000', 'epoch': datetime.datetime(2025, 10, 7, 19, 20, 42, 421920)}"
75ff5ccf-0d06-4404-a624-b145d3b87f12,U//PR-EXO-ELSETS,27403,2025-10-07T19:44:59.810971Z,0.9901899571183045,27403,False,0.0009336015426206642,7.076935760950032,69.49622161756898,155.9885076051207,76.98231492384153,0.0,0.0,0.0,42519.63400802269,1454.266415901402,42559.33040392424,42479.93761212113,27403,1 27403U 02016A   25280.82291448 +.00000000 +00000+0 +00000+0 2 99999,2 27403   7.0769  69.4962 0009336 155.9885  76.9823  0.99018995000000,2025-10-07T20:09:28.788Z,system.exo,EXO,REAL,2,OPS1,"{'NORAD_ID': 27403, 'classification': 'U', 'COSPAR_ID': '02016A', 'BC': 0.0, 'n_ddot': 0.0, 'B_star': 0.0, 'ephemeris_type': 2, 'elset_num': 9999, 'inclination': 7.0769, 'RAAN': 69.4962, 'eccentricity': 0.0009336, 'perigee': 155.9885, 'mean_anomaly': 76.9823, 'mean_motion': 0.99018995, 'rev_num': 0, 'line1': '1 27403U 02016A   25280.82291448 +.00000000 +00000+0 +00000+0 2 99999', 'line2': '2 27403   7.0769  69.4962 0009336 155.9885  76.9823  0.99018995000000', 'epoch': datetime.datetime(2025, 10, 7, 19, 44, 59, 811072)}"
d19005fe-e861-4912-b9bb-59e7cfdaf222,U//PR-EXO-ELSETS,23010,2025-10-07T18:55:23.881508Z,1.002520287508601,23010,False,0.0003270520553826714,14.23928849968611,350.1052975003813,182.9782916518342,232.0873326572009,0.0,0.0,0.0,42170.27331694025,1436.379909656089,42184.0651915046,42156.48144237589,23010,1 23010U 94012A   25280.78847085 +.00000000 +00000+0 +00000+0 2 99995,2 23010  14.2393 350.1053 0003270 182.9783 232.0873  1.00252028000002,2025-10-07T20:48:29.221Z,system.exo,EXO,REAL,2,OPS1,"{'NORAD_ID': 23010, 'classification': 'U', 'COSPAR_ID': '94012A', 'BC': 0.0, 'n_ddot': 0.0, 'B_star': 0.0, 'ephemeris_type': 2, 'elset_num': 9999, 'inclination': 14.2393, 'RAAN': 350.1053, 'eccentricity': 0.000327, 'perigee': 182.9783, 'mean_anomaly': 232.0873, 'mean_motion': 1.00252028, 'rev_num': 0, 'line1': '1 23010U 94012A   25280.78847085 +.00000000 +00000+0 +00000+0 2 99995', 'line2': '2 23010  14.2393 350.1053 0003270 182.9783 232.0873  1.00252028000002', 'epoch': datetime.datetime(2025, 10, 7, 18, 55, 23, 881440)}"
51b54d6a-b618-4d7e-b83f-688ba3b459c5,U//PR-EXO-ELSETS,14931,2025-10-07T21:03:39.368877Z,1.011542536429108,14931,False,0.003214451187082245,9.269001075805129,312.7830396637717,317.8121603584456,44.01389688982295,0.0,0.0,0.0,41919.14626324869,1423.568409770893,42053.89331271606,41784.39921378132,14931,1 14931U 84037B   25280.87753899 +.00000000 +00000+0 +00000+0 2 99992,2 14931   9.2690 312.7830 0032144 317.8122  44.0139  1.01154253000001,2025-10-07T21:36:29.799Z,system.exo,EXO,REAL,2,OPS1,"{'NORAD_ID': 14931, 'classification': 'U', 'COSPAR_ID': '84037B', 'BC': 0.0, 'n_ddot': 0.0, 'B_star': 0.0, 'ephemeris_type': 2, 'elset_num': 9999, 'inclination': 9.269, 'RAAN': 312.783, 'eccentricity': 0.0032144, 'perigee': 317.8122, 'mean_anomaly': 44.0139, 'mean_motion': 1.01154253, 'rev_num': 0, 'line1': '1 14931U 84037B   25280.87753899 +.00000000 +00000+0 +00000+0 2 99992', 'line2': '2 14931   9.2690 312.7830 0032144 317.8122  44.0139  1.01154253000001', 'epoch': datetime.datetime(2025, 10, 7, 21, 3, 39, 368736)}"
55d4d3c9-979b-42b3-919d-4ad0296e260d,U//PR-EXO-ELSETS,25740,2025-10-07T20:10:24.243821Z,0.9857510229647416,25740,False,0.0005102841320870306,5.973596527804042,73.75572096179525,262.0237041762232,15.33283241126546,0.0,0.0,0.0,42647.18513746223,1460.815121113505,42668.94731931606,42625.42295560841,25740,1 25740U 99027A   25280.84055838 +.00000000 +00000+0 +00000+0 2 99992,2 25740   5.9736  73.7557 0005102 262.0237  15.3328  0.98575102000003,2025-10-07T20:42:30.304Z,system.exo,EXO,REAL,2,OPS1,"{'NORAD_ID': 25740, 'classification': 'U', 'COSPAR_ID': '99027A', 'BC': 0.0, 'n_ddot': 0.0, 'B_star': 0.0, 'ephemeris_type': 2, 'elset_num': 9999, 'inclination': 5.9736, 'RAAN': 73.7557, 'eccentricity': 0.0005102, 'perigee': 262.0237, 'mean_anomaly': 15.3328, 'mean_motion': 0.98575102, 'rev_num': 0, 'line1': '1 25740U 99027A   25280.84055838 +.00000000 +00000+0 +00000+0 2 99992', 'line2': '2 25740   5.9736  73.7557 0005102 262.0237  15.3328  0.98575102000003', 'epoch': datetime.datetime(2025, 10, 7, 20, 10, 24, 244032)}"
4710ef33-156d-4e28-ba30-d8179c5597b4,U//PR-EXO-ELSETS,11940,2025-10-07T20:52:39.081329Z,0.9955341560897125,11940,False,0.003032583051510123,1.632933932490748,247.8476942825092,70.35301836981871,113.4553117221667,0.0,0.0,0.0,42367.32905415637,1446.459663077833,42495.81149818376,42238.84661012898,11940,1 11940U 73040B   25280.86989677 +.00000000 +00000+0 +00000+0 2 99995,2 11940   1.6329 247.8477 0030325  70.3530 113.4553  0.99553415000001,2025-10-07T23:39:28.514Z,system.exo,EXO,REAL,2,OPS1,"{'NORAD_ID': 11940, 'classification': 'U', 'COSPAR_ID': '73040B', 'BC': 0.0, 'n_ddot': 0.0, 'B_star': 0.0, 'ephemeris_type': 2, 'elset_num': 9999, 'inclination': 1.6329, 'RAAN': 247.8477, 'eccentricity': 0.0030325, 'perigee': 70.353, 'mean_anomaly': 113.4553, 'mean_motion': 0.99553415, 'rev_num': 0, 'line1': '1 11940U 73040B   25280.86989677 +.00000000 +00000+0 +00000+0 2 99995', 'line2': '2 11940   1.6329 247.8477 0030325  70.3530 113.4553  0.99553415000001', 'epoch': datetime.datetime(2025, 10, 7, 20, 52, 39, 80928)}"
6fed4265-df0e-4c6b-add7-634dddc2dfb7,U//PR-EXO-ELSETS,14821,2025-10-07T18:58:38.859006Z,0.9605990972787488,14821,False,0.000640009083078068,10.80205696221714,314.3623931933284,181.6794514954582,160.5279326314991,0.0,0.0,0.0,43388.41109506145,1499.064494313321,43416.18007226261,43360.64211786028,14821,1 14821U 84028A   25280.79072753 +.00000000 +00000+0 +00000+0 2 99994,2 14821  10.8021 314.3624 0006400 181.6795 160.5279  0.96059909000007,2025-10-07T19:18:29.123Z,system.exo,EXO,REAL,2,OPS1,"{'NORAD_ID': 14821, 'classification': 'U', 'COSPAR_ID': '84028A', 'BC': 0.0, 'n_ddot': 0.0, 'B_star': 0.0, 'ephemeris_type': 2, 'elset_num': 9999, 'inclination': 10.8021, 'RAAN': 314.3624, 'eccentricity': 0.00064, 'perigee': 181.6795, 'mean_anomaly': 160.5279, 'mean_motion': 0.96059909, 'rev_num': 0, 'line1': '1 14821U 84028A   25280.79072753 +.00000000 +00000+0 +00000+0 2 99994', 'line2': '2 14821  10.8021 314.3624 0006400 181.6795 160.5279  0.96059909000007', 'epoch': datetime.datetime(2025, 10, 7, 18, 58, 38, 858592)}"
2f9ce760-da97-4148-afab-229b63e63501,U//PR-EXO-ELSETS,27380,2025-10-07T05:11:45.666997Z,1.001433348025122,27380,False,0.0002699607990223959,6.28225518638923,72.20198063524309,124.7601777331826,228.8084094285439,0.0,0.0,0.0,42200.78175266052,1437.938933070039,42212.17430942184,42189.3891958992,27380,1 27380U 02007A   25280.21650078 +.00000000 +00000+0 +00000+0 2 99994,2 27380   6.2823  72.2020 0002699 124.7602 228.8084  1.00143334000005,2025-10-07T06:24:27.840Z,system.exo,EXO,REAL,2,OPS1,"{'NORAD_ID': 27380, 'classification': 'U', 'COSPAR_ID': '02007A', 'BC': 0.0, 'n_ddot': 0.0, 'B_star': 0.0, 'ephemeris_type': 2, 'elset_num': 9999, 'inclination': 6.2823, 'RAAN': 72.202, 'eccentricity': 0.0002699, 'perigee': 124.7602, 'mean_anomaly': 228.8084, 'mean_motion': 1.00143334, 'rev_num': 0, 'line1': '1 27380U 02007A   25280.21650078 +.00000000 +00000+0 +00000+0 2 99994', 'line2': '2 27380   6.2823  72.2020 0002699 124.7602 228.8084  1.00143334000005', 'epoch': datetime.datetime(2025, 10, 7, 5, 11, 45, 667392)}"
29f13a1a-d65a-49f6-813f-bc92aa0530ea,U//PR-EXO-ELSETS,29648,2025-10-07T20:52:46.223516Z,0.9973757900635953,29648,False,0.0005396960829789777,4.073922401885149,79.30946187813447,167.9747204115008,183.4526154832076,0.0,0.0,0.0,42315.15938715934,1443.788804927962,42337.99671293122,42292.32206138746,29648,1 29648U 06056A   25280.86997944 +.00000000 +00000+0 +00000+0 2 99998,2 29648   4.0739  79.3095 0005396 167.9747 183.4526  0.99737579000006,2025-10-07T22:51:27.595Z,system.exo,EXO,REAL,2,OPS1,"{'NORAD_ID': 29648, 'classification': 'U', 'COSPAR_ID': '06056A', 'BC': 0.0, 'n_ddot': 0.0, 'B_star': 0.0, 'ephemeris_type': 2, 'elset_num': 9999, 'inclination': 4.0739, 'RAAN': 79.3095, 'eccentricity': 0.0005396, 'perigee': 167.9747, 'mean_anomaly': 183.4526, 'mean_motion': 0.99737579, 'rev_num': 0, 'line1': '1 29648U 06056A   25280.86997944 +.00000000 +00000+0 +00000+0 2 99998', 'line2': '2 29648   4.0739  79.3095 0005396 167.9747 183.4526  0.99737579000006', 'epoch': datetime.datetime(2025, 10, 7, 20, 52, 46, 223616)}"
c7f06821-1603-415e-8cd0-4e4502213ed7,U//PR-EXO-ELSETS,31395,2025-10-07T18:59:36.937951Z,1.003059080501091,31395,False,0.0006749164859894412,11.4527481120292,34.82356214566352,127.9199760703994,241.9348296791998,0.0,0.0,0.0,42155.17079520905,1435.608358463421,42183.62201494844,42126.71957546966,31395,1 31395U 07018A   25280.79139974 +.00000000 +00000+0 +00000+0 2 99992,2 31395  11.4527  34.8236 0006749 127.9200 241.9348  1.00305908000003,2025-10-07T20:57:28.674Z,system.exo,EXO,REAL,2,OPS1,"{'NORAD_ID': 31395, 'classification': 'U', 'COSPAR_ID': '07018A', 'BC': 0.0, 'n_ddot': 0.0, 'B_star': 0.0, 'ephemeris_type': 2, 'elset_num': 9999, 'inclination': 11.4527, 'RAAN': 34.8236, 'eccentricity': 0.0006749, 'perigee': 127.92, 'mean_anomaly': 241.9348, 'mean_motion': 1.00305908, 'rev_num': 0, 'line1': '1 31395U 07018A   25280.79139974 +.00000000 +00000+0 +00000+0 2 99992', 'line2': '2 31395  11.4527  34.8236 0006749 127.9200 241.9348  1.00305908000003', 'epoch': datetime.datetime(2025, 10, 7, 18, 59, 36, 937536)}"
f26b7873-dc5a-467b-9825-76b99164291a,U//PR-EXO-ELSETS,27780,2025-10-07T18:59:31.894325Z,1.003578390339111,27780,False,0.0008194615905166135,12.4655793816716,22.20216994880642,41.28035902801847,341.6750908980479,0.0,0.0,0.0,42140.62718236666,1434.865491188408,42175.15980774289,42106.09455699043,27780,1 27780U 03015F   25280.79134137 +.00000000 +00000+0 +00000+0 2 99994,2 27780  12.4656  22.2022 0008194  41.2804 341.6751  1.00357839000004,2025-10-07T20:30:29.784Z,system.exo,EXO,REAL,2,OPS1,"{'NORAD_ID': 27780, 'classification': 'U', 'COSPAR_ID': '03015F', 'BC': 0.0, 'n_ddot': 0.0, 'B_star': 0.0, 'ephemeris_type': 2, 'elset_num': 9999, 'inclination': 12.4656, 'RAAN': 22.2022, 'eccentricity': 0.0008194, 'perigee': 41.2804, 'mean_anomaly': 341.6751, 'mean_motion': 1.00357839, 'rev_num': 0, 'line1': '1 27780U 03015F   25280.79134137 +.00000000 +00000+0 +00000+0 2 99994', 'line2': '2 27780  12.4656  22.2022 0008194  41.2804 341.6751  1.00357839000004', 'epoch': datetime.datetime(2025, 10, 7, 18, 59, 31, 894368)}"
fd2499ec-752f-48db-893f-268499118b0d,U//PR-EXO-ELSETS,40278,2025-10-07T19:12:29.691917Z,0.9521918903604677,40278,False,0.05915592962558793,8.647016419049123,65.18106111847527,211.2834997477772,17.96159158786677,0.0,0.0,0.0,43643.43018163871,1512.300214460832,46225.19786608298,41061.66249719443,40278,1 40278U 14064B   25280.80034366 +.00000000 +00000+0 +00000+0 2 99992,2 40278   8.6470  65.1811 0591559 211.2835  17.9616  0.95219189000000,2025-10-07T19:30:30.280Z,system.exo,EXO,REAL,2,OPS1,"{'NORAD_ID': 40278, 'classification': 'U', 'COSPAR_ID': '14064B', 'BC': 0.0, 'n_ddot': 0.0, 'B_star': 0.0, 'ephemeris_type': 2, 'elset_num': 9999, 'inclination': 8.647, 'RAAN': 65.1811, 'eccentricity': 0.0591559, 'perigee': 211.2835, 'mean_anomaly': 17.9616, 'mean_motion': 0.95219189, 'rev_num': 0, 'line1': '1 40278U 14064B   25280.80034366 +.00000000 +00000+0 +00000+0 2 99992', 'line2': '2 40278   8.6470  65.1811 0591559 211.2835  17.9616  0.95219189000000', 'epoch': datetime.datetime(2025, 10, 7, 19, 12, 29, 692224)}"
bbedb79c-b453-4b47-9eef-481c5aad309d,U//PR-EXO-ELSETS,3292,2025-10-07T18:59:56.404995Z,1.055888317915566,3292,False,0.01732377148145923,7.093906777582656,55.1155761178567,0.6065169941935904,240.1520588168659,0.0,0.0,0.0,40737.0778013939,1363.780596458071,41442.79762804767,40031.35797474012,3292,1 03292U 68050J   25280.79162506 +.00000000 +00000+0 +00000+0 2 99997,2 03292   7.0939  55.1156 0173237   0.6065 240.1521  1.05588831000003,2025-10-07T20:12:29.963Z,system.exo,EXO,REAL,2,OPS1,"{'NORAD_ID': 3292, 'classification': 'U', 'COSPAR_ID': '68050J', 'BC': 0.0, 'n_ddot': 0.0, 'B_star': 0.0, 'ephemeris_type': 2, 'elset_num': 9999, 'inclination': 7.0939, 'RAAN': 55.1156, 'eccentricity': 0.0173237, 'perigee': 0.6065, 'mean_anomaly': 240.1521, 'mean_motion': 1.05588831, 'rev_num': 0, 'line1': '1 03292U 68050J   25280.79162506 +.00000000 +00000+0 +00000+0 2 99997', 'line2': '2 03292   7.0939  55.1156 0173237   0.6065 240.1521  1.05588831000003', 'epoch': datetime.datetime(2025, 10, 7, 18, 59, 56, 405184)}"
f9343dda-5d2d-41b5-8012-6f0e257449e7,U//PR-EXO-ELSETS,32500,2025-10-07T18:59:54.980098Z,1.00267919472571,32500,False,0.0003752800278264745,7.917550249397182,64.96003814217403,133.7016072532138,95.96338825137518,0.0,0.0,0.0,42165.81769588805,1436.15226841714,42181.64168512629,42149.99370664981,32500,1 32500U 08007A   25280.79160857 +.00000000 +00000+0 +00000+0 2 99994,2 32500   7.9176  64.9600 0003752 133.7016  95.9634  1.00267919000006,2025-10-07T19:33:28.481Z,system.exo,EXO,REAL,2,OPS1,"{'NORAD_ID': 32500, 'classification': 'U', 'COSPAR_ID': '08007A', 'BC': 0.0, 'n_ddot': 0.0, 'B_star': 0.0, 'ephemeris_type': 2, 'elset_num': 9999, 'inclination': 7.9176, 'RAAN': 64.96, 'eccentricity': 0.0003752, 'perigee': 133.7016, 'mean_anomaly': 95.9634, 'mean_motion': 1.00267919, 'rev_num': 0, 'line1': '1 32500U 08007A   25280.79160857 +.00000000 +00000+0 +00000+0 2 99994', 'line2': '2 32500   7.9176  64.9600 0003752 133.7016  95.9634  1.00267919000006', 'epoch': datetime.datetime(2025, 10, 7, 18, 59, 54, 980448)}"
65b213d4-1cc9-4647-9c72-b458ea6254fe,U//PR-EXO-ELSETS,27399,2025-10-07T18:59:54.980098Z,0.9902592081766757,27399,False,0.0008306305893479695,7.675763838113827,66.99267009114162,111.4495101998714,115.4291084531886,0.0,0.0,0.0,42517.65165568978,1454.16471577317,42552.96811774223,42482.33519363732,27399,1 27399U 02015A   25280.79160857 +.00000000 +00000+0 +00000+0 2 99997,2 27399   7.6758  66.9927 0008306 111.4495 115.4291  0.99025920000005,2025-10-07T19:54:28.833Z,system.exo,EXO,REAL,2,OPS1,"{'NORAD_ID': 27399, 'classification': 'U', 'COSPAR_ID': '02015A', 'BC': 0.0, 'n_ddot': 0.0, 'B_star': 0.0, 'ephemeris_type': 2, 'elset_num': 9999, 'inclination': 7.6758, 'RAAN': 66.9927, 'eccentricity': 0.0008306, 'perigee': 111.4495, 'mean_anomaly': 115.4291, 'mean_motion': 0.9902592, 'rev_num': 0, 'line1': '1 27399U 02015A   25280.79160857 +.00000000 +00000+0 +00000+0 2 99997', 'line2': '2 27399   7.6758  66.9927 0008306 111.4495 115.4291  0.99025920000005', 'epoch': datetime.datetime(2025, 10, 7, 18, 59, 54, 980448)}"
9f132297-51e3-4e7f-a688-59ab3d8e56c6,U//PR-EXO-ELSETS,60179,2025-10-07T20:52:46.223516Z,1.002673884415936,60179,False,0.0001322887864088885,0.02046686022702841,72.19382386653601,145.8453478269972,213.5163701703418,0.0,0.0,0.0,42165.96657337765,1436.1598744928,42171.5446579234,42160.3884888319,60179,1 60179U 24122A   25280.86997944 +.00000000 +00000+0 +00000+0 2 99996,2 60179   0.0205  72.1938 0001322 145.8453 213.5164  1.00267388000007,2025-10-07T21:42:29.636Z,system.exo,EXO,REAL,2,OPS1,"{'NORAD_ID': 60179, 'classification': 'U', 'COSPAR_ID': '24122A', 'BC': 0.0, 'n_ddot': 0.0, 'B_star': 0.0, 'ephemeris_type': 2, 'elset_num': 9999, 'inclination': 0.0205, 'RAAN': 72.1938, 'eccentricity': 0.0001322, 'perigee': 145.8453, 'mean_anomaly': 213.5164, 'mean_motion': 1.00267388, 'rev_num': 0, 'line1': '1 60179U 24122A   25280.86997944 +.00000000 +00000+0 +00000+0 2 99996', 'line2': '2 60179   0.0205  72.1938 0001322 145.8453 213.5164  1.00267388000007', 'epoch': datetime.datetime(2025, 10, 7, 20, 52, 46, 223616)}"
c59b7930-13b4-43ef-a8a4-1b55087be2d6,U//PR-EXO-ELSETS,49125,2025-10-07T20:52:46.223516Z,1.002653780631077,49125,False,0.0003585199849444967,0.03843178332790052,255.5212210229134,308.8636034777515,226.9952091536889,0.0,0.0,0.0,42166.53020607852,1436.188670324122,42181.64774985316,42151.41266230388,49125,1 49125U 21080A   25280.86997944 +.00000000 +00000+0 +00000+0 2 99994,2 49125   0.0384 255.5212 0003585 308.8636 226.9952  1.00265378000002,2025-10-07T21:48:31.829Z,system.exo,EXO,REAL,2,OPS1,"{'NORAD_ID': 49125, 'classification': 'U', 'COSPAR_ID': '21080A', 'BC': 0.0, 'n_ddot': 0.0, 'B_star': 0.0, 'ephemeris_type': 2, 'elset_num': 9999, 'inclination': 0.0384, 'RAAN': 255.5212, 'eccentricity': 0.0003585, 'perigee': 308.8636, 'mean_anomaly': 226.9952, 'mean_motion': 1.00265378, 'rev_num': 0, 'line1': '1 49125U 21080A   25280.86997944 +.00000000 +00000+0 +00000+0 2 99994', 'line2': '2 49125   0.0384 255.5212 0003585 308.8636 226.9952  1.00265378000002', 'epoch': datetime.datetime(2025, 10, 7, 20, 52, 46, 223616)}"
b014a821-78b8-4ce1-9ae9-b790f0ebaa47,U//PR-EXO-ELSETS,41725,2025-10-07T20:54:17.773814Z,1.002729067196521,41725,False,0.0001268547146978979,3.377681592144047,40.49492041156723,87.99839373113903,303.2018707351162,0.0,0.0,0.0,42164.41955753847,1436.080838891031,42169.76831295185,42159.0708021251,41725,1 41725U 16048A   25280.87103905 +.00000000 +00000+0 +00000+0 2 99997,2 41725   3.3777  40.4949 0001268  87.9984 303.2019  1.00272906000005,2025-10-07T21:39:38.122Z,system.exo,EXO,REAL,2,OPS1,"{'NORAD_ID': 41725, 'classification': 'U', 'COSPAR_ID': '16048A', 'BC': 0.0, 'n_ddot': 0.0, 'B_star': 0.0, 'ephemeris_type': 2, 'elset_num': 9999, 'inclination': 3.3777, 'RAAN': 40.4949, 'eccentricity': 0.0001268, 'perigee': 87.9984, 'mean_anomaly': 303.2019, 'mean_motion': 1.00272906, 'rev_num': 0, 'line1': '1 41725U 16048A   25280.87103905 +.00000000 +00000+0 +00000+0 2 99997', 'line2': '2 41725   3.3777  40.4949 0001268  87.9984 303.2019  1.00272906000005', 'epoch': datetime.datetime(2025, 10, 7, 20, 54, 17, 773920)}"
9068d0de-5b11-4dd0-a61d-75743ac3b6da,U//PR-EXO-ELSETS,10792,2025-10-07T19:00:31.006135Z,1.002304915231209,10792,False,0.00220041480797612,6.107014851598241,286.6087448539475,307.9933940884609,170.5932676601621,0.0,0.0,0.0,42176.31404861273,1436.688554667842,42269.11943459115,42083.50866263431,10792,1 10792U 78039A   25280.79202553 +.00000000 +00000+0 +00000+0 2 99995,2 10792   6.1070 286.6087 0022004 307.9934 170.5933  1.00230491000003,2025-10-07T19:54:28.818Z,system.exo,EXO,REAL,2,OPS1,"{'NORAD_ID': 10792, 'classification': 'U', 'COSPAR_ID': '78039A', 'BC': 0.0, 'n_ddot': 0.0, 'B_star': 0.0, 'ephemeris_type': 2, 'elset_num': 9999, 'inclination': 6.107, 'RAAN': 286.6087, 'eccentricity': 0.0022004, 'perigee': 307.9934, 'mean_anomaly': 170.5933, 'mean_motion': 1.00230491, 'rev_num': 0, 'line1': '1 10792U 78039A   25280.79202553 +.00000000 +00000+0 +00000+0 2 99995', 'line2': '2 10792   6.1070 286.6087 0022004 307.9934 170.5933  1.00230491000003', 'epoch': datetime.datetime(2025, 10, 7, 19, 0, 31, 5792)}"
f87836d1-4ead-4235-8fc4-260ca6e4541c,U//PR-EXO-ELSETS,27715,2025-10-07T21:02:24.230117Z,0.9898305286662897,27715,False,0.0002096735072397408,6.341856415620255,72.20375278405032,213.438212145466,20.08098943039183,0.0,0.0,0.0,42529.92657226968,1454.794490871356,42538.84397113673,42521.00917340262,27715,1 27715U 03013B   25280.87666933 +.00000000 +00000+0 +00000+0 2 99993,2 27715   6.3419  72.2038 0002096 213.4382  20.0810  0.98983052000004,2025-10-07T21:42:29.614Z,system.exo,EXO,REAL,2,OPS1,"{'NORAD_ID': 27715, 'classification': 'U', 'COSPAR_ID': '03013B', 'BC': 0.0, 'n_ddot': 0.0, 'B_star': 0.0, 'ephemeris_type': 2, 'elset_num': 9999, 'inclination': 6.3419, 'RAAN': 72.2038, 'eccentricity': 0.0002096, 'perigee': 213.4382, 'mean_anomaly': 20.081, 'mean_motion': 0.98983052, 'rev_num': 0, 'line1': '1 27715U 03013B   25280.87666933 +.00000000 +00000+0 +00000+0 2 99993', 'line2': '2 27715   6.3419  72.2038 0002096 213.4382  20.0810  0.98983052000004', 'epoch': datetime.datetime(2025, 10, 7, 21, 2, 24, 230112)}"
58816853-f2a2-4c1e-82b7-2894e87442a3,U//PR-EXO-ELSETS,22269,2025-10-07T19:06:19.679038Z,1.002615044127437,22269,False,0.0008757835787140027,13.74807439737748,349.7640918110569,247.3907871224944,51.97896507537114,0.0,0.0,0.0,42167.61628156534,1436.244158148668,42204.54598745826,42130.68657567244,22269,1 22269U 92088A   25280.79606110 +.00000000 +00000+0 +00000+0 2 99994,2 22269  13.7481 349.7641 0008757 247.3908  51.9790  1.00261504000001,2025-10-07T19:36:29.084Z,system.exo,EXO,REAL,2,OPS1,"{'NORAD_ID': 22269, 'classification': 'U', 'COSPAR_ID': '92088A', 'BC': 0.0, 'n_ddot': 0.0, 'B_star': 0.0, 'ephemeris_type': 2, 'elset_num': 9999, 'inclination': 13.7481, 'RAAN': 349.7641, 'eccentricity': 0.0008757, 'perigee': 247.3908, 'mean_anomaly': 51.979, 'mean_motion': 1.00261504, 'rev_num': 0, 'line1': '1 22269U 92088A   25280.79606110 +.00000000 +00000+0 +00000+0 2 99994', 'line2': '2 22269  13.7481 349.7641 0008757 247.3908  51.9790  1.00261504000001', 'epoch': datetime.datetime(2025, 10, 7, 19, 6, 19, 679040)}"
7110b5d9-2f48-4be5-8768-774281c7819c,U//PR-EXO-ELSETS,28472,2025-10-07T20:44:53.981780Z,0.9910344497230622,28472,False,0.0005467057208541049,3.943631431745552,79.5525301259747,162.7599176555941,53.2636224480208,0.0,0.0,0.0,42495.4756698478,1453.027188310556,42518.70818950693,42472.24315018867,28472,1 28472U 04048A   25280.86451368 +.00000000 +00000+0 +00000+0 2 99996,2 28472   3.9436  79.5525 0005467 162.7599  53.2636  0.99103444000003,2025-10-07T21:15:29.006Z,system.exo,EXO,REAL,2,OPS1,"{'NORAD_ID': 28472, 'classification': 'U', 'COSPAR_ID': '04048A', 'BC': 0.0, 'n_ddot': 0.0, 'B_star': 0.0, 'ephemeris_type': 2, 'elset_num': 9999, 'inclination': 3.9436, 'RAAN': 79.5525, 'eccentricity': 0.0005467, 'perigee': 162.7599, 'mean_anomaly': 53.2636, 'mean_motion': 0.99103444, 'rev_num': 0, 'line1': '1 28472U 04048A   25280.86451368 +.00000000 +00000+0 +00000+0 2 99996', 'line2': '2 28472   3.9436  79.5525 0005467 162.7599  53.2636  0.99103444000003', 'epoch': datetime.datetime(2025, 10, 7, 20, 44, 53, 981952)}"
50eb75cf-5285-4005-a304-33c7f2f96e1d,U//PR-EXO-ELSETS,20953,2025-10-07T19:02:46.565408Z,1.003700242251911,20953,False,0.0003618394651487753,12.96317070616258,339.0076803705888,319.4530409766782,106.2110691384967,0.0,0.0,0.0,42137.21645625742,1434.691294653076,42152.46336412281,42121.96954839203,20953,1 20953U 90102A   25280.79359451 +.00000000 +00000+0 +00000+0 2 99990,2 20953  12.9632 339.0077 0003618 319.4530 106.2111  1.00370024000005,2025-10-07T19:48:28.181Z,system.exo,EXO,REAL,2,OPS1,"{'NORAD_ID': 20953, 'classification': 'U', 'COSPAR_ID': '90102A', 'BC': 0.0, 'n_ddot': 0.0, 'B_star': 0.0, 'ephemeris_type': 2, 'elset_num': 9999, 'inclination': 12.9632, 'RAAN': 339.0077, 'eccentricity': 0.0003618, 'perigee': 319.453, 'mean_anomaly': 106.2111, 'mean_motion': 1.00370024, 'rev_num': 0, 'line1': '1 20953U 90102A   25280.79359451 +.00000000 +00000+0 +00000+0 2 99990', 'line2': '2 20953  12.9632 339.0077 0003618 319.4530 106.2111  1.00370024000005', 'epoch': datetime.datetime(2025, 10, 7, 19, 2, 46, 565664)}"
043298b2-5151-44c6-a706-5b3c1a5e0fb1,U//PR-EXO-ELSETS,23438,2025-10-07T19:01:59.114126Z,1.011771518472062,23438,False,0.0002653910839009781,14.19742878691361,355.1869737382969,169.0147453717506,167.702766986776,0.0,0.0,0.0,41912.82132151874,1423.246230704964,41923.94461059861,41901.69803243888,23438,1 23438U 94084D   25280.79304530 +.00000000 +00000+0 +00000+0 2 99992,2 23438  14.1974 355.1870 0002653 169.0147 167.7028  1.01177151000006,2025-10-07T21:48:31.791Z,system.exo,EXO,REAL,2,OPS1,"{'NORAD_ID': 23438, 'classification': 'U', 'COSPAR_ID': '94084D', 'BC': 0.0, 'n_ddot': 0.0, 'B_star': 0.0, 'ephemeris_type': 2, 'elset_num': 9999, 'inclination': 14.1974, 'RAAN': 355.187, 'eccentricity': 0.0002653, 'perigee': 169.0147, 'mean_anomaly': 167.7028, 'mean_motion': 1.01177151, 'rev_num': 0, 'line1': '1 23438U 94084D   25280.79304530 +.00000000 +00000+0 +00000+0 2 99992', 'line2': '2 23438  14.1974 355.1870 0002653 169.0147 167.7028  1.01177151000006', 'epoch': datetime.datetime(2025, 10, 7, 19, 1, 59, 113920)}"
2ab86275-aecc-4756-b33f-6fd4072bc391,U//PR-EXO-ELSETS,22787,2025-10-07T20:40:55.168189Z,1.002637491351801,22787,False,0.0004686564880368979,11.80842638690974,4.898244386807358,224.2372319488005,126.6296926271983,0.0,0.0,0.0,42166.98690854757,1436.212003262044,42186.74874054323,42147.22507655192,22787,1 22787U 93056A   25280.86174963 +.00000000 +00000+0 +00000+0 2 99999,2 22787  11.8084   4.8982 0004686 224.2372 126.6297  1.00263749000002,2025-10-07T21:00:33.048Z,system.exo,EXO,REAL,2,OPS1,"{'NORAD_ID': 22787, 'classification': 'U', 'COSPAR_ID': '93056A', 'BC': 0.0, 'n_ddot': 0.0, 'B_star': 0.0, 'ephemeris_type': 2, 'elset_num': 9999, 'inclination': 11.8084, 'RAAN': 4.8982, 'eccentricity': 0.0004686, 'perigee': 224.2372, 'mean_anomaly': 126.6297, 'mean_motion': 1.00263749, 'rev_num': 0, 'line1': '1 22787U 93056A   25280.86174963 +.00000000 +00000+0 +00000+0 2 99999', 'line2': '2 22787  11.8084   4.8982 0004686 224.2372 126.6297  1.00263749000002', 'epoch': datetime.datetime(2025, 10, 7, 20, 40, 55, 168032)}"
889dd6cc-b958-41f8-a52b-4311b02cfe41,U//PR-EXO-ELSETS,19928,2025-10-07T19:03:02.380570Z,1.003364883974565,19928,False,0.002202943692876057,12.10127818686497,333.6531307047287,205.3215824187054,226.3837818998436,0.0,0.0,0.0,42146.6050495705,1435.170816718063,42239.45164734059,42053.75845180041,19928,1 19928U 89030A   25280.79377755 +.00000000 +00000+0 +00000+0 2 99995,2 19928  12.1013 333.6531 0022029 205.3216 226.3838  1.00336488000002,2025-10-07T21:45:30.605Z,system.exo,EXO,REAL,2,OPS1,"{'NORAD_ID': 19928, 'classification': 'U', 'COSPAR_ID': '89030A', 'BC': 0.0, 'n_ddot': 0.0, 'B_star': 0.0, 'ephemeris_type': 2, 'elset_num': 9999, 'inclination': 12.1013, 'RAAN': 333.6531, 'eccentricity': 0.0022029, 'perigee': 205.3216, 'mean_anomaly': 226.3838, 'mean_motion': 1.00336488, 'rev_num': 0, 'line1': '1 19928U 89030A   25280.79377755 +.00000000 +00000+0 +00000+0 2 99995', 'line2': '2 19928  12.1013 333.6531 0022029 205.3216 226.3838  1.00336488000002', 'epoch': datetime.datetime(2025, 10, 7, 19, 3, 2, 380320)}"
c97332d8-8da1-4344-b2d0-33a8878c465b,U//PR-EXO-ELSETS,24931,2025-10-07T19:02:18.263167Z,1.024764746384464,24931,False,0.002063049049240163,10.96431344602735,34.1871559920953,48.81945779135443,321.4695461057422,0.0,0.0,0.0,41557.78686738279,1405.200564403247,41643.52262006807,41472.05111469751,24931,1 24931U 97049A   25280.79326693 +.00000000 +00000+0 +00000+0 2 99999,2 24931  10.9643  34.1872 0020630  48.8195 321.4695  1.02476474000000,2025-10-07T20:48:29.223Z,system.exo,EXO,REAL,2,OPS1,"{'NORAD_ID': 24931, 'classification': 'U', 'COSPAR_ID': '97049A', 'BC': 0.0, 'n_ddot': 0.0, 'B_star': 0.0, 'ephemeris_type': 2, 'elset_num': 9999, 'inclination': 10.9643, 'RAAN': 34.1872, 'eccentricity': 0.002063, 'perigee': 48.8195, 'mean_anomaly': 321.4695, 'mean_motion': 1.02476474, 'rev_num': 0, 'line1': '1 24931U 97049A   25280.79326693 +.00000000 +00000+0 +00000+0 2 99999', 'line2': '2 24931  10.9643  34.1872 0020630  48.8195 321.4695  1.02476474000000', 'epoch': datetime.datetime(2025, 10, 7, 19, 2, 18, 262752)}"
d88479e6-0aed-4351-b195-7fb83cf4186b,U//PR-EXO-ELSETS,40613,2025-10-07T19:01:56.447152Z,1.002697429785016,40613,False,0.0002876840857496438,0.005578758490617607,204.1286475893256,1.827663008611603,95.580490980524,0.0,0.0,0.0,42165.30647585693,1436.126150546476,42177.43676350079,42153.17618821307,40613,1 40613U 15022A   25280.79301443 +.00000000 +00000+0 +00000+0 2 99991,2 40613   0.0056 204.1286 0002876   1.8277  95.5805  1.00269742000001,2025-10-07T19:48:28.190Z,system.exo,EXO,REAL,2,OPS1,"{'NORAD_ID': 40613, 'classification': 'U', 'COSPAR_ID': '15022A', 'BC': 0.0, 'n_ddot': 0.0, 'B_star': 0.0, 'ephemeris_type': 2, 'elset_num': 9999, 'inclination': 0.0056, 'RAAN': 204.1286, 'eccentricity': 0.0002876, 'perigee': 1.8277, 'mean_anomaly': 95.5805, 'mean_motion': 1.00269742, 'rev_num': 0, 'line1': '1 40613U 15022A   25280.79301443 +.00000000 +00000+0 +00000+0 2 99991', 'line2': '2 40613   0.0056 204.1286 0002876   1.8277  95.5805  1.00269742000001', 'epoch': datetime.datetime(2025, 10, 7, 19, 1, 56, 446752)}"
6aa6a72c-754a-4966-b765-ee7e46065313,U//PR-EXO-ELSETS,23248,2025-10-07T20:59:55.585097Z,1.702803903559954,23248,False,0.5228292034229844,11.45524311747948,166.7375215937031,313.115012534677,273.2338915487016,0.0,0.0,0.0,29622.75438957341,845.6640233144142,45110.39547026878,14135.11330887803,23248,1 23248U 94056C   25280.87494890 +.00000000 +00000+0 +00000+0 2 99998,2 23248  11.4552 166.7375 5228292 313.1150 273.2339  1.70280390000007,2025-10-07T21:21:29.531Z,system.exo,EXO,REAL,2,OPS1,"{'NORAD_ID': 23248, 'classification': 'U', 'COSPAR_ID': '94056C', 'BC': 0.0, 'n_ddot': 0.0, 'B_star': 0.0, 'ephemeris_type': 2, 'elset_num': 9999, 'inclination': 11.4552, 'RAAN': 166.7375, 'eccentricity': 0.5228292, 'perigee': 313.115, 'mean_anomaly': 273.2339, 'mean_motion': 1.7028039, 'rev_num': 0, 'line1': '1 23248U 94056C   25280.87494890 +.00000000 +00000+0 +00000+0 2 99998', 'line2': '2 23248  11.4552 166.7375 5228292 313.1150 273.2339  1.70280390000007', 'epoch': datetime.datetime(2025, 10, 7, 20, 59, 55, 584960)}"
62285bc5-eb1e-47f0-8a6e-cb629034f188,U//PR-EXO-ELSETS,26939,2025-10-07T19:03:06.625971Z,1.002546116817784,26939,False,0.002318324437089124,13.69562406115631,13.96315292984163,24.17183499239383,7.418736299073312,0.0,0.0,0.0,42169.54900531891,1436.342903178113,42267.31170127897,42071.78630935885,26939,1 26939U 01045D   25280.79382669 +.00000000 +00000+0 +00000+0 2 99995,2 26939  13.6956  13.9632 0023183  24.1718   7.4187  1.00254611000002,2025-10-07T20:30:29.783Z,system.exo,EXO,REAL,2,OPS1,"{'NORAD_ID': 26939, 'classification': 'U', 'COSPAR_ID': '01045D', 'BC': 0.0, 'n_ddot': 0.0, 'B_star': 0.0, 'ephemeris_type': 2, 'elset_num': 9999, 'inclination': 13.6956, 'RAAN': 13.9632, 'eccentricity': 0.0023183, 'perigee': 24.1718, 'mean_anomaly': 7.4187, 'mean_motion': 1.00254611, 'rev_num': 0, 'line1': '1 26939U 01045D   25280.79382669 +.00000000 +00000+0 +00000+0 2 99995', 'line2': '2 26939  13.6956  13.9632 0023183  24.1718   7.4187  1.00254611000002', 'epoch': datetime.datetime(2025, 10, 7, 19, 3, 6, 626016)}"
c25f013a-cecf-4aef-ab04-f2f01590b46b,U//PR-EXO-ELSETS,43175,2025-10-07T20:53:39.525017Z,1.002703652629044,43175,False,8.96009287984872e-05,0.03554409507348148,24.26558826959356,172.4611609952839,85.97182191001865,0.0,0.0,0.0,42165.13202192177,1436.11723785426,42168.91005691384,42161.35398692969,43175,1 43175U 18012B   25280.87059635 +.00000000 +00000+0 +00000+0 2 99991,2 43175   0.0355  24.2656 0000896 172.4612  85.9718  1.00270365000008,2025-10-07T21:51:31.437Z,system.exo,EXO,REAL,2,OPS1,"{'NORAD_ID': 43175, 'classification': 'U', 'COSPAR_ID': '18012B', 'BC': 0.0, 'n_ddot': 0.0, 'B_star': 0.0, 'ephemeris_type': 2, 'elset_num': 9999, 'inclination': 0.0355, 'RAAN': 24.2656, 'eccentricity': 8.96e-05, 'perigee': 172.4612, 'mean_anomaly': 85.9718, 'mean_motion': 1.00270365, 'rev_num': 0, 'line1': '1 43175U 18012B   25280.87059635 +.00000000 +00000+0 +00000+0 2 99991', 'line2': '2 43175   0.0355  24.2656 0000896 172.4612  85.9718  1.00270365000008', 'epoch': datetime.datetime(2025, 10, 7, 20, 53, 39, 524640)}"
9c38c3b0-6694-4c8a-aaea-f8223d8ae948,U//PR-EXO-ELSETS,24798,2025-10-07T19:03:06.625971Z,1.00350343131796,24798,False,0.0008618460044017312,13.29517948270929,15.65086928639403,139.16193465432,251.0750507919949,0.0,0.0,0.0,42142.72568430236,1434.972671801194,42179.04622404797,42106.40514455674,24798,1 24798U 97021A   25280.79382669 +.00000000 +00000+0 +00000+0 2 99995,2 24798  13.2952  15.6509 0008618 139.1619 251.0751  1.00350343000003,2025-10-07T21:51:31.417Z,system.exo,EXO,REAL,2,OPS1,"{'NORAD_ID': 24798, 'classification': 'U', 'COSPAR_ID': '97021A', 'BC': 0.0, 'n_ddot': 0.0, 'B_star': 0.0, 'ephemeris_type': 2, 'elset_num': 9999, 'inclination': 13.2952, 'RAAN': 15.6509, 'eccentricity': 0.0008618, 'perigee': 139.1619, 'mean_anomaly': 251.0751, 'mean_motion': 1.00350343, 'rev_num': 0, 'line1': '1 24798U 97021A   25280.79382669 +.00000000 +00000+0 +00000+0 2 99995', 'line2': '2 24798  13.2952  15.6509 0008618 139.1619 251.0751  1.00350343000003', 'epoch': datetime.datetime(2025, 10, 7, 19, 3, 6, 626016)}"
8eca9bdd-dcf0-459f-91c3-a202af9f6b66,U//PR-EXO-ELSETS,33453,2025-10-07T20:43:41.491326Z,0.9902143440355419,33453,False,0.0003037240456537257,2.125305722025761,84.11529613989444,291.1519763965766,283.4081720910133,0.0,0.0,0.0,42518.9358917963,1454.230600347993,42531.84991502225,42506.02186857035,33453,1 33453U 08063A   25280.86367467 +.00000000 +00000+0 +00000+0 2 99998,2 33453   2.1253  84.1153 0003037 291.1520 283.4082  0.99021434000007,2025-10-07T21:27:29.014Z,system.exo,EXO,REAL,2,OPS1,"{'NORAD_ID': 33453, 'classification': 'U', 'COSPAR_ID': '08063A', 'BC': 0.0, 'n_ddot': 0.0, 'B_star': 0.0, 'ephemeris_type': 2, 'elset_num': 9999, 'inclination': 2.1253, 'RAAN': 84.1153, 'eccentricity': 0.0003037, 'perigee': 291.152, 'mean_anomaly': 283.4082, 'mean_motion': 0.99021434, 'rev_num': 0, 'line1': '1 33453U 08063A   25280.86367467 +.00000000 +00000+0 +00000+0 2 99998', 'line2': '2 33453   2.1253  84.1153 0003037 291.1520 283.4082  0.99021434000007', 'epoch': datetime.datetime(2025, 10, 7, 20, 43, 41, 491488)}"
1fcbd6ff-e046-471e-8ba4-a96c65afa333,U//PR-EXO-ELSETS,11676,2025-10-07T20:24:18.014716Z,1.001204407688689,11676,False,0.002231687886523175,3.014883955747611,266.6567255988699,220.6778699679597,160.2154467670636,0.0,0.0,0.0,42207.21473339798,1438.267739276423,42301.40806324239,42113.02140355358,11676,1 11676U 75097F   25280.85020850 +.00000000 +00000+0 +00000+0 2 99993,2 11676   3.0149 266.6567 0022316 220.6779 160.2154  1.00120440000006,2025-10-07T20:57:28.666Z,system.exo,EXO,REAL,2,OPS1,"{'NORAD_ID': 11676, 'classification': 'U', 'COSPAR_ID': '75097F', 'BC': 0.0, 'n_ddot': 0.0, 'B_star': 0.0, 'ephemeris_type': 2, 'elset_num': 9999, 'inclination': 3.0149, 'RAAN': 266.6567, 'eccentricity': 0.0022316, 'perigee': 220.6779, 'mean_anomaly': 160.2154, 'mean_motion': 1.0012044, 'rev_num': 0, 'line1': '1 11676U 75097F   25280.85020850 +.00000000 +00000+0 +00000+0 2 99993', 'line2': '2 11676   3.0149 266.6567 0022316 220.6779 160.2154  1.00120440000006', 'epoch': datetime.datetime(2025, 10, 7, 20, 24, 18, 14400)}"
d19b96d0-511b-4746-b93f-9ee5ded919c4,U//PR-EXO-ELSETS,37804,2025-10-07T05:28:55.275091Z,1.00045336649086,37804,False,0.0001327683454334204,3.0600448908332,81.5695856009049,150.6422043130592,216.7498887109914,0.0,0.0,0.0,42228.33541952707,1439.347448098328,42233.94200575114,42222.72883330302,37804,1 37804U 11047A   25280.22841754 +.00000000 +00000+0 +00000+0 2 99994,2 37804   3.0600  81.5696 0001327 150.6422 216.7499  1.00045336000001,2025-10-07T06:15:31.365Z,system.exo,EXO,REAL,2,OPS1,"{'NORAD_ID': 37804, 'classification': 'U', 'COSPAR_ID': '11047A', 'BC': 0.0, 'n_ddot': 0.0, 'B_star': 0.0, 'ephemeris_type': 2, 'elset_num': 9999, 'inclination': 3.06, 'RAAN': 81.5696, 'eccentricity': 0.0001327, 'perigee': 150.6422, 'mean_anomaly': 216.7499, 'mean_motion': 1.00045336, 'rev_num': 0, 'line1': '1 37804U 11047A   25280.22841754 +.00000000 +00000+0 +00000+0 2 99994', 'line2': '2 37804   3.0600  81.5696 0001327 150.6422 216.7499  1.00045336000001', 'epoch': datetime.datetime(2025, 10, 7, 5, 28, 55, 275456)}"
9ec2f152-753b-4c76-92c2-74d2128708bd,U//PR-EXO-ELSETS,36830,2025-10-07T04:44:54.119109Z,1.00267561896654,36830,False,0.0005695816538734582,0.01591751627281672,193.9849691934534,359.9642371072385,246.4007321358401,0.0,0.0,0.0,42165.91794414171,1436.15739004825,42189.93487742144,42141.901010862,36830,1 36830U 10037A   25280.19784860 +.00000000 +00000+0 +00000+0 2 99990,2 36830   0.0159 193.9850 0005695 359.9642 246.4007  1.00267561000006,2025-10-07T05:15:29.436Z,system.exo,EXO,REAL,2,OPS1,"{'NORAD_ID': 36830, 'classification': 'U', 'COSPAR_ID': '10037A', 'BC': 0.0, 'n_ddot': 0.0, 'B_star': 0.0, 'ephemeris_type': 2, 'elset_num': 9999, 'inclination': 0.0159, 'RAAN': 193.985, 'eccentricity': 0.0005695, 'perigee': 359.9642, 'mean_anomaly': 246.4007, 'mean_motion': 1.00267561, 'rev_num': 0, 'line1': '1 36830U 10037A   25280.19784860 +.00000000 +00000+0 +00000+0 2 99990', 'line2': '2 36830   0.0159 193.9850 0005695 359.9642 246.4007  1.00267561000006', 'epoch': datetime.datetime(2025, 10, 7, 4, 44, 54, 119040)}"
e9c16b1e-30c2-44be-87d0-924e416c93a1,U//PR-EXO-ELSETS,24315,2025-10-07T19:04:38.687109Z,0.995012247796434,24315,False,0.001020081883003522,8.516511950258968,61.76538428361292,195.6486989478182,81.87839761416227,0.0,0.0,0.0,42382.14289379268,1447.218366597035,42425.3761499215,42338.90963766386,24315,1 24315U 96054A   25280.79489221 +.00000000 +00000+0 +00000+0 2 99997,2 24315   8.5165  61.7654 0010200 195.6487  81.8784  0.99501224000002,2025-10-07T19:45:29.873Z,system.exo,EXO,REAL,2,OPS1,"{'NORAD_ID': 24315, 'classification': 'U', 'COSPAR_ID': '96054A', 'BC': 0.0, 'n_ddot': 0.0, 'B_star': 0.0, 'ephemeris_type': 2, 'elset_num': 9999, 'inclination': 8.5165, 'RAAN': 61.7654, 'eccentricity': 0.00102, 'perigee': 195.6487, 'mean_anomaly': 81.8784, 'mean_motion': 0.99501224, 'rev_num': 0, 'line1': '1 24315U 96054A   25280.79489221 +.00000000 +00000+0 +00000+0 2 99997', 'line2': '2 24315   8.5165  61.7654 0010200 195.6487  81.8784  0.99501224000002', 'epoch': datetime.datetime(2025, 10, 7, 19, 4, 38, 686944)}"
563d979d-c678-41bd-b68a-5e54c9cb1cfb,U//PR-EXO-ELSETS,4478,2025-10-07T21:11:50.778321Z,1.022585623344691,4478,False,0.03168732964072603,4.837225398562019,72.07150151942496,108.9788500218256,132.3679101548366,0.0,0.0,0.0,41616.80549335611,1408.195037291863,42935.53092761807,40298.08005909416,4478,1 04478U 70055A   25280.88322660 +.00000000 +00000+0 +00000+0 2 99991,2 04478   4.8372  72.0715 0316873 108.9789 132.3679  1.02258562000003,2025-10-07T22:18:28.961Z,system.exo,EXO,REAL,2,OPS1,"{'NORAD_ID': 4478, 'classification': 'U', 'COSPAR_ID': '70055A', 'BC': 0.0, 'n_ddot': 0.0, 'B_star': 0.0, 'ephemeris_type': 2, 'elset_num': 9999, 'inclination': 4.8372, 'RAAN': 72.0715, 'eccentricity': 0.0316873, 'perigee': 108.9789, 'mean_anomaly': 132.3679, 'mean_motion': 1.02258562, 'rev_num': 0, 'line1': '1 04478U 70055A   25280.88322660 +.00000000 +00000+0 +00000+0 2 99991', 'line2': '2 04478   4.8372  72.0715 0316873 108.9789 132.3679  1.02258562000003', 'epoch': datetime.datetime(2025, 10, 7, 21, 11, 50, 778240)}"
891ee958-3912-4aee-84bc-aa75e9317983,U//PR-EXO-ELSETS,25501,2025-10-07T20:44:32.933735Z,0.9817288039383539,25501,False,0.0007741630012618252,11.00773699864848,22.55643015156702,336.1801719325073,354.2832973611304,0.0,0.0,0.0,42763.5916227308,1466.800193926491,42796.69761316619,42730.48563229541,25501,1 25501U 98058A   25280.86427007 +.00000000 +00000+0 +00000+0 2 99993,2 25501  11.0077  22.5564 0007741 336.1802 354.2833  0.98172880000008,2025-10-07T21:42:29.613Z,system.exo,EXO,REAL,2,OPS1,"{'NORAD_ID': 25501, 'classification': 'U', 'COSPAR_ID': '98058A', 'BC': 0.0, 'n_ddot': 0.0, 'B_star': 0.0, 'ephemeris_type': 2, 'elset_num': 9999, 'inclination': 11.0077, 'RAAN': 22.5564, 'eccentricity': 0.0007741, 'perigee': 336.1802, 'mean_anomaly': 354.2833, 'mean_motion': 0.9817288, 'rev_num': 0, 'line1': '1 25501U 98058A   25280.86427007 +.00000000 +00000+0 +00000+0 2 99993', 'line2': '2 25501  11.0077  22.5564 0007741 336.1802 354.2833  0.98172880000008', 'epoch': datetime.datetime(2025, 10, 7, 20, 44, 32, 934048)}"
4a42b8ce-0910-4074-9e96-05aed7ceb10e,U//PR-EXO-ELSETS,27875,2025-10-07T19:06:57.064954Z,1.002721974741273,27875,False,0.0001479473643300535,9.96123662638118,50.27077554387649,165.0515912602507,112.298217625144,0.0,0.0,0.0,42164.61838228002,1436.090996581136,42170.85652643766,42158.38023812238,27875,1 27875U 03040A   25280.79649381 +.00000000 +00000+0 +00000+0 2 99999,2 27875   9.9612  50.2708 0001479 165.0516 112.2982  1.00272197000009,2025-10-07T19:54:28.837Z,system.exo,EXO,REAL,2,OPS1,"{'NORAD_ID': 27875, 'classification': 'U', 'COSPAR_ID': '03040A', 'BC': 0.0, 'n_ddot': 0.0, 'B_star': 0.0, 'ephemeris_type': 2, 'elset_num': 9999, 'inclination': 9.9612, 'RAAN': 50.2708, 'eccentricity': 0.0001479, 'perigee': 165.0516, 'mean_anomaly': 112.2982, 'mean_motion': 1.00272197, 'rev_num': 0, 'line1': '1 27875U 03040A   25280.79649381 +.00000000 +00000+0 +00000+0 2 99999', 'line2': '2 27875   9.9612  50.2708 0001479 165.0516 112.2982  1.00272197000009', 'epoch': datetime.datetime(2025, 10, 7, 19, 6, 57, 65184)}"
f795d40c-d317-4019-bdf7-75e996b22d98,U//PR-EXO-ELSETS,21940,2025-10-07T19:07:24.673897Z,0.9793869455416863,21940,False,0.001020345497789751,11.92278436711889,17.03036362645116,175.6827667247938,151.7616430058567,0.0,0.0,0.0,42831.73384726266,1470.307529169234,42875.43701405624,42788.03068046908,21940,1 21940U 92021B   25280.79681336 +.00000000 +00000+0 +00000+0 2 99999,2 21940  11.9228  17.0304 0010203 175.6828 151.7616  0.97938694000001,2025-10-07T20:30:29.775Z,system.exo,EXO,REAL,2,OPS1,"{'NORAD_ID': 21940, 'classification': 'U', 'COSPAR_ID': '92021B', 'BC': 0.0, 'n_ddot': 0.0, 'B_star': 0.0, 'ephemeris_type': 2, 'elset_num': 9999, 'inclination': 11.9228, 'RAAN': 17.0304, 'eccentricity': 0.0010203, 'perigee': 175.6828, 'mean_anomaly': 151.7616, 'mean_motion': 0.97938694, 'rev_num': 0, 'line1': '1 21940U 92021B   25280.79681336 +.00000000 +00000+0 +00000+0 2 99999', 'line2': '2 21940  11.9228  17.0304 0010203 175.6828 151.7616  0.97938694000001', 'epoch': datetime.datetime(2025, 10, 7, 19, 7, 24, 674304)}"
a9b4d184-c229-4c5a-a40d-17cd387e0bd8,U//PR-EXO-ELSETS,40346,2025-10-07T19:31:27.680353Z,1.113302491026189,40346,False,0.06600836902659638,8.141968589229371,54.6811553923311,181.0990611590926,121.1771024011789,0.0,0.0,0.0,39324.18602818238,1293.449005645066,41919.91141120117,36728.46064516359,40346,1 40346U 14082B   25280.81351482 +.00000000 +00000+0 +00000+0 2 99990,2 40346   8.1420  54.6812 0660083 181.0991 121.1771  1.11330249000006,2025-10-07T20:09:28.808Z,system.exo,EXO,REAL,2,OPS1,"{'NORAD_ID': 40346, 'classification': 'U', 'COSPAR_ID': '14082B', 'BC': 0.0, 'n_ddot': 0.0, 'B_star': 0.0, 'ephemeris_type': 2, 'elset_num': 9999, 'inclination': 8.142, 'RAAN': 54.6812, 'eccentricity': 0.0660083, 'perigee': 181.0991, 'mean_anomaly': 121.1771, 'mean_motion': 1.11330249, 'rev_num': 0, 'line1': '1 40346U 14082B   25280.81351482 +.00000000 +00000+0 +00000+0 2 99990', 'line2': '2 40346   8.1420  54.6812 0660083 181.0991 121.1771  1.11330249000006', 'epoch': datetime.datetime(2025, 10, 7, 19, 31, 27, 680448)}"
bdc1c996-bf65-4d15-9821-c83550ca5f15,U//PR-EXO-ELSETS,28393,2025-10-07T09:18:15.961989Z,0.9845439199844691,28393,False,0.00132590774449334,8.796359369283131,61.5940549630429,102.567798875201,307.1448496239353,0.0,0.0,0.0,42682.03648979692,1462.606157806262,42738.62893252949,42625.44404706435,28393,1 28393U 04031A   25280.38768475 +.00000000 +00000+0 +00000+0 2 99997,2 28393   8.7964  61.5941 0013259 102.5678 307.1448  0.98454391000006,2025-10-07T09:45:29.443Z,system.exo,EXO,REAL,2,OPS1,"{'NORAD_ID': 28393, 'classification': 'U', 'COSPAR_ID': '04031A', 'BC': 0.0, 'n_ddot': 0.0, 'B_star': 0.0, 'ephemeris_type': 2, 'elset_num': 9999, 'inclination': 8.7964, 'RAAN': 61.5941, 'eccentricity': 0.0013259, 'perigee': 102.5678, 'mean_anomaly': 307.1448, 'mean_motion': 0.98454391, 'rev_num': 0, 'line1': '1 28393U 04031A   25280.38768475 +.00000000 +00000+0 +00000+0 2 99997', 'line2': '2 28393   8.7964  61.5941 0013259 102.5678 307.1448  0.98454391000006', 'epoch': datetime.datetime(2025, 10, 7, 9, 18, 15, 962400)}"
f9f826dc-7f01-4c63-8ae8-11f594642bb0,U//PR-EXO-ELSETS,36097,2025-10-07T20:54:22.363972Z,1.002682112887164,36097,False,0.0002996782926130615,0.03287401778591247,11.33155577079628,207.3081346839216,66.75475049115983,0.0,0.0,0.0,42165.73588416728,1436.148088703412,42178.37203990382,42153.09972843075,36097,1 36097U 09064A   25280.87109218 +.00000000 +00000+0 +00000+0 2 99996,2 36097   0.0329  11.3316 0002996 207.3081  66.7548  1.00268211000000,2025-10-07T22:00:28.123Z,system.exo,EXO,REAL,2,OPS1,"{'NORAD_ID': 36097, 'classification': 'U', 'COSPAR_ID': '09064A', 'BC': 0.0, 'n_ddot': 0.0, 'B_star': 0.0, 'ephemeris_type': 2, 'elset_num': 9999, 'inclination': 0.0329, 'RAAN': 11.3316, 'eccentricity': 0.0002996, 'perigee': 207.3081, 'mean_anomaly': 66.7548, 'mean_motion': 1.00268211, 'rev_num': 0, 'line1': '1 36097U 09064A   25280.87109218 +.00000000 +00000+0 +00000+0 2 99996', 'line2': '2 36097   0.0329  11.3316 0002996 207.3081  66.7548  1.00268211000000', 'epoch': datetime.datetime(2025, 10, 7, 20, 54, 22, 364352)}"
da9255fb-54de-42ac-90bd-11c51e136d3f,U//PR-EXO-ELSETS,42075,2025-10-07T04:54:11.496090Z,1.002681914023585,42075,False,5.433572762797353e-05,0.005119004223383334,159.1711221026716,65.50646803980588,212.9504516176998,0.0,0.0,0.0,42165.74145936766,1436.148373537062,42168.03256561083,42163.45035312449,42075,1 42075U 17016A   25280.20429972 +.00000000 +00000+0 +00000+0 2 99994,2 42075   0.0051 159.1711 0000543  65.5065 212.9505  1.00268191000002,2025-10-07T05:39:28.171Z,system.exo,EXO,REAL,2,OPS1,"{'NORAD_ID': 42075, 'classification': 'U', 'COSPAR_ID': '17016A', 'BC': 0.0, 'n_ddot': 0.0, 'B_star': 0.0, 'ephemeris_type': 2, 'elset_num': 9999, 'inclination': 0.0051, 'RAAN': 159.1711, 'eccentricity': 5.43e-05, 'perigee': 65.5065, 'mean_anomaly': 212.9505, 'mean_motion': 1.00268191, 'rev_num': 0, 'line1': '1 42075U 17016A   25280.20429972 +.00000000 +00000+0 +00000+0 2 99994', 'line2': '2 42075   0.0051 159.1711 0000543  65.5065 212.9505  1.00268191000002', 'epoch': datetime.datetime(2025, 10, 7, 4, 54, 11, 495808)}"
c10d0ba1-d0ae-42fc-99a8-416c84f0a3d8,U//PR-EXO-ELSETS,61995,2025-10-07T20:42:59.921164Z,1.010313586196659,61995,False,0.005178328461762688,0.8909575216248685,85.61742863002337,275.6536810832917,281.5919230216541,0.0,0.0,0.0,41953.13314067557,1425.300045128466,42170.38024407805,41735.88603727309,61995,1 61995U 16053M   25280.86319353 +.00000000 +00000+0 +00000+0 2 99999,2 61995   0.8910  85.6174 0051783 275.6537 281.5919  1.01031358000007,2025-10-07T21:33:28.659Z,system.exo,EXO,REAL,2,OPS1,"{'NORAD_ID': 61995, 'classification': 'U', 'COSPAR_ID': '16053M', 'BC': 0.0, 'n_ddot': 0.0, 'B_star': 0.0, 'ephemeris_type': 2, 'elset_num': 9999, 'inclination': 0.891, 'RAAN': 85.6174, 'eccentricity': 0.0051783, 'perigee': 275.6537, 'mean_anomaly': 281.5919, 'mean_motion': 1.01031358, 'rev_num': 0, 'line1': '1 61995U 16053M   25280.86319353 +.00000000 +00000+0 +00000+0 2 99999', 'line2': '2 61995   0.8910  85.6174 0051783 275.6537 281.5919  1.01031358000007', 'epoch': datetime.datetime(2025, 10, 7, 20, 42, 59, 920992)}"
caa0916c-9913-49f4-baf7-c6793f507749,U//PR-EXO-ELSETS,32794,2025-10-07T19:41:44.891409Z,1.002682720961471,32794,False,0.0003799155006386621,0.01251842096490735,154.3608565917557,51.9206313739894,101.7645565389081,0.0,0.0,0.0,42165.71883663227,1436.14721775517,42181.73824681389,42149.69942645066,32794,1 32794U 08022A   25280.82065847 +.00000000 +00000+0 +00000+0 2 99993,2 32794   0.0125 154.3609 0003799  51.9206 101.7646  1.00268272000007,2025-10-07T20:15:28.353Z,system.exo,EXO,REAL,2,OPS1,"{'NORAD_ID': 32794, 'classification': 'U', 'COSPAR_ID': '08022A', 'BC': 0.0, 'n_ddot': 0.0, 'B_star': 0.0, 'ephemeris_type': 2, 'elset_num': 9999, 'inclination': 0.0125, 'RAAN': 154.3609, 'eccentricity': 0.0003799, 'perigee': 51.9206, 'mean_anomaly': 101.7646, 'mean_motion': 1.00268272, 'rev_num': 0, 'line1': '1 32794U 08022A   25280.82065847 +.00000000 +00000+0 +00000+0 2 99993', 'line2': '2 32794   0.0125 154.3609 0003799  51.9206 101.7646  1.00268272000007', 'epoch': datetime.datetime(2025, 10, 7, 19, 41, 44, 891808)}"
21fbe7d0-ad5e-4c04-a072-33707b64b879,U//PR-EXO-ELSETS,35696,2025-10-07T20:52:46.223516Z,1.002651498566173,35696,False,0.0001777619027901847,0.02802913451303784,253.8143986883415,301.8866251960017,234.7715393747923,0.0,0.0,0.0,42166.59418757979,1436.191939132641,42174.08980159676,42159.09857356283,35696,1 35696U 09042A   25280.86997944 +.00000000 +00000+0 +00000+0 2 99996,2 35696   0.0280 253.8144 0001777 301.8866 234.7715  1.00265149000009,2025-10-07T21:27:29.015Z,system.exo,EXO,REAL,2,OPS1,"{'NORAD_ID': 35696, 'classification': 'U', 'COSPAR_ID': '09042A', 'BC': 0.0, 'n_ddot': 0.0, 'B_star': 0.0, 'ephemeris_type': 2, 'elset_num': 9999, 'inclination': 0.028, 'RAAN': 253.8144, 'eccentricity': 0.0001777, 'perigee': 301.8866, 'mean_anomaly': 234.7715, 'mean_motion': 1.00265149, 'rev_num': 0, 'line1': '1 35696U 09042A   25280.86997944 +.00000000 +00000+0 +00000+0 2 99996', 'line2': '2 35696   0.0280 253.8144 0001777 301.8866 234.7715  1.00265149000009', 'epoch': datetime.datetime(2025, 10, 7, 20, 52, 46, 223616)}"
aeb3e0a4-e3f4-4998-acf0-c482be9058c3,U//PR-EXO-ELSETS,36582,2025-10-07T03:14:57.201933Z,1.002677126585535,36582,False,0.0003125755269363549,0.07032742514169417,84.4550464101074,134.9770885333437,218.5426978638558,0.0,0.0,0.0,42165.87567719251,1436.155230651069,42179.05569800104,42152.69565638398,36582,1 36582U 10021B   25280.13538428 +.00000000 +00000+0 +00000+0 2 99998,2 36582   0.0703  84.4550 0003125 134.9771 218.5427  1.00267712000000,2025-10-07T03:33:29.298Z,system.exo,EXO,REAL,2,OPS1,"{'NORAD_ID': 36582, 'classification': 'U', 'COSPAR_ID': '10021B', 'BC': 0.0, 'n_ddot': 0.0, 'B_star': 0.0, 'ephemeris_type': 2, 'elset_num': 9999, 'inclination': 0.0703, 'RAAN': 84.455, 'eccentricity': 0.0003125, 'perigee': 134.9771, 'mean_anomaly': 218.5427, 'mean_motion': 1.00267712, 'rev_num': 0, 'line1': '1 36582U 10021B   25280.13538428 +.00000000 +00000+0 +00000+0 2 99998', 'line2': '2 36582   0.0703  84.4550 0003125 134.9771 218.5427  1.00267712000000', 'epoch': datetime.datetime(2025, 10, 7, 3, 14, 57, 201792)}"
69ae7441-40c1-41c7-90ff-d6a4fe9f1198,U//PR-EXO-ELSETS,39773,2025-10-07T20:53:17.351731Z,1.002674124406374,39773,False,0.0004605330774963608,0.06596502622848123,12.0350374094284,183.1698511271615,137.9850425529341,0.0,0.0,0.0,42165.95984508382,1436.159530747382,42185.37866433687,42146.54102583078,39773,1 39773U 14030A   25280.87033972 +.00000000 +00000+0 +00000+0 2 99992,2 39773   0.0660  12.0350 0004605 183.1699 137.9850  1.00267412000002,2025-10-07T21:57:29.831Z,system.exo,EXO,REAL,2,OPS1,"{'NORAD_ID': 39773, 'classification': 'U', 'COSPAR_ID': '14030A', 'BC': 0.0, 'n_ddot': 0.0, 'B_star': 0.0, 'ephemeris_type': 2, 'elset_num': 9999, 'inclination': 0.066, 'RAAN': 12.035, 'eccentricity': 0.0004605, 'perigee': 183.1699, 'mean_anomaly': 137.985, 'mean_motion': 1.00267412, 'rev_num': 0, 'line1': '1 39773U 14030A   25280.87033972 +.00000000 +00000+0 +00000+0 2 99992', 'line2': '2 39773   0.0660  12.0350 0004605 183.1699 137.9850  1.00267412000002', 'epoch': datetime.datetime(2025, 10, 7, 20, 53, 17, 351808)}"
1b1de386-248f-4e02-8f22-2820deb80c03,U//PR-EXO-ELSETS,26724,2025-10-07T20:29:48.233766Z,0.99075870824945,26724,False,0.0009841525063623664,8.993727129666487,59.04127545290687,130.6914029690167,232.4543611749622,0.0,0.0,0.0,42503.36001243458,1453.431585319401,42545.18980071964,42461.53022414952,26724,1 26724U 01012A   25280.85403048 +.00000000 +00000+0 +00000+0 2 99993,2 26724   8.9937  59.0413 0009841 130.6914 232.4544  0.99075870000006,2025-10-07T23:33:30.210Z,system.exo,EXO,REAL,2,OPS1,"{'NORAD_ID': 26724, 'classification': 'U', 'COSPAR_ID': '01012A', 'BC': 0.0, 'n_ddot': 0.0, 'B_star': 0.0, 'ephemeris_type': 2, 'elset_num': 9999, 'inclination': 8.9937, 'RAAN': 59.0413, 'eccentricity': 0.0009841, 'perigee': 130.6914, 'mean_anomaly': 232.4544, 'mean_motion': 0.9907587, 'rev_num': 0, 'line1': '1 26724U 01012A   25280.85403048 +.00000000 +00000+0 +00000+0 2 99993', 'line2': '2 26724   8.9937  59.0413 0009841 130.6914 232.4544  0.99075870000006', 'epoch': datetime.datetime(2025, 10, 7, 20, 29, 48, 233472)}"
16986be2-29d2-465f-9a5f-54185fb0969d,U//PR-EXO-ELSETS,27948,2025-10-07T19:10:46.612050Z,0.9888194129005331,27948,False,0.0006875709330103728,9.151731009410847,58.13998714172813,178.3570740646653,25.53762839918928,0.0,0.0,0.0,42558.91424067564,1456.282088734489,42588.17651304801,42529.65196830327,27948,1 27948U 03043A   25280.79915060 +.00000000 +00000+0 +00000+0 2 99993,2 27948   9.1517  58.1400 0006875 178.3571  25.5376  0.98881941000007,2025-10-07T21:09:39.090Z,system.exo,EXO,REAL,2,OPS1,"{'NORAD_ID': 27948, 'classification': 'U', 'COSPAR_ID': '03043A', 'BC': 0.0, 'n_ddot': 0.0, 'B_star': 0.0, 'ephemeris_type': 2, 'elset_num': 9999, 'inclination': 9.1517, 'RAAN': 58.14, 'eccentricity': 0.0006875, 'perigee': 178.3571, 'mean_anomaly': 25.5376, 'mean_motion': 0.98881941, 'rev_num': 0, 'line1': '1 27948U 03043A   25280.79915060 +.00000000 +00000+0 +00000+0 2 99993', 'line2': '2 27948   9.1517  58.1400 0006875 178.3571  25.5376  0.98881941000007', 'epoch': datetime.datetime(2025, 10, 7, 19, 10, 46, 611840)}"
3b4f73e1-3abe-4803-8e8e-9c834c984c49,U//PR-EXO-ELSETS,43433,2025-10-07T19:10:45.780994Z,0.9051066511123982,43433,False,0.06829885099237262,7.425647617634565,73.93595701667381,22.3305770965904,176.595530753833,0.0,0.0,0.0,45144.20661484202,1590.972730374045,48227.50405559799,42060.90917408604,43433,1 43433U 18037B   25280.79914098 +.00000000 +00000+0 +00000+0 2 99999,2 43433   7.4256  73.9360 0682988  22.3306 176.5955  0.90510665000008,2025-10-07T20:09:28.813Z,system.exo,EXO,REAL,2,OPS1,"{'NORAD_ID': 43433, 'classification': 'U', 'COSPAR_ID': '18037B', 'BC': 0.0, 'n_ddot': 0.0, 'B_star': 0.0, 'ephemeris_type': 2, 'elset_num': 9999, 'inclination': 7.4256, 'RAAN': 73.936, 'eccentricity': 0.0682988, 'perigee': 22.3306, 'mean_anomaly': 176.5955, 'mean_motion': 0.90510665, 'rev_num': 0, 'line1': '1 43433U 18037B   25280.79914098 +.00000000 +00000+0 +00000+0 2 99999', 'line2': '2 43433   7.4256  73.9360 0682988  22.3306 176.5955  0.90510665000008', 'epoch': datetime.datetime(2025, 10, 7, 19, 10, 45, 780672)}"
81ce91f5-905d-40ec-a0c0-2f4dc56df319,U//PR-EXO-ELSETS,6052,2025-10-07T21:02:26.284904Z,1.001220774713502,6052,False,0.0005201937229973358,6.357412570035984,289.2654178446329,285.2813871666594,85.54483740193784,0.0,0.0,0.0,42206.75475598479,1438.244227814843,42228.71044487694,42184.79906709264,6052,1 06052U 72041A   25280.87669311 +.00000000 +00000+0 +00000+0 2 99994,2 06052   6.3574 289.2654 0005201 285.2814  85.5448  1.00122077000008,2025-10-07T21:42:29.598Z,system.exo,EXO,REAL,2,OPS1,"{'NORAD_ID': 6052, 'classification': 'U', 'COSPAR_ID': '72041A', 'BC': 0.0, 'n_ddot': 0.0, 'B_star': 0.0, 'ephemeris_type': 2, 'elset_num': 9999, 'inclination': 6.3574, 'RAAN': 289.2654, 'eccentricity': 0.0005201, 'perigee': 285.2814, 'mean_anomaly': 85.5448, 'mean_motion': 1.00122077, 'rev_num': 0, 'line1': '1 06052U 72041A   25280.87669311 +.00000000 +00000+0 +00000+0 2 99994', 'line2': '2 06052   6.3574 289.2654 0005201 285.2814  85.5448  1.00122077000008', 'epoch': datetime.datetime(2025, 10, 7, 21, 2, 26, 284704)}"
43562878-03cf-4c25-bb2f-84d561d449ab,U//PR-EXO-ELSETS,10987,2025-10-07T20:33:35.804972Z,1.003216010026974,10987,False,0.001069901798578991,5.434289856079061,281.641204954588,18.13878019578988,125.7066618542373,0.0,0.0,0.0,42150.77455791976,1435.383791334512,42195.87174743077,42105.67736840874,10987,1 10987U 78073A   25280.85666441 +.00000000 +00000+0 +00000+0 2 99996,2 10987   5.4343 281.6412 0010699  18.1388 125.7067  1.00321601000006,2025-10-07T23:24:28.924Z,system.exo,EXO,REAL,2,OPS1,"{'NORAD_ID': 10987, 'classification': 'U', 'COSPAR_ID': '78073A', 'BC': 0.0, 'n_ddot': 0.0, 'B_star': 0.0, 'ephemeris_type': 2, 'elset_num': 9999, 'inclination': 5.4343, 'RAAN': 281.6412, 'eccentricity': 0.0010699, 'perigee': 18.1388, 'mean_anomaly': 125.7067, 'mean_motion': 1.00321601, 'rev_num': 0, 'line1': '1 10987U 78073A   25280.85666441 +.00000000 +00000+0 +00000+0 2 99996', 'line2': '2 10987   5.4343 281.6412 0010699  18.1388 125.7067  1.00321601000006', 'epoch': datetime.datetime(2025, 10, 7, 20, 33, 35, 805024)}"
0f76046e-519d-4b3c-b0d3-d19c0ad3f6d7,U//PR-EXO-ELSETS,38529,2025-10-07T19:43:06.002053Z,1.03146012640558,38529,False,0.01946319767184108,6.380912758055247,62.13816378252137,173.3517714428975,26.47772306364751,0.0,0.0,0.0,41377.75271761829,1396.079172752993,42183.09609797786,40572.40933725872,38529,1 38529U 12034B   25280.82159725 +.00000000 +00000+0 +00000+0 2 99992,2 38529   6.3809  62.1382 0194631 173.3518  26.4777  1.03146012000000,2025-10-07T21:12:27.948Z,system.exo,EXO,REAL,2,OPS1,"{'NORAD_ID': 38529, 'classification': 'U', 'COSPAR_ID': '12034B', 'BC': 0.0, 'n_ddot': 0.0, 'B_star': 0.0, 'ephemeris_type': 2, 'elset_num': 9999, 'inclination': 6.3809, 'RAAN': 62.1382, 'eccentricity': 0.0194631, 'perigee': 173.3518, 'mean_anomaly': 26.4777, 'mean_motion': 1.03146012, 'rev_num': 0, 'line1': '1 38529U 12034B   25280.82159725 +.00000000 +00000+0 +00000+0 2 99992', 'line2': '2 38529   6.3809  62.1382 0194631 173.3518  26.4777  1.03146012000000', 'epoch': datetime.datetime(2025, 10, 7, 19, 43, 6, 2400)}"
f14cbaa1-e29f-4603-b5b0-d4232f590bda,U//PR-EXO-ELSETS,39120,2025-10-07T09:23:18.591127Z,1.002673235682896,39120,False,0.000217171112558159,3.942181410039937,51.8857434616731,158.2314176534901,257.220442810949,0.0,0.0,0.0,42165.98476105952,1436.160803693191,42175.14199488219,42156.82752723685,39120,1 39120U 13011A   25280.39118740 +.00000000 +00000+0 +00000+0 2 99990,2 39120   3.9422  51.8857 0002171 158.2314 257.2204  1.00267323000002,2025-10-07T10:09:30.345Z,system.exo,EXO,REAL,2,OPS1,"{'NORAD_ID': 39120, 'classification': 'U', 'COSPAR_ID': '13011A', 'BC': 0.0, 'n_ddot': 0.0, 'B_star': 0.0, 'ephemeris_type': 2, 'elset_num': 9999, 'inclination': 3.9422, 'RAAN': 51.8857, 'eccentricity': 0.0002171, 'perigee': 158.2314, 'mean_anomaly': 257.2204, 'mean_motion': 1.00267323, 'rev_num': 0, 'line1': '1 39120U 13011A   25280.39118740 +.00000000 +00000+0 +00000+0 2 99990', 'line2': '2 39120   3.9422  51.8857 0002171 158.2314 257.2204  1.00267323000002', 'epoch': datetime.datetime(2025, 10, 7, 9, 23, 18, 591360)}"
20379cd6-89ce-439d-b176-ce67eac8d9ec,U//PR-EXO-ELSETS,26900,2025-10-07T08:57:22.981137Z,1.00268002205101,26900,False,0.000452355834522655,5.473872110534317,74.85391713126852,122.460348163441,263.2339278991506,0.0,0.0,0.0,42165.79450148119,1436.151083427831,42184.86844464122,42146.72055832116,26900,1 26900U 01039A   25280.37318265 +.00000000 +00000+0 +00000+0 2 99991,2 26900   5.4739  74.8539 0004523 122.4603 263.2339  1.00268002000002,2025-10-07T09:45:29.439Z,system.exo,EXO,REAL,2,OPS1,"{'NORAD_ID': 26900, 'classification': 'U', 'COSPAR_ID': '01039A', 'BC': 0.0, 'n_ddot': 0.0, 'B_star': 0.0, 'ephemeris_type': 2, 'elset_num': 9999, 'inclination': 5.4739, 'RAAN': 74.8539, 'eccentricity': 0.0004523, 'perigee': 122.4603, 'mean_anomaly': 263.2339, 'mean_motion': 1.00268002, 'rev_num': 0, 'line1': '1 26900U 01039A   25280.37318265 +.00000000 +00000+0 +00000+0 2 99991', 'line2': '2 26900   5.4739  74.8539 0004523 122.4603 263.2339  1.00268002000002', 'epoch': datetime.datetime(2025, 10, 7, 8, 57, 22, 980960)}"
a8f3f637-3271-420e-9b6d-9e10648c4430,U//PR-EXO-ELSETS,11669,2025-10-07T20:43:41.491326Z,1.002392957316433,11669,False,0.002448942009206734,6.694998325003369,307.6360763861389,241.525236940548,109.1323283245457,0.0,0.0,0.0,42173.84439505787,1436.562367572006,42277.12569428667,42070.56309582906,11669,1 11669U 80004A   25280.86367467 +.00000000 +00000+0 +00000+0 2 99998,2 11669   6.6950 307.6361 0024489 241.5252 109.1323  1.00239295000005,2025-10-07T21:30:29.141Z,system.exo,EXO,REAL,2,OPS1,"{'NORAD_ID': 11669, 'classification': 'U', 'COSPAR_ID': '80004A', 'BC': 0.0, 'n_ddot': 0.0, 'B_star': 0.0, 'ephemeris_type': 2, 'elset_num': 9999, 'inclination': 6.695, 'RAAN': 307.6361, 'eccentricity': 0.0024489, 'perigee': 241.5252, 'mean_anomaly': 109.1323, 'mean_motion': 1.00239295, 'rev_num': 0, 'line1': '1 11669U 80004A   25280.86367467 +.00000000 +00000+0 +00000+0 2 99998', 'line2': '2 11669   6.6950 307.6361 0024489 241.5252 109.1323  1.00239295000005', 'epoch': datetime.datetime(2025, 10, 7, 20, 43, 41, 491488)}"
0172f076-eee7-4fa0-a659-b64daf6bd149,U//PR-EXO-ELSETS,10975,2025-10-07T19:11:39.429144Z,0.9919315307792504,10975,False,0.002362046109728677,9.97830847621833,316.7775512093269,309.0106371362252,77.16263135645109,0.0,0.0,0.0,42469.85049080799,1451.713102484757,42570.16623594057,42369.53474567542,10975,1 10975U 78068A   25280.79976191 +.00000000 +00000+0 +00000+0 2 99996,2 10975   9.9783 316.7776 0023620 309.0106  77.1626  0.99193153000008,2025-10-07T19:27:29.222Z,system.exo,EXO,REAL,2,OPS1,"{'NORAD_ID': 10975, 'classification': 'U', 'COSPAR_ID': '78068A', 'BC': 0.0, 'n_ddot': 0.0, 'B_star': 0.0, 'ephemeris_type': 2, 'elset_num': 9999, 'inclination': 9.9783, 'RAAN': 316.7776, 'eccentricity': 0.002362, 'perigee': 309.0106, 'mean_anomaly': 77.1626, 'mean_motion': 0.99193153, 'rev_num': 0, 'line1': '1 10975U 78068A   25280.79976191 +.00000000 +00000+0 +00000+0 2 99996', 'line2': '2 10975   9.9783 316.7776 0023620 309.0106  77.1626  0.99193153000008', 'epoch': datetime.datetime(2025, 10, 7, 19, 11, 39, 429024)}"
4d2fca96-431f-4e90-bfe0-8a648db7268a,U//PR-EXO-ELSETS,28937,2025-10-07T21:11:52.602009Z,0.990732539174003,28937,False,0.0011310114811459,5.127899716808195,76.07051323266904,153.5871131001806,55.51782826887338,0.0,0.0,0.0,42504.10846114597,1453.469976064945,42552.18109581139,42456.03582648054,28937,1 28937U 06004A   25280.88324771 +.00000000 +00000+0 +00000+0 2 99995,2 28937   5.1279  76.0705 0011310 153.5871  55.5178  0.99073253000005,2025-10-07T22:00:28.122Z,system.exo,EXO,REAL,2,OPS1,"{'NORAD_ID': 28937, 'classification': 'U', 'COSPAR_ID': '06004A', 'BC': 0.0, 'n_ddot': 0.0, 'B_star': 0.0, 'ephemeris_type': 2, 'elset_num': 9999, 'inclination': 5.1279, 'RAAN': 76.0705, 'eccentricity': 0.001131, 'perigee': 153.5871, 'mean_anomaly': 55.5178, 'mean_motion': 0.99073253, 'rev_num': 0, 'line1': '1 28937U 06004A   25280.88324771 +.00000000 +00000+0 +00000+0 2 99995', 'line2': '2 28937   5.1279  76.0705 0011310 153.5871  55.5178  0.99073253000005', 'epoch': datetime.datetime(2025, 10, 7, 21, 11, 52, 602144)}"
35e49a2c-dad6-4a40-80d1-3126c8c0f3c8,U//PR-EXO-ELSETS,26451,2025-10-07T19:12:50.940162Z,0.9939629212853632,26451,False,0.0006213317787479025,9.82538916254693,51.48176561879927,174.2145392485796,127.4805946859609,0.0,0.0,0.0,42411.96619597019,1448.746194815633,42438.31809836694,42385.61429357345,26451,1 26451U 00043A   25280.80058959 +.00000000 +00000+0 +00000+0 2 99995,2 26451   9.8254  51.4818 0006213 174.2145 127.4806  0.99396292000008,2025-10-07T19:36:29.088Z,system.exo,EXO,REAL,2,OPS1,"{'NORAD_ID': 26451, 'classification': 'U', 'COSPAR_ID': '00043A', 'BC': 0.0, 'n_ddot': 0.0, 'B_star': 0.0, 'ephemeris_type': 2, 'elset_num': 9999, 'inclination': 9.8254, 'RAAN': 51.4818, 'eccentricity': 0.0006213, 'perigee': 174.2145, 'mean_anomaly': 127.4806, 'mean_motion': 0.99396292, 'rev_num': 0, 'line1': '1 26451U 00043A   25280.80058959 +.00000000 +00000+0 +00000+0 2 99995', 'line2': '2 26451   9.8254  51.4818 0006213 174.2145 127.4806  0.99396292000008', 'epoch': datetime.datetime(2025, 10, 7, 19, 12, 50, 940576)}"
55e4af2f-be0a-4b59-b014-3f7aab2808bc,U//PR-EXO-ELSETS,13899,2025-10-07T21:07:15.134996Z,0.9863407895148163,13899,False,0.002714217696500152,8.882379421341202,302.0659974094972,203.9029304619885,154.2477180855719,0.0,0.0,0.0,42630.18331232584,1459.9416502975,42745.89091027719,42514.47571437448,13899,1 13899U 82020F   25280.88003628 +.00000000 +00000+0 +00000+0 2 99993,2 13899   8.8824 302.0660 0027142 203.9029 154.2477  0.98634078000005,2025-10-07T21:24:29.285Z,system.exo,EXO,REAL,2,OPS1,"{'NORAD_ID': 13899, 'classification': 'U', 'COSPAR_ID': '82020F', 'BC': 0.0, 'n_ddot': 0.0, 'B_star': 0.0, 'ephemeris_type': 2, 'elset_num': 9999, 'inclination': 8.8824, 'RAAN': 302.066, 'eccentricity': 0.0027142, 'perigee': 203.9029, 'mean_anomaly': 154.2477, 'mean_motion': 0.98634078, 'rev_num': 0, 'line1': '1 13899U 82020F   25280.88003628 +.00000000 +00000+0 +00000+0 2 99993', 'line2': '2 13899   8.8824 302.0660 0027142 203.9029 154.2477  0.98634078000005', 'epoch': datetime.datetime(2025, 10, 7, 21, 7, 15, 134592)}"
51355809-357f-4f95-9c02-db03c5d35faa,U//PR-EXO-ELSETS,38867,2025-10-07T06:50:54.495884Z,1.002736489885538,38867,False,0.0002119752661523397,0.02241385397987022,239.9783070067912,8.412114532474142,177.5445033461608,0.0,0.0,0.0,42164.21147777325,1436.070208399792,42173.14924772335,42155.27370782314,38867,1 38867U 12057A   25280.28535296 +.00000000 +00000+0 +00000+0 2 99993,2 38867   0.0224 239.9783 0002119   8.4121 177.5445  1.00273648000006,2025-10-07T07:33:29.081Z,system.exo,EXO,REAL,2,OPS1,"{'NORAD_ID': 38867, 'classification': 'U', 'COSPAR_ID': '12057A', 'BC': 0.0, 'n_ddot': 0.0, 'B_star': 0.0, 'ephemeris_type': 2, 'elset_num': 9999, 'inclination': 0.0224, 'RAAN': 239.9783, 'eccentricity': 0.0002119, 'perigee': 8.4121, 'mean_anomaly': 177.5445, 'mean_motion': 1.00273648, 'rev_num': 0, 'line1': '1 38867U 12057A   25280.28535296 +.00000000 +00000+0 +00000+0 2 99993', 'line2': '2 38867   0.0224 239.9783 0002119   8.4121 177.5445  1.00273648000006', 'epoch': datetime.datetime(2025, 10, 7, 6, 50, 54, 495744)}"
016a42e7-ddd5-4295-a59f-6704d18519eb,U//PR-EXO-ELSETS,37344,2025-10-07T20:26:28.621773Z,1.002227777935472,37344,False,0.0003036653844370228,9.109826391989039,57.01269049083182,54.58122667719714,179.2347820365369,0.0,0.0,0.0,42178.47811094794,1436.799130599147,42191.28625471847,42165.6699671774,37344,1 37344U 11001A   25280.85172016 +.00000000 +00000+0 +00000+0 2 99990,2 37344   9.1098  57.0127 0003036  54.5812 179.2348  1.00222777000001,2025-10-07T22:24:28.102Z,system.exo,EXO,REAL,2,OPS1,"{'NORAD_ID': 37344, 'classification': 'U', 'COSPAR_ID': '11001A', 'BC': 0.0, 'n_ddot': 0.0, 'B_star': 0.0, 'ephemeris_type': 2, 'elset_num': 9999, 'inclination': 9.1098, 'RAAN': 57.0127, 'eccentricity': 0.0003036, 'perigee': 54.5812, 'mean_anomaly': 179.2348, 'mean_motion': 1.00222777, 'rev_num': 0, 'line1': '1 37344U 11001A   25280.85172016 +.00000000 +00000+0 +00000+0 2 99990', 'line2': '2 37344   9.1098  57.0127 0003036  54.5812 179.2348  1.00222777000001', 'epoch': datetime.datetime(2025, 10, 7, 20, 26, 28, 621824)}"
cac2fb54-d94f-4676-9dfb-1c28141412c8,U//PR-EXO-ELSETS,39168,2025-10-07T09:30:54.861273Z,1.002644970159245,39168,False,4.043749492220294e-05,0.0460740830083905,31.09970349512978,252.3242533755716,183.1427636910521,0.0,0.0,0.0,42166.77722371259,1436.201290444106,42168.48234255246,42165.07210487272,39168,1 39168U 13024A   25280.39646830 +.00000000 +00000+0 +00000+0 2 99992,2 39168   0.0461  31.0997 0000404 252.3243 183.1428  1.00264497000008,2025-10-07T10:33:28.096Z,system.exo,EXO,REAL,2,OPS1,"{'NORAD_ID': 39168, 'classification': 'U', 'COSPAR_ID': '13024A', 'BC': 0.0, 'n_ddot': 0.0, 'B_star': 0.0, 'ephemeris_type': 2, 'elset_num': 9999, 'inclination': 0.0461, 'RAAN': 31.0997, 'eccentricity': 4.04e-05, 'perigee': 252.3243, 'mean_anomaly': 183.1428, 'mean_motion': 1.00264497, 'rev_num': 0, 'line1': '1 39168U 13024A   25280.39646830 +.00000000 +00000+0 +00000+0 2 99992', 'line2': '2 39168   0.0461  31.0997 0000404 252.3243 183.1428  1.00264497000008', 'epoch': datetime.datetime(2025, 10, 7, 9, 30, 54, 861120)}"
b0d5234a-dfeb-4963-ac55-6a381b46c1eb,U//PR-EXO-ELSETS,14394,2025-10-07T09:06:49.869875Z,1.010454643548399,14394,False,0.001894938177532507,7.789575145301233,304.3367582320943,159.7001787474521,6.154193288972094,0.0,0.0,0.0,41949.22867015516,1425.101076227601,42028.71986508029,41869.73747523005,14394,1 14394U 83100F   25280.37974386 +.00000000 +00000+0 +00000+0 2 99996,2 14394   7.7896 304.3368 0018949 159.7002   6.1542  1.01045464000005,2025-10-07T09:48:27.782Z,system.exo,EXO,REAL,2,OPS1,"{'NORAD_ID': 14394, 'classification': 'U', 'COSPAR_ID': '83100F', 'BC': 0.0, 'n_ddot': 0.0, 'B_star': 0.0, 'ephemeris_type': 2, 'elset_num': 9999, 'inclination': 7.7896, 'RAAN': 304.3368, 'eccentricity': 0.0018949, 'perigee': 159.7002, 'mean_anomaly': 6.1542, 'mean_motion': 1.01045464, 'rev_num': 0, 'line1': '1 14394U 83100F   25280.37974386 +.00000000 +00000+0 +00000+0 2 99996', 'line2': '2 14394   7.7896 304.3368 0018949 159.7002   6.1542  1.01045464000005', 'epoch': datetime.datetime(2025, 10, 7, 9, 6, 49, 869504)}"
84343a5e-28a4-4cfe-a495-a179ba3a5892,U//PR-EXO-ELSETS,19687,2025-10-07T21:12:13.709921Z,0.9967165258447597,19687,False,0.0007752211604568633,13.34214921065474,338.6942911361517,260.3364498806778,101.3536956183891,0.0,0.0,0.0,42333.81651139088,1444.743778858827,42366.63458175341,42300.99844102835,19687,1 19687U 88109A   25280.88349201 +.00000000 +00000+0 +00000+0 2 99998,2 19687  13.3421 338.6943 0007752 260.3364 101.3537  0.99671652000003,2025-10-08T00:24:27.779Z,system.exo,EXO,REAL,2,OPS1,"{'NORAD_ID': 19687, 'classification': 'U', 'COSPAR_ID': '88109A', 'BC': 0.0, 'n_ddot': 0.0, 'B_star': 0.0, 'ephemeris_type': 2, 'elset_num': 9999, 'inclination': 13.3421, 'RAAN': 338.6943, 'eccentricity': 0.0007752, 'perigee': 260.3364, 'mean_anomaly': 101.3537, 'mean_motion': 0.99671652, 'rev_num': 0, 'line1': '1 19687U 88109A   25280.88349201 +.00000000 +00000+0 +00000+0 2 99998', 'line2': '2 19687  13.3421 338.6943 0007752 260.3364 101.3537  0.99671652000003', 'epoch': datetime.datetime(2025, 10, 7, 21, 12, 13, 709664)}"
5a545a4f-d2df-4ea0-af6b-3dac8164d51f,U//PR-EXO-ELSETS,38352,2025-10-07T20:29:48.233766Z,1.002672123569255,38352,False,0.0003585396588560755,0.7954866342229528,87.4364617335435,147.0889537491267,187.9442685385449,0.0,0.0,0.0,42166.01593998436,1436.162396610739,42181.13412895481,42150.89775101392,38352,1 38352U 12028A   25280.85403048 +.00000000 +00000+0 +00000+0 2 99992,2 38352   0.7955  87.4365 0003585 147.0890 187.9443  1.00267212000009,2025-10-07T20:48:29.234Z,system.exo,EXO,REAL,2,OPS1,"{'NORAD_ID': 38352, 'classification': 'U', 'COSPAR_ID': '12028A', 'BC': 0.0, 'n_ddot': 0.0, 'B_star': 0.0, 'ephemeris_type': 2, 'elset_num': 9999, 'inclination': 0.7955, 'RAAN': 87.4365, 'eccentricity': 0.0003585, 'perigee': 147.089, 'mean_anomaly': 187.9443, 'mean_motion': 1.00267212, 'rev_num': 0, 'line1': '1 38352U 12028A   25280.85403048 +.00000000 +00000+0 +00000+0 2 99992', 'line2': '2 38352   0.7955  87.4365 0003585 147.0890 187.9443  1.00267212000009', 'epoch': datetime.datetime(2025, 10, 7, 20, 29, 48, 233472)}"
33200880-bd84-45df-bbf5-c6d028fea826,U//PR-EXO-ELSETS,49062,2025-10-07T20:29:28.722023Z,1.002653007763317,49062,False,0.0001749175315335181,0.04298554679955648,333.6145496915429,267.2146010441906,181.3617613877193,0.0,0.0,0.0,42166.5518746899,1436.189777371039,42173.9275438571,42159.17620552269,49062,1 49062U 21071A   25280.85380465 +.00000000 +00000+0 +00000+0 2 99997,2 49062   0.0430 333.6145 0001749 267.2146 181.3618  1.00265300000009,2025-10-07T21:42:29.634Z,system.exo,EXO,REAL,2,OPS1,"{'NORAD_ID': 49062, 'classification': 'U', 'COSPAR_ID': '21071A', 'BC': 0.0, 'n_ddot': 0.0, 'B_star': 0.0, 'ephemeris_type': 2, 'elset_num': 9999, 'inclination': 0.043, 'RAAN': 333.6145, 'eccentricity': 0.0001749, 'perigee': 267.2146, 'mean_anomaly': 181.3618, 'mean_motion': 1.002653, 'rev_num': 0, 'line1': '1 49062U 21071A   25280.85380465 +.00000000 +00000+0 +00000+0 2 99997', 'line2': '2 49062   0.0430 333.6145 0001749 267.2146 181.3618  1.00265300000009', 'epoch': datetime.datetime(2025, 10, 7, 20, 29, 28, 721760)}"
fdf9e814-447d-4fad-84a4-536eb7facbcc,U//PR-EXO-ELSETS,39157,2025-10-07T20:46:04.769205Z,1.002656399380493,39157,False,0.0002042540199654326,0.04100901890135597,269.8488109956083,312.5308457332663,203.8085094251956,0.0,0.0,0.0,42166.45678536364,1436.184919270178,42175.06945366975,42157.84411705753,39157,1 39157U 13020A   25280.86533298 +.00000000 +00000+0 +00000+0 2 99991,2 39157   0.0410 269.8488 0002042 312.5308 203.8085  1.00265639000005,2025-10-07T21:48:31.810Z,system.exo,EXO,REAL,2,OPS1,"{'NORAD_ID': 39157, 'classification': 'U', 'COSPAR_ID': '13020A', 'BC': 0.0, 'n_ddot': 0.0, 'B_star': 0.0, 'ephemeris_type': 2, 'elset_num': 9999, 'inclination': 0.041, 'RAAN': 269.8488, 'eccentricity': 0.0002042, 'perigee': 312.5308, 'mean_anomaly': 203.8085, 'mean_motion': 1.00265639, 'rev_num': 0, 'line1': '1 39157U 13020A   25280.86533298 +.00000000 +00000+0 +00000+0 2 99991', 'line2': '2 39157   0.0410 269.8488 0002042 312.5308 203.8085  1.00265639000005', 'epoch': datetime.datetime(2025, 10, 7, 20, 46, 4, 769472)}"
40de5302-5ae8-4653-aad8-cfe82588b250,U//PR-EXO-ELSETS,38101,2025-10-07T19:14:40.091049Z,1.003103011380402,38101,False,0.0005256612364337121,8.265166617819235,58.79585211458606,205.6868692270178,28.36520826928217,0.0,0.0,0.0,42153.93999623347,1435.545486019796,42176.09868845245,42131.7813040145,38101,1 38101U 12012A   25280.80185291 +.00000000 +00000+0 +00000+0 2 99999,2 38101   8.2652  58.7959 0005256 205.6869  28.3652  1.00310301000000,2025-10-07T20:42:30.312Z,system.exo,EXO,REAL,2,OPS1,"{'NORAD_ID': 38101, 'classification': 'U', 'COSPAR_ID': '12012A', 'BC': 0.0, 'n_ddot': 0.0, 'B_star': 0.0, 'ephemeris_type': 2, 'elset_num': 9999, 'inclination': 8.2652, 'RAAN': 58.7959, 'eccentricity': 0.0005256, 'perigee': 205.6869, 'mean_anomaly': 28.3652, 'mean_motion': 1.00310301, 'rev_num': 0, 'line1': '1 38101U 12012A   25280.80185291 +.00000000 +00000+0 +00000+0 2 99999', 'line2': '2 38101   8.2652  58.7959 0005256 205.6869  28.3652  1.00310301000000', 'epoch': datetime.datetime(2025, 10, 7, 19, 14, 40, 91424)}"
a7585b71-480d-484c-b093-4b611162b33f,U//PR-EXO-ELSETS,11862,2025-10-07T21:05:22.153272Z,0.9793684120403933,11862,False,0.002956883243772301,8.253033332323673,298.2113155618891,212.3425912948444,146.257946959958,0.0,0.0,0.0,42832.27420877265,1470.335353169026,42958.92424267323,42705.62417487207,11862,1 11862U 80049F   25280.87872863 +.00000000 +00000+0 +00000+0 2 99994,2 11862   8.2530 298.2113 0029568 212.3426 146.2579  0.97936841000005,2025-10-07T21:30:29.143Z,system.exo,EXO,REAL,2,OPS1,"{'NORAD_ID': 11862, 'classification': 'U', 'COSPAR_ID': '80049F', 'BC': 0.0, 'n_ddot': 0.0, 'B_star': 0.0, 'ephemeris_type': 2, 'elset_num': 9999, 'inclination': 8.253, 'RAAN': 298.2113, 'eccentricity': 0.0029568, 'perigee': 212.3426, 'mean_anomaly': 146.2579, 'mean_motion': 0.97936841, 'rev_num': 0, 'line1': '1 11862U 80049F   25280.87872863 +.00000000 +00000+0 +00000+0 2 99994', 'line2': '2 11862   8.2530 298.2113 0029568 212.3426 146.2579  0.97936841000005', 'epoch': datetime.datetime(2025, 10, 7, 21, 5, 22, 153632)}"
f650c870-61c5-440c-bd42-2ed019569062,U//PR-EXO-ELSETS,34264,2025-10-07T20:29:58.070969Z,0.9982253567650292,34264,False,0.0009474164472658162,11.61920738687551,44.03595758524827,27.18285576196236,207.6429932043938,0.0,0.0,0.0,42291.14700600472,1442.560029397209,42331.21433425195,42251.07967775749,34264,1 34264U 09010A   25280.85414434 +.00000000 +00000+0 +00000+0 2 99998,2 34264  11.6192  44.0360 0009474  27.1829 207.6430  0.99822535000006,2025-10-07T21:39:38.106Z,system.exo,EXO,REAL,2,OPS1,"{'NORAD_ID': 34264, 'classification': 'U', 'COSPAR_ID': '09010A', 'BC': 0.0, 'n_ddot': 0.0, 'B_star': 0.0, 'ephemeris_type': 2, 'elset_num': 9999, 'inclination': 11.6192, 'RAAN': 44.036, 'eccentricity': 0.0009474, 'perigee': 27.1829, 'mean_anomaly': 207.643, 'mean_motion': 0.99822535, 'rev_num': 0, 'line1': '1 34264U 09010A   25280.85414434 +.00000000 +00000+0 +00000+0 2 99998', 'line2': '2 34264  11.6192  44.0360 0009474  27.1829 207.6430  0.99822535000006', 'epoch': datetime.datetime(2025, 10, 7, 20, 29, 58, 70976)}"
52c6e96f-c69a-4a55-ae7e-2d89af09a7cb,U//PR-EXO-ELSETS,24916,2025-10-07T19:15:42.771055Z,0.9903314776777936,24916,False,0.0007771269305942792,9.847481762397521,51.45085714449617,181.0608263191622,26.8377939151267,0.0,0.0,0.0,42515.5831450167,1454.058598012682,42548.62314964861,42482.54314038479,24916,1 24916U 97046A   25280.80257837 +.00000000 +00000+0 +00000+0 2 99994,2 24916   9.8475  51.4509 0007771 181.0608  26.8378  0.99033147000007,2025-10-07T21:54:32.231Z,system.exo,EXO,REAL,2,OPS1,"{'NORAD_ID': 24916, 'classification': 'U', 'COSPAR_ID': '97046A', 'BC': 0.0, 'n_ddot': 0.0, 'B_star': 0.0, 'ephemeris_type': 2, 'elset_num': 9999, 'inclination': 9.8475, 'RAAN': 51.4509, 'eccentricity': 0.0007771, 'perigee': 181.0608, 'mean_anomaly': 26.8378, 'mean_motion': 0.99033147, 'rev_num': 0, 'line1': '1 24916U 97046A   25280.80257837 +.00000000 +00000+0 +00000+0 2 99994', 'line2': '2 24916   9.8475  51.4509 0007771 181.0608  26.8378  0.99033147000007', 'epoch': datetime.datetime(2025, 10, 7, 19, 15, 42, 771168)}"
cc4f3f36-7f97-436f-b34d-4db09d150016,U//PR-EXO-ELSETS,19776,2025-10-07T21:08:46.576222Z,0.9799106240127826,19776,False,0.002205999523506013,13.08139961254437,336.2394116564881,131.704613717143,225.2397656179809,0.0,0.0,0.0,42816.47255393978,1469.521775468796,42910.92567199197,42722.01943588758,19776,1 19776U 89004F   25280.88109463 +.00000000 +00000+0 +00000+0 2 99996,2 19776  13.0814 336.2394 0022059 131.7046 225.2398  0.97991062000003,2025-10-07T21:30:29.146Z,system.exo,EXO,REAL,2,OPS1,"{'NORAD_ID': 19776, 'classification': 'U', 'COSPAR_ID': '89004F', 'BC': 0.0, 'n_ddot': 0.0, 'B_star': 0.0, 'ephemeris_type': 2, 'elset_num': 9999, 'inclination': 13.0814, 'RAAN': 336.2394, 'eccentricity': 0.0022059, 'perigee': 131.7046, 'mean_anomaly': 225.2398, 'mean_motion': 0.97991062, 'rev_num': 0, 'line1': '1 19776U 89004F   25280.88109463 +.00000000 +00000+0 +00000+0 2 99996', 'line2': '2 19776  13.0814 336.2394 0022059 131.7046 225.2398  0.97991062000003', 'epoch': datetime.datetime(2025, 10, 7, 21, 8, 46, 576032)}"
cefb71f6-a9e1-4d2f-aa07-d36b950d8889,U//PR-EXO-ELSETS,26639,2025-10-07T09:06:05.458931Z,0.991483675498821,26639,False,0.0005996654726200719,5.467552475956404,75.62597413420977,195.0268874981546,207.1531982333729,0.0,0.0,0.0,42482.63867592013,1452.368844374092,42508.11404751987,42457.16330432038,26639,1 26639U 00081B   25280.37922985 +.00000000 +00000+0 +00000+0 2 99996,2 26639   5.4676  75.6260 0005996 195.0269 207.1532  0.99148367000000,2025-10-07T10:03:27.853Z,system.exo,EXO,REAL,2,OPS1,"{'NORAD_ID': 26639, 'classification': 'U', 'COSPAR_ID': '00081B', 'BC': 0.0, 'n_ddot': 0.0, 'B_star': 0.0, 'ephemeris_type': 2, 'elset_num': 9999, 'inclination': 5.4676, 'RAAN': 75.626, 'eccentricity': 0.0005996, 'perigee': 195.0269, 'mean_anomaly': 207.1532, 'mean_motion': 0.99148367, 'rev_num': 0, 'line1': '1 26639U 00081B   25280.37922985 +.00000000 +00000+0 +00000+0 2 99996', 'line2': '2 26639   5.4676  75.6260 0005996 195.0269 207.1532  0.99148367000000', 'epoch': datetime.datetime(2025, 10, 7, 9, 6, 5, 459040)}"
f4aba22a-8744-4951-8276-5be452259eb9,U//PR-EXO-ELSETS,42695,2025-10-07T20:46:14.936280Z,1.002678835034305,42695,False,0.0002454383155311197,0.1008460628299647,83.0138591346268,115.3647132604391,227.2690403811692,0.0,0.0,0.0,42165.82777999528,1436.152783608655,42176.17688973858,42155.47867025199,42695,1 42695U 17024A   25280.86545065 +.00000000 +00000+0 +00000+0 2 99995,2 42695   0.1008  83.0139 0002454 115.3647 227.2690  1.00267883000006,2025-10-07T21:39:38.125Z,system.exo,EXO,REAL,2,OPS1,"{'NORAD_ID': 42695, 'classification': 'U', 'COSPAR_ID': '17024A', 'BC': 0.0, 'n_ddot': 0.0, 'B_star': 0.0, 'ephemeris_type': 2, 'elset_num': 9999, 'inclination': 0.1008, 'RAAN': 83.0139, 'eccentricity': 0.0002454, 'perigee': 115.3647, 'mean_anomaly': 227.269, 'mean_motion': 1.00267883, 'rev_num': 0, 'line1': '1 42695U 17024A   25280.86545065 +.00000000 +00000+0 +00000+0 2 99995', 'line2': '2 42695   0.1008  83.0139 0002454 115.3647 227.2690  1.00267883000006', 'epoch': datetime.datetime(2025, 10, 7, 20, 46, 14, 936160)}"
44d27ed3-56dc-4992-8a2c-058d44ea94c0,U//PR-EXO-ELSETS,28912,2025-10-07T19:16:11.483029Z,1.002675923287695,28912,False,0.0002847900786526773,8.782516300963369,56.57593000385322,187.9401485500759,106.9260437265922,0.0,0.0,0.0,42165.90941231789,1436.156954161574,42177.91784497589,42153.9009796599,28912,1 28912U 05049B   25280.80291068 +.00000000 +00000+0 +00000+0 2 99990,2 28912   8.7825  56.5759 0002847 187.9401 106.9260  1.00267592000008,2025-10-07T20:12:29.976Z,system.exo,EXO,REAL,2,OPS1,"{'NORAD_ID': 28912, 'classification': 'U', 'COSPAR_ID': '05049B', 'BC': 0.0, 'n_ddot': 0.0, 'B_star': 0.0, 'ephemeris_type': 2, 'elset_num': 9999, 'inclination': 8.7825, 'RAAN': 56.5759, 'eccentricity': 0.0002847, 'perigee': 187.9401, 'mean_anomaly': 106.926, 'mean_motion': 1.00267592, 'rev_num': 0, 'line1': '1 28912U 05049B   25280.80291068 +.00000000 +00000+0 +00000+0 2 99990', 'line2': '2 28912   8.7825  56.5759 0002847 187.9401 106.9260  1.00267592000008', 'epoch': datetime.datetime(2025, 10, 7, 19, 16, 11, 482752)}"
4ab537ac-f8c9-4997-9436-b3ff9d75365d,U//PR-EXO-ELSETS,24880,2025-10-07T19:16:11.483029Z,0.9906636869963855,24880,False,0.0003016317613090548,11.64078432440864,35.77746433258878,321.4583984979473,353.4694203873958,0.0,0.0,0.0,42506.07782543212,1453.570993770819,42518.89900855295,42493.25664231129,24880,1 24880U 97036A   25280.80291068 +.00000000 +00000+0 +00000+0 2 99997,2 24880  11.6408  35.7775 0003016 321.4584 353.4694  0.99066368000006,2025-10-07T21:24:29.291Z,system.exo,EXO,REAL,2,OPS1,"{'NORAD_ID': 24880, 'classification': 'U', 'COSPAR_ID': '97036A', 'BC': 0.0, 'n_ddot': 0.0, 'B_star': 0.0, 'ephemeris_type': 2, 'elset_num': 9999, 'inclination': 11.6408, 'RAAN': 35.7775, 'eccentricity': 0.0003016, 'perigee': 321.4584, 'mean_anomaly': 353.4694, 'mean_motion': 0.99066368, 'rev_num': 0, 'line1': '1 24880U 97036A   25280.80291068 +.00000000 +00000+0 +00000+0 2 99997', 'line2': '2 24880  11.6408  35.7775 0003016 321.4584 353.4694  0.99066368000006', 'epoch': datetime.datetime(2025, 10, 7, 19, 16, 11, 482752)}"
72169812-6070-4dfd-9aa3-75ed3405acf4,U//PR-EXO-ELSETS,23124,2025-10-07T19:16:27.030078Z,0.9893790012590074,23124,False,0.0008945889240263212,10.53142975793919,46.97553692446528,44.82359832728886,204.6212955069827,0.0,0.0,0.0,42542.86530595316,1455.458422068355,42580.92368205221,42504.80692985412,23124,1 23124U 94034A   25280.80309063 +.00000000 +00000+0 +00000+0 2 99997,2 23124  10.5314  46.9755 0008945  44.8236 204.6213  0.98937900000000,2025-10-07T20:24:28.551Z,system.exo,EXO,REAL,2,OPS1,"{'NORAD_ID': 23124, 'classification': 'U', 'COSPAR_ID': '94034A', 'BC': 0.0, 'n_ddot': 0.0, 'B_star': 0.0, 'ephemeris_type': 2, 'elset_num': 9999, 'inclination': 10.5314, 'RAAN': 46.9755, 'eccentricity': 0.0008945, 'perigee': 44.8236, 'mean_anomaly': 204.6213, 'mean_motion': 0.989379, 'rev_num': 0, 'line1': '1 23124U 94034A   25280.80309063 +.00000000 +00000+0 +00000+0 2 99997', 'line2': '2 23124  10.5314  46.9755 0008945  44.8236 204.6213  0.98937900000000', 'epoch': datetime.datetime(2025, 10, 7, 19, 16, 27, 30432)}"
5323e07d-0359-4671-9023-022934ebedc2,U//PR-EXO-ELSETS,21789,2025-10-07T02:24:09.330153Z,1.002602785453952,21789,False,0.0002061937043837347,13.44805244626339,342.1787703029187,294.9067373181139,123.7957530422385,0.0,0.0,0.0,42167.95999893361,1436.261718890004,42176.65476681209,42159.26523105512,21789,1 21789U 91079A   25280.10010799 +.00000000 +00000+0 +00000+0 2 99996,2 21789  13.4481 342.1788 0002061 294.9067 123.7958  1.00260278000000,2025-10-07T04:33:28.854Z,system.exo,EXO,REAL,2,OPS1,"{'NORAD_ID': 21789, 'classification': 'U', 'COSPAR_ID': '91079A', 'BC': 0.0, 'n_ddot': 0.0, 'B_star': 0.0, 'ephemeris_type': 2, 'elset_num': 9999, 'inclination': 13.4481, 'RAAN': 342.1788, 'eccentricity': 0.0002061, 'perigee': 294.9067, 'mean_anomaly': 123.7958, 'mean_motion': 1.00260278, 'rev_num': 0, 'line1': '1 21789U 91079A   25280.10010799 +.00000000 +00000+0 +00000+0 2 99996', 'line2': '2 21789  13.4481 342.1788 0002061 294.9067 123.7958  1.00260278000000', 'epoch': datetime.datetime(2025, 10, 7, 2, 24, 9, 330336)}"
9e31d4ff-3702-4287-869b-331f799f63cc,U//PR-EXO-ELSETS,27813,2025-10-07T19:16:27.030078Z,0.997764367006692,27813,False,0.00145865153368244,10.88763621785648,43.35445864340315,286.6993338329376,326.0158211924348,0.0,0.0,0.0,42304.17231561473,1443.22652483574,42365.87936144407,42242.46526978539,27813,1 27813U 03021A   25280.80309063 +.00000000 +00000+0 +00000+0 2 99992,2 27813  10.8876  43.3545 0014586 286.6993 326.0158  0.99776436000000,2025-10-07T19:54:28.835Z,system.exo,EXO,REAL,2,OPS1,"{'NORAD_ID': 27813, 'classification': 'U', 'COSPAR_ID': '03021A', 'BC': 0.0, 'n_ddot': 0.0, 'B_star': 0.0, 'ephemeris_type': 2, 'elset_num': 9999, 'inclination': 10.8876, 'RAAN': 43.3545, 'eccentricity': 0.0014586, 'perigee': 286.6993, 'mean_anomaly': 326.0158, 'mean_motion': 0.99776436, 'rev_num': 0, 'line1': '1 27813U 03021A   25280.80309063 +.00000000 +00000+0 +00000+0 2 99992', 'line2': '2 27813  10.8876  43.3545 0014586 286.6993 326.0158  0.99776436000000', 'epoch': datetime.datetime(2025, 10, 7, 19, 16, 27, 30432)}"
26e7802e-3e58-43ba-a3ce-11dc696663d0,U//PR-EXO-ELSETS,32404,2025-10-07T20:54:19.107341Z,1.002663394205572,32404,False,0.0002516763427257177,5.565378211342269,35.1955050932138,168.2389931934966,225.4260605011926,0.0,0.0,0.0,42166.26067612495,1436.174900092905,42176.87292639834,42155.64842585156,32404,1 32404U 08001A   25280.87105448 +.00000000 +00000+0 +00000+0 2 99995,2 32404   5.5654  35.1955 0002516 168.2390 225.4261  1.00266339000003,2025-10-07T21:42:29.619Z,system.exo,EXO,REAL,2,OPS1,"{'NORAD_ID': 32404, 'classification': 'U', 'COSPAR_ID': '08001A', 'BC': 0.0, 'n_ddot': 0.0, 'B_star': 0.0, 'ephemeris_type': 2, 'elset_num': 9999, 'inclination': 5.5654, 'RAAN': 35.1955, 'eccentricity': 0.0002516, 'perigee': 168.239, 'mean_anomaly': 225.4261, 'mean_motion': 1.00266339, 'rev_num': 0, 'line1': '1 32404U 08001A   25280.87105448 +.00000000 +00000+0 +00000+0 2 99995', 'line2': '2 32404   5.5654  35.1955 0002516 168.2390 225.4261  1.00266339000003', 'epoch': datetime.datetime(2025, 10, 7, 20, 54, 19, 107072)}"
d426a5f1-22f4-4d9e-ab36-e6b6df65bdd4,U//PR-EXO-ELSETS,59479,2025-10-07T20:46:04.769205Z,0.9860101583629318,59479,False,0.005183646684283363,1.459026548438219,84.24086395340218,127.0161237544883,214.1767494190947,0.0,0.0,0.0,42639.7126793349,1460.431201226999,42860.74188458393,42418.68347408587,59479,1 59479U 24069A   25280.86533298 +.00000000 +00000+0 +00000+0 2 99995,2 59479   1.4590  84.2409 0051836 127.0161 214.1767  0.98601015000001,2025-10-08T00:15:28.515Z,system.exo,EXO,REAL,2,OPS1,"{'NORAD_ID': 59479, 'classification': 'U', 'COSPAR_ID': '24069A', 'BC': 0.0, 'n_ddot': 0.0, 'B_star': 0.0, 'ephemeris_type': 2, 'elset_num': 9999, 'inclination': 1.459, 'RAAN': 84.2409, 'eccentricity': 0.0051836, 'perigee': 127.0161, 'mean_anomaly': 214.1767, 'mean_motion': 0.98601015, 'rev_num': 0, 'line1': '1 59479U 24069A   25280.86533298 +.00000000 +00000+0 +00000+0 2 99995', 'line2': '2 59479   1.4590  84.2409 0051836 127.0161 214.1767  0.98601015000001', 'epoch': datetime.datetime(2025, 10, 7, 20, 46, 4, 769472)}"
b1c3200a-19c4-4c5d-90b1-69ab226a481c,U//PR-EXO-ELSETS,23132,2025-10-07T21:08:44.177684Z,1.002472427797304,23132,False,0.0005743533082012071,12.25523427284163,7.19991874522919,220.3341790817716,105.1763417673394,0.0,0.0,0.0,42171.61549253963,1436.448484836695,42195.83689940996,42147.39408566929,23132,1 23132U 94035A   25280.88106687 +.00000000 +00000+0 +00000+0 2 99992,2 23132  12.2552   7.1999 0005743 220.3342 105.1763  1.00247242000005,2025-10-07T21:51:31.416Z,system.exo,EXO,REAL,2,OPS1,"{'NORAD_ID': 23132, 'classification': 'U', 'COSPAR_ID': '94035A', 'BC': 0.0, 'n_ddot': 0.0, 'B_star': 0.0, 'ephemeris_type': 2, 'elset_num': 9999, 'inclination': 12.2552, 'RAAN': 7.1999, 'eccentricity': 0.0005743, 'perigee': 220.3342, 'mean_anomaly': 105.1763, 'mean_motion': 1.00247242, 'rev_num': 0, 'line1': '1 23132U 94035A   25280.88106687 +.00000000 +00000+0 +00000+0 2 99992', 'line2': '2 23132  12.2552   7.1999 0005743 220.3342 105.1763  1.00247242000005', 'epoch': datetime.datetime(2025, 10, 7, 21, 8, 44, 177568)}"
35b5c864-9357-4595-a40e-8c91c835e772,U//PR-EXO-ELSETS,25639,2025-10-07T21:08:44.177684Z,1.002691298486901,25639,False,0.0003469103119989223,11.91273822254633,10.45752640733506,203.2532846970767,119.0077507261642,0.0,0.0,0.0,42165.4783651187,1436.134932229903,42180.10600437392,42150.85072586346,25639,1 25639U 99009B   25280.88106687 +.00000000 +00000+0 +00000+0 2 99992,2 25639  11.9127  10.4575 0003469 203.2533 119.0078  1.00269129000006,2025-10-07T21:36:29.804Z,system.exo,EXO,REAL,2,OPS1,"{'NORAD_ID': 25639, 'classification': 'U', 'COSPAR_ID': '99009B', 'BC': 0.0, 'n_ddot': 0.0, 'B_star': 0.0, 'ephemeris_type': 2, 'elset_num': 9999, 'inclination': 11.9127, 'RAAN': 10.4575, 'eccentricity': 0.0003469, 'perigee': 203.2533, 'mean_anomaly': 119.0078, 'mean_motion': 1.00269129, 'rev_num': 0, 'line1': '1 25639U 99009B   25280.88106687 +.00000000 +00000+0 +00000+0 2 99992', 'line2': '2 25639  11.9127  10.4575 0003469 203.2533 119.0078  1.00269129000006', 'epoch': datetime.datetime(2025, 10, 7, 21, 8, 44, 177568)}"
b4742a8d-da32-4603-aa77-ccf06dbf724c,U//PR-EXO-ELSETS,20355,2025-10-07T20:21:38.773898Z,1.007255691632414,20355,False,0.02849557833395513,17.0779707162474,343.203380184378,110.6179334692461,228.2727289293364,0.0,0.0,0.0,42037.99966480782,1429.627066853558,43235.89677725913,40840.1025523565,20355,1 20355U 89090B   25280.84836544 +.00000000 +00000+0 +00000+0 2 99999,2 20355  17.0780 343.2034 0284955 110.6179 228.2727  1.00725569000002,2025-10-07T20:45:28.027Z,system.exo,EXO,REAL,2,OPS1,"{'NORAD_ID': 20355, 'classification': 'U', 'COSPAR_ID': '89090B', 'BC': 0.0, 'n_ddot': 0.0, 'B_star': 0.0, 'ephemeris_type': 2, 'elset_num': 9999, 'inclination': 17.078, 'RAAN': 343.2034, 'eccentricity': 0.0284955, 'perigee': 110.6179, 'mean_anomaly': 228.2727, 'mean_motion': 1.00725569, 'rev_num': 0, 'line1': '1 20355U 89090B   25280.84836544 +.00000000 +00000+0 +00000+0 2 99999', 'line2': '2 20355  17.0780 343.2034 0284955 110.6179 228.2727  1.00725569000002', 'epoch': datetime.datetime(2025, 10, 7, 20, 21, 38, 774016)}"
d2f84c01-7d17-4a48-9d1e-cf96425b43f0,U//PR-EXO-ELSETS,28911,2025-10-07T09:23:12.778243Z,0.9919587186076755,28911,False,0.0007244206892686456,5.786927229129608,74.81489139874215,127.9456575120283,263.8960418271706,0.0,0.0,0.0,42469.07447176518,1451.673313604421,42499.83994796662,42438.30899556373,28911,1 28911U 05049A   25280.39112012 +.00000000 +00000+0 +00000+0 2 99994,2 28911   5.7869  74.8149 0007244 127.9457 263.8960  0.99195871000006,2025-10-07T10:27:29.016Z,system.exo,EXO,REAL,2,OPS1,"{'NORAD_ID': 28911, 'classification': 'U', 'COSPAR_ID': '05049A', 'BC': 0.0, 'n_ddot': 0.0, 'B_star': 0.0, 'ephemeris_type': 2, 'elset_num': 9999, 'inclination': 5.7869, 'RAAN': 74.8149, 'eccentricity': 0.0007244, 'perigee': 127.9457, 'mean_anomaly': 263.896, 'mean_motion': 0.99195871, 'rev_num': 0, 'line1': '1 28911U 05049A   25280.39112012 +.00000000 +00000+0 +00000+0 2 99994', 'line2': '2 28911   5.7869  74.8149 0007244 127.9457 263.8960  0.99195871000006', 'epoch': datetime.datetime(2025, 10, 7, 9, 23, 12, 778368)}"
ce19b37d-1099-401b-aecc-09dc9596d343,U//PR-EXO-ELSETS,8357,2025-10-07T19:18:48.886963Z,1.002037645027767,8357,False,0.0009790891890164091,3.015776887703013,266.3605717703662,188.1136235971799,310.9324444202354,0.0,0.0,0.0,42183.81341488902,1437.071757878016,42225.11513055503,42142.51169922302,8357,1 08357U 75097A   25280.80473249 +.00000000 +00000+0 +00000+0 2 99994,2 08357   3.0158 266.3606 0009790 188.1136 310.9324  1.00203764000009,2025-10-07T20:21:28.546Z,system.exo,EXO,REAL,2,OPS1,"{'NORAD_ID': 8357, 'classification': 'U', 'COSPAR_ID': '75097A', 'BC': 0.0, 'n_ddot': 0.0, 'B_star': 0.0, 'ephemeris_type': 2, 'elset_num': 9999, 'inclination': 3.0158, 'RAAN': 266.3606, 'eccentricity': 0.000979, 'perigee': 188.1136, 'mean_anomaly': 310.9324, 'mean_motion': 1.00203764, 'rev_num': 0, 'line1': '1 08357U 75097A   25280.80473249 +.00000000 +00000+0 +00000+0 2 99994', 'line2': '2 08357   3.0158 266.3606 0009790 188.1136 310.9324  1.00203764000009', 'epoch': datetime.datetime(2025, 10, 7, 19, 18, 48, 887136)}"
460eaaa6-1ad5-4881-92c5-0a3f79c2d1ad,U//PR-EXO-ELSETS,42818,2025-10-07T21:04:46.368956Z,1.00268668167312,42818,False,0.0002640515596469413,0.01216639742472663,244.8743554845361,330.1023218661624,83.50765348375386,0.0,0.0,0.0,42165.60779738356,1436.141544831495,42176.74169188592,42154.4739028812,42818,1 42818U 17041A   25280.87831446 +.00000000 +00000+0 +00000+0 2 99993,2 42818   0.0122 244.8744 0002640 330.1023  83.5077  1.00268668000004,2025-10-07T21:54:32.242Z,system.exo,EXO,REAL,2,OPS1,"{'NORAD_ID': 42818, 'classification': 'U', 'COSPAR_ID': '17041A', 'BC': 0.0, 'n_ddot': 0.0, 'B_star': 0.0, 'ephemeris_type': 2, 'elset_num': 9999, 'inclination': 0.0122, 'RAAN': 244.8744, 'eccentricity': 0.000264, 'perigee': 330.1023, 'mean_anomaly': 83.5077, 'mean_motion': 1.00268668, 'rev_num': 0, 'line1': '1 42818U 17041A   25280.87831446 +.00000000 +00000+0 +00000+0 2 99993', 'line2': '2 42818   0.0122 244.8744 0002640 330.1023  83.5077  1.00268668000004', 'epoch': datetime.datetime(2025, 10, 7, 21, 4, 46, 369344)}"
f4263917-51a6-4fee-830d-6b0d2bc1e1a3,U//PR-EXO-ELSETS,24901,2025-10-07T19:18:58.167943Z,0.9925992146576836,24901,False,0.0007278984099429585,10.69080197695348,44.90270992497006,175.235683171756,82.29663196894886,0.0,0.0,0.0,42450.80311561096,1450.736590091511,42481.70298769962,42419.90324352231,24901,1 24901U 97042A   25280.80483991 +.00000000 +00000+0 +00000+0 2 99996,2 24901  10.6908  44.9027 0007278 175.2357  82.2966  0.99259921000001,2025-10-07T20:06:29.185Z,system.exo,EXO,REAL,2,OPS1,"{'NORAD_ID': 24901, 'classification': 'U', 'COSPAR_ID': '97042A', 'BC': 0.0, 'n_ddot': 0.0, 'B_star': 0.0, 'ephemeris_type': 2, 'elset_num': 9999, 'inclination': 10.6908, 'RAAN': 44.9027, 'eccentricity': 0.0007278, 'perigee': 175.2357, 'mean_anomaly': 82.2966, 'mean_motion': 0.99259921, 'rev_num': 0, 'line1': '1 24901U 97042A   25280.80483991 +.00000000 +00000+0 +00000+0 2 99996', 'line2': '2 24901  10.6908  44.9027 0007278 175.2357  82.2966  0.99259921000001', 'epoch': datetime.datetime(2025, 10, 7, 19, 18, 58, 168224)}"
bfa770fb-12c6-45e6-9977-a0e89a30059a,U//PR-EXO-ELSETS,10143,2025-10-07T19:19:45.756983Z,0.9924790479673448,10143,False,0.001848190932137147,7.126869765047771,294.608089691473,244.2815901281446,88.99033674277935,0.0,0.0,0.0,42454.22959908132,1450.912241370943,42532.69312125721,42375.76607690543,10143,1 10143U 77065A   25280.80539071 +.00000000 +00000+0 +00000+0 2 99993,2 10143   7.1269 294.6081 0018481 244.2816  88.9903  0.99247904000006,2025-10-07T22:15:28.223Z,system.exo,EXO,REAL,2,OPS1,"{'NORAD_ID': 10143, 'classification': 'U', 'COSPAR_ID': '77065A', 'BC': 0.0, 'n_ddot': 0.0, 'B_star': 0.0, 'ephemeris_type': 2, 'elset_num': 9999, 'inclination': 7.1269, 'RAAN': 294.6081, 'eccentricity': 0.0018481, 'perigee': 244.2816, 'mean_anomaly': 88.9903, 'mean_motion': 0.99247904, 'rev_num': 0, 'line1': '1 10143U 77065A   25280.80539071 +.00000000 +00000+0 +00000+0 2 99993', 'line2': '2 10143   7.1269 294.6081 0018481 244.2816  88.9903  0.99247904000006', 'epoch': datetime.datetime(2025, 10, 7, 19, 19, 45, 757344)}"
268f2787-c202-49ff-b388-8ae33e46fec2,U//PR-EXO-ELSETS,55264,2025-10-07T20:57:02.818865Z,1.005508011038236,55264,False,7.262491936282963e-05,1.624647475002863,84.29768502592565,134.5546966971861,127.3233252653428,0.0,0.0,0.0,42086.69659479721,1432.111911781915,42089.75313774365,42083.64005185076,55264,1 55264U 23008B   25280.87294929 +.00000000 +00000+0 +00000+0 2 99991,2 55264   1.6246  84.2977 0000726 134.5547 127.3233  1.00550801000005,2025-10-07T21:21:29.547Z,system.exo,EXO,REAL,2,OPS1,"{'NORAD_ID': 55264, 'classification': 'U', 'COSPAR_ID': '23008B', 'BC': 0.0, 'n_ddot': 0.0, 'B_star': 0.0, 'ephemeris_type': 2, 'elset_num': 9999, 'inclination': 1.6246, 'RAAN': 84.2977, 'eccentricity': 7.26e-05, 'perigee': 134.5547, 'mean_anomaly': 127.3233, 'mean_motion': 1.00550801, 'rev_num': 0, 'line1': '1 55264U 23008B   25280.87294929 +.00000000 +00000+0 +00000+0 2 99991', 'line2': '2 55264   1.6246  84.2977 0000726 134.5547 127.3233  1.00550801000005', 'epoch': datetime.datetime(2025, 10, 7, 20, 57, 2, 818656)}"
a85ebe6f-5707-4005-9928-82abcce5494c,U//PR-EXO-ELSETS,19548,2025-10-07T20:22:18.866700Z,1.002748046530286,19548,False,0.003813055219364705,12.79585078509308,342.6598111968148,340.7417896005705,309.9185512047857,0.0,0.0,0.0,42163.88751620198,1436.053657728574,42324.66074756434,42003.11428483961,19548,1 19548U 88091B   25280.84882948 +.00000000 +00000+0 +00000+0 2 99990,2 19548  12.7959 342.6598 0038130 340.7418 309.9186  1.00274804000003,2025-10-07T21:15:28.992Z,system.exo,EXO,REAL,2,OPS1,"{'NORAD_ID': 19548, 'classification': 'U', 'COSPAR_ID': '88091B', 'BC': 0.0, 'n_ddot': 0.0, 'B_star': 0.0, 'ephemeris_type': 2, 'elset_num': 9999, 'inclination': 12.7959, 'RAAN': 342.6598, 'eccentricity': 0.003813, 'perigee': 340.7418, 'mean_anomaly': 309.9186, 'mean_motion': 1.00274804, 'rev_num': 0, 'line1': '1 19548U 88091B   25280.84882948 +.00000000 +00000+0 +00000+0 2 99990', 'line2': '2 19548  12.7959 342.6598 0038130 340.7418 309.9186  1.00274804000003', 'epoch': datetime.datetime(2025, 10, 7, 20, 22, 18, 867072)}"
8bf15ce0-e58d-49a9-bb59-548e82324bf7,U//PR-EXO-ELSETS,34710,2025-10-07T20:46:14.936280Z,0.9810895624858615,34710,False,0.001326258663292602,2.371594996667054,83.24920582482092,116.338234303922,224.9452652760115,0.0,0.0,0.0,42782.16504951316,1467.755906353098,42838.90526654449,42725.42483248183,34710,1 34710U 09016A   25280.86545065 +.00000000 +00000+0 +00000+0 2 99996,2 34710   2.3716  83.2492 0013262 116.3382 224.9453  0.98108956000007,2025-10-07T23:57:27.695Z,system.exo,EXO,REAL,2,OPS1,"{'NORAD_ID': 34710, 'classification': 'U', 'COSPAR_ID': '09016A', 'BC': 0.0, 'n_ddot': 0.0, 'B_star': 0.0, 'ephemeris_type': 2, 'elset_num': 9999, 'inclination': 2.3716, 'RAAN': 83.2492, 'eccentricity': 0.0013262, 'perigee': 116.3382, 'mean_anomaly': 224.9453, 'mean_motion': 0.98108956, 'rev_num': 0, 'line1': '1 34710U 09016A   25280.86545065 +.00000000 +00000+0 +00000+0 2 99996', 'line2': '2 34710   2.3716  83.2492 0013262 116.3382 224.9453  0.98108956000007', 'epoch': datetime.datetime(2025, 10, 7, 20, 46, 14, 936160)}"
a7e828d7-a2f9-470d-8ace-03c2b26100e7,U//PR-EXO-ELSETS,40100,2025-10-07T20:13:12.768797Z,0.9912468569043161,40100,False,0.0002037634440148148,4.057848499565051,79.26470021806321,190.8930762448201,162.8403821464416,0.0,0.0,0.0,42489.40475250701,1452.71582953327,42498.06253995353,42480.7469650605,40100,1 40100U 14043B   25280.84250890 +.00000000 +00000+0 +00000+0 2 99999,2 40100   4.0578  79.2647 0002037 190.8931 162.8404  0.99124685000008,2025-10-07T20:54:27.670Z,system.exo,EXO,REAL,2,OPS1,"{'NORAD_ID': 40100, 'classification': 'U', 'COSPAR_ID': '14043B', 'BC': 0.0, 'n_ddot': 0.0, 'B_star': 0.0, 'ephemeris_type': 2, 'elset_num': 9999, 'inclination': 4.0578, 'RAAN': 79.2647, 'eccentricity': 0.0002037, 'perigee': 190.8931, 'mean_anomaly': 162.8404, 'mean_motion': 0.99124685, 'rev_num': 0, 'line1': '1 40100U 14043B   25280.84250890 +.00000000 +00000+0 +00000+0 2 99999', 'line2': '2 40100   4.0578  79.2647 0002037 190.8931 162.8404  0.99124685000008', 'epoch': datetime.datetime(2025, 10, 7, 20, 13, 12, 768960)}"
f5b954ac-7d03-4073-b0b8-bd9c2a4c9c9e,U//PR-EXO-ELSETS,16729,2025-10-07T08:59:26.885032Z,0.9654324835927481,16729,False,0.0008799996493643382,11.86412122979889,323.8922833164631,339.1686821192321,180.2437752868527,0.0,0.0,0.0,43243.47547808038,1491.559507756775,43281.52972133838,43205.42123482237,16729,1 16729U 86038A   25280.37461672 +.00000000 +00000+0 +00000+0 2 99992,2 16729  11.8641 323.8923 0008799 339.1687 180.2438  0.96543248000005,2025-10-07T09:33:28.631Z,system.exo,EXO,REAL,2,OPS1,"{'NORAD_ID': 16729, 'classification': 'U', 'COSPAR_ID': '86038A', 'BC': 0.0, 'n_ddot': 0.0, 'B_star': 0.0, 'ephemeris_type': 2, 'elset_num': 9999, 'inclination': 11.8641, 'RAAN': 323.8923, 'eccentricity': 0.0008799, 'perigee': 339.1687, 'mean_anomaly': 180.2438, 'mean_motion': 0.96543248, 'rev_num': 0, 'line1': '1 16729U 86038A   25280.37461672 +.00000000 +00000+0 +00000+0 2 99992', 'line2': '2 16729  11.8641 323.8923 0008799 339.1687 180.2438  0.96543248000005', 'epoch': datetime.datetime(2025, 10, 7, 8, 59, 26, 884608)}"
2fb046ab-d248-49e4-9c5a-ef05da2fa80d,U//PR-EXO-ELSETS,26089,2025-10-07T20:41:41.812233Z,0.9989998635115486,26089,False,0.0006133025539006049,9.030713753049808,66.97099834283394,157.6559824746619,197.5232179937661,0.0,0.0,0.0,42269.28580014907,1441.441638378516,42295.20966108186,42243.36193921629,26089,1 26089U 00011A   25280.86228949 +.00000000 +00000+0 +00000+0 2 99991,2 26089   9.0307  66.9710 0006133 157.6560 197.5232  0.99899986000004,2025-10-07T23:18:28.890Z,system.exo,EXO,REAL,2,OPS1,"{'NORAD_ID': 26089, 'classification': 'U', 'COSPAR_ID': '00011A', 'BC': 0.0, 'n_ddot': 0.0, 'B_star': 0.0, 'ephemeris_type': 2, 'elset_num': 9999, 'inclination': 9.0307, 'RAAN': 66.971, 'eccentricity': 0.0006133, 'perigee': 157.656, 'mean_anomaly': 197.5232, 'mean_motion': 0.99899986, 'rev_num': 0, 'line1': '1 26089U 00011A   25280.86228949 +.00000000 +00000+0 +00000+0 2 99991', 'line2': '2 26089   9.0307  66.9710 0006133 157.6560 197.5232  0.99899986000004', 'epoch': datetime.datetime(2025, 10, 7, 20, 41, 41, 811936)}"
3f2e35af-8002-4633-9a45-301a84997190,U//PR-EXO-ELSETS,7544,2025-10-07T19:22:02.922041Z,0.9978662557995892,7544,False,0.0004675842861544907,8.50972706059162,306.3126668038578,226.1727927022521,92.03727378046355,0.0,0.0,0.0,42301.29257471283,1443.079161792208,42321.0719944048,42281.51315502088,7544,1 07544U 74093A   25280.80697826 +.00000000 +00000+0 +00000+0 2 99995,2 07544   8.5097 306.3127 0004675 226.1728  92.0373  0.99786625000009,2025-10-07T20:57:28.664Z,system.exo,EXO,REAL,2,OPS1,"{'NORAD_ID': 7544, 'classification': 'U', 'COSPAR_ID': '74093A', 'BC': 0.0, 'n_ddot': 0.0, 'B_star': 0.0, 'ephemeris_type': 2, 'elset_num': 9999, 'inclination': 8.5097, 'RAAN': 306.3127, 'eccentricity': 0.0004675, 'perigee': 226.1728, 'mean_anomaly': 92.0373, 'mean_motion': 0.99786625, 'rev_num': 0, 'line1': '1 07544U 74093A   25280.80697826 +.00000000 +00000+0 +00000+0 2 99995', 'line2': '2 07544   8.5097 306.3127 0004675 226.1728  92.0373  0.99786625000009', 'epoch': datetime.datetime(2025, 10, 7, 19, 22, 2, 921664)}"
f42dad39-1180-40b3-ba4f-863638a010f8,U//PR-EXO-ELSETS,14786,2025-10-07T20:22:12.818212Z,0.9728916638410197,14786,False,0.002102185178264616,13.86613900316104,339.4696408981404,250.5855516861496,93.52235588860015,0.0,0.0,0.0,43022.15966177687,1480.123690560587,43112.60020815478,42931.71911539894,14786,1 14786U 84023A   25280.84875947 +.00000000 +00000+0 +00000+0 2 99991,2 14786  13.8661 339.4696 0021021 250.5856  93.5224  0.97289166000003,2025-10-07T21:12:27.935Z,system.exo,EXO,REAL,2,OPS1,"{'NORAD_ID': 14786, 'classification': 'U', 'COSPAR_ID': '84023A', 'BC': 0.0, 'n_ddot': 0.0, 'B_star': 0.0, 'ephemeris_type': 2, 'elset_num': 9999, 'inclination': 13.8661, 'RAAN': 339.4696, 'eccentricity': 0.0021021, 'perigee': 250.5856, 'mean_anomaly': 93.5224, 'mean_motion': 0.97289166, 'rev_num': 0, 'line1': '1 14786U 84023A   25280.84875947 +.00000000 +00000+0 +00000+0 2 99991', 'line2': '2 14786  13.8661 339.4696 0021021 250.5856  93.5224  0.97289166000003', 'epoch': datetime.datetime(2025, 10, 7, 20, 22, 12, 818208)}"
a4e4faf5-1958-402b-b271-8e87dc287cd4,U//PR-EXO-ELSETS,25558,2025-10-07T19:21:51.662878Z,0.9871766866137808,25558,False,0.0005070664219837455,9.764893942381422,54.32821522839857,120.1610942749825,154.7944739982691,0.0,0.0,0.0,42606.11502554484,1458.705436956272,42627.71915584547,42584.51089524422,25558,1 25558U 98070A   25280.80684795 +.00000000 +00000+0 +00000+0 2 99992,2 25558   9.7649  54.3282 0005070 120.1611 154.7945  0.98717668000007,2025-10-07T19:45:29.875Z,system.exo,EXO,REAL,2,OPS1,"{'NORAD_ID': 25558, 'classification': 'U', 'COSPAR_ID': '98070A', 'BC': 0.0, 'n_ddot': 0.0, 'B_star': 0.0, 'ephemeris_type': 2, 'elset_num': 9999, 'inclination': 9.7649, 'RAAN': 54.3282, 'eccentricity': 0.000507, 'perigee': 120.1611, 'mean_anomaly': 154.7945, 'mean_motion': 0.98717668, 'rev_num': 0, 'line1': '1 25558U 98070A   25280.80684795 +.00000000 +00000+0 +00000+0 2 99992', 'line2': '2 25558   9.7649  54.3282 0005070 120.1611 154.7945  0.98717668000007', 'epoch': datetime.datetime(2025, 10, 7, 19, 21, 51, 662880)}"
d6295f42-b310-4f47-8bf0-e164771a5372,U//PR-EXO-ELSETS,13900,2025-10-07T20:54:19.107341Z,1.013403831457456,13900,False,0.001121381657193636,5.017572204038794,280.1847346009255,320.3608293641183,188.1472730504475,0.0,0.0,0.0,41867.80259699069,1420.95377508986,41914.75238284995,41820.85281113142,13900,1 13900U 79015D   25280.87105448 +.00000000 +00000+0 +00000+0 2 99998,2 13900   5.0176 280.1847 0011213 320.3608 188.1473  1.01340383000009,2025-10-07T21:36:29.798Z,system.exo,EXO,REAL,2,OPS1,"{'NORAD_ID': 13900, 'classification': 'U', 'COSPAR_ID': '79015D', 'BC': 0.0, 'n_ddot': 0.0, 'B_star': 0.0, 'ephemeris_type': 2, 'elset_num': 9999, 'inclination': 5.0176, 'RAAN': 280.1847, 'eccentricity': 0.0011213, 'perigee': 320.3608, 'mean_anomaly': 188.1473, 'mean_motion': 1.01340383, 'rev_num': 0, 'line1': '1 13900U 79015D   25280.87105448 +.00000000 +00000+0 +00000+0 2 99998', 'line2': '2 13900   5.0176 280.1847 0011213 320.3608 188.1473  1.01340383000009', 'epoch': datetime.datetime(2025, 10, 7, 20, 54, 19, 107072)}"
fb1027b9-73c6-4f62-8b8c-7e4e6ff18156,U//PR-EXO-ELSETS,23764,2025-10-07T19:21:51.868228Z,0.9908162152897376,23764,False,0.001242937343499237,11.29731157446967,38.79197115531093,248.6986037235309,73.50514142631249,0.0,0.0,0.0,42501.71539792823,1453.347228051683,42554.54236715909,42448.88842869737,23764,1 23764U 96002A   25280.80685033 +.00000000 +00000+0 +00000+0 2 99998,2 23764  11.2973  38.7920 0012429 248.6986  73.5051  0.99081621000004,2025-10-07T20:06:29.183Z,system.exo,EXO,REAL,2,OPS1,"{'NORAD_ID': 23764, 'classification': 'U', 'COSPAR_ID': '96002A', 'BC': 0.0, 'n_ddot': 0.0, 'B_star': 0.0, 'ephemeris_type': 2, 'elset_num': 9999, 'inclination': 11.2973, 'RAAN': 38.792, 'eccentricity': 0.0012429, 'perigee': 248.6986, 'mean_anomaly': 73.5051, 'mean_motion': 0.99081621, 'rev_num': 0, 'line1': '1 23764U 96002A   25280.80685033 +.00000000 +00000+0 +00000+0 2 99998', 'line2': '2 23764  11.2973  38.7920 0012429 248.6986  73.5051  0.99081621000004', 'epoch': datetime.datetime(2025, 10, 7, 19, 21, 51, 868512)}"
5e004418-7143-4eb7-a73f-01ae9952df80,U//PR-EXO-ELSETS,15630,2025-10-07T08:43:27.127132Z,1.012244095192833,15630,False,0.001554742177735437,8.666513659980447,310.4745796403773,247.6711686225934,268.4623539798883,0.0,0.0,0.0,41899.77534755634,1422.581773347543,41964.91869552682,41834.63199958585,15630,1 15630U 85024D   25280.36350842 +.00000000 +00000+0 +00000+0 2 99991,2 15630   8.6665 310.4746 0015547 247.6712 268.4624  1.01224409000009,2025-10-07T09:09:31.060Z,system.exo,EXO,REAL,2,OPS1,"{'NORAD_ID': 15630, 'classification': 'U', 'COSPAR_ID': '85024D', 'BC': 0.0, 'n_ddot': 0.0, 'B_star': 0.0, 'ephemeris_type': 2, 'elset_num': 9999, 'inclination': 8.6665, 'RAAN': 310.4746, 'eccentricity': 0.0015547, 'perigee': 247.6712, 'mean_anomaly': 268.4624, 'mean_motion': 1.01224409, 'rev_num': 0, 'line1': '1 15630U 85024D   25280.36350842 +.00000000 +00000+0 +00000+0 2 99991', 'line2': '2 15630   8.6665 310.4746 0015547 247.6712 268.4624  1.01224409000009', 'epoch': datetime.datetime(2025, 10, 7, 8, 43, 27, 127488)}"
48781072-f52e-4807-bf35-d6bb8f01def4,U//PR-EXO-ELSETS,26736,2025-10-07T19:23:09.335038Z,0.995882902289626,26736,False,0.002689926908808874,14.42799010633058,15.12350582478137,73.75843573305825,222.0821175712541,0.0,0.0,0.0,42357.43745781694,1445.953130322158,42471.37586862292,42243.49904701098,26736,1 26736U 01014A   25280.80774693 +.00000000 +00000+0 +00000+0 2 99990,2 26736  14.4280  15.1235 0026899  73.7584 222.0821  0.99588290000007,2025-10-07T21:48:31.793Z,system.exo,EXO,REAL,2,OPS1,"{'NORAD_ID': 26736, 'classification': 'U', 'COSPAR_ID': '01014A', 'BC': 0.0, 'n_ddot': 0.0, 'B_star': 0.0, 'ephemeris_type': 2, 'elset_num': 9999, 'inclination': 14.428, 'RAAN': 15.1235, 'eccentricity': 0.0026899, 'perigee': 73.7584, 'mean_anomaly': 222.0821, 'mean_motion': 0.9958829, 'rev_num': 0, 'line1': '1 26736U 01014A   25280.80774693 +.00000000 +00000+0 +00000+0 2 99990', 'line2': '2 26736  14.4280  15.1235 0026899  73.7584 222.0821  0.99588290000007', 'epoch': datetime.datetime(2025, 10, 7, 19, 23, 9, 334752)}"
55ed30cd-48b5-414a-95ee-24a23e3d4a9e,U//PR-EXO-ELSETS,45987,2025-10-07T19:22:26.017469Z,1.035752888566448,45987,False,0.4362119156482738,6.890007682119716,83.1022703860967,66.97330782228128,158.8439865179608,0.0,0.0,0.0,41263.34462120473,1390.293008975391,59262.90722447533,23263.78201793412,45987,1 45987U 20053C   25280.80724557 +.00000000 +00000+0 +00000+0 2 99997,2 45987   6.8900  83.1023 4362119  66.9733 158.8440  1.03575288000004,2025-10-07T21:15:29.022Z,system.exo,EXO,REAL,2,OPS1,"{'NORAD_ID': 45987, 'classification': 'U', 'COSPAR_ID': '20053C', 'BC': 0.0, 'n_ddot': 0.0, 'B_star': 0.0, 'ephemeris_type': 2, 'elset_num': 9999, 'inclination': 6.89, 'RAAN': 83.1023, 'eccentricity': 0.4362119, 'perigee': 66.9733, 'mean_anomaly': 158.844, 'mean_motion': 1.03575288, 'rev_num': 0, 'line1': '1 45987U 20053C   25280.80724557 +.00000000 +00000+0 +00000+0 2 99997', 'line2': '2 45987   6.8900  83.1023 4362119  66.9733 158.8440  1.03575288000004', 'epoch': datetime.datetime(2025, 10, 7, 19, 22, 26, 17248)}"
79eadb33-da23-45d4-9415-56bc38b862af,U//PR-EXO-ELSETS,23720,2025-10-07T20:40:47.950043Z,1.002372042164471,23720,False,0.004409946952312032,14.2556834930552,350.0586286081654,188.7904666829026,161.0862894436063,0.0,0.0,0.0,42174.43104968627,1436.592342390693,42360.41805335932,41988.44404601321,23720,1 23720U 95063D   25280.86166609 +.00000000 +00000+0 +00000+0 2 99995,2 23720  14.2557 350.0586 0044099 188.7905 161.0863  1.00237204000005,2025-10-07T21:15:28.999Z,system.exo,EXO,REAL,2,OPS1,"{'NORAD_ID': 23720, 'classification': 'U', 'COSPAR_ID': '95063D', 'BC': 0.0, 'n_ddot': 0.0, 'B_star': 0.0, 'ephemeris_type': 2, 'elset_num': 9999, 'inclination': 14.2557, 'RAAN': 350.0586, 'eccentricity': 0.0044099, 'perigee': 188.7905, 'mean_anomaly': 161.0863, 'mean_motion': 1.00237204, 'rev_num': 0, 'line1': '1 23720U 95063D   25280.86166609 +.00000000 +00000+0 +00000+0 2 99995', 'line2': '2 23720  14.2557 350.0586 0044099 188.7905 161.0863  1.00237204000005', 'epoch': datetime.datetime(2025, 10, 7, 20, 40, 47, 950176)}"
f1bb7211-20c0-40cc-8655-c9c0ef7979ea,U//PR-EXO-ELSETS,25642,2025-10-07T19:24:37.528967Z,1.003313497794357,25642,False,0.0006945516110672325,15.5742682369061,3.72711258181537,249.6577298690135,153.6625700879071,0.0,0.0,0.0,42148.04410430287,1435.244321107646,42177.31809623884,42118.7701123669,25642,1 25642U 99010A   25280.80876770 +.00000000 +00000+0 +00000+0 2 99997,2 25642  15.5743   3.7271 0006945 249.6577 153.6626  1.00331349000003,2025-10-07T22:33:29.151Z,system.exo,EXO,REAL,2,OPS1,"{'NORAD_ID': 25642, 'classification': 'U', 'COSPAR_ID': '99010A', 'BC': 0.0, 'n_ddot': 0.0, 'B_star': 0.0, 'ephemeris_type': 2, 'elset_num': 9999, 'inclination': 15.5743, 'RAAN': 3.7271, 'eccentricity': 0.0006945, 'perigee': 249.6577, 'mean_anomaly': 153.6626, 'mean_motion': 1.00331349, 'rev_num': 0, 'line1': '1 25642U 99010A   25280.80876770 +.00000000 +00000+0 +00000+0 2 99997', 'line2': '2 25642  15.5743   3.7271 0006945 249.6577 153.6626  1.00331349000003', 'epoch': datetime.datetime(2025, 10, 7, 19, 24, 37, 529280)}"
a88d6e85-0fbe-496b-9a05-df3007c62f7f,U//PR-EXO-ELSETS,25050,2025-10-07T19:23:52.353272Z,1.001940097646821,25050,False,0.0003402478055859356,12.66881922199065,21.87163372818933,224.4534838098787,113.4005112517528,0.0,0.0,0.0,42186.55133888207,1437.211669022945,42200.90522040036,42172.19745736378,25050,1 25050U 97071B   25280.80824483 +.00000000 +00000+0 +00000+0 2 99999,2 25050  12.6688  21.8716 0003402 224.4535 113.4005  1.00194009000002,2025-10-07T20:27:27.928Z,system.exo,EXO,REAL,2,OPS1,"{'NORAD_ID': 25050, 'classification': 'U', 'COSPAR_ID': '97071B', 'BC': 0.0, 'n_ddot': 0.0, 'B_star': 0.0, 'ephemeris_type': 2, 'elset_num': 9999, 'inclination': 12.6688, 'RAAN': 21.8716, 'eccentricity': 0.0003402, 'perigee': 224.4535, 'mean_anomaly': 113.4005, 'mean_motion': 1.00194009, 'rev_num': 0, 'line1': '1 25050U 97071B   25280.80824483 +.00000000 +00000+0 +00000+0 2 99999', 'line2': '2 25050  12.6688  21.8716 0003402 224.4535 113.4005  1.00194009000002', 'epoch': datetime.datetime(2025, 10, 7, 19, 23, 52, 353312)}"
73530902-ccff-46e0-a774-c2e1e9e1bf26,U//PR-EXO-ELSETS,45985,2025-10-07T20:46:04.769205Z,1.002711488027737,45985,False,4.572818578516633e-05,0.004898033482850041,226.4214044506657,305.9316198023887,252.4494081698722,0.0,0.0,0.0,42164.91236348925,1436.106015731782,42166.84048843542,42162.98423854307,45985,1 45985U 20053A   25280.86533298 +.00000000 +00000+0 +00000+0 2 99991,2 45985   0.0049 226.4214 0000457 305.9316 252.4494  1.00271148000004,2025-10-07T21:51:31.443Z,system.exo,EXO,REAL,2,OPS1,"{'NORAD_ID': 45985, 'classification': 'U', 'COSPAR_ID': '20053A', 'BC': 0.0, 'n_ddot': 0.0, 'B_star': 0.0, 'ephemeris_type': 2, 'elset_num': 9999, 'inclination': 0.0049, 'RAAN': 226.4214, 'eccentricity': 4.57e-05, 'perigee': 305.9316, 'mean_anomaly': 252.4494, 'mean_motion': 1.00271148, 'rev_num': 0, 'line1': '1 45985U 20053A   25280.86533298 +.00000000 +00000+0 +00000+0 2 99991', 'line2': '2 45985   0.0049 226.4214 0000457 305.9316 252.4494  1.00271148000004', 'epoch': datetime.datetime(2025, 10, 7, 20, 46, 4, 769472)}"
29b5b834-63d0-4472-9a8c-07ec9e40cc94,U//PR-EXO-ELSETS,25331,2025-10-07T20:07:35.670203Z,0.9894552384655733,25331,False,0.001356512122466533,11.33127469247064,32.95755266956984,252.62861806578,69.99915362185122,0.0,0.0,0.0,42540.68000186838,1455.346279466995,42598.38694998888,42482.97305374788,25331,1 25331U 98028A   25280.83860729 +.00000000 +00000+0 +00000+0 2 99990,2 25331  11.3313  32.9576 0013565 252.6286  69.9992  0.98945523000000,2025-10-07T21:30:29.149Z,system.exo,EXO,REAL,2,OPS1,"{'NORAD_ID': 25331, 'classification': 'U', 'COSPAR_ID': '98028A', 'BC': 0.0, 'n_ddot': 0.0, 'B_star': 0.0, 'ephemeris_type': 2, 'elset_num': 9999, 'inclination': 11.3313, 'RAAN': 32.9576, 'eccentricity': 0.0013565, 'perigee': 252.6286, 'mean_anomaly': 69.9992, 'mean_motion': 0.98945523, 'rev_num': 0, 'line1': '1 25331U 98028A   25280.83860729 +.00000000 +00000+0 +00000+0 2 99990', 'line2': '2 25331  11.3313  32.9576 0013565 252.6286  69.9992  0.98945523000000', 'epoch': datetime.datetime(2025, 10, 7, 20, 7, 35, 669856)}"
3cdc1298-aaa9-4d9c-86ef-0a1371dc6130,U//PR-EXO-ELSETS,20203,2025-10-07T19:25:40.238906Z,0.9911653437625945,20203,False,0.0007205613097233182,14.62210953937902,5.939494740659799,10.93386082262666,245.7636744957478,0.0,0.0,0.0,42491.73426454567,1452.835300449035,42522.35216423975,42461.11636485159,20203,1 20203U 89069B   25280.80949351 +.00000000 +00000+0 +00000+0 2 99994,2 20203  14.6221   5.9395 0007205  10.9339 245.7637  0.99116534000007,2025-10-07T21:48:31.785Z,system.exo,EXO,REAL,2,OPS1,"{'NORAD_ID': 20203, 'classification': 'U', 'COSPAR_ID': '89069B', 'BC': 0.0, 'n_ddot': 0.0, 'B_star': 0.0, 'ephemeris_type': 2, 'elset_num': 9999, 'inclination': 14.6221, 'RAAN': 5.9395, 'eccentricity': 0.0007205, 'perigee': 10.9339, 'mean_anomaly': 245.7637, 'mean_motion': 0.99116534, 'rev_num': 0, 'line1': '1 20203U 89069B   25280.80949351 +.00000000 +00000+0 +00000+0 2 99994', 'line2': '2 20203  14.6221   5.9395 0007205  10.9339 245.7637  0.99116534000007', 'epoch': datetime.datetime(2025, 10, 7, 19, 25, 40, 239264)}"
42939107-cba5-4967-85b2-4fb87b1f4f43,U//PR-EXO-ELSETS,22314,2025-10-07T19:25:05.830885Z,1.002754800464781,22314,False,0.00110513846589342,14.17796402684324,358.9134955481597,193.8838285686297,69.18593069060778,0.0,0.0,0.0,42163.69818945669,1436.043985361679,42210.29491419018,42117.1014647232,22314,1 22314U 93003B   25280.80909526 +.00000000 +00000+0 +00000+0 2 99992,2 22314  14.1780 358.9135 0011051 193.8838  69.1859  1.00275480000002,2025-10-07T19:48:28.183Z,system.exo,EXO,REAL,2,OPS1,"{'NORAD_ID': 22314, 'classification': 'U', 'COSPAR_ID': '93003B', 'BC': 0.0, 'n_ddot': 0.0, 'B_star': 0.0, 'ephemeris_type': 2, 'elset_num': 9999, 'inclination': 14.178, 'RAAN': 358.9135, 'eccentricity': 0.0011051, 'perigee': 193.8838, 'mean_anomaly': 69.1859, 'mean_motion': 1.0027548, 'rev_num': 0, 'line1': '1 22314U 93003B   25280.80909526 +.00000000 +00000+0 +00000+0 2 99992', 'line2': '2 22314  14.1780 358.9135 0011051 193.8838  69.1859  1.00275480000002', 'epoch': datetime.datetime(2025, 10, 7, 19, 25, 5, 830464)}"
d41ff56d-6976-436d-8edf-610e55a23df8,U//PR-EXO-ELSETS,23717,2025-10-07T19:26:27.157823Z,0.9989037089450382,23717,False,0.0006779313303431432,14.40558140686278,4.482638884061589,289.7731061103271,9.842275941972092,0.0,0.0,0.0,42271.99832029349,1441.580391688417,42300.65583235103,42243.34080823595,23717,1 23717U 95063A   25280.81003655 +.00000000 +00000+0 +00000+0 2 99997,2 23717  14.4056   4.4826 0006779 289.7731   9.8423  0.99890370000003,2025-10-07T19:54:28.830Z,system.exo,EXO,REAL,2,OPS1,"{'NORAD_ID': 23717, 'classification': 'U', 'COSPAR_ID': '95063A', 'BC': 0.0, 'n_ddot': 0.0, 'B_star': 0.0, 'ephemeris_type': 2, 'elset_num': 9999, 'inclination': 14.4056, 'RAAN': 4.4826, 'eccentricity': 0.0006779, 'perigee': 289.7731, 'mean_anomaly': 9.8423, 'mean_motion': 0.9989037, 'rev_num': 0, 'line1': '1 23717U 95063A   25280.81003655 +.00000000 +00000+0 +00000+0 2 99997', 'line2': '2 23717  14.4056   4.4826 0006779 289.7731   9.8423  0.99890370000003', 'epoch': datetime.datetime(2025, 10, 7, 19, 26, 27, 157920)}"
6937ea44-52ea-42ba-b362-e8c7563e58c2,U//PR-EXO-ELSETS,22912,2025-10-07T19:26:27.157823Z,0.9898242940862996,22912,False,0.001066692422342567,14.42229117126391,3.103899386621853,221.5725909720146,79.87514960863753,0.0,0.0,0.0,42530.10516016145,1454.803654146775,42575.47170105722,42484.73861926567,22912,1 22912U 93073B   25280.81003655 +.00000000 +00000+0 +00000+0 2 99992,2 22912  14.4223   3.1039 0010666 221.5726  79.8751  0.98982429000002,2025-10-07T21:09:39.079Z,system.exo,EXO,REAL,2,OPS1,"{'NORAD_ID': 22912, 'classification': 'U', 'COSPAR_ID': '93073B', 'BC': 0.0, 'n_ddot': 0.0, 'B_star': 0.0, 'ephemeris_type': 2, 'elset_num': 9999, 'inclination': 14.4223, 'RAAN': 3.1039, 'eccentricity': 0.0010666, 'perigee': 221.5726, 'mean_anomaly': 79.8751, 'mean_motion': 0.98982429, 'rev_num': 0, 'line1': '1 22912U 93073B   25280.81003655 +.00000000 +00000+0 +00000+0 2 99992', 'line2': '2 22912  14.4223   3.1039 0010666 221.5726  79.8751  0.98982429000002', 'epoch': datetime.datetime(2025, 10, 7, 19, 26, 27, 157920)}"
b232b481-9953-4d94-82cf-9ce72dc2668c,U//PR-EXO-ELSETS,24653,2025-10-07T19:26:57.803885Z,0.9964792066251007,24653,False,0.0007589454537547705,11.87792890832382,30.85431249903885,186.4054364357675,137.7408473993665,0.0,0.0,0.0,42340.53766154616,1445.087855748667,42372.67182011393,42308.4035029784,24653,1 24653U 96063B   25280.81039125 +.00000000 +00000+0 +00000+0 2 99999,2 24653  11.8779  30.8543 0007589 186.4054 137.7408  0.99647920000001,2025-10-07T21:18:27.857Z,system.exo,EXO,REAL,2,OPS1,"{'NORAD_ID': 24653, 'classification': 'U', 'COSPAR_ID': '96063B', 'BC': 0.0, 'n_ddot': 0.0, 'B_star': 0.0, 'ephemeris_type': 2, 'elset_num': 9999, 'inclination': 11.8779, 'RAAN': 30.8543, 'eccentricity': 0.0007589, 'perigee': 186.4054, 'mean_anomaly': 137.7408, 'mean_motion': 0.9964792, 'rev_num': 0, 'line1': '1 24653U 96063B   25280.81039125 +.00000000 +00000+0 +00000+0 2 99999', 'line2': '2 24653  11.8779  30.8543 0007589 186.4054 137.7408  0.99647920000001', 'epoch': datetime.datetime(2025, 10, 7, 19, 26, 57, 804000)}"
d2c37413-f572-4de1-93a4-a72baf8cc552,U//PR-EXO-ELSETS,16650,2025-10-07T20:57:02.818865Z,0.996396979550747,16650,False,0.0003431256260475137,14.60702076602668,352.3014146164729,260.3381864808721,93.34293271090398,0.0,0.0,0.0,42342.86704814364,1445.207110773523,42357.39597090818,42328.3381253791,16650,1 16650U 86026B   25280.87294929 +.00000000 +00000+0 +00000+0 2 99996,2 16650  14.6070 352.3014 0003431 260.3382  93.3429  0.99639697000009,2025-10-07T21:30:29.145Z,system.exo,EXO,REAL,2,OPS1,"{'NORAD_ID': 16650, 'classification': 'U', 'COSPAR_ID': '86026B', 'BC': 0.0, 'n_ddot': 0.0, 'B_star': 0.0, 'ephemeris_type': 2, 'elset_num': 9999, 'inclination': 14.607, 'RAAN': 352.3014, 'eccentricity': 0.0003431, 'perigee': 260.3382, 'mean_anomaly': 93.3429, 'mean_motion': 0.99639697, 'rev_num': 0, 'line1': '1 16650U 86026B   25280.87294929 +.00000000 +00000+0 +00000+0 2 99996', 'line2': '2 16650  14.6070 352.3014 0003431 260.3382  93.3429  0.99639697000009', 'epoch': datetime.datetime(2025, 10, 7, 20, 57, 2, 818656)}"
36e56bfa-c834-4eab-a129-26efffff7a59,U//PR-EXO-ELSETS,43174,2025-10-07T05:01:38.700906Z,1.002666334477112,43174,False,0.0003111157533972945,0.891912535603195,86.23227101507067,116.9543044744822,228.2571884264278,0.0,0.0,0.0,42166.17824237634,1436.170688578027,42179.29680468811,42153.05968006458,43174,1 43174U 18012A   25280.20947570 +.00000000 +00000+0 +00000+0 2 99991,2 43174   0.8919  86.2323 0003111 116.9543 228.2572  1.00266633000002,2025-10-07T06:39:29.327Z,system.exo,EXO,REAL,2,OPS1,"{'NORAD_ID': 43174, 'classification': 'U', 'COSPAR_ID': '18012A', 'BC': 0.0, 'n_ddot': 0.0, 'B_star': 0.0, 'ephemeris_type': 2, 'elset_num': 9999, 'inclination': 0.8919, 'RAAN': 86.2323, 'eccentricity': 0.0003111, 'perigee': 116.9543, 'mean_anomaly': 228.2572, 'mean_motion': 1.00266633, 'rev_num': 0, 'line1': '1 43174U 18012A   25280.20947570 +.00000000 +00000+0 +00000+0 2 99991', 'line2': '2 43174   0.8919  86.2323 0003111 116.9543 228.2572  1.00266633000002', 'epoch': datetime.datetime(2025, 10, 7, 5, 1, 38, 700480)}"
f26ba03e-d7a1-4086-932c-c18d6a599100,U//PR-EXO-ELSETS,37264,2025-10-07T21:05:51.432694Z,1.002675409047012,37264,False,0.0005316388709197602,0.04454876337926471,108.6256748297402,71.34578576364042,123.2848060804685,0.0,0.0,0.0,42165.92382936252,1436.157690721308,42188.34087349846,42143.50678522659,37264,1 37264U 10070A   25280.87906751 +.00000000 +00000+0 +00000+0 2 99999,2 37264   0.0445 108.6257 0005316  71.3458 123.2848  1.00267540000002,2025-10-07T21:33:28.642Z,system.exo,EXO,REAL,2,OPS1,"{'NORAD_ID': 37264, 'classification': 'U', 'COSPAR_ID': '10070A', 'BC': 0.0, 'n_ddot': 0.0, 'B_star': 0.0, 'ephemeris_type': 2, 'elset_num': 9999, 'inclination': 0.0445, 'RAAN': 108.6257, 'eccentricity': 0.0005316, 'perigee': 71.3458, 'mean_anomaly': 123.2848, 'mean_motion': 1.0026754, 'rev_num': 0, 'line1': '1 37264U 10070A   25280.87906751 +.00000000 +00000+0 +00000+0 2 99999', 'line2': '2 37264   0.0445 108.6257 0005316  71.3458 123.2848  1.00267540000002', 'epoch': datetime.datetime(2025, 10, 7, 21, 5, 51, 432864)}"
0e197995-bc5e-4f0a-a30e-dba0871a028f,U//PR-EXO-ELSETS,28945,2025-10-07T06:53:44.701037Z,1.002652699935115,28945,False,0.0005998242338978414,0.03540780717032109,241.7095027517705,326.8062789567355,241.1216628390405,0.0,0.0,0.0,42166.56050516462,1436.1902183011,42191.85303001574,42141.2679803135,28945,1 28945U 06007A   25280.28732293 +.00000000 +00000+0 +00000+0 2 99993,2 28945   0.0354 241.7095 0005998 326.8063 241.1217  1.00265269000008,2025-10-07T07:36:28.464Z,system.exo,EXO,REAL,2,OPS1,"{'NORAD_ID': 28945, 'classification': 'U', 'COSPAR_ID': '06007A', 'BC': 0.0, 'n_ddot': 0.0, 'B_star': 0.0, 'ephemeris_type': 2, 'elset_num': 9999, 'inclination': 0.0354, 'RAAN': 241.7095, 'eccentricity': 0.0005998, 'perigee': 326.8063, 'mean_anomaly': 241.1217, 'mean_motion': 1.00265269, 'rev_num': 0, 'line1': '1 28945U 06007A   25280.28732293 +.00000000 +00000+0 +00000+0 2 99993', 'line2': '2 28945   0.0354 241.7095 0005998 326.8063 241.1217  1.00265269000008', 'epoch': datetime.datetime(2025, 10, 7, 6, 53, 44, 701152)}"
b1cc34a1-d13a-44e3-af40-cf7451de0a0d,U//PR-EXO-ELSETS,25086,2025-10-07T20:27:55.826611Z,0.9969623896242494,25086,False,0.0003226554441258997,13.88205877286836,11.74105914603098,96.79008277766687,247.3561528836215,0.0,0.0,0.0,42326.85618196851,1444.387486415339,42340.51317254834,42313.19919138866,25086,1 25086U 97078A   25280.85272947 +.00000000 +00000+0 +00000+0 2 99992,2 25086  13.8821  11.7411 0003226  96.7901 247.3562  0.99696238000007,2025-10-07T23:09:29.641Z,system.exo,EXO,REAL,2,OPS1,"{'NORAD_ID': 25086, 'classification': 'U', 'COSPAR_ID': '97078A', 'BC': 0.0, 'n_ddot': 0.0, 'B_star': 0.0, 'ephemeris_type': 2, 'elset_num': 9999, 'inclination': 13.8821, 'RAAN': 11.7411, 'eccentricity': 0.0003226, 'perigee': 96.7901, 'mean_anomaly': 247.3562, 'mean_motion': 0.99696238, 'rev_num': 0, 'line1': '1 25086U 97078A   25280.85272947 +.00000000 +00000+0 +00000+0 2 99992', 'line2': '2 25086  13.8821  11.7411 0003226  96.7901 247.3562  0.99696238000007', 'epoch': datetime.datetime(2025, 10, 7, 20, 27, 55, 826208)}"
85d93e9e-bd4b-4429-8ad7-2c8cd9d5e0d3,U//PR-EXO-ELSETS,41105,2025-10-07T20:36:02.115826Z,1.002679189787242,41105,False,0.0003135502228181624,6.05370738385854,73.61119044054286,177.6681914209631,59.97756479202294,0.0,0.0,0.0,42165.81783434014,1436.15227549058,42179.03893591741,42152.59673276287,41105,1 41105U 15074A   25280.85835782 +.00000000 +00000+0 +00000+0 2 99990,2 41105   6.0537  73.6112 0003135 177.6682  59.9776  1.00267918000000,2025-10-07T21:39:38.119Z,system.exo,EXO,REAL,2,OPS1,"{'NORAD_ID': 41105, 'classification': 'U', 'COSPAR_ID': '15074A', 'BC': 0.0, 'n_ddot': 0.0, 'B_star': 0.0, 'ephemeris_type': 2, 'elset_num': 9999, 'inclination': 6.0537, 'RAAN': 73.6112, 'eccentricity': 0.0003135, 'perigee': 177.6682, 'mean_anomaly': 59.9776, 'mean_motion': 1.00267918, 'rev_num': 0, 'line1': '1 41105U 15074A   25280.85835782 +.00000000 +00000+0 +00000+0 2 99990', 'line2': '2 41105   6.0537  73.6112 0003135 177.6682  59.9776  1.00267918000000', 'epoch': datetime.datetime(2025, 10, 7, 20, 36, 2, 115648)}"
c5d53c0e-3c20-4630-b95e-d25f0ac459d6,U//PR-EXO-ELSETS,26071,2025-10-07T19:31:14.931277Z,0.9919627920591483,26071,False,0.0007687754132700977,7.765315199788739,66.41874939794772,174.2585782201534,122.3587953079323,0.0,0.0,0.0,42468.95820676428,1451.667352371959,42501.60729766084,42436.30911586773,26071,1 26071U 00007A   25280.81336726 +.00000000 +00000+0 +00000+0 2 99995,2 26071   7.7653  66.4187 0007687 174.2586 122.3588  0.99196279000000,2025-10-07T21:33:28.640Z,system.exo,EXO,REAL,2,OPS1,"{'NORAD_ID': 26071, 'classification': 'U', 'COSPAR_ID': '00007A', 'BC': 0.0, 'n_ddot': 0.0, 'B_star': 0.0, 'ephemeris_type': 2, 'elset_num': 9999, 'inclination': 7.7653, 'RAAN': 66.4187, 'eccentricity': 0.0007687, 'perigee': 174.2586, 'mean_anomaly': 122.3588, 'mean_motion': 0.99196279, 'rev_num': 0, 'line1': '1 26071U 00007A   25280.81336726 +.00000000 +00000+0 +00000+0 2 99995', 'line2': '2 26071   7.7653  66.4187 0007687 174.2586 122.3588  0.99196279000000', 'epoch': datetime.datetime(2025, 10, 7, 19, 31, 14, 931264)}"
da1030b9-e627-4d63-bc91-8faf9bedd900,U//PR-EXO-ELSETS,42815,2025-10-07T20:39:47.506355Z,1.002683065099328,42815,False,0.0006083439080593952,0.05141371171049195,93.47479213225606,159.772683235678,166.980682401114,0.0,0.0,0.0,42165.70918863783,1436.146724845054,42191.36044095174,42140.05793632392,42815,1 42815U 17040B   25280.86096651 +.00000000 +00000+0 +00000+0 2 99999,2 42815   0.0514  93.4748 0006083 159.7727 166.9807  1.00268306000005,2025-10-07T21:36:29.816Z,system.exo,EXO,REAL,2,OPS1,"{'NORAD_ID': 42815, 'classification': 'U', 'COSPAR_ID': '17040B', 'BC': 0.0, 'n_ddot': 0.0, 'B_star': 0.0, 'ephemeris_type': 2, 'elset_num': 9999, 'inclination': 0.0514, 'RAAN': 93.4748, 'eccentricity': 0.0006083, 'perigee': 159.7727, 'mean_anomaly': 166.9807, 'mean_motion': 1.00268306, 'rev_num': 0, 'line1': '1 42815U 17040B   25280.86096651 +.00000000 +00000+0 +00000+0 2 99999', 'line2': '2 42815   0.0514  93.4748 0006083 159.7727 166.9807  1.00268306000005', 'epoch': datetime.datetime(2025, 10, 7, 20, 39, 47, 506464)}"
5799d213-bbd5-4d18-b36b-c5d0ca9e62e7,U//PR-EXO-ELSETS,41028,2025-10-07T20:39:47.506355Z,1.002665499813406,41028,False,0.0002577937124458354,0.006623733542094316,174.12942540244,16.4600819322382,229.6368672959022,0.0,0.0,0.0,42166.201643051,1436.171884110883,42177.07182471231,42155.3314613897,41028,1 41028U 15065A   25280.86096651 +.00000000 +00000+0 +00000+0 2 99999,2 41028   0.0066 174.1294 0002577  16.4601 229.6369  1.00266549000006,2025-10-07T21:36:29.812Z,system.exo,EXO,REAL,2,OPS1,"{'NORAD_ID': 41028, 'classification': 'U', 'COSPAR_ID': '15065A', 'BC': 0.0, 'n_ddot': 0.0, 'B_star': 0.0, 'ephemeris_type': 2, 'elset_num': 9999, 'inclination': 0.0066, 'RAAN': 174.1294, 'eccentricity': 0.0002577, 'perigee': 16.4601, 'mean_anomaly': 229.6369, 'mean_motion': 1.00266549, 'rev_num': 0, 'line1': '1 41028U 15065A   25280.86096651 +.00000000 +00000+0 +00000+0 2 99999', 'line2': '2 41028   0.0066 174.1294 0002577  16.4601 229.6369  1.00266549000006', 'epoch': datetime.datetime(2025, 10, 7, 20, 39, 47, 506464)}"
9836a2ac-78ca-4210-b66d-da64b6cbfb98,U//PR-EXO-ELSETS,15643,2025-10-07T19:33:54.643950Z,0.9695904827345497,15643,False,0.00796851445430668,11.78421400563109,309.1385754748432,298.7986416232409,24.39129854042648,0.0,0.0,0.0,43119.75651528559,1485.163092709767,43463.35691834383,42776.15611222735,15643,1 15643U 85028C   25280.81521579 +.00000000 +00000+0 +00000+0 2 99996,2 15643  11.7842 309.1386 0079685 298.7986  24.3913  0.96959048000000,2025-10-07T21:30:29.144Z,system.exo,EXO,REAL,2,OPS1,"{'NORAD_ID': 15643, 'classification': 'U', 'COSPAR_ID': '85028C', 'BC': 0.0, 'n_ddot': 0.0, 'B_star': 0.0, 'ephemeris_type': 2, 'elset_num': 9999, 'inclination': 11.7842, 'RAAN': 309.1386, 'eccentricity': 0.0079685, 'perigee': 298.7986, 'mean_anomaly': 24.3913, 'mean_motion': 0.96959048, 'rev_num': 0, 'line1': '1 15643U 85028C   25280.81521579 +.00000000 +00000+0 +00000+0 2 99996', 'line2': '2 15643  11.7842 309.1386 0079685 298.7986  24.3913  0.96959048000000', 'epoch': datetime.datetime(2025, 10, 7, 19, 33, 54, 644256)}"
7687aefb-ffd3-4f17-ab84-90acefa307ac,U//PR-EXO-ELSETS,28417,2025-10-07T20:55:16.745652Z,0.9926425584257326,28417,False,0.0005686402140746507,10.86630209166148,43.46432005162691,163.2345753016812,141.8665142741156,0.0,0.0,0.0,42449.56736286269,1450.673243633386,42473.70589393528,42425.42883179009,28417,1 28417U 04036A   25280.87172159 +.00000000 +00000+0 +00000+0 2 99991,2 28417  10.8663  43.4643 0005686 163.2346 141.8665  0.99264255000005,2025-10-07T21:24:29.293Z,system.exo,EXO,REAL,2,OPS1,"{'NORAD_ID': 28417, 'classification': 'U', 'COSPAR_ID': '04036A', 'BC': 0.0, 'n_ddot': 0.0, 'B_star': 0.0, 'ephemeris_type': 2, 'elset_num': 9999, 'inclination': 10.8663, 'RAAN': 43.4643, 'eccentricity': 0.0005686, 'perigee': 163.2346, 'mean_anomaly': 141.8665, 'mean_motion': 0.99264255, 'rev_num': 0, 'line1': '1 28417U 04036A   25280.87172159 +.00000000 +00000+0 +00000+0 2 99991', 'line2': '2 28417  10.8663  43.4643 0005686 163.2346 141.8665  0.99264255000005', 'epoch': datetime.datetime(2025, 10, 7, 20, 55, 16, 745376)}"
8d34aec3-6bbb-4786-86cd-ac0728a2aa04,U//PR-EXO-ELSETS,33055,2025-10-07T05:38:01.825013Z,1.00266803743344,33055,False,0.0004993189268203931,3.134233230094171,80.0136925989748,136.6431947110215,226.2361658234902,0.0,0.0,0.0,42166.13049830574,1436.168249350017,42187.18484533432,42145.07615127716,33055,1 33055U 08030A   25280.23474335 +.00000000 +00000+0 +00000+0 2 99994,2 33055   3.1342  80.0137 0004993 136.6432 226.2362  1.00266803000009,2025-10-07T06:08:31.945Z,system.exo,EXO,REAL,2,OPS1,"{'NORAD_ID': 33055, 'classification': 'U', 'COSPAR_ID': '08030A', 'BC': 0.0, 'n_ddot': 0.0, 'B_star': 0.0, 'ephemeris_type': 2, 'elset_num': 9999, 'inclination': 3.1342, 'RAAN': 80.0137, 'eccentricity': 0.0004993, 'perigee': 136.6432, 'mean_anomaly': 226.2362, 'mean_motion': 1.00266803, 'rev_num': 0, 'line1': '1 33055U 08030A   25280.23474335 +.00000000 +00000+0 +00000+0 2 99994', 'line2': '2 33055   3.1342  80.0137 0004993 136.6432 226.2362  1.00266803000009', 'epoch': datetime.datetime(2025, 10, 7, 5, 38, 1, 825440)}"
93f204bf-0953-480c-b544-d3277a83b565,U//PR-EXO-ELSETS,44065,2025-10-07T19:36:00.497703Z,0.9933676635648441,44065,False,0.0006425615711931062,5.915126476378729,73.83850286185977,149.8678608477422,58.02234753600619,0.0,0.0,0.0,42428.90757665199,1449.614329937368,42456.17076216845,42401.64439113553,44065,1 44065U 19009D   25280.81667243 +.00000000 +00000+0 +00000+0 2 99991,2 44065   5.9151  73.8385 0006425 149.8679  58.0223  0.99336766000006,2025-10-07T21:36:29.819Z,system.exo,EXO,REAL,2,OPS1,"{'NORAD_ID': 44065, 'classification': 'U', 'COSPAR_ID': '19009D', 'BC': 0.0, 'n_ddot': 0.0, 'B_star': 0.0, 'ephemeris_type': 2, 'elset_num': 9999, 'inclination': 5.9151, 'RAAN': 73.8385, 'eccentricity': 0.0006425, 'perigee': 149.8679, 'mean_anomaly': 58.0223, 'mean_motion': 0.99336766, 'rev_num': 0, 'line1': '1 44065U 19009D   25280.81667243 +.00000000 +00000+0 +00000+0 2 99991', 'line2': '2 44065   5.9151  73.8385 0006425 149.8679  58.0223  0.99336766000006', 'epoch': datetime.datetime(2025, 10, 7, 19, 36, 0, 497952)}"
6988f4f7-006d-4c05-9e75-40e510761f7e,U//PR-EXO-ELSETS,21038,2025-10-07T19:40:08.814038Z,1.002995400414459,21038,False,0.0005136337708535255,13.10641486821326,339.7001962504787,154.9805800488514,273.5372041262859,0.0,0.0,0.0,42156.95506163212,1435.699505107363,42178.60829742813,42135.30182583611,21038,1 21038U 90116A   25280.81954646 +.00000000 +00000+0 +00000+0 2 99990,2 21038  13.1064 339.7002 0005136 154.9806 273.5372  1.00299540000002,2025-10-07T20:15:28.350Z,system.exo,EXO,REAL,2,OPS1,"{'NORAD_ID': 21038, 'classification': 'U', 'COSPAR_ID': '90116A', 'BC': 0.0, 'n_ddot': 0.0, 'B_star': 0.0, 'ephemeris_type': 2, 'elset_num': 9999, 'inclination': 13.1064, 'RAAN': 339.7002, 'eccentricity': 0.0005136, 'perigee': 154.9806, 'mean_anomaly': 273.5372, 'mean_motion': 1.0029954, 'rev_num': 0, 'line1': '1 21038U 90116A   25280.81954646 +.00000000 +00000+0 +00000+0 2 99990', 'line2': '2 21038  13.1064 339.7002 0005136 154.9806 273.5372  1.00299540000002', 'epoch': datetime.datetime(2025, 10, 7, 19, 40, 8, 814144)}"
c0f657ad-b297-45f5-a3cd-ebc5cdc73569,U//PR-EXO-ELSETS,22117,2025-10-07T19:39:36.375832Z,0.970072569322613,22117,False,0.002024694864091619,13.6857282405294,21.83171625191043,16.2355498185713,311.9910043898322,0.0,0.0,0.0,43105.46948901031,1484.425027094138,43192.74491169897,43018.19406632164,22117,1 22117U 92060B   25280.81917102 +.00000000 +00000+0 +00000+0 2 99995,2 22117  13.6857  21.8317 0020246  16.2355 311.9910  0.97007256000003,2025-10-07T20:30:29.777Z,system.exo,EXO,REAL,2,OPS1,"{'NORAD_ID': 22117, 'classification': 'U', 'COSPAR_ID': '92060B', 'BC': 0.0, 'n_ddot': 0.0, 'B_star': 0.0, 'ephemeris_type': 2, 'elset_num': 9999, 'inclination': 13.6857, 'RAAN': 21.8317, 'eccentricity': 0.0020246, 'perigee': 16.2355, 'mean_anomaly': 311.991, 'mean_motion': 0.97007256, 'rev_num': 0, 'line1': '1 22117U 92060B   25280.81917102 +.00000000 +00000+0 +00000+0 2 99995', 'line2': '2 22117  13.6857  21.8317 0020246  16.2355 311.9910  0.97007256000003', 'epoch': datetime.datetime(2025, 10, 7, 19, 39, 36, 376128)}"
457556d9-5fdd-4fc4-91bb-50560d1c58a2,U//PR-EXO-ELSETS,43497,2025-10-07T08:39:57.074760Z,1.000782475444004,43497,False,0.008539029737200627,4.213784964895709,79.89896385228325,318.1081995603456,76.26318259784846,0.0,0.0,0.0,42219.07700728123,1438.874116336954,42579.58696132356,41858.56705323889,43497,1 43497U 18050C   25280.36107725 +.00000000 +00000+0 +00000+0 2 99998,2 43497   4.2138  79.8990 0085390 318.1082  76.2632  1.00078247000002,2025-10-07T09:42:29.584Z,system.exo,EXO,REAL,2,OPS1,"{'NORAD_ID': 43497, 'classification': 'U', 'COSPAR_ID': '18050C', 'BC': 0.0, 'n_ddot': 0.0, 'B_star': 0.0, 'ephemeris_type': 2, 'elset_num': 9999, 'inclination': 4.2138, 'RAAN': 79.899, 'eccentricity': 0.008539, 'perigee': 318.1082, 'mean_anomaly': 76.2632, 'mean_motion': 1.00078247, 'rev_num': 0, 'line1': '1 43497U 18050C   25280.36107725 +.00000000 +00000+0 +00000+0 2 99998', 'line2': '2 43497   4.2138  79.8990 0085390 318.1082  76.2632  1.00078247000002', 'epoch': datetime.datetime(2025, 10, 7, 8, 39, 57, 74400)}"
b4c6dab9-8c55-479e-b30f-1af5c6815939,U//PR-EXO-ELSETS,32252,2025-10-07T08:59:03.968882Z,0.9934101016424319,32252,False,0.0003366548526925175,1.415082695594603,85.1399893161816,120.1634889936346,265.1986340057567,0.0,0.0,0.0,42427.69920420565,1449.552402999737,42441.98269503132,42413.41571337997,32252,1 32252U 07044A   25280.37435149 +.00000000 +00000+0 +00000+0 2 99991,2 32252   1.4151  85.1400 0003366 120.1635 265.1986  0.99341010000006,2025-10-07T09:30:32.485Z,system.exo,EXO,REAL,2,OPS1,"{'NORAD_ID': 32252, 'classification': 'U', 'COSPAR_ID': '07044A', 'BC': 0.0, 'n_ddot': 0.0, 'B_star': 0.0, 'ephemeris_type': 2, 'elset_num': 9999, 'inclination': 1.4151, 'RAAN': 85.14, 'eccentricity': 0.0003366, 'perigee': 120.1635, 'mean_anomaly': 265.1986, 'mean_motion': 0.9934101, 'rev_num': 0, 'line1': '1 32252U 07044A   25280.37435149 +.00000000 +00000+0 +00000+0 2 99991', 'line2': '2 32252   1.4151  85.1400 0003366 120.1635 265.1986  0.99341010000006', 'epoch': datetime.datetime(2025, 10, 7, 8, 59, 3, 968736)}"
e23218fa-3b4f-4fd4-bbac-a884ea7018a3,U//PR-EXO-ELSETS,27298,2025-10-07T19:40:22.978677Z,0.9929345457948389,27298,False,0.001534963455649235,7.824843357485034,66.28357830205762,145.2831391596017,151.7689383328065,0.0,0.0,0.0,42441.24499820972,1450.246651300955,42506.39075829422,42376.09923812521,27298,1 27298U 02002A   25280.81971040 +.00000000 +00000+0 +00000+0 2 99998,2 27298   7.8248  66.2836 0015349 145.2831 151.7689  0.99293454000008,2025-10-07T21:51:31.419Z,system.exo,EXO,REAL,2,OPS1,"{'NORAD_ID': 27298, 'classification': 'U', 'COSPAR_ID': '02002A', 'BC': 0.0, 'n_ddot': 0.0, 'B_star': 0.0, 'ephemeris_type': 2, 'elset_num': 9999, 'inclination': 7.8248, 'RAAN': 66.2836, 'eccentricity': 0.0015349, 'perigee': 145.2831, 'mean_anomaly': 151.7689, 'mean_motion': 0.99293454, 'rev_num': 0, 'line1': '1 27298U 02002A   25280.81971040 +.00000000 +00000+0 +00000+0 2 99998', 'line2': '2 27298   7.8248  66.2836 0015349 145.2831 151.7689  0.99293454000008', 'epoch': datetime.datetime(2025, 10, 7, 19, 40, 22, 978560)}"
61d4e669-7bc2-4073-8cf1-112f2c88729f,U//PR-EXO-ELSETS,27854,2025-10-07T20:50:37.636484Z,0.98949503916096,27854,False,0.0008046004916717881,2.54044190457381,82.68612231026307,148.0351634021441,209.9229221967006,0.0,0.0,0.0,42539.53924492998,1455.28774072586,42573.76657912194,42505.31191073803,27854,1 27854U 03034A   25280.86849116 +.00000000 +00000+0 +00000+0 2 99995,2 27854   2.5404  82.6861 0008046 148.0352 209.9229  0.98949503000005,2025-10-07T22:00:28.120Z,system.exo,EXO,REAL,2,OPS1,"{'NORAD_ID': 27854, 'classification': 'U', 'COSPAR_ID': '03034A', 'BC': 0.0, 'n_ddot': 0.0, 'B_star': 0.0, 'ephemeris_type': 2, 'elset_num': 9999, 'inclination': 2.5404, 'RAAN': 82.6861, 'eccentricity': 0.0008046, 'perigee': 148.0352, 'mean_anomaly': 209.9229, 'mean_motion': 0.98949503, 'rev_num': 0, 'line1': '1 27854U 03034A   25280.86849116 +.00000000 +00000+0 +00000+0 2 99995', 'line2': '2 27854   2.5404  82.6861 0008046 148.0352 209.9229  0.98949503000005', 'epoch': datetime.datetime(2025, 10, 7, 20, 50, 37, 636224)}"
8d6c6b27-79ba-48a1-b05e-740d3b6a05db,U//PR-EXO-ELSETS,33465,2025-10-07T19:41:27.750162Z,1.02091747973378,33465,False,0.003134510901798105,9.343881664997516,46.31393094643776,315.1551890532411,343.4208242770646,0.0,0.0,0.0,41662.12676403831,1410.495978945822,41792.71715457228,41531.53637350434,33465,1 33465U 08066C   25280.82046007 +.00000000 +00000+0 +00000+0 2 99994,2 33465   9.3439  46.3139 0031345 315.1552 343.4208  1.02091747000000,2025-10-07T20:24:28.558Z,system.exo,EXO,REAL,2,OPS1,"{'NORAD_ID': 33465, 'classification': 'U', 'COSPAR_ID': '08066C', 'BC': 0.0, 'n_ddot': 0.0, 'B_star': 0.0, 'ephemeris_type': 2, 'elset_num': 9999, 'inclination': 9.3439, 'RAAN': 46.3139, 'eccentricity': 0.0031345, 'perigee': 315.1552, 'mean_anomaly': 343.4208, 'mean_motion': 1.02091747, 'rev_num': 0, 'line1': '1 33465U 08066C   25280.82046007 +.00000000 +00000+0 +00000+0 2 99994', 'line2': '2 33465   9.3439  46.3139 0031345 315.1552 343.4208  1.02091747000000', 'epoch': datetime.datetime(2025, 10, 7, 19, 41, 27, 750048)}"
64b664c2-fa35-457f-a8ec-2b0188663b06,U//PR-EXO-ELSETS,36831,2025-10-07T04:14:57.654261Z,1.002689373380161,36831,False,0.0005981729850400203,0.03990771153452197,99.36162227986235,106.3099193451335,237.0839958332837,0.0,0.0,0.0,42165.53233531976,1436.137689527538,42190.75461766258,42140.31005297694,36831,1 36831U 10037B   25280.17705618 +.00000000 +00000+0 +00000+0 2 99993,2 36831   0.0399  99.3616 0005981 106.3099 237.0840  1.00268937000009,2025-10-07T04:36:29.752Z,system.exo,EXO,REAL,2,OPS1,"{'NORAD_ID': 36831, 'classification': 'U', 'COSPAR_ID': '10037B', 'BC': 0.0, 'n_ddot': 0.0, 'B_star': 0.0, 'ephemeris_type': 2, 'elset_num': 9999, 'inclination': 0.0399, 'RAAN': 99.3616, 'eccentricity': 0.0005981, 'perigee': 106.3099, 'mean_anomaly': 237.084, 'mean_motion': 1.00268937, 'rev_num': 0, 'line1': '1 36831U 10037B   25280.17705618 +.00000000 +00000+0 +00000+0 2 99993', 'line2': '2 36831   0.0399  99.3616 0005981 106.3099 237.0840  1.00268937000009', 'epoch': datetime.datetime(2025, 10, 7, 4, 14, 57, 653952)}"
1de5928a-996c-4614-ace8-dc5b10cbde19,U//PR-EXO-ELSETS,23322,2025-10-07T21:04:19.054841Z,1.002538042113656,23322,False,0.0007967451360258162,14.01097453581635,346.7509073393515,161.2345995927995,168.2157134945393,0.0,0.0,0.0,42169.77543474772,1436.354471860281,42203.37399821266,42136.17687128279,23322,1 23322U 94067D   25280.87799832 +.00000000 +00000+0 +00000+0 2 99997,2 23322  14.0110 346.7509 0007967 161.2346 168.2157  1.00253804000000,2025-10-07T21:45:30.606Z,system.exo,EXO,REAL,2,OPS1,"{'NORAD_ID': 23322, 'classification': 'U', 'COSPAR_ID': '94067D', 'BC': 0.0, 'n_ddot': 0.0, 'B_star': 0.0, 'ephemeris_type': 2, 'elset_num': 9999, 'inclination': 14.011, 'RAAN': 346.7509, 'eccentricity': 0.0007967, 'perigee': 161.2346, 'mean_anomaly': 168.2157, 'mean_motion': 1.00253804, 'rev_num': 0, 'line1': '1 23322U 94067D   25280.87799832 +.00000000 +00000+0 +00000+0 2 99997', 'line2': '2 23322  14.0110 346.7509 0007967 161.2346 168.2157  1.00253804000000', 'epoch': datetime.datetime(2025, 10, 7, 21, 4, 19, 54848)}"
10bae5db-f1f3-42a0-9d36-520393bd7c32,U//PR-EXO-ELSETS,32708,2025-10-07T19:47:47.715754Z,1.002609256165884,32708,False,0.003613548710133631,23.70062110726034,23.5595617006939,355.8160156197222,324.9661883086064,0.0,0.0,0.0,42167.77856765736,1436.252449440532,42320.15388950972,42015.40324580501,32708,1 32708U 08011A   25280.82485782 +.00000000 +00000+0 +00000+0 2 99990,2 32708  23.7006  23.5596 0036135 355.8160 324.9662  1.00260925000003,2025-10-07T20:24:28.556Z,system.exo,EXO,REAL,2,OPS1,"{'NORAD_ID': 32708, 'classification': 'U', 'COSPAR_ID': '08011A', 'BC': 0.0, 'n_ddot': 0.0, 'B_star': 0.0, 'ephemeris_type': 2, 'elset_num': 9999, 'inclination': 23.7006, 'RAAN': 23.5596, 'eccentricity': 0.0036135, 'perigee': 355.816, 'mean_anomaly': 324.9662, 'mean_motion': 1.00260925, 'rev_num': 0, 'line1': '1 32708U 08011A   25280.82485782 +.00000000 +00000+0 +00000+0 2 99990', 'line2': '2 32708  23.7006  23.5596 0036135 355.8160 324.9662  1.00260925000003', 'epoch': datetime.datetime(2025, 10, 7, 19, 47, 47, 715648)}"
b6f91f80-d419-48f1-b526-ef78dc36b055,U//PR-EXO-ELSETS,10778,2025-10-07T19:47:43.597168Z,1.003610867055612,10778,False,0.0008995347076920924,9.260252466056919,313.3453699779013,294.1884192940985,176.1487080794639,0.0,0.0,0.0,42139.71806733782,1434.819059128628,42177.62420631175,42101.81192836389,10778,1 10778U 78035A   25280.82481015 +.00000000 +00000+0 +00000+0 2 99991,2 10778   9.2603 313.3454 0008995 294.1884 176.1487  1.00361086000004,2025-10-07T23:27:29.284Z,system.exo,EXO,REAL,2,OPS1,"{'NORAD_ID': 10778, 'classification': 'U', 'COSPAR_ID': '78035A', 'BC': 0.0, 'n_ddot': 0.0, 'B_star': 0.0, 'ephemeris_type': 2, 'elset_num': 9999, 'inclination': 9.2603, 'RAAN': 313.3454, 'eccentricity': 0.0008995, 'perigee': 294.1884, 'mean_anomaly': 176.1487, 'mean_motion': 1.00361086, 'rev_num': 0, 'line1': '1 10778U 78035A   25280.82481015 +.00000000 +00000+0 +00000+0 2 99991', 'line2': '2 10778   9.2603 313.3454 0008995 294.1884 176.1487  1.00361086000004', 'epoch': datetime.datetime(2025, 10, 7, 19, 47, 43, 596960)}"
afaaeb25-0aa8-497b-ae76-2f559898b30a,U//PR-EXO-ELSETS,21762,2025-10-07T19:51:04.265884Z,0.9970612548667211,21762,False,0.0004523815048962256,13.63746475872078,343.150875453849,222.5095048133226,106.8281437112001,0.0,0.0,0.0,42324.05814320665,1444.244265807407,42343.20476432279,42304.91152209051,21762,1 21762U 91074D   25280.82713271 +.00000000 +00000+0 +00000+0 2 99996,2 21762  13.6375 343.1509 0004523 222.5095 106.8281  0.99706125000004,2025-10-07T21:21:29.529Z,system.exo,EXO,REAL,2,OPS1,"{'NORAD_ID': 21762, 'classification': 'U', 'COSPAR_ID': '91074D', 'BC': 0.0, 'n_ddot': 0.0, 'B_star': 0.0, 'ephemeris_type': 2, 'elset_num': 9999, 'inclination': 13.6375, 'RAAN': 343.1509, 'eccentricity': 0.0004523, 'perigee': 222.5095, 'mean_anomaly': 106.8281, 'mean_motion': 0.99706125, 'rev_num': 0, 'line1': '1 21762U 91074D   25280.82713271 +.00000000 +00000+0 +00000+0 2 99996', 'line2': '2 21762  13.6375 343.1509 0004523 222.5095 106.8281  0.99706125000004', 'epoch': datetime.datetime(2025, 10, 7, 19, 51, 4, 266144)}"
6ab42015-a238-4b2f-bc57-76bde8eb3dfb,U//PR-EXO-ELSETS,25239,2025-10-07T19:51:27.118949Z,0.9907219596653514,25239,False,0.0009325294886976083,6.477996224589336,72.74575573726862,140.2923606257711,205.397213808474,0.0,0.0,0.0,42504.41104976396,1453.48549706762,42544.04766646759,42464.77443306032,25239,1 25239U 98014A   25280.82739721 +.00000000 +00000+0 +00000+0 2 99998,2 25239   6.4780  72.7458 0009325 140.2924 205.3972  0.99072195000002,2025-10-07T22:45:29.012Z,system.exo,EXO,REAL,2,OPS1,"{'NORAD_ID': 25239, 'classification': 'U', 'COSPAR_ID': '98014A', 'BC': 0.0, 'n_ddot': 0.0, 'B_star': 0.0, 'ephemeris_type': 2, 'elset_num': 9999, 'inclination': 6.478, 'RAAN': 72.7458, 'eccentricity': 0.0009325, 'perigee': 140.2924, 'mean_anomaly': 205.3972, 'mean_motion': 0.99072195, 'rev_num': 0, 'line1': '1 25239U 98014A   25280.82739721 +.00000000 +00000+0 +00000+0 2 99998', 'line2': '2 25239   6.4780  72.7458 0009325 140.2924 205.3972  0.99072195000002', 'epoch': datetime.datetime(2025, 10, 7, 19, 51, 27, 118944)}"
9d532e4d-1a5c-4e9d-9dfc-b174055edfa0,U//PR-EXO-ELSETS,21019,2025-10-07T19:53:28.718289Z,1.00014627981828,21019,False,0.002758266740873522,13.12294625452057,339.8372499942021,180.8343620886715,195.70109669462,0.0,0.0,0.0,42236.978885493,1439.78938786998,42353.47973958783,42120.47803139817,21019,1 21019U 90112D   25280.82880461 +.00000000 +00000+0 +00000+0 2 99999,2 21019  13.1229 339.8372 0027582 180.8344 195.7011  1.00014627000005,2025-10-07T20:42:30.302Z,system.exo,EXO,REAL,2,OPS1,"{'NORAD_ID': 21019, 'classification': 'U', 'COSPAR_ID': '90112D', 'BC': 0.0, 'n_ddot': 0.0, 'B_star': 0.0, 'ephemeris_type': 2, 'elset_num': 9999, 'inclination': 13.1229, 'RAAN': 339.8372, 'eccentricity': 0.0027582, 'perigee': 180.8344, 'mean_anomaly': 195.7011, 'mean_motion': 1.00014627, 'rev_num': 0, 'line1': '1 21019U 90112D   25280.82880461 +.00000000 +00000+0 +00000+0 2 99999', 'line2': '2 21019  13.1229 339.8372 0027582 180.8344 195.7011  1.00014627000005', 'epoch': datetime.datetime(2025, 10, 7, 19, 53, 28, 718304)}"
404c525f-2d72-40cc-ab2e-b0bc280b29c7,U//PR-EXO-ELSETS,22916,2025-10-07T21:04:19.054841Z,0.9999695589084405,22916,False,0.006163241668468035,13.96723781848469,343.8923667553722,100.9833716208408,231.5197068989632,0.0,0.0,0.0,42241.95499530633,1440.043836506277,42502.30237249095,41981.6076181217,22916,1 22916U 93074B   25280.87799832 +.00000000 +00000+0 +00000+0 2 99992,2 22916  13.9672 343.8924 0061632 100.9834 231.5197  0.99996955000005,2025-10-07T22:12:29.921Z,system.exo,EXO,REAL,2,OPS1,"{'NORAD_ID': 22916, 'classification': 'U', 'COSPAR_ID': '93074B', 'BC': 0.0, 'n_ddot': 0.0, 'B_star': 0.0, 'ephemeris_type': 2, 'elset_num': 9999, 'inclination': 13.9672, 'RAAN': 343.8924, 'eccentricity': 0.0061632, 'perigee': 100.9834, 'mean_anomaly': 231.5197, 'mean_motion': 0.99996955, 'rev_num': 0, 'line1': '1 22916U 93074B   25280.87799832 +.00000000 +00000+0 +00000+0 2 99992', 'line2': '2 22916  13.9672 343.8924 0061632 100.9834 231.5197  0.99996955000005', 'epoch': datetime.datetime(2025, 10, 7, 21, 4, 19, 54848)}"
806e37ae-2be4-48d3-bf65-cfbaa9634a0b,U//PR-EXO-ELSETS,19076,2025-10-07T19:59:33.800196Z,1.001132810953254,19076,False,0.002489001635150473,11.61201512282346,329.2282438629611,189.1111665193536,133.9676752500488,0.0,0.0,0.0,42209.22702902676,1438.370598031711,42314.28586412044,42104.16819393308,19076,1 19076U 88034D   25280.83303009 +.00000000 +00000+0 +00000+0 2 99998,2 19076  11.6120 329.2282 0024890 189.1112 133.9677  1.00113281000003,2025-10-07T22:24:28.098Z,system.exo,EXO,REAL,2,OPS1,"{'NORAD_ID': 19076, 'classification': 'U', 'COSPAR_ID': '88034D', 'BC': 0.0, 'n_ddot': 0.0, 'B_star': 0.0, 'ephemeris_type': 2, 'elset_num': 9999, 'inclination': 11.612, 'RAAN': 329.2282, 'eccentricity': 0.002489, 'perigee': 189.1112, 'mean_anomaly': 133.9677, 'mean_motion': 1.00113281, 'rev_num': 0, 'line1': '1 19076U 88034D   25280.83303009 +.00000000 +00000+0 +00000+0 2 99998', 'line2': '2 19076  11.6120 329.2282 0024890 189.1112 133.9677  1.00113281000003', 'epoch': datetime.datetime(2025, 10, 7, 19, 59, 33, 799776)}"
ff1c0632-8944-41b5-8439-e920be45288b,U//PR-EXO-ELSETS,14248,2025-10-07T19:59:06.528567Z,0.9881080132157855,14248,False,8.684330232848894e-05,11.47172152462469,326.0824567155925,285.2319979179749,38.18890643554647,0.0,0.0,0.0,42579.33897559519,1457.33055570872,42583.0367060028,42575.64124518759,14248,1 14248U 83081A   25280.83271445 +.00000000 +00000+0 +00000+0 2 99999,2 14248  11.4717 326.0825 0000868 285.2320  38.1889  0.98810801000004,2025-10-07T20:12:29.966Z,system.exo,EXO,REAL,2,OPS1,"{'NORAD_ID': 14248, 'classification': 'U', 'COSPAR_ID': '83081A', 'BC': 0.0, 'n_ddot': 0.0, 'B_star': 0.0, 'ephemeris_type': 2, 'elset_num': 9999, 'inclination': 11.4717, 'RAAN': 326.0825, 'eccentricity': 8.68e-05, 'perigee': 285.232, 'mean_anomaly': 38.1889, 'mean_motion': 0.98810801, 'rev_num': 0, 'line1': '1 14248U 83081A   25280.83271445 +.00000000 +00000+0 +00000+0 2 99999', 'line2': '2 14248  11.4717 326.0825 0000868 285.2320  38.1889  0.98810801000004', 'epoch': datetime.datetime(2025, 10, 7, 19, 59, 6, 528480)}"
ffd33d8a-187b-4b0d-ad07-0dc28d481ea4,U//PR-EXO-ELSETS,23730,2025-10-07T20:10:15.290178Z,0.9793426646903527,23730,False,0.001450628987998206,13.8607040977159,17.85102717800527,270.6040623669696,61.43457017235029,0.0,0.0,0.0,42833.02492505385,1470.374008933122,42895.15975265379,42770.89009745392,23730,1 23730U 95067A   25280.84045475 +.00000000 +00000+0 +00000+0 2 99995,2 23730  13.8607  17.8510 0014506 270.6041  61.4346  0.97934266000000,2025-10-07T20:45:28.029Z,system.exo,EXO,REAL,2,OPS1,"{'NORAD_ID': 23730, 'classification': 'U', 'COSPAR_ID': '95067A', 'BC': 0.0, 'n_ddot': 0.0, 'B_star': 0.0, 'ephemeris_type': 2, 'elset_num': 9999, 'inclination': 13.8607, 'RAAN': 17.851, 'eccentricity': 0.0014506, 'perigee': 270.6041, 'mean_anomaly': 61.4346, 'mean_motion': 0.97934266, 'rev_num': 0, 'line1': '1 23730U 95067A   25280.84045475 +.00000000 +00000+0 +00000+0 2 99995', 'line2': '2 23730  13.8607  17.8510 0014506 270.6041  61.4346  0.97934266000000', 'epoch': datetime.datetime(2025, 10, 7, 20, 10, 15, 290400)}"
eec13031-3043-4ed1-b225-24f946c3f36e,U//PR-EXO-ELSETS,23330,2025-10-07T20:03:08.784827Z,1.001294514098133,23330,False,0.002283502521226699,14.56670659410724,351.2653865970052,153.6609448219204,177.8716319435401,0.0,0.0,0.0,42204.68254627307,1438.13830968305,42301.05704527505,42108.30804727109,23330,1 23330U 94069D   25280.83551834 +.00000000 +00000+0 +00000+0 2 99992,2 23330  14.5667 351.2654 0022835 153.6609 177.8716  1.00129451000008,2025-10-07T21:09:39.081Z,system.exo,EXO,REAL,2,OPS1,"{'NORAD_ID': 23330, 'classification': 'U', 'COSPAR_ID': '94069D', 'BC': 0.0, 'n_ddot': 0.0, 'B_star': 0.0, 'ephemeris_type': 2, 'elset_num': 9999, 'inclination': 14.5667, 'RAAN': 351.2654, 'eccentricity': 0.0022835, 'perigee': 153.6609, 'mean_anomaly': 177.8716, 'mean_motion': 1.00129451, 'rev_num': 0, 'line1': '1 23330U 94069D   25280.83551834 +.00000000 +00000+0 +00000+0 2 99992', 'line2': '2 23330  14.5667 351.2654 0022835 153.6609 177.8716  1.00129451000008', 'epoch': datetime.datetime(2025, 10, 7, 20, 3, 8, 784576)}"
6f793b31-2794-4419-ab2f-e6a71b24465f,U//PR-EXO-ELSETS,29233,2025-10-07T20:55:22.781266Z,1.010046070043072,29233,False,0.004958500097437101,12.20361774422749,24.37113442492359,36.92157940275729,301.6037310306264,0.0,0.0,0.0,41960.54048956233,1425.677543538774,42168.60183366833,41752.47914545632,29233,1 29233U 06022D   25280.87179145 +.00000000 +00000+0 +00000+0 2 99997,2 29233  12.2036  24.3711 0049585  36.9216 301.6037  1.01004607000000,2025-10-07T21:45:30.614Z,system.exo,EXO,REAL,2,OPS1,"{'NORAD_ID': 29233, 'classification': 'U', 'COSPAR_ID': '06022D', 'BC': 0.0, 'n_ddot': 0.0, 'B_star': 0.0, 'ephemeris_type': 2, 'elset_num': 9999, 'inclination': 12.2036, 'RAAN': 24.3711, 'eccentricity': 0.0049585, 'perigee': 36.9216, 'mean_anomaly': 301.6037, 'mean_motion': 1.01004607, 'rev_num': 0, 'line1': '1 29233U 06022D   25280.87179145 +.00000000 +00000+0 +00000+0 2 99997', 'line2': '2 29233  12.2036  24.3711 0049585  36.9216 301.6037  1.01004607000000', 'epoch': datetime.datetime(2025, 10, 7, 20, 55, 22, 781280)}"
ec2f19f7-9eac-44e7-bb9e-ce6912dc6c9e,U//PR-EXO-ELSETS,51280,2025-10-07T05:14:35.921072Z,1.005649752485178,51280,False,0.0001143940440271893,0.1630851464003563,78.62795803377007,185.2923060175063,171.811734495635,0.0,0.0,0.0,42082.74189161522,1431.910062565469,42087.55590664395,42077.92787658649,51280,1 51280U 22006A   25280.21847131 +.00000000 +00000+0 +00000+0 2 99999,2 51280   0.1631  78.6280 0001143 185.2923 171.8117  1.00564975000002,2025-10-07T05:33:29.433Z,system.exo,EXO,REAL,2,OPS1,"{'NORAD_ID': 51280, 'classification': 'U', 'COSPAR_ID': '22006A', 'BC': 0.0, 'n_ddot': 0.0, 'B_star': 0.0, 'ephemeris_type': 2, 'elset_num': 9999, 'inclination': 0.1631, 'RAAN': 78.628, 'eccentricity': 0.0001143, 'perigee': 185.2923, 'mean_anomaly': 171.8117, 'mean_motion': 1.00564975, 'rev_num': 0, 'line1': '1 51280U 22006A   25280.21847131 +.00000000 +00000+0 +00000+0 2 99999', 'line2': '2 51280   0.1631  78.6280 0001143 185.2923 171.8117  1.00564975000002', 'epoch': datetime.datetime(2025, 10, 7, 5, 14, 35, 921184)}"
d40d4b80-ae60-4451-9e58-2988b3145222,U//PR-EXO-ELSETS,18331,2025-10-07T20:13:59.460196Z,1.01378819623614,18331,False,0.001660607991397566,9.995515944291444,321.27695579981,159.002158113593,148.3340507339446,0.0,0.0,0.0,41857.21950163386,1420.415038709509,41926.72793483596,41787.71106843177,18331,1 18331U 87073D   25280.84304931 +.00000000 +00000+0 +00000+0 2 99999,2 18331   9.9955 321.2770 0016606 159.0022 148.3341  1.01378819000007,2025-10-07T21:48:31.780Z,system.exo,EXO,REAL,2,OPS1,"{'NORAD_ID': 18331, 'classification': 'U', 'COSPAR_ID': '87073D', 'BC': 0.0, 'n_ddot': 0.0, 'B_star': 0.0, 'ephemeris_type': 2, 'elset_num': 9999, 'inclination': 9.9955, 'RAAN': 321.277, 'eccentricity': 0.0016606, 'perigee': 159.0022, 'mean_anomaly': 148.3341, 'mean_motion': 1.01378819, 'rev_num': 0, 'line1': '1 18331U 87073D   25280.84304931 +.00000000 +00000+0 +00000+0 2 99999', 'line2': '2 18331   9.9955 321.2770 0016606 159.0022 148.3341  1.01378819000007', 'epoch': datetime.datetime(2025, 10, 7, 20, 13, 59, 460384)}"
d65ad64d-debf-4987-bb30-1d65e0e3c797,U//PR-EXO-ELSETS,40384,2025-10-07T08:59:22.794127Z,1.00264691286579,40384,False,1.27513391538052e-05,0.04528922876747396,33.27389574266358,221.495883173114,201.381427124094,0.0,0.0,0.0,42166.72275608332,1436.198507692162,42167.26043826619,42166.18507390045,40384,1 40384U 15005A   25280.37456938 +.00000000 +00000+0 +00000+0 2 99991,2 40384   0.0453  33.2739 0000127 221.4959 201.3814  1.00264691000000,2025-10-07T10:00:28.945Z,system.exo,EXO,REAL,2,OPS1,"{'NORAD_ID': 40384, 'classification': 'U', 'COSPAR_ID': '15005A', 'BC': 0.0, 'n_ddot': 0.0, 'B_star': 0.0, 'ephemeris_type': 2, 'elset_num': 9999, 'inclination': 0.0453, 'RAAN': 33.2739, 'eccentricity': 1.27e-05, 'perigee': 221.4959, 'mean_anomaly': 201.3814, 'mean_motion': 1.00264691, 'rev_num': 0, 'line1': '1 40384U 15005A   25280.37456938 +.00000000 +00000+0 +00000+0 2 99991', 'line2': '2 40384   0.0453  33.2739 0000127 221.4959 201.3814  1.00264691000000', 'epoch': datetime.datetime(2025, 10, 7, 8, 59, 22, 794432)}"
81725ce3-b9e5-4818-a0ce-a7cd92ce28ae,U//PR-EXO-ELSETS,40874,2025-10-07T09:27:52.379221Z,1.002658799322512,40874,False,5.729562513027618e-05,0.02729659509207082,262.0487943734998,131.2937689944969,69.43426045786308,0.0,0.0,0.0,42166.3894995353,1436.181481649586,42168.80544918116,42163.97354988944,40874,1 40874U 15039A   25280.39435624 +.00000000 +00000+0 +00000+0 2 99993,2 40874   0.0273 262.0488 0000572 131.2938  69.4343  1.00265879000005,2025-10-07T10:39:28.919Z,system.exo,EXO,REAL,2,OPS1,"{'NORAD_ID': 40874, 'classification': 'U', 'COSPAR_ID': '15039A', 'BC': 0.0, 'n_ddot': 0.0, 'B_star': 0.0, 'ephemeris_type': 2, 'elset_num': 9999, 'inclination': 0.0273, 'RAAN': 262.0488, 'eccentricity': 5.72e-05, 'perigee': 131.2938, 'mean_anomaly': 69.4343, 'mean_motion': 1.00265879, 'rev_num': 0, 'line1': '1 40874U 15039A   25280.39435624 +.00000000 +00000+0 +00000+0 2 99993', 'line2': '2 40874   0.0273 262.0488 0000572 131.2938  69.4343  1.00265879000005', 'epoch': datetime.datetime(2025, 10, 7, 9, 27, 52, 379136)}"
b30a82ca-16d7-4840-a47d-b1f14a9819d0,U//PR-EXO-ELSETS,21703,2025-10-07T20:14:42.055177Z,0.9989642081233908,21703,False,0.0001303410925004606,13.53004196340576,341.7404972915697,286.9761051915573,42.2191561190885,0.0,0.0,0.0,42270.29158782044,1441.493086829526,42275.80114380631,42264.78203183458,21703,1 21703U 91064B   25280.84354231 +.00000000 +00000+0 +00000+0 2 99999,2 21703  13.5300 341.7405 0001303 286.9761  42.2192  0.99896420000004,2025-10-07T21:00:33.047Z,system.exo,EXO,REAL,2,OPS1,"{'NORAD_ID': 21703, 'classification': 'U', 'COSPAR_ID': '91064B', 'BC': 0.0, 'n_ddot': 0.0, 'B_star': 0.0, 'ephemeris_type': 2, 'elset_num': 9999, 'inclination': 13.53, 'RAAN': 341.7405, 'eccentricity': 0.0001303, 'perigee': 286.9761, 'mean_anomaly': 42.2192, 'mean_motion': 0.9989642, 'rev_num': 0, 'line1': '1 21703U 91064B   25280.84354231 +.00000000 +00000+0 +00000+0 2 99999', 'line2': '2 21703  13.5300 341.7405 0001303 286.9761  42.2192  0.99896420000004', 'epoch': datetime.datetime(2025, 10, 7, 20, 14, 42, 55584)}"
df1cfec3-dcbe-4ed2-b548-11a9b0819247,U//PR-EXO-ELSETS,44903,2025-10-07T20:40:02.342404Z,1.002674716736159,44903,False,0.000192665051729234,0.04933711769212087,346.2564090099216,264.2501318856315,152.3135413137163,0.0,0.0,0.0,42165.94323873019,1436.158682336574,42174.06714236549,42157.81933509489,44903,1 44903U 19095A   25280.86113822 +.00000000 +00000+0 +00000+0 2 99991,2 44903   0.0493 346.2564 0001926 264.2501 152.3135  1.00267471000004,2025-10-07T21:24:29.306Z,system.exo,EXO,REAL,2,OPS1,"{'NORAD_ID': 44903, 'classification': 'U', 'COSPAR_ID': '19095A', 'BC': 0.0, 'n_ddot': 0.0, 'B_star': 0.0, 'ephemeris_type': 2, 'elset_num': 9999, 'inclination': 0.0493, 'RAAN': 346.2564, 'eccentricity': 0.0001926, 'perigee': 264.2501, 'mean_anomaly': 152.3135, 'mean_motion': 1.00267471, 'rev_num': 0, 'line1': '1 44903U 19095A   25280.86113822 +.00000000 +00000+0 +00000+0 2 99991', 'line2': '2 44903   0.0493 346.2564 0001926 264.2501 152.3135  1.00267471000004', 'epoch': datetime.datetime(2025, 10, 7, 20, 40, 2, 342208)}"
c9a7a8de-1edc-4e3f-8d16-5a182d7b9aa1,U//PR-EXO-ELSETS,19215,2025-10-07T20:14:58.431028Z,0.9694470844124982,19215,False,0.0003563275390876895,14.53866875931169,343.6481251992062,267.4920664099182,52.453677331076,0.0,0.0,0.0,43124.00852546367,1485.382774525198,43139.37479729715,43108.6422536302,19215,1 19215U 88051A   25280.84373184 +.00000000 +00000+0 +00000+0 2 99994,2 19215  14.5387 343.6481 0003563 267.4921  52.4537  0.96944708000008,2025-10-07T20:42:30.298Z,system.exo,EXO,REAL,2,OPS1,"{'NORAD_ID': 19215, 'classification': 'U', 'COSPAR_ID': '88051A', 'BC': 0.0, 'n_ddot': 0.0, 'B_star': 0.0, 'ephemeris_type': 2, 'elset_num': 9999, 'inclination': 14.5387, 'RAAN': 343.6481, 'eccentricity': 0.0003563, 'perigee': 267.4921, 'mean_anomaly': 52.4537, 'mean_motion': 0.96944708, 'rev_num': 0, 'line1': '1 19215U 88051A   25280.84373184 +.00000000 +00000+0 +00000+0 2 99994', 'line2': '2 19215  14.5387 343.6481 0003563 267.4921  52.4537  0.96944708000008', 'epoch': datetime.datetime(2025, 10, 7, 20, 14, 58, 430976)}"
4afd9209-6a84-4877-9049-090610d3b8ad,U//PR-EXO-ELSETS,34811,2025-10-07T20:16:10.660771Z,1.814659064020046,34811,False,0.4744254615946533,2.855108271961865,346.383675381941,158.886700066086,154.1431781567465,0.0,0.0,0.0,28392.60023047979,793.5374906236892,41862.77270069762,14922.42776026195,34811,1 34811U 09020B   25280.84456783 +.00000000 +00000+0 +00000+0 2 99999,2 34811   2.8551 346.3837 4744254 158.8867 154.1432  1.81465906000007,2025-10-07T22:09:30.130Z,system.exo,EXO,REAL,2,OPS1,"{'NORAD_ID': 34811, 'classification': 'U', 'COSPAR_ID': '09020B', 'BC': 0.0, 'n_ddot': 0.0, 'B_star': 0.0, 'ephemeris_type': 2, 'elset_num': 9999, 'inclination': 2.8551, 'RAAN': 346.3837, 'eccentricity': 0.4744254, 'perigee': 158.8867, 'mean_anomaly': 154.1432, 'mean_motion': 1.81465906, 'rev_num': 0, 'line1': '1 34811U 09020B   25280.84456783 +.00000000 +00000+0 +00000+0 2 99999', 'line2': '2 34811   2.8551 346.3837 4744254 158.8867 154.1432  1.81465906000007', 'epoch': datetime.datetime(2025, 10, 7, 20, 16, 10, 660512)}"
3afb9f90-0666-4408-88d5-90a3785dc3c0,U//PR-EXO-ELSETS,39505,2025-10-07T20:16:07.175254Z,2.065026007489056,39505,False,0.5775554827324635,25.61156624496666,54.80104776444976,197.9670751791863,164.0254144677421,0.0,0.0,0.0,26048.62750379535,697.3277793004412,41093.155136268,11004.0998713227,39505,1 39505U 14004B   25280.84452749 +.00000000 +00000+0 +00000+0 2 99990,2 39505  25.6116  54.8010 5775554 197.9671 164.0254  2.06502600000004,2025-10-07T21:12:27.952Z,system.exo,EXO,REAL,2,OPS1,"{'NORAD_ID': 39505, 'classification': 'U', 'COSPAR_ID': '14004B', 'BC': 0.0, 'n_ddot': 0.0, 'B_star': 0.0, 'ephemeris_type': 2, 'elset_num': 9999, 'inclination': 25.6116, 'RAAN': 54.801, 'eccentricity': 0.5775554, 'perigee': 197.9671, 'mean_anomaly': 164.0254, 'mean_motion': 2.065026, 'rev_num': 0, 'line1': '1 39505U 14004B   25280.84452749 +.00000000 +00000+0 +00000+0 2 99990', 'line2': '2 39505  25.6116  54.8010 5775554 197.9671 164.0254  2.06502600000004', 'epoch': datetime.datetime(2025, 10, 7, 20, 16, 7, 175136)}"
dd358d1b-e320-4bbd-a1ff-f387eed538f8,U//PR-EXO-ELSETS,21046,2025-10-07T20:16:07.886938Z,0.9786367110479025,21046,False,0.002109608466762741,14.07587766832612,342.6058265840223,208.1052329964455,121.836258157625,0.0,0.0,0.0,42853.62126098063,1471.4346843356,42944.02562322424,42763.21689873702,21046,1 21046U 90102D   25280.84453573 +.00000000 +00000+0 +00000+0 2 99990,2 21046  14.0759 342.6058 0021096 208.1052 121.8363  0.97863671000006,2025-10-07T21:12:27.941Z,system.exo,EXO,REAL,2,OPS1,"{'NORAD_ID': 21046, 'classification': 'U', 'COSPAR_ID': '90102D', 'BC': 0.0, 'n_ddot': 0.0, 'B_star': 0.0, 'ephemeris_type': 2, 'elset_num': 9999, 'inclination': 14.0759, 'RAAN': 342.6058, 'eccentricity': 0.0021096, 'perigee': 208.1052, 'mean_anomaly': 121.8363, 'mean_motion': 0.97863671, 'rev_num': 0, 'line1': '1 21046U 90102D   25280.84453573 +.00000000 +00000+0 +00000+0 2 99990', 'line2': '2 21046  14.0759 342.6058 0021096 208.1052 121.8363  0.97863671000006', 'epoch': datetime.datetime(2025, 10, 7, 20, 16, 7, 887072)}"
fd16e646-786a-4c19-b55b-41bfa76f1571,U//PR-EXO-ELSETS,39498,2025-10-07T20:28:05.842408Z,1.002670392261571,39498,False,9.092702663855604e-05,0.05676184713273966,76.7953691824749,329.4477312252892,351.4714962054428,0.0,0.0,0.0,42166.06447858486,1436.164876427648,42169.89851345294,42162.23044371677,39498,1 39498U 14001A   25280.85284540 +.00000000 +00000+0 +00000+0 2 99991,2 39498   0.0568  76.7954 0000909 329.4477 351.4715  1.00267039000000,2025-10-07T20:54:27.668Z,system.exo,EXO,REAL,2,OPS1,"{'NORAD_ID': 39498, 'classification': 'U', 'COSPAR_ID': '14001A', 'BC': 0.0, 'n_ddot': 0.0, 'B_star': 0.0, 'ephemeris_type': 2, 'elset_num': 9999, 'inclination': 0.0568, 'RAAN': 76.7954, 'eccentricity': 9.09e-05, 'perigee': 329.4477, 'mean_anomaly': 351.4715, 'mean_motion': 1.00267039, 'rev_num': 0, 'line1': '1 39498U 14001A   25280.85284540 +.00000000 +00000+0 +00000+0 2 99991', 'line2': '2 39498   0.0568  76.7954 0000909 329.4477 351.4715  1.00267039000000', 'epoch': datetime.datetime(2025, 10, 7, 20, 28, 5, 842560)}"
0ba1c231-7b65-4ad4-ad46-096bbfd55220,U//PR-EXO-ELSETS,43824,2025-10-07T16:11:39.237956Z,1.002673246937001,43824,False,0.0005292059755124875,0.01295897082645097,264.6750501456314,220.6540165742029,208.1715824112777,0.0,0.0,0.0,42165.98444554269,1436.160787573578,42188.29893647463,42143.66995461073,43824,1 43824U 18100B   25280.67475970 +.00000000 +00000+0 +00000+0 2 99992,2 43824   0.0130 264.6751 0005292 220.6540 208.1716  1.00267324000005,2025-10-07T16:27:28.465Z,system.exo,EXO,REAL,2,OPS1,"{'NORAD_ID': 43824, 'classification': 'U', 'COSPAR_ID': '18100B', 'BC': 0.0, 'n_ddot': 0.0, 'B_star': 0.0, 'ephemeris_type': 2, 'elset_num': 9999, 'inclination': 0.013, 'RAAN': 264.6751, 'eccentricity': 0.0005292, 'perigee': 220.654, 'mean_anomaly': 208.1716, 'mean_motion': 1.00267324, 'rev_num': 0, 'line1': '1 43824U 18100B   25280.67475970 +.00000000 +00000+0 +00000+0 2 99992', 'line2': '2 43824   0.0130 264.6751 0005292 220.6540 208.1716  1.00267324000005', 'epoch': datetime.datetime(2025, 10, 7, 16, 11, 39, 238080)}"
83728f0f-e045-4b22-861c-8d58d4ad3c1a,U//PR-EXO-ELSETS,41588,2025-10-06T23:21:59.902571Z,1.002634471801859,41588,False,0.0001395937910556759,0.04590758375179563,25.88411557855472,118.8777660188497,296.360272141442,0.0,0.0,0.0,42167.07156901792,1436.216328580984,42172.95783039596,42161.18530763988,41588,1 41588U 16038A   25279.97360998 +.00000000 +00000+0 +00000+0 2 99999,2 41588   0.0459  25.8841 0001395 118.8778 296.3603  1.00263447000008,2025-10-06T23:54:29.035Z,system.exo,EXO,REAL,2,OPS1,"{'NORAD_ID': 41588, 'classification': 'U', 'COSPAR_ID': '16038A', 'BC': 0.0, 'n_ddot': 0.0, 'B_star': 0.0, 'ephemeris_type': 2, 'elset_num': 9999, 'inclination': 0.0459, 'RAAN': 25.8841, 'eccentricity': 0.0001395, 'perigee': 118.8778, 'mean_anomaly': 296.3603, 'mean_motion': 1.00263447, 'rev_num': 0, 'line1': '1 41588U 16038A   25279.97360998 +.00000000 +00000+0 +00000+0 2 99999', 'line2': '2 41588   0.0459  25.8841 0001395 118.8778 296.3603  1.00263447000008', 'epoch': datetime.datetime(2025, 10, 6, 23, 21, 59, 902272)}"
bd0f1629-2419-4035-ac61-45d9883c6ca0,U//PR-EXO-ELSETS,41793,2025-10-07T16:11:39.237956Z,1.0026777100458,41793,False,0.0005074491803902115,0.04186262593129952,62.5246924330908,160.1689148838515,110.7936989254366,0.0,0.0,0.0,42165.85931958319,1436.154394949325,42187.25635033537,42144.46228883102,41793,1 41793U 16060A   25280.67475970 +.00000000 +00000+0 +00000+0 2 99998,2 41793   0.0419  62.5247 0005074 160.1689 110.7937  1.00267771000002,2025-10-07T16:36:28.969Z,system.exo,EXO,REAL,2,OPS1,"{'NORAD_ID': 41793, 'classification': 'U', 'COSPAR_ID': '16060A', 'BC': 0.0, 'n_ddot': 0.0, 'B_star': 0.0, 'ephemeris_type': 2, 'elset_num': 9999, 'inclination': 0.0419, 'RAAN': 62.5247, 'eccentricity': 0.0005074, 'perigee': 160.1689, 'mean_anomaly': 110.7937, 'mean_motion': 1.00267771, 'rev_num': 0, 'line1': '1 41793U 16060A   25280.67475970 +.00000000 +00000+0 +00000+0 2 99998', 'line2': '2 41793   0.0419  62.5247 0005074 160.1689 110.7937  1.00267771000002', 'epoch': datetime.datetime(2025, 10, 7, 16, 11, 39, 238080)}"
6ea06e81-083b-4258-a1e0-06ae250ba401,U//PR-EXO-ELSETS,28117,2025-10-07T20:19:41.074275Z,1.002668881598477,28117,False,0.0004702025321053713,8.706271906347858,34.97419999966866,179.4535623208642,182.8374700110979,0.0,0.0,0.0,42166.10683135127,1436.167040214033,42185.9334415524,42146.28022115015,28117,1 28117U 03057A   25280.84700317 +.00000000 +00000+0 +00000+0 2 99990,2 28117   8.7063  34.9742 0004702 179.4536 182.8375  1.00266888000005,2025-10-07T21:48:31.799Z,system.exo,EXO,REAL,2,OPS1,"{'NORAD_ID': 28117, 'classification': 'U', 'COSPAR_ID': '03057A', 'BC': 0.0, 'n_ddot': 0.0, 'B_star': 0.0, 'ephemeris_type': 2, 'elset_num': 9999, 'inclination': 8.7063, 'RAAN': 34.9742, 'eccentricity': 0.0004702, 'perigee': 179.4536, 'mean_anomaly': 182.8375, 'mean_motion': 1.00266888, 'rev_num': 0, 'line1': '1 28117U 03057A   25280.84700317 +.00000000 +00000+0 +00000+0 2 99990', 'line2': '2 28117   8.7063  34.9742 0004702 179.4536 182.8375  1.00266888000005', 'epoch': datetime.datetime(2025, 10, 7, 20, 19, 41, 73888)}"
74712edb-06e9-4831-9811-34ccb74fa4aa,U//PR-EXO-ELSETS,38953,2025-10-07T20:31:56.519250Z,1.002697607900196,38953,False,0.0006164383562560058,3.77558544434459,76.14690653498573,307.3906081814781,25.24144514073767,0.0,0.0,0.0,42165.30148247287,1436.125895438788,42191.29379160977,42139.30917333598,38953,1 38953U 12059A   25280.85551527 +.00000000 +00000+0 +00000+0 2 99999,2 38953   3.7756  76.1469 0006164 307.3906  25.2414  1.00269760000005,2025-10-07T21:06:29.780Z,system.exo,EXO,REAL,2,OPS1,"{'NORAD_ID': 38953, 'classification': 'U', 'COSPAR_ID': '12059A', 'BC': 0.0, 'n_ddot': 0.0, 'B_star': 0.0, 'ephemeris_type': 2, 'elset_num': 9999, 'inclination': 3.7756, 'RAAN': 76.1469, 'eccentricity': 0.0006164, 'perigee': 307.3906, 'mean_anomaly': 25.2414, 'mean_motion': 1.0026976, 'rev_num': 0, 'line1': '1 38953U 12059A   25280.85551527 +.00000000 +00000+0 +00000+0 2 99999', 'line2': '2 38953   3.7756  76.1469 0006164 307.3906  25.2414  1.00269760000005', 'epoch': datetime.datetime(2025, 10, 7, 20, 31, 56, 519328)}"
c22d60a3-9c85-4276-a740-51a3e91c2245,U//PR-EXO-ELSETS,39508,2025-10-07T20:28:05.842408Z,1.002672517987996,39508,False,0.0003727528207907731,0.051053694093552,74.03979101122253,126.502954932471,198.1778284179537,0.0,0.0,0.0,42166.00488215793,1436.161831671185,42181.72237941923,42150.28738489663,39508,1 39508U 14006A   25280.85284540 +.00000000 +00000+0 +00000+0 2 99998,2 39508   0.0511  74.0398 0003727 126.5030 198.1778  1.00267251000006,2025-10-07T21:27:29.018Z,system.exo,EXO,REAL,2,OPS1,"{'NORAD_ID': 39508, 'classification': 'U', 'COSPAR_ID': '14006A', 'BC': 0.0, 'n_ddot': 0.0, 'B_star': 0.0, 'ephemeris_type': 2, 'elset_num': 9999, 'inclination': 0.0511, 'RAAN': 74.0398, 'eccentricity': 0.0003727, 'perigee': 126.503, 'mean_anomaly': 198.1778, 'mean_motion': 1.00267251, 'rev_num': 0, 'line1': '1 39508U 14006A   25280.85284540 +.00000000 +00000+0 +00000+0 2 99998', 'line2': '2 39508   0.0511  74.0398 0003727 126.5030 198.1778  1.00267251000006', 'epoch': datetime.datetime(2025, 10, 7, 20, 28, 5, 842560)}"
83d2440b-8d40-44d1-b9a5-c87904b3d08e,U//PR-EXO-ELSETS,41752,2025-10-07T20:34:22.766375Z,1.002666072010899,41752,False,0.001312250346717644,0.1083545477962856,85.98293727228815,177.8924751954725,135.4802443136748,0.0,0.0,0.0,42166.18560088913,1436.171064522015,42221.51819256366,42110.8530092146,41752,1 41752U 16054A   25280.85720794 +.00000000 +00000+0 +00000+0 2 99993,2 41752   0.1084  85.9829 0013122 177.8925 135.4802  1.00266607000004,2025-10-07T21:33:28.651Z,system.exo,EXO,REAL,2,OPS1,"{'NORAD_ID': 41752, 'classification': 'U', 'COSPAR_ID': '16054A', 'BC': 0.0, 'n_ddot': 0.0, 'B_star': 0.0, 'ephemeris_type': 2, 'elset_num': 9999, 'inclination': 0.1084, 'RAAN': 85.9829, 'eccentricity': 0.0013122, 'perigee': 177.8925, 'mean_anomaly': 135.4802, 'mean_motion': 1.00266607, 'rev_num': 0, 'line1': '1 41752U 16054A   25280.85720794 +.00000000 +00000+0 +00000+0 2 99993', 'line2': '2 41752   0.1084  85.9829 0013122 177.8925 135.4802  1.00266607000004', 'epoch': datetime.datetime(2025, 10, 7, 20, 34, 22, 766016)}"
f7bcc9b0-7e54-4a78-9dbd-ee4330f28509,U//PR-EXO-ELSETS,6380,2025-10-07T14:17:39.030761Z,1.002704602148761,6380,False,0.002318000721952658,0.9867858203610145,259.4938223446391,275.2787445035727,130.1936313016146,0.0,0.0,0.0,42165.1054028288,1436.115877910733,42262.84414759377,42067.36665806383,6380,1 06380U 73013A   25280.59559063 +.00000000 +00000+0 +00000+0 2 99999,2 06380   0.9868 259.4938 0023180 275.2787 130.1936  1.00270460000005,2025-10-07T15:21:30.817Z,system.exo,EXO,REAL,2,OPS1,"{'NORAD_ID': 6380, 'classification': 'U', 'COSPAR_ID': '73013A', 'BC': 0.0, 'n_ddot': 0.0, 'B_star': 0.0, 'ephemeris_type': 2, 'elset_num': 9999, 'inclination': 0.9868, 'RAAN': 259.4938, 'eccentricity': 0.002318, 'perigee': 275.2787, 'mean_anomaly': 130.1936, 'mean_motion': 1.0027046, 'rev_num': 0, 'line1': '1 06380U 73013A   25280.59559063 +.00000000 +00000+0 +00000+0 2 99999', 'line2': '2 06380   0.9868 259.4938 0023180 275.2787 130.1936  1.00270460000005', 'epoch': datetime.datetime(2025, 10, 7, 14, 17, 39, 30432)}"
7b4734bd-d6b1-4290-9f08-dde865305c8f,U//PR-EXO-ELSETS,39234,2025-10-07T16:11:39.237956Z,1.002672869491558,39234,False,0.0006210350023482304,0.07965147090747379,83.33578231021107,172.3222334204469,77.84719662396121,0.0,0.0,0.0,42165.99502749697,1436.161328200896,42192.18158631789,42139.80846867605,39234,1 39234U 13044B   25280.67475970 +.00000000 +00000+0 +00000+0 2 99994,2 39234   0.0797  83.3358 0006210 172.3222  77.8472  1.00267286000001,2025-10-07T16:42:29.556Z,system.exo,EXO,REAL,2,OPS1,"{'NORAD_ID': 39234, 'classification': 'U', 'COSPAR_ID': '13044B', 'BC': 0.0, 'n_ddot': 0.0, 'B_star': 0.0, 'ephemeris_type': 2, 'elset_num': 9999, 'inclination': 0.0797, 'RAAN': 83.3358, 'eccentricity': 0.000621, 'perigee': 172.3222, 'mean_anomaly': 77.8472, 'mean_motion': 1.00267286, 'rev_num': 0, 'line1': '1 39234U 13044B   25280.67475970 +.00000000 +00000+0 +00000+0 2 99994', 'line2': '2 39234   0.0797  83.3358 0006210 172.3222  77.8472  1.00267286000001', 'epoch': datetime.datetime(2025, 10, 7, 16, 11, 39, 238080)}"
a35059c3-a58c-47ee-be49-6eda2276da37,U//PR-EXO-ELSETS,40875,2025-10-07T20:58:40.524873Z,1.002666918383644,40875,False,0.0003998740113760873,0.07172059210459636,354.6746706107579,207.6445219611851,121.1308905369194,0.0,0.0,0.0,42166.16187196205,1436.169852219081,42183.02302425411,42149.30071966997,40875,1 40875U 15039B   25280.87408015 +.00000000 +00000+0 +00000+0 2 99991,2 40875   0.0717 354.6747 0003998 207.6445 121.1309  1.00266691000002,2025-10-07T21:15:29.016Z,system.exo,EXO,REAL,2,OPS1,"{'NORAD_ID': 40875, 'classification': 'U', 'COSPAR_ID': '15039B', 'BC': 0.0, 'n_ddot': 0.0, 'B_star': 0.0, 'ephemeris_type': 2, 'elset_num': 9999, 'inclination': 0.0717, 'RAAN': 354.6747, 'eccentricity': 0.0003998, 'perigee': 207.6445, 'mean_anomaly': 121.1309, 'mean_motion': 1.00266691, 'rev_num': 0, 'line1': '1 40875U 15039B   25280.87408015 +.00000000 +00000+0 +00000+0 2 99991', 'line2': '2 40875   0.0717 354.6747 0003998 207.6445 121.1309  1.00266691000002', 'epoch': datetime.datetime(2025, 10, 7, 20, 58, 40, 524960)}"
0a1dfbaa-3d4a-478c-88b3-0dde034bf65e,U//PR-EXO-ELSETS,26927,2025-10-07T20:22:25.338120Z,0.985226816812244,26927,False,0.0007247637504178043,5.967555053458545,73.78828186435535,198.1804523107891,89.43904281644456,0.0,0.0,0.0,42662.31122108797,1461.592371855244,42693.23131777006,42631.39112440588,26927,1 26927U 01042A   25280.84890438 +.00000000 +00000+0 +00000+0 2 99993,2 26927   5.9676  73.7883 0007247 198.1805  89.4390  0.98522681000003,2025-10-07T21:48:31.794Z,system.exo,EXO,REAL,2,OPS1,"{'NORAD_ID': 26927, 'classification': 'U', 'COSPAR_ID': '01042A', 'BC': 0.0, 'n_ddot': 0.0, 'B_star': 0.0, 'ephemeris_type': 2, 'elset_num': 9999, 'inclination': 5.9676, 'RAAN': 73.7883, 'eccentricity': 0.0007247, 'perigee': 198.1805, 'mean_anomaly': 89.439, 'mean_motion': 0.98522681, 'rev_num': 0, 'line1': '1 26927U 01042A   25280.84890438 +.00000000 +00000+0 +00000+0 2 99993', 'line2': '2 26927   5.9676  73.7883 0007247 198.1805  89.4390  0.98522681000003', 'epoch': datetime.datetime(2025, 10, 7, 20, 22, 25, 338432)}"
eb333bfa-207d-47f1-9886-d9af8626a39c,U//PR-EXO-ELSETS,51281,2025-10-07T20:44:35.386991Z,1.003668763660061,51281,False,5.749887178674836e-05,0.2887062456093748,88.14841579540823,219.0446283721764,103.7192348114562,0.0,0.0,0.0,42138.09749945487,1434.736291631491,42140.52039252032,42135.67460638941,51281,1 51281U 22006B   25280.86429846 +.00000000 +00000+0 +00000+0 2 99990,2 51281   0.2887  88.1484 0000574 219.0446 103.7192  1.00366876000009,2025-10-07T21:09:39.130Z,system.exo,EXO,REAL,2,OPS1,"{'NORAD_ID': 51281, 'classification': 'U', 'COSPAR_ID': '22006B', 'BC': 0.0, 'n_ddot': 0.0, 'B_star': 0.0, 'ephemeris_type': 2, 'elset_num': 9999, 'inclination': 0.2887, 'RAAN': 88.1484, 'eccentricity': 5.74e-05, 'perigee': 219.0446, 'mean_anomaly': 103.7192, 'mean_motion': 1.00366876, 'rev_num': 0, 'line1': '1 51281U 22006B   25280.86429846 +.00000000 +00000+0 +00000+0 2 99990', 'line2': '2 51281   0.2887  88.1484 0000574 219.0446 103.7192  1.00366876000009', 'epoch': datetime.datetime(2025, 10, 7, 20, 44, 35, 386944)}"
e376a258-7196-48bf-973f-31095dc4610e,U//PR-EXO-ELSETS,26054,2025-10-07T20:24:31.706857Z,1.01173225661719,26054,False,0.002462205663780486,14.07209950299985,1.491324487745968,328.2385862356288,2.011850017111457,0.0,0.0,0.0,41913.90564295801,1423.301462004145,42017.10629882326,41810.70498709276,26054,1 26054U 00001C   25280.85036698 +.00000000 +00000+0 +00000+0 2 99999,2 26054  14.0721   1.4913 0024622 328.2386   2.0119  1.01173225000005,2025-10-07T21:18:27.858Z,system.exo,EXO,REAL,2,OPS1,"{'NORAD_ID': 26054, 'classification': 'U', 'COSPAR_ID': '00001C', 'BC': 0.0, 'n_ddot': 0.0, 'B_star': 0.0, 'ephemeris_type': 2, 'elset_num': 9999, 'inclination': 14.0721, 'RAAN': 1.4913, 'eccentricity': 0.0024622, 'perigee': 328.2386, 'mean_anomaly': 2.0119, 'mean_motion': 1.01173225, 'rev_num': 0, 'line1': '1 26054U 00001C   25280.85036698 +.00000000 +00000+0 +00000+0 2 99999', 'line2': '2 26054  14.0721   1.4913 0024622 328.2386   2.0119  1.01173225000005', 'epoch': datetime.datetime(2025, 10, 7, 20, 24, 31, 707072)}"
af88a28d-9d47-417d-bdc8-dba84ab03240,U//PR-EXO-ELSETS,26557,2025-10-07T21:01:55.542926Z,1.866138232653902,26557,False,0.5104751355548995,14.84962984781978,102.0240478824825,18.36693184830196,195.5066360077313,0.0,0.0,0.0,27868.01199043498,771.6470167122212,42093.93918889784,13642.08479197212,26557,1 26557U 00059D   25280.87633730 +.00000000 +00000+0 +00000+0 2 99992,2 26557  14.8496 102.0240 5104751  18.3669 195.5066  1.86613823000004,2025-10-07T21:45:30.610Z,system.exo,EXO,REAL,2,OPS1,"{'NORAD_ID': 26557, 'classification': 'U', 'COSPAR_ID': '00059D', 'BC': 0.0, 'n_ddot': 0.0, 'B_star': 0.0, 'ephemeris_type': 2, 'elset_num': 9999, 'inclination': 14.8496, 'RAAN': 102.024, 'eccentricity': 0.5104751, 'perigee': 18.3669, 'mean_anomaly': 195.5066, 'mean_motion': 1.86613823, 'rev_num': 0, 'line1': '1 26557U 00059D   25280.87633730 +.00000000 +00000+0 +00000+0 2 99992', 'line2': '2 26557  14.8496 102.0240 5104751  18.3669 195.5066  1.86613823000004', 'epoch': datetime.datetime(2025, 10, 7, 21, 1, 55, 542720)}"
42e08967-0d3b-47d1-a8da-a3aaacd8eb94,U//PR-EXO-ELSETS,21803,2025-10-07T20:26:04.647330Z,0.9929653437074334,21803,False,0.0005219295521371296,14.72806149095867,3.522212671025286,217.8476671941554,113.6386860504643,0.0,0.0,0.0,42440.36741906821,1450.201670305505,42462.51830102778,42418.21653710864,21803,1 21803U 91083A   25280.85144268 +.00000000 +00000+0 +00000+0 2 99999,2 21803  14.7281   3.5222 0005219 217.8477 113.6387  0.99296534000002,2025-10-07T21:03:29.108Z,system.exo,EXO,REAL,2,OPS1,"{'NORAD_ID': 21803, 'classification': 'U', 'COSPAR_ID': '91083A', 'BC': 0.0, 'n_ddot': 0.0, 'B_star': 0.0, 'ephemeris_type': 2, 'elset_num': 9999, 'inclination': 14.7281, 'RAAN': 3.5222, 'eccentricity': 0.0005219, 'perigee': 217.8477, 'mean_anomaly': 113.6387, 'mean_motion': 0.99296534, 'rev_num': 0, 'line1': '1 21803U 91083A   25280.85144268 +.00000000 +00000+0 +00000+0 2 99999', 'line2': '2 21803  14.7281   3.5222 0005219 217.8477 113.6387  0.99296534000002', 'epoch': datetime.datetime(2025, 10, 7, 20, 26, 4, 647552)}"
3de6fdca-f97c-42bd-ae11-ce51709e232c,U//PR-EXO-ELSETS,15825,2025-10-07T21:11:50.778321Z,1.00387534148844,15825,False,0.001007612714258746,12.64878455086724,335.8753920355126,3.589866236654351,335.7865426603275,0.0,0.0,0.0,42132.31650594767,1434.441051082021,42174.76956374023,42089.8634481551,15825,1 15825U 85048C   25280.88322660 +.00000000 +00000+0 +00000+0 2 99997,2 15825  12.6488 335.8754 0010076   3.5899 335.7865  1.00387534000003,2025-10-07T21:24:29.286Z,system.exo,EXO,REAL,2,OPS1,"{'NORAD_ID': 15825, 'classification': 'U', 'COSPAR_ID': '85048C', 'BC': 0.0, 'n_ddot': 0.0, 'B_star': 0.0, 'ephemeris_type': 2, 'elset_num': 9999, 'inclination': 12.6488, 'RAAN': 335.8754, 'eccentricity': 0.0010076, 'perigee': 3.5899, 'mean_anomaly': 335.7865, 'mean_motion': 1.00387534, 'rev_num': 0, 'line1': '1 15825U 85048C   25280.88322660 +.00000000 +00000+0 +00000+0 2 99997', 'line2': '2 15825  12.6488 335.8754 0010076   3.5899 335.7865  1.00387534000003', 'epoch': datetime.datetime(2025, 10, 7, 21, 11, 50, 778240)}"
5b59aca9-84e9-4afd-9e5f-f6acb5f0477c,U//PR-EXO-ELSETS,15995,2025-10-07T20:28:14.682111Z,0.977967466065021,15995,False,0.0006922624192222121,10.38828505592183,331.6592360254607,308.8272262031384,10.30897021634493,0.0,0.0,0.0,42873.16949205162,1472.441619959023,42902.84897608391,42843.49000801933,15995,1 15995U 85076D   25280.85294771 +.00000000 +00000+0 +00000+0 2 99994,2 15995  10.3883 331.6592 0006922 308.8272  10.3090  0.97796746000000,2025-10-07T22:06:28.925Z,system.exo,EXO,REAL,2,OPS1,"{'NORAD_ID': 15995, 'classification': 'U', 'COSPAR_ID': '85076D', 'BC': 0.0, 'n_ddot': 0.0, 'B_star': 0.0, 'ephemeris_type': 2, 'elset_num': 9999, 'inclination': 10.3883, 'RAAN': 331.6592, 'eccentricity': 0.0006922, 'perigee': 308.8272, 'mean_anomaly': 10.309, 'mean_motion': 0.97796746, 'rev_num': 0, 'line1': '1 15995U 85076D   25280.85294771 +.00000000 +00000+0 +00000+0 2 99994', 'line2': '2 15995  10.3883 331.6592 0006922 308.8272  10.3090  0.97796746000000', 'epoch': datetime.datetime(2025, 10, 7, 20, 28, 14, 682144)}"
59b9fcd7-e4ff-4eba-9cac-030261898351,U//PR-EXO-ELSETS,13595,2025-10-07T20:28:00.820026Z,0.9840339157637672,13595,False,0.001077736433435369,12.44829642483042,332.9460922045576,34.03247021971158,292.0428860105561,0.0,0.0,0.0,42696.7826880895,1463.364196021974,42742.79856638292,42650.76680979608,13595,1 13595U 82097A   25280.85278727 +.00000000 +00000+0 +00000+0 2 99991,2 13595  12.4483 332.9461 0010777  34.0325 292.0429  0.98403391000009,2025-10-07T21:21:29.525Z,system.exo,EXO,REAL,2,OPS1,"{'NORAD_ID': 13595, 'classification': 'U', 'COSPAR_ID': '82097A', 'BC': 0.0, 'n_ddot': 0.0, 'B_star': 0.0, 'ephemeris_type': 2, 'elset_num': 9999, 'inclination': 12.4483, 'RAAN': 332.9461, 'eccentricity': 0.0010777, 'perigee': 34.0325, 'mean_anomaly': 292.0429, 'mean_motion': 0.98403391, 'rev_num': 0, 'line1': '1 13595U 82097A   25280.85278727 +.00000000 +00000+0 +00000+0 2 99991', 'line2': '2 13595  12.4483 332.9461 0010777  34.0325 292.0429  0.98403391000009', 'epoch': datetime.datetime(2025, 10, 7, 20, 28, 0, 820128)}"
2ffd574c-528f-4b3c-bd43-73dd815aa5e0,U//PR-EXO-ELSETS,2717,2025-10-07T20:30:00.273170Z,1.002793058030573,2717,False,0.001908654031402877,3.452143600596788,69.38886099013213,210.8597787442779,39.23082390959617,0.0,0.0,0.0,42162.62579091842,1435.989198836374,42243.09965660879,42082.15192522806,2717,1 02717U 67026A   25280.85416983 +.00000000 +00000+0 +00000+0 2 99998,2 02717   3.4521  69.3889 0019086 210.8598  39.2308  1.00279305000006,2025-10-07T20:42:30.295Z,system.exo,EXO,REAL,2,OPS1,"{'NORAD_ID': 2717, 'classification': 'U', 'COSPAR_ID': '67026A', 'BC': 0.0, 'n_ddot': 0.0, 'B_star': 0.0, 'ephemeris_type': 2, 'elset_num': 9999, 'inclination': 3.4521, 'RAAN': 69.3889, 'eccentricity': 0.0019086, 'perigee': 210.8598, 'mean_anomaly': 39.2308, 'mean_motion': 1.00279305, 'rev_num': 0, 'line1': '1 02717U 67026A   25280.85416983 +.00000000 +00000+0 +00000+0 2 99998', 'line2': '2 02717   3.4521  69.3889 0019086 210.8598  39.2308  1.00279305000006', 'epoch': datetime.datetime(2025, 10, 7, 20, 30, 0, 273312)}"
0d6c1907-8361-4f91-aadd-ff96bd1d69f2,U//PR-EXO-ELSETS,38690,2025-10-07T20:30:56.916918Z,0.9932586956748191,38690,False,0.02494938578670977,1.69975531838758,4.273920829739087,337.3228843148095,353.4125070497626,0.0,0.0,0.0,42432.01069840819,1449.773363445528,43490.66330302857,41373.35809378781,38690,1 38690U 68081Q   25280.85482543 +.00000000 +00000+0 +00000+0 2 99994,2 38690   1.6998   4.2739 0249493 337.3229 353.4125  0.99325869000000,2025-10-07T21:36:29.808Z,system.exo,EXO,REAL,2,OPS1,"{'NORAD_ID': 38690, 'classification': 'U', 'COSPAR_ID': '68081Q', 'BC': 0.0, 'n_ddot': 0.0, 'B_star': 0.0, 'ephemeris_type': 2, 'elset_num': 9999, 'inclination': 1.6998, 'RAAN': 4.2739, 'eccentricity': 0.0249493, 'perigee': 337.3229, 'mean_anomaly': 353.4125, 'mean_motion': 0.99325869, 'rev_num': 0, 'line1': '1 38690U 68081Q   25280.85482543 +.00000000 +00000+0 +00000+0 2 99994', 'line2': '2 38690   1.6998   4.2739 0249493 337.3229 353.4125  0.99325869000000', 'epoch': datetime.datetime(2025, 10, 7, 20, 30, 56, 917152)}"
66483974-8475-42c7-bfeb-d6b7ea705568,U//PR-EXO-ELSETS,28134,2025-10-07T20:31:28.450684Z,0.9935844416247117,28134,False,0.001331346802598092,7.649383436740916,66.89096156702588,140.4130995180043,134.983029797103,0.0,0.0,0.0,42422.73598863328,1449.298056283277,42479.21536254921,42366.25661471735,28134,1 28134U 03060A   25280.85519040 +.00000000 +00000+0 +00000+0 2 99995,2 28134   7.6494  66.8910 0013313 140.4131 134.9830  0.99358444000009,2025-10-07T21:51:31.425Z,system.exo,EXO,REAL,2,OPS1,"{'NORAD_ID': 28134, 'classification': 'U', 'COSPAR_ID': '03060A', 'BC': 0.0, 'n_ddot': 0.0, 'B_star': 0.0, 'ephemeris_type': 2, 'elset_num': 9999, 'inclination': 7.6494, 'RAAN': 66.891, 'eccentricity': 0.0013313, 'perigee': 140.4131, 'mean_anomaly': 134.983, 'mean_motion': 0.99358444, 'rev_num': 0, 'line1': '1 28134U 03060A   25280.85519040 +.00000000 +00000+0 +00000+0 2 99995', 'line2': '2 28134   7.6494  66.8910 0013313 140.4131 134.9830  0.99358444000009', 'epoch': datetime.datetime(2025, 10, 7, 20, 31, 28, 450560)}"
6b033f7c-c51f-4e1d-9e50-e40c72e78d89,U//PR-EXO-ELSETS,27712,2025-10-07T00:07:46.928548Z,1.00575866975575,27712,False,0.002319610218376162,10.84997878795607,24.7768683166048,266.6338050062902,103.3104225460925,0.0,0.0,0.0,42079.70364115162,1431.754995807996,42177.31215170387,41982.09513059937,27712,1 27712U 03012B   25280.00540427 +.00000000 +00000+0 +00000+0 2 99993,2 27712  10.8500  24.7769 0023196 266.6338 103.3104  1.00575866000005,2025-10-07T03:24:29.151Z,system.exo,EXO,REAL,2,OPS1,"{'NORAD_ID': 27712, 'classification': 'U', 'COSPAR_ID': '03012B', 'BC': 0.0, 'n_ddot': 0.0, 'B_star': 0.0, 'ephemeris_type': 2, 'elset_num': 9999, 'inclination': 10.85, 'RAAN': 24.7769, 'eccentricity': 0.0023196, 'perigee': 266.6338, 'mean_anomaly': 103.3104, 'mean_motion': 1.00575866, 'rev_num': 0, 'line1': '1 27712U 03012B   25280.00540427 +.00000000 +00000+0 +00000+0 2 99993', 'line2': '2 27712  10.8500  24.7769 0023196 266.6338 103.3104  1.00575866000005', 'epoch': datetime.datetime(2025, 10, 7, 0, 7, 46, 928928)}"
0dd2fc7c-cd11-4801-aeef-74566839c980,U//PR-EXO-ELSETS,38098,2025-10-07T20:50:43.434562Z,1.00267135432352,38098,False,0.0002390791728461088,0.006513993145609994,144.4662986761614,72.2474849897575,184.8557107049524,0.0,0.0,0.0,42166.0375063887,1436.16349842919,42176.11852775793,42155.95648501948,38098,1 38098U 12011A   25280.86855827 +.00000000 +00000+0 +00000+0 2 99998,2 38098   0.0065 144.4663 0002390  72.2475 184.8557  1.00267135000003,2025-10-07T21:27:29.016Z,system.exo,EXO,REAL,2,OPS1,"{'NORAD_ID': 38098, 'classification': 'U', 'COSPAR_ID': '12011A', 'BC': 0.0, 'n_ddot': 0.0, 'B_star': 0.0, 'ephemeris_type': 2, 'elset_num': 9999, 'inclination': 0.0065, 'RAAN': 144.4663, 'eccentricity': 0.000239, 'perigee': 72.2475, 'mean_anomaly': 184.8557, 'mean_motion': 1.00267135, 'rev_num': 0, 'line1': '1 38098U 12011A   25280.86855827 +.00000000 +00000+0 +00000+0 2 99998', 'line2': '2 38098   0.0065 144.4663 0002390  72.2475 184.8557  1.00267135000003', 'epoch': datetime.datetime(2025, 10, 7, 20, 50, 43, 434528)}"
8b0d589c-1632-41c4-bc36-087970deef04,U//PR-EXO-ELSETS,12635,2025-10-07T21:10:17.445172Z,0.9860326019603497,12635,False,0.0009768667318738721,14.40514333840712,310.3714479705106,193.524033824017,168.0234336861221,0.0,0.0,0.0,42639.06564719557,1460.397959597998,42680.71833190451,42597.41296248664,12635,1 12635U 81073A   25280.88214636 +.00000000 +00000+0 +00000+0 2 99990,2 12635  14.4051 310.3714 0009768 193.5240 168.0234  0.98603260000005,2025-10-08T00:39:28.233Z,system.exo,EXO,REAL,2,OPS1,"{'NORAD_ID': 12635, 'classification': 'U', 'COSPAR_ID': '81073A', 'BC': 0.0, 'n_ddot': 0.0, 'B_star': 0.0, 'ephemeris_type': 2, 'elset_num': 9999, 'inclination': 14.4051, 'RAAN': 310.3714, 'eccentricity': 0.0009768, 'perigee': 193.524, 'mean_anomaly': 168.0234, 'mean_motion': 0.9860326, 'rev_num': 0, 'line1': '1 12635U 81073A   25280.88214636 +.00000000 +00000+0 +00000+0 2 99990', 'line2': '2 12635  14.4051 310.3714 0009768 193.5240 168.0234  0.98603260000005', 'epoch': datetime.datetime(2025, 10, 7, 21, 10, 17, 445504)}"
65cfd37e-4caf-467a-a94e-889ba9b73a4c,U//PR-EXO-ELSETS,56373,2025-10-07T13:44:27.805995Z,1.047396301005028,56373,False,0.001521190767303357,2.216789301031259,81.40096807662587,166.96151661068,42.71903484991858,0.0,0.0,0.0,40956.97175150073,1374.837774983785,41019.27511878582,40894.66838421564,56373,1 56373U 23060D   25280.57254405 +.00000000 +00000+0 +00000+0 2 99993,2 56373   2.2168  81.4010 0015211 166.9615  42.7190  1.04739630000009,2025-10-07T14:48:28.354Z,system.exo,EXO,REAL,2,OPS1,"{'NORAD_ID': 56373, 'classification': 'U', 'COSPAR_ID': '23060D', 'BC': 0.0, 'n_ddot': 0.0, 'B_star': 0.0, 'ephemeris_type': 2, 'elset_num': 9999, 'inclination': 2.2168, 'RAAN': 81.401, 'eccentricity': 0.0015211, 'perigee': 166.9615, 'mean_anomaly': 42.719, 'mean_motion': 1.0473963, 'rev_num': 0, 'line1': '1 56373U 23060D   25280.57254405 +.00000000 +00000+0 +00000+0 2 99993', 'line2': '2 56373   2.2168  81.4010 0015211 166.9615  42.7190  1.04739630000009', 'epoch': datetime.datetime(2025, 10, 7, 13, 44, 27, 805920)}"
dc5eeb35-1b2e-4123-afde-db71176bb00f,U//PR-EXO-ELSETS,2222,2025-10-07T20:41:40.363196Z,1.067173635785674,2222,False,0.01648110106778079,7.910250966796605,50.28082168679716,163.5830687758698,185.3894662860604,0.0,0.0,0.0,40449.37393195718,1349.358672021395,41116.02415185823,39782.72371205614,2222,1 02222U 66053J   25280.86227272 +.00000000 +00000+0 +00000+0 2 99990,2 02222   7.9103  50.2808 0164811 163.5831 185.3895  1.06717363000004,2025-10-07T23:12:29.238Z,system.exo,EXO,REAL,2,OPS1,"{'NORAD_ID': 2222, 'classification': 'U', 'COSPAR_ID': '66053J', 'BC': 0.0, 'n_ddot': 0.0, 'B_star': 0.0, 'ephemeris_type': 2, 'elset_num': 9999, 'inclination': 7.9103, 'RAAN': 50.2808, 'eccentricity': 0.0164811, 'perigee': 163.5831, 'mean_anomaly': 185.3895, 'mean_motion': 1.06717363, 'rev_num': 0, 'line1': '1 02222U 66053J   25280.86227272 +.00000000 +00000+0 +00000+0 2 99990', 'line2': '2 02222   7.9103  50.2808 0164811 163.5831 185.3895  1.06717363000004', 'epoch': datetime.datetime(2025, 10, 7, 20, 41, 40, 363008)}"
2e7d88e5-b20b-49cb-b60e-1eb9fc781774,U//PR-EXO-ELSETS,40102,2025-10-07T20:37:11.952824Z,0.9890566814357117,40102,False,0.0008256122731320879,8.602187703694584,59.81456989780951,286.5465670446676,49.68438537847348,0.0,0.0,0.0,42552.10755627953,1455.932735735327,42587.23909852563,42516.97601403343,40102,1 40102U 14043D   25280.85916612 +.00000000 +00000+0 +00000+0 2 99993,2 40102   8.6022  59.8146 0008256 286.5466  49.6844  0.98905668000004,2025-10-07T21:42:29.625Z,system.exo,EXO,REAL,2,OPS1,"{'NORAD_ID': 40102, 'classification': 'U', 'COSPAR_ID': '14043D', 'BC': 0.0, 'n_ddot': 0.0, 'B_star': 0.0, 'ephemeris_type': 2, 'elset_num': 9999, 'inclination': 8.6022, 'RAAN': 59.8146, 'eccentricity': 0.0008256, 'perigee': 286.5466, 'mean_anomaly': 49.6844, 'mean_motion': 0.98905668, 'rev_num': 0, 'line1': '1 40102U 14043D   25280.85916612 +.00000000 +00000+0 +00000+0 2 99993', 'line2': '2 40102   8.6022  59.8146 0008256 286.5466  49.6844  0.98905668000004', 'epoch': datetime.datetime(2025, 10, 7, 20, 37, 11, 952768)}"
323cc90f-45be-47ce-aec0-3deaa890318c,U//PR-EXO-ELSETS,22839,2025-10-07T20:38:17.619094Z,1.002658848159529,22839,False,0.0007271517401168532,14.07139306271115,348.7413425333015,100.6288216264749,230.1644799242951,0.0,0.0,0.0,42166.38813032202,1436.181411696761,42197.04949282543,42135.72676781861,22839,1 22839U 93062D   25280.85992615 +.00000000 +00000+0 +00000+0 2 99995,2 22839  14.0714 348.7413 0007271 100.6288 230.1645  1.00265884000000,2025-10-07T21:09:39.076Z,system.exo,EXO,REAL,2,OPS1,"{'NORAD_ID': 22839, 'classification': 'U', 'COSPAR_ID': '93062D', 'BC': 0.0, 'n_ddot': 0.0, 'B_star': 0.0, 'ephemeris_type': 2, 'elset_num': 9999, 'inclination': 14.0714, 'RAAN': 348.7413, 'eccentricity': 0.0007271, 'perigee': 100.6288, 'mean_anomaly': 230.1645, 'mean_motion': 1.00265884, 'rev_num': 0, 'line1': '1 22839U 93062D   25280.85992615 +.00000000 +00000+0 +00000+0 2 99995', 'line2': '2 22839  14.0714 348.7413 0007271 100.6288 230.1645  1.00265884000000', 'epoch': datetime.datetime(2025, 10, 7, 20, 38, 17, 619360)}"
6e60a5f7-7945-4d60-8d93-f6350be9636f,U//PR-EXO-ELSETS,23267,2025-10-07T20:39:06.729268Z,1.002802198334814,23267,False,0.000914080524534681,14.2359717282433,351.5132634810795,219.8515306736156,98.96396159854082,0.0,0.0,0.0,42162.36958897189,1435.976110135346,42200.90938988141,42123.82978806238,23267,1 23267U 94060A   25280.86049455 +.00000000 +00000+0 +00000+0 2 99996,2 23267  14.2360 351.5133 0009140 219.8515  98.9640  1.00280219000003,2025-10-07T21:18:27.856Z,system.exo,EXO,REAL,2,OPS1,"{'NORAD_ID': 23267, 'classification': 'U', 'COSPAR_ID': '94060A', 'BC': 0.0, 'n_ddot': 0.0, 'B_star': 0.0, 'ephemeris_type': 2, 'elset_num': 9999, 'inclination': 14.236, 'RAAN': 351.5133, 'eccentricity': 0.000914, 'perigee': 219.8515, 'mean_anomaly': 98.964, 'mean_motion': 1.00280219, 'rev_num': 0, 'line1': '1 23267U 94060A   25280.86049455 +.00000000 +00000+0 +00000+0 2 99996', 'line2': '2 23267  14.2360 351.5133 0009140 219.8515  98.9640  1.00280219000003', 'epoch': datetime.datetime(2025, 10, 7, 20, 39, 6, 729120)}"
62a5f6d3-7442-4aba-8b33-6e1a2c7c5eb2,U//PR-EXO-ELSETS,20370,2025-10-07T20:38:39.758262Z,0.9785141135108314,20370,False,0.00199163113569292,13.87246298917382,339.0994004348887,190.674875600572,136.475514567231,0.0,0.0,0.0,42857.2005918921,1471.619039641026,42942.55632697955,42771.84485680465,20370,1 20370U 89098D   25280.86018239 +.00000000 +00000+0 +00000+0 2 99999,2 20370  13.8725 339.0994 0019916 190.6749 136.4755  0.97851411000006,2025-10-07T21:36:29.802Z,system.exo,EXO,REAL,2,OPS1,"{'NORAD_ID': 20370, 'classification': 'U', 'COSPAR_ID': '89098D', 'BC': 0.0, 'n_ddot': 0.0, 'B_star': 0.0, 'ephemeris_type': 2, 'elset_num': 9999, 'inclination': 13.8725, 'RAAN': 339.0994, 'eccentricity': 0.0019916, 'perigee': 190.6749, 'mean_anomaly': 136.4755, 'mean_motion': 0.97851411, 'rev_num': 0, 'line1': '1 20370U 89098D   25280.86018239 +.00000000 +00000+0 +00000+0 2 99999', 'line2': '2 20370  13.8725 339.0994 0019916 190.6749 136.4755  0.97851411000006', 'epoch': datetime.datetime(2025, 10, 7, 20, 38, 39, 758496)}"
27084a88-33c6-4ae4-a705-35d773dd2bc2,U//PR-EXO-ELSETS,20069,2025-10-07T20:38:39.758262Z,1.012942703829447,20069,False,0.004264025324496594,12.38883630090474,340.0031097386335,6.631824138324704,319.7591673921346,0.0,0.0,0.0,41880.50811060487,1421.600643902222,42059.08765779127,41701.92856341846,20069,1 20069U 89046D   25280.86018239 +.00000000 +00000+0 +00000+0 2 99997,2 20069  12.3888 340.0031 0042640   6.6318 319.7592  1.01294270000002,2025-10-07T21:54:32.229Z,system.exo,EXO,REAL,2,OPS1,"{'NORAD_ID': 20069, 'classification': 'U', 'COSPAR_ID': '89046D', 'BC': 0.0, 'n_ddot': 0.0, 'B_star': 0.0, 'ephemeris_type': 2, 'elset_num': 9999, 'inclination': 12.3888, 'RAAN': 340.0031, 'eccentricity': 0.004264, 'perigee': 6.6318, 'mean_anomaly': 319.7592, 'mean_motion': 1.0129427, 'rev_num': 0, 'line1': '1 20069U 89046D   25280.86018239 +.00000000 +00000+0 +00000+0 2 99997', 'line2': '2 20069  12.3888 340.0031 0042640   6.6318 319.7592  1.01294270000002', 'epoch': datetime.datetime(2025, 10, 7, 20, 38, 39, 758496)}"
7c75c3d4-be81-47ba-ba88-128589883c30,U//PR-EXO-ELSETS,65588,2025-10-07T18:24:54.562925Z,1.001728433945813,65588,False,0.4224195868291872,0.3083622407354272,262.3650090135385,115.2305686127528,25.81345238084985,0.0,0.0,0.0,42192.49376589523,1437.515349672,60015.42954977774,24369.55798201271,65588,1 65588U 25205A   25280.76729818 +.00000000 +00000+0 +00000+0 2 99990,2 65588   0.3084 262.3650 4224195 115.2306  25.8135  1.00172843000008,2025-10-07T18:57:28.776Z,system.exo,EXO,REAL,2,OPS1,"{'NORAD_ID': 65588, 'classification': 'U', 'COSPAR_ID': '25205A', 'BC': 0.0, 'n_ddot': 0.0, 'B_star': 0.0, 'ephemeris_type': 2, 'elset_num': 9999, 'inclination': 0.3084, 'RAAN': 262.365, 'eccentricity': 0.4224195, 'perigee': 115.2306, 'mean_anomaly': 25.8135, 'mean_motion': 1.00172843, 'rev_num': 0, 'line1': '1 65588U 25205A   25280.76729818 +.00000000 +00000+0 +00000+0 2 99990', 'line2': '2 65588   0.3084 262.3650 4224195 115.2306  25.8135  1.00172843000008', 'epoch': datetime.datetime(2025, 10, 7, 18, 24, 54, 562752)}"
f53db154-8d36-4367-868a-88c3c09c60bf,U//PR-EXO-ELSETS,25465,2025-10-07T20:42:10.915917Z,1.828052859812351,25465,False,0.4965909791876791,14.48205994595807,103.6453468665026,27.29032700283379,138.3012715737291,0.0,0.0,0.0,28253.74553413858,787.7233922807985,42284.30069465598,14223.19037362119,25465,1 25465U 98050D   25280.86262634 +.00000000 +00000+0 +00000+0 2 99997,2 25465  14.4821 103.6453 4965909  27.2903 138.3013  1.82805285000009,2025-10-07T21:36:29.803Z,system.exo,EXO,REAL,2,OPS1,"{'NORAD_ID': 25465, 'classification': 'U', 'COSPAR_ID': '98050D', 'BC': 0.0, 'n_ddot': 0.0, 'B_star': 0.0, 'ephemeris_type': 2, 'elset_num': 9999, 'inclination': 14.4821, 'RAAN': 103.6453, 'eccentricity': 0.4965909, 'perigee': 27.2903, 'mean_anomaly': 138.3013, 'mean_motion': 1.82805285, 'rev_num': 0, 'line1': '1 25465U 98050D   25280.86262634 +.00000000 +00000+0 +00000+0 2 99997', 'line2': '2 25465  14.4821 103.6453 4965909  27.2903 138.3013  1.82805285000009', 'epoch': datetime.datetime(2025, 10, 7, 20, 42, 10, 915776)}"
d8d402af-44c4-40ce-8f4e-67d3eb787b98,U//PR-EXO-ELSETS,23949,2025-10-07T20:42:29.907245Z,1.003199177673525,23949,False,0.0009261830758673159,11.67002583806885,32.09168388189712,174.0502418261028,148.4440747987063,0.0,0.0,0.0,42151.24604604644,1435.407875173343,42190.285816761,42112.20627533187,23949,1 23949U 96040B   25280.86284615 +.00000000 +00000+0 +00000+0 2 99992,2 23949  11.6700  32.0917 0009261 174.0502 148.4441  1.00319917000000,2025-10-07T21:42:29.611Z,system.exo,EXO,REAL,2,OPS1,"{'NORAD_ID': 23949, 'classification': 'U', 'COSPAR_ID': '96040B', 'BC': 0.0, 'n_ddot': 0.0, 'B_star': 0.0, 'ephemeris_type': 2, 'elset_num': 9999, 'inclination': 11.67, 'RAAN': 32.0917, 'eccentricity': 0.0009261, 'perigee': 174.0502, 'mean_anomaly': 148.4441, 'mean_motion': 1.00319917, 'rev_num': 0, 'line1': '1 23949U 96040B   25280.86284615 +.00000000 +00000+0 +00000+0 2 99992', 'line2': '2 23949  11.6700  32.0917 0009261 174.0502 148.4441  1.00319917000000', 'epoch': datetime.datetime(2025, 10, 7, 20, 42, 29, 907360)}"
dba1e37f-a427-4b99-9171-131092378657,U//PR-EXO-ELSETS,41121,2025-10-07T20:42:52.972740Z,1.002678605339965,41121,False,0.0002270403894534994,0.05229257851872546,98.0988752882162,122.7370830937072,186.9168657278766,0.0,0.0,0.0,42165.83421958059,1436.153112603573,42175.40756700344,42156.26087215774,41121,1 41121U 15075A   25280.86311311 +.00000000 +00000+0 +00000+0 2 99997,2 41121   0.0523  98.0989 0002270 122.7371 186.9169  1.00267860000008,2025-10-07T21:39:38.120Z,system.exo,EXO,REAL,2,OPS1,"{'NORAD_ID': 41121, 'classification': 'U', 'COSPAR_ID': '15075A', 'BC': 0.0, 'n_ddot': 0.0, 'B_star': 0.0, 'ephemeris_type': 2, 'elset_num': 9999, 'inclination': 0.0523, 'RAAN': 98.0989, 'eccentricity': 0.000227, 'perigee': 122.7371, 'mean_anomaly': 186.9169, 'mean_motion': 1.0026786, 'rev_num': 0, 'line1': '1 41121U 15075A   25280.86311311 +.00000000 +00000+0 +00000+0 2 99997', 'line2': '2 41121   0.0523  98.0989 0002270 122.7371 186.9169  1.00267860000008', 'epoch': datetime.datetime(2025, 10, 7, 20, 42, 52, 972704)}"
f619e217-f2bb-4a33-a3d5-f20bd9078bef,U//PR-EXO-ELSETS,45344,2025-10-07T20:42:52.972740Z,1.002662708762589,45344,False,0.000218814509069827,2.874832091101009,42.50129629676167,256.3548034281671,108.6611091765,0.0,0.0,0.0,42166.27989333124,1436.175881894659,42175.5064871654,42157.05329949709,45344,1 45344U 20017A   25280.86311311 +.00000000 +00000+0 +00000+0 2 99990,2 45344   2.8748  42.5013 0002188 256.3548 108.6611  1.00266270000005,2025-10-07T20:57:28.689Z,system.exo,EXO,REAL,2,OPS1,"{'NORAD_ID': 45344, 'classification': 'U', 'COSPAR_ID': '20017A', 'BC': 0.0, 'n_ddot': 0.0, 'B_star': 0.0, 'ephemeris_type': 2, 'elset_num': 9999, 'inclination': 2.8748, 'RAAN': 42.5013, 'eccentricity': 0.0002188, 'perigee': 256.3548, 'mean_anomaly': 108.6611, 'mean_motion': 1.0026627, 'rev_num': 0, 'line1': '1 45344U 20017A   25280.86311311 +.00000000 +00000+0 +00000+0 2 99990', 'line2': '2 45344   2.8748  42.5013 0002188 256.3548 108.6611  1.00266270000005', 'epoch': datetime.datetime(2025, 10, 7, 20, 42, 52, 972704)}"
b96d5b43-7944-450c-b9eb-9b30324c6ea6,U//PR-EXO-ELSETS,45986,2025-10-07T20:42:52.972740Z,1.002701867451984,45986,False,0.0002109142265524937,0.01492164697154047,243.664858777764,166.9841157959199,356.8483527144214,0.0,0.0,0.0,42165.18206817283,1436.119794669632,42174.07530493618,42156.28883140947,45986,1 45986U 20053B   25280.86311311 +.00000000 +00000+0 +00000+0 2 99992,2 45986   0.0149 243.6649 0002109 166.9841 356.8484  1.00270186000002,2025-10-07T21:42:29.632Z,system.exo,EXO,REAL,2,OPS1,"{'NORAD_ID': 45986, 'classification': 'U', 'COSPAR_ID': '20053B', 'BC': 0.0, 'n_ddot': 0.0, 'B_star': 0.0, 'ephemeris_type': 2, 'elset_num': 9999, 'inclination': 0.0149, 'RAAN': 243.6649, 'eccentricity': 0.0002109, 'perigee': 166.9841, 'mean_anomaly': 356.8484, 'mean_motion': 1.00270186, 'rev_num': 0, 'line1': '1 45986U 20053B   25280.86311311 +.00000000 +00000+0 +00000+0 2 99992', 'line2': '2 45986   0.0149 243.6649 0002109 166.9841 356.8484  1.00270186000002', 'epoch': datetime.datetime(2025, 10, 7, 20, 42, 52, 972704)}"
d2dd8fc0-d0cb-448a-9c29-b3a78ca85743,U//PR-EXO-ELSETS,41840,2025-10-07T20:43:36.559710Z,0.9346937303820093,41840,False,0.04705681184860585,8.694072846879807,69.24672933725486,225.3359594813108,95.7598467998664,0.0,0.0,0.0,44186.4362559402,1540.611596283493,46265.7090730964,42107.163438784,41840,1 41840U 16065C   25280.86361759 +.00000000 +00000+0 +00000+0 2 99996,2 41840   8.6941  69.2467 0470568 225.3360  95.7598  0.93469373000009,2025-10-07T21:39:38.123Z,system.exo,EXO,REAL,2,OPS1,"{'NORAD_ID': 41840, 'classification': 'U', 'COSPAR_ID': '16065C', 'BC': 0.0, 'n_ddot': 0.0, 'B_star': 0.0, 'ephemeris_type': 2, 'elset_num': 9999, 'inclination': 8.6941, 'RAAN': 69.2467, 'eccentricity': 0.0470568, 'perigee': 225.336, 'mean_anomaly': 95.7598, 'mean_motion': 0.93469373, 'rev_num': 0, 'line1': '1 41840U 16065C   25280.86361759 +.00000000 +00000+0 +00000+0 2 99996', 'line2': '2 41840   8.6941  69.2467 0470568 225.3360  95.7598  0.93469373000009', 'epoch': datetime.datetime(2025, 10, 7, 20, 43, 36, 559776)}"
fd31da4c-d777-46ad-a958-842e4682a851,U//PR-EXO-ELSETS,23967,2025-10-07T20:45:39.783825Z,1.00267750545764,23967,False,0.0006832282316541532,10.87294448824824,18.39073934537111,140.2087933855329,147.3824159644882,0.0,0.0,0.0,42165.86505531592,1436.154687984905,42194.67396473384,42137.05614589802,23967,1 23967U 96042A   25280.86504379 +.00000000 +00000+0 +00000+0 2 99996,2 23967  10.8729  18.3907 0006832 140.2088 147.3824  1.00267750000003,2025-10-07T21:57:29.817Z,system.exo,EXO,REAL,2,OPS1,"{'NORAD_ID': 23967, 'classification': 'U', 'COSPAR_ID': '96042A', 'BC': 0.0, 'n_ddot': 0.0, 'B_star': 0.0, 'ephemeris_type': 2, 'elset_num': 9999, 'inclination': 10.8729, 'RAAN': 18.3907, 'eccentricity': 0.0006832, 'perigee': 140.2088, 'mean_anomaly': 147.3824, 'mean_motion': 1.0026775, 'rev_num': 0, 'line1': '1 23967U 96042A   25280.86504379 +.00000000 +00000+0 +00000+0 2 99996', 'line2': '2 23967  10.8729  18.3907 0006832 140.2088 147.3824  1.00267750000003', 'epoch': datetime.datetime(2025, 10, 7, 20, 45, 39, 783456)}"
64ad90e0-7855-45e2-b126-0fd865d766a5,U//PR-EXO-ELSETS,12089,2025-10-07T20:51:29.918961Z,0.988880809061423,12089,False,0.001303782683040806,11.64610653264486,328.5495679002675,285.377037705281,33.67615999706332,0.0,0.0,0.0,42557.15266606792,1456.191673258123,42612.63794475346,42501.66738738237,12089,1 12089U 80098A   25280.86909628 +.00000000 +00000+0 +00000+0 2 99999,2 12089  11.6461 328.5496 0013037 285.3770  33.6762  0.98888080000000,2025-10-07T22:09:30.118Z,system.exo,EXO,REAL,2,OPS1,"{'NORAD_ID': 12089, 'classification': 'U', 'COSPAR_ID': '80098A', 'BC': 0.0, 'n_ddot': 0.0, 'B_star': 0.0, 'ephemeris_type': 2, 'elset_num': 9999, 'inclination': 11.6461, 'RAAN': 328.5496, 'eccentricity': 0.0013037, 'perigee': 285.377, 'mean_anomaly': 33.6762, 'mean_motion': 0.9888808, 'rev_num': 0, 'line1': '1 12089U 80098A   25280.86909628 +.00000000 +00000+0 +00000+0 2 99999', 'line2': '2 12089  11.6461 328.5496 0013037 285.3770  33.6762  0.98888080000000', 'epoch': datetime.datetime(2025, 10, 7, 20, 51, 29, 918592)}"
55429de5-2bcf-41ce-957f-9b12f9cbd6d7,U//PR-EXO-ELSETS,38740,2025-10-07T00:46:33.674447Z,1.002664909413054,38740,False,0.0001824029577742438,0.008559917681804622,185.253246917633,350.391196259657,280.4372614103141,0.0,0.0,0.0,42166.21819556528,1436.172729773655,42173.9094384823,42158.52695264826,38740,1 38740U 12043A   25280.03233419 +.00000000 +00000+0 +00000+0 2 99993,2 38740   0.0086 185.2532 0001824 350.3912 280.4373  1.00266490000007,2025-10-07T01:21:30.191Z,system.exo,EXO,REAL,2,OPS1,"{'NORAD_ID': 38740, 'classification': 'U', 'COSPAR_ID': '12043A', 'BC': 0.0, 'n_ddot': 0.0, 'B_star': 0.0, 'ephemeris_type': 2, 'elset_num': 9999, 'inclination': 0.0086, 'RAAN': 185.2532, 'eccentricity': 0.0001824, 'perigee': 350.3912, 'mean_anomaly': 280.4373, 'mean_motion': 1.0026649, 'rev_num': 0, 'line1': '1 38740U 12043A   25280.03233419 +.00000000 +00000+0 +00000+0 2 99993', 'line2': '2 38740   0.0086 185.2532 0001824 350.3912 280.4373  1.00266490000007', 'epoch': datetime.datetime(2025, 10, 7, 0, 46, 33, 674016)}"
d4ab9244-cd0e-46e1-acfd-00d1b2d2620c,U//PR-EXO-ELSETS,41747,2025-10-07T13:35:15.374149Z,1.002666164761412,41747,False,0.0001585551722467061,0.043441111553175,12.11573011876353,328.7940023401658,307.865892250051,0.0,0.0,0.0,42166.18300053183,1436.170931670616,42172.86866694047,42159.4973341232,41747,1 41747U 16053A   25280.56615016 +.00000000 +00000+0 +00000+0 2 99994,2 41747   0.0434  12.1157 0001585 328.7940 307.8659  1.00266616000001,2025-10-07T14:09:29.016Z,system.exo,EXO,REAL,2,OPS1,"{'NORAD_ID': 41747, 'classification': 'U', 'COSPAR_ID': '16053A', 'BC': 0.0, 'n_ddot': 0.0, 'B_star': 0.0, 'ephemeris_type': 2, 'elset_num': 9999, 'inclination': 0.0434, 'RAAN': 12.1157, 'eccentricity': 0.0001585, 'perigee': 328.794, 'mean_anomaly': 307.8659, 'mean_motion': 1.00266616, 'rev_num': 0, 'line1': '1 41747U 16053A   25280.56615016 +.00000000 +00000+0 +00000+0 2 99994', 'line2': '2 41747   0.0434  12.1157 0001585 328.7940 307.8659  1.00266616000001', 'epoch': datetime.datetime(2025, 10, 7, 13, 35, 15, 373824)}"
b45a3721-894f-4e5e-ba40-fd63e244d76d,U//PR-EXO-ELSETS,24919,2025-10-07T20:50:00.240912Z,1.797974184369658,24919,False,0.4856442395162939,12.46224514658273,140.9539892835198,325.9443173500296,180.2869371524945,0.0,0.0,0.0,28567.9818511436,800.9013769598932,42441.85767175752,14694.10603052968,24919,1 24919U 97046D   25280.86805834 +.00000000 +00000+0 +00000+0 2 99999,2 24919  12.4622 140.9540 4856442 325.9443 180.2869  1.79797418000007,2025-10-07T22:45:29.011Z,system.exo,EXO,REAL,2,OPS1,"{'NORAD_ID': 24919, 'classification': 'U', 'COSPAR_ID': '97046D', 'BC': 0.0, 'n_ddot': 0.0, 'B_star': 0.0, 'ephemeris_type': 2, 'elset_num': 9999, 'inclination': 12.4622, 'RAAN': 140.954, 'eccentricity': 0.4856442, 'perigee': 325.9443, 'mean_anomaly': 180.2869, 'mean_motion': 1.79797418, 'rev_num': 0, 'line1': '1 24919U 97046D   25280.86805834 +.00000000 +00000+0 +00000+0 2 99999', 'line2': '2 24919  12.4622 140.9540 4856442 325.9443 180.2869  1.79797418000007', 'epoch': datetime.datetime(2025, 10, 7, 20, 50, 0, 240576)}"
5ab1e1b9-0820-47f5-b2eb-1adfc9a89f52,U//PR-EXO-ELSETS,18387,2025-10-07T20:51:29.042200Z,1.000490009605616,18387,False,0.00313527259373669,11.30390225180623,328.2807508429072,243.9215949255881,77.55434879907746,0.0,0.0,0.0,42227.30433331164,1439.294731756127,42359.69844329524,42094.91022332803,18387,1 18387U 87084D   25280.86908614 +.00000000 +00000+0 +00000+0 2 99992,2 18387  11.3039 328.2808 0031352 243.9216  77.5543  1.00049000000003,2025-10-07T22:12:29.919Z,system.exo,EXO,REAL,2,OPS1,"{'NORAD_ID': 18387, 'classification': 'U', 'COSPAR_ID': '87084D', 'BC': 0.0, 'n_ddot': 0.0, 'B_star': 0.0, 'ephemeris_type': 2, 'elset_num': 9999, 'inclination': 11.3039, 'RAAN': 328.2808, 'eccentricity': 0.0031352, 'perigee': 243.9216, 'mean_anomaly': 77.5543, 'mean_motion': 1.00049, 'rev_num': 0, 'line1': '1 18387U 87084D   25280.86908614 +.00000000 +00000+0 +00000+0 2 99992', 'line2': '2 18387  11.3039 328.2808 0031352 243.9216  77.5543  1.00049000000003', 'epoch': datetime.datetime(2025, 10, 7, 20, 51, 29, 42496)}"
2b0c9a47-c4a8-4feb-af36-5b3342651a8f,U//PR-EXO-ELSETS,33208,2025-10-07T20:58:49.730214Z,2.261866208061163,33208,False,0.7138284394334626,0.8644399515564303,327.608582280008,247.9888160022055,189.9459606950353,0.0,0.0,0.0,24514.54973737954,636.6424304266634,42013.73251982717,7015.366954931901,33208,1 33208U 08035B   25280.87418669 +.00000000 +00000+0 +00000+0 2 99997,2 33208   0.8644 327.6086 7138284 247.9888 189.9460  2.26186620000001,2025-10-07T21:30:29.157Z,system.exo,EXO,REAL,2,OPS1,"{'NORAD_ID': 33208, 'classification': 'U', 'COSPAR_ID': '08035B', 'BC': 0.0, 'n_ddot': 0.0, 'B_star': 0.0, 'ephemeris_type': 2, 'elset_num': 9999, 'inclination': 0.8644, 'RAAN': 327.6086, 'eccentricity': 0.7138284, 'perigee': 247.9888, 'mean_anomaly': 189.946, 'mean_motion': 2.2618662, 'rev_num': 0, 'line1': '1 33208U 08035B   25280.87418669 +.00000000 +00000+0 +00000+0 2 99997', 'line2': '2 33208   0.8644 327.6086 7138284 247.9888 189.9460  2.26186620000001', 'epoch': datetime.datetime(2025, 10, 7, 20, 58, 49, 730016)}"
4a42dd26-e1f1-492c-a2fc-e2bad6a11927,U//PR-EXO-ELSETS,20836,2025-10-07T21:01:37.712244Z,1.003624103511906,20836,False,0.001545451408425509,1.998817447216956,258.6023003352675,223.1222697993311,278.0081733249352,0.0,0.0,0.0,42139.34755560235,1434.800135789003,42204.47186963228,42074.22324157241,20836,1 20836U 74060F   25280.87613093 +.00000000 +00000+0 +00000+0 2 99999,2 20836   1.9988 258.6023 0015454 223.1223 278.0082  1.00362410000000,2025-10-07T21:48:31.788Z,system.exo,EXO,REAL,2,OPS1,"{'NORAD_ID': 20836, 'classification': 'U', 'COSPAR_ID': '74060F', 'BC': 0.0, 'n_ddot': 0.0, 'B_star': 0.0, 'ephemeris_type': 2, 'elset_num': 9999, 'inclination': 1.9988, 'RAAN': 258.6023, 'eccentricity': 0.0015454, 'perigee': 223.1223, 'mean_anomaly': 278.0082, 'mean_motion': 1.0036241, 'rev_num': 0, 'line1': '1 20836U 74060F   25280.87613093 +.00000000 +00000+0 +00000+0 2 99999', 'line2': '2 20836   1.9988 258.6023 0015454 223.1223 278.0082  1.00362410000000', 'epoch': datetime.datetime(2025, 10, 7, 21, 1, 37, 712352)}"
d73bbdd2-2de7-427b-851b-96ffe06fdb87,U//PR-EXO-ELSETS,26613,2025-10-07T20:53:39.525017Z,2.030576490566623,26613,False,0.7347650068403301,6.403330900146069,100.300713872029,358.1049297838336,198.539886900566,0.0,0.0,0.0,26342.41738143093,709.1582152604232,45697.90386888886,6986.930893973004,26613,1 26613U 00072F   25280.87059635 +.00000000 +00000+0 +00000+0 2 99996,2 26613   6.4033 100.3007 7347650 358.1049 198.5399  2.03057649000009,2025-10-07T22:00:28.118Z,system.exo,EXO,REAL,2,OPS1,"{'NORAD_ID': 26613, 'classification': 'U', 'COSPAR_ID': '00072F', 'BC': 0.0, 'n_ddot': 0.0, 'B_star': 0.0, 'ephemeris_type': 2, 'elset_num': 9999, 'inclination': 6.4033, 'RAAN': 100.3007, 'eccentricity': 0.734765, 'perigee': 358.1049, 'mean_anomaly': 198.5399, 'mean_motion': 2.03057649, 'rev_num': 0, 'line1': '1 26613U 00072F   25280.87059635 +.00000000 +00000+0 +00000+0 2 99996', 'line2': '2 26613   6.4033 100.3007 7347650 358.1049 198.5399  2.03057649000009', 'epoch': datetime.datetime(2025, 10, 7, 20, 53, 39, 524640)}"
8c0da1e1-4efd-4ef0-a289-296b2da6891a,U//PR-EXO-ELSETS,17065,2025-10-07T08:47:59.988898Z,0.9759535226016592,17065,False,0.002776179115087585,11.97720553291382,327.8552229633992,169.2501095640252,337.4204670102259,0.0,0.0,0.0,42932.13027145551,1475.480098848666,43051.31755488135,42812.94298802968,17065,1 17065U 86082F   25280.36666654 +.00000000 +00000+0 +00000+0 2 99991,2 17065  11.9772 327.8552 0027761 169.2501 337.4205  0.97595352000006,2025-10-07T09:21:30.446Z,system.exo,EXO,REAL,2,OPS1,"{'NORAD_ID': 17065, 'classification': 'U', 'COSPAR_ID': '86082F', 'BC': 0.0, 'n_ddot': 0.0, 'B_star': 0.0, 'ephemeris_type': 2, 'elset_num': 9999, 'inclination': 11.9772, 'RAAN': 327.8552, 'eccentricity': 0.0027761, 'perigee': 169.2501, 'mean_anomaly': 337.4205, 'mean_motion': 0.97595352, 'rev_num': 0, 'line1': '1 17065U 86082F   25280.36666654 +.00000000 +00000+0 +00000+0 2 99991', 'line2': '2 17065  11.9772 327.8552 0027761 169.2501 337.4205  0.97595352000006', 'epoch': datetime.datetime(2025, 10, 7, 8, 47, 59, 989056)}"
5c249921-b6f4-4aae-9665-9e30cd653ae6,U//PR-EXO-ELSETS,12967,2025-10-07T20:57:54.919809Z,1.001297260683133,12967,False,0.0005693285018520229,12.38648979011786,333.6269199327915,271.2577648304104,82.42250926120666,0.0,0.0,0.0,42204.60536719378,1438.134364831441,42228.63365193873,42180.57708244882,12967,1 12967U 81114A   25280.87355231 +.00000000 +00000+0 +00000+0 2 99990,2 12967  12.3865 333.6269 0005693 271.2578  82.4225  1.00129726000000,2025-10-07T21:36:29.797Z,system.exo,EXO,REAL,2,OPS1,"{'NORAD_ID': 12967, 'classification': 'U', 'COSPAR_ID': '81114A', 'BC': 0.0, 'n_ddot': 0.0, 'B_star': 0.0, 'ephemeris_type': 2, 'elset_num': 9999, 'inclination': 12.3865, 'RAAN': 333.6269, 'eccentricity': 0.0005693, 'perigee': 271.2578, 'mean_anomaly': 82.4225, 'mean_motion': 1.00129726, 'rev_num': 0, 'line1': '1 12967U 81114A   25280.87355231 +.00000000 +00000+0 +00000+0 2 99990', 'line2': '2 12967  12.3865 333.6269 0005693 271.2578  82.4225  1.00129726000000', 'epoch': datetime.datetime(2025, 10, 7, 20, 57, 54, 919584)}"
95d9421c-12c8-4c37-9d2a-65e529ef9801,U//PR-EXO-ELSETS,44481,2025-10-07T20:56:13.465361Z,1.002700682340124,44481,False,0.006592457039019847,1.785952338116257,320.3942194889209,5.526326427626127,97.96995417165147,0.0,0.0,0.0,42165.21529207727,1436.121492048153,42443.18766243132,41887.24292172323,44481,1 44481U 19051A   25280.87237807 +.00000000 +00000+0 +00000+0 2 99995,2 44481   1.7860 320.3942 0065924   5.5263  97.9700  1.00270068000001,2025-10-07T21:48:31.822Z,system.exo,EXO,REAL,2,OPS1,"{'NORAD_ID': 44481, 'classification': 'U', 'COSPAR_ID': '19051A', 'BC': 0.0, 'n_ddot': 0.0, 'B_star': 0.0, 'ephemeris_type': 2, 'elset_num': 9999, 'inclination': 1.786, 'RAAN': 320.3942, 'eccentricity': 0.0065924, 'perigee': 5.5263, 'mean_anomaly': 97.97, 'mean_motion': 1.00270068, 'rev_num': 0, 'line1': '1 44481U 19051A   25280.87237807 +.00000000 +00000+0 +00000+0 2 99995', 'line2': '2 44481   1.7860 320.3942 0065924   5.5263  97.9700  1.00270068000001', 'epoch': datetime.datetime(2025, 10, 7, 20, 56, 13, 465248)}"
1e0cdbb7-bb55-46bc-9ad1-66ffb0a09306,U//PR-EXO-ELSETS,9503,2025-10-07T20:56:13.465361Z,1.002922461807325,9503,False,0.006859323318370406,4.224576196501967,273.9828010027164,183.0406666819566,328.31093857295,0.0,0.0,0.0,42158.99897657802,1435.803917887167,42448.18118133722,41869.81677181883,9503,1 09503U 76107A   25280.87237807 +.00000000 +00000+0 +00000+0 2 99996,2 09503   4.2246 273.9828 0068593 183.0407 328.3109  1.00292246000002,2025-10-07T21:45:30.603Z,system.exo,EXO,REAL,2,OPS1,"{'NORAD_ID': 9503, 'classification': 'U', 'COSPAR_ID': '76107A', 'BC': 0.0, 'n_ddot': 0.0, 'B_star': 0.0, 'ephemeris_type': 2, 'elset_num': 9999, 'inclination': 4.2246, 'RAAN': 273.9828, 'eccentricity': 0.0068593, 'perigee': 183.0407, 'mean_anomaly': 328.3109, 'mean_motion': 1.00292246, 'rev_num': 0, 'line1': '1 09503U 76107A   25280.87237807 +.00000000 +00000+0 +00000+0 2 99996', 'line2': '2 09503   4.2246 273.9828 0068593 183.0407 328.3109  1.00292246000002', 'epoch': datetime.datetime(2025, 10, 7, 20, 56, 13, 465248)}"
259d8211-96fc-43f7-b420-b71261b0a3d7,U//PR-EXO-ELSETS,23247,2025-10-07T20:57:56.693930Z,0.9958552032608773,23247,False,0.01128497253205978,12.26824592896523,355.8016921641121,347.7236213649581,338.2228530884977,0.0,0.0,0.0,42358.22288287016,1445.993348515721,42836.23426461021,41880.2115011301,23247,1 23247U 94054B   25280.87357285 +.00000000 +00000+0 +00000+0 2 99991,2 23247  12.2682 355.8017 0112849 347.7236 338.2229  0.99585520000009,2025-10-07T21:42:29.609Z,system.exo,EXO,REAL,2,OPS1,"{'NORAD_ID': 23247, 'classification': 'U', 'COSPAR_ID': '94054B', 'BC': 0.0, 'n_ddot': 0.0, 'B_star': 0.0, 'ephemeris_type': 2, 'elset_num': 9999, 'inclination': 12.2682, 'RAAN': 355.8017, 'eccentricity': 0.0112849, 'perigee': 347.7236, 'mean_anomaly': 338.2229, 'mean_motion': 0.9958552, 'rev_num': 0, 'line1': '1 23247U 94054B   25280.87357285 +.00000000 +00000+0 +00000+0 2 99991', 'line2': '2 23247  12.2682 355.8017 0112849 347.7236 338.2229  0.99585520000009', 'epoch': datetime.datetime(2025, 10, 7, 20, 57, 56, 694240)}"
cc4a946a-c3b5-4871-93e9-3af6b9f31de9,U//PR-EXO-ELSETS,39237,2025-10-07T00:10:06.954543Z,1.002673797183604,39237,False,0.0001933298480265692,0.01673123074800991,212.3358738406609,29.24523027026994,201.8677544997616,0.0,0.0,0.0,42165.96901899559,1436.159999438297,42174.12095937793,42157.81707861326,39237,1 39237U 13045A   25280.00702494 +.00000000 +00000+0 +00000+0 2 99999,2 39237   0.0167 212.3359 0001933  29.2452 201.8678  1.00267379000002,2025-10-07T00:48:30.330Z,system.exo,EXO,REAL,2,OPS1,"{'NORAD_ID': 39237, 'classification': 'U', 'COSPAR_ID': '13045A', 'BC': 0.0, 'n_ddot': 0.0, 'B_star': 0.0, 'ephemeris_type': 2, 'elset_num': 9999, 'inclination': 0.0167, 'RAAN': 212.3359, 'eccentricity': 0.0001933, 'perigee': 29.2452, 'mean_anomaly': 201.8678, 'mean_motion': 1.00267379, 'rev_num': 0, 'line1': '1 39237U 13045A   25280.00702494 +.00000000 +00000+0 +00000+0 2 99999', 'line2': '2 39237   0.0167 212.3359 0001933  29.2452 201.8678  1.00267379000002', 'epoch': datetime.datetime(2025, 10, 7, 0, 10, 6, 954816)}"
b6f64cfa-a058-47f1-a792-e6d72eaf5b42,U//PR-EXO-ELSETS,21139,2025-10-06T20:58:24.559077Z,0.9850420448330011,21139,False,0.0005033836805018784,13.05267786211117,24.04201786721922,15.39556191601176,354.3910066470094,0.0,0.0,0.0,42667.64605480101,1461.866534076858,42689.12425151043,42646.16785809159,21139,1 21139U 91015A   25279.87389536 +.00000000 +00000+0 +00000+0 2 99995,2 21139  13.0527  24.0420 0005033  15.3956 354.3910  0.98504204000005,2025-10-06T23:54:29.025Z,system.exo,EXO,REAL,2,OPS1,"{'NORAD_ID': 21139, 'classification': 'U', 'COSPAR_ID': '91015A', 'BC': 0.0, 'n_ddot': 0.0, 'B_star': 0.0, 'ephemeris_type': 2, 'elset_num': 9999, 'inclination': 13.0527, 'RAAN': 24.042, 'eccentricity': 0.0005033, 'perigee': 15.3956, 'mean_anomaly': 354.391, 'mean_motion': 0.98504204, 'rev_num': 0, 'line1': '1 21139U 91015A   25279.87389536 +.00000000 +00000+0 +00000+0 2 99995', 'line2': '2 21139  13.0527  24.0420 0005033  15.3956 354.3910  0.98504204000005', 'epoch': datetime.datetime(2025, 10, 6, 20, 58, 24, 559104)}"
54dcc07b-16ac-4a46-b790-ca60d0bd4d03,U//PR-EXO-ELSETS,24740,2025-10-07T21:04:39.802264Z,0.9949858894043379,24740,False,0.00264470541747853,14.5379546261763,5.855137356571074,191.2089909784309,140.4028020192307,0.0,0.0,0.0,42382.89139365912,1447.256705180087,42494.98165613633,42270.80113118191,24740,1 24740U 97008D   25280.87823845 +.00000000 +00000+0 +00000+0 2 99992,2 24740  14.5380   5.8551 0026447 191.2090 140.4028  0.99498588000008,2025-10-07T21:42:29.612Z,system.exo,EXO,REAL,2,OPS1,"{'NORAD_ID': 24740, 'classification': 'U', 'COSPAR_ID': '97008D', 'BC': 0.0, 'n_ddot': 0.0, 'B_star': 0.0, 'ephemeris_type': 2, 'elset_num': 9999, 'inclination': 14.538, 'RAAN': 5.8551, 'eccentricity': 0.0026447, 'perigee': 191.209, 'mean_anomaly': 140.4028, 'mean_motion': 0.99498588, 'rev_num': 0, 'line1': '1 24740U 97008D   25280.87823845 +.00000000 +00000+0 +00000+0 2 99992', 'line2': '2 24740  14.5380   5.8551 0026447 191.2090 140.4028  0.99498588000008', 'epoch': datetime.datetime(2025, 10, 7, 21, 4, 39, 802080)}"
1231976e-701e-4096-a4d8-2437157828b5,U//PR-EXO-ELSETS,12897,2025-10-07T14:07:01.726955Z,1.00254333473319,12897,False,0.0004552600645868175,7.301947981625013,296.9377833067735,251.038084828703,106.6670347645239,0.0,0.0,0.0,42169.62701970113,1436.346889068123,42188.82516682172,42150.42887258053,12897,1 12897U 81102A   25280.58821443 +.00000000 +00000+0 +00000+0 2 99990,2 12897   7.3019 296.9378 0004552 251.0381 106.6670  1.00254333000006,2025-10-07T14:42:28.335Z,system.exo,EXO,REAL,2,OPS1,"{'NORAD_ID': 12897, 'classification': 'U', 'COSPAR_ID': '81102A', 'BC': 0.0, 'n_ddot': 0.0, 'B_star': 0.0, 'ephemeris_type': 2, 'elset_num': 9999, 'inclination': 7.3019, 'RAAN': 296.9378, 'eccentricity': 0.0004552, 'perigee': 251.0381, 'mean_anomaly': 106.667, 'mean_motion': 1.00254333, 'rev_num': 0, 'line1': '1 12897U 81102A   25280.58821443 +.00000000 +00000+0 +00000+0 2 99990', 'line2': '2 12897   7.3019 296.9378 0004552 251.0381 106.6670  1.00254333000006', 'epoch': datetime.datetime(2025, 10, 7, 14, 7, 1, 726752)}"
3cfa8274-0d68-4bed-b185-79cf5897e3f1,U//PR-EXO-ELSETS,21939,2025-10-07T21:10:15.604104Z,0.9951079086300886,21939,False,0.001401615476049576,14.45643463781625,5.59337672623035,126.0856664940512,205.1982515409248,0.0,0.0,0.0,42379.42668848036,1447.079243880566,42438.82634879305,42320.02702816768,21939,1 21939U 92021A   25280.88212505 +.00000000 +00000+0 +00000+0 2 99995,2 21939  14.4564   5.5934 0014016 126.0857 205.1983  0.99510790000005,2025-10-07T21:42:29.606Z,system.exo,EXO,REAL,2,OPS1,"{'NORAD_ID': 21939, 'classification': 'U', 'COSPAR_ID': '92021A', 'BC': 0.0, 'n_ddot': 0.0, 'B_star': 0.0, 'ephemeris_type': 2, 'elset_num': 9999, 'inclination': 14.4564, 'RAAN': 5.5934, 'eccentricity': 0.0014016, 'perigee': 126.0857, 'mean_anomaly': 205.1983, 'mean_motion': 0.9951079, 'rev_num': 0, 'line1': '1 21939U 92021A   25280.88212505 +.00000000 +00000+0 +00000+0 2 99995', 'line2': '2 21939  14.4564   5.5934 0014016 126.0857 205.1983  0.99510790000005', 'epoch': datetime.datetime(2025, 10, 7, 21, 10, 15, 604320)}"
41382fe9-bdac-40e8-9afe-e3006e1f7c88,U//PR-EXO-ELSETS,25021,2025-10-06T23:32:34.564025Z,1.010442228520683,25021,False,0.004747869965194636,14.22798582342468,354.0681240304437,198.6106339290463,162.9489165032634,0.0,0.0,0.0,41949.57228192923,1425.118586055337,42148.74339621936,41750.40116763909,25021,1 25021U 97065C   25279.98095560 +.00000000 +00000+0 +00000+0 2 99993,2 25021  14.2280 354.0681 0047478 198.6106 162.9489  1.01044222000002,2025-10-07T00:15:27.457Z,system.exo,EXO,REAL,2,OPS1,"{'NORAD_ID': 25021, 'classification': 'U', 'COSPAR_ID': '97065C', 'BC': 0.0, 'n_ddot': 0.0, 'B_star': 0.0, 'ephemeris_type': 2, 'elset_num': 9999, 'inclination': 14.228, 'RAAN': 354.0681, 'eccentricity': 0.0047478, 'perigee': 198.6106, 'mean_anomaly': 162.9489, 'mean_motion': 1.01044222, 'rev_num': 0, 'line1': '1 25021U 97065C   25279.98095560 +.00000000 +00000+0 +00000+0 2 99993', 'line2': '2 25021  14.2280 354.0681 0047478 198.6106 162.9489  1.01044222000002', 'epoch': datetime.datetime(2025, 10, 6, 23, 32, 34, 563840)}"
